  0
SECTION
  2
HEADER
  9
$ACADVER
  1
AC1009
  9
$DWGCODEPAGE
  3
ANSI_1252
  9
$INSBASE
 10
0.0
 20
0.0
 30
0.0
  9
$EXTMIN
 10
1e+20
 20
1e+20
 30
1e+20
  9
$EXTMAX
 10
-1e+20
 20
-1e+20
 30
-1e+20
  9
$LIMMIN
 10
0.0
 20
0.0
  9
$LIMMAX
 10
420.0
 20
297.0
  9
$ORTHOMODE
 70
0
  9
$REGENMODE
 70
1
  9
$FILLMODE
 70
1
  9
$DRAGMODE
 70
2
  9
$QTEXTMODE
 70
0
  9
$MIRRTEXT
 70
1
  9
$OSMODE
 70
20583
  9
$LTSCALE
 40
1.0
  9
$ATTMODE
 70
1
  9
$TEXTSIZE
 40
2.5
  9
$TRACEWID
 40
1.0
  9
$TEXTSTYLE
  7
Standard
  9
$CLAYER
  8
0
  9
$CELTYPE
  6
ByLayer
  9
$CECOLOR
 62
256
  9
$DIMSCALE
 40
1.0
  9
$DIMASZ
 40
2.5
  9
$DIMEXO
 40
0.625
  9
$DIMDLI
 40
3.75
  9
$DIMRND
 40
0.0
  9
$DIMDLE
 40
0.0
  9
$DIMEXE
 40
1.25
  9
$DIMTP
 40
0.0
  9
$DIMTM
 40
0.0
  9
$DIMTXT
 40
2.5
  9
$DIMCEN
 40
2.5
  9
$DIMTSZ
 40
0.0
  9
$DIMTOL
 70
0
  9
$DIMLIM
 70
0
  9
$DIMTIH
 70
0
  9
$DIMTOH
 70
0
  9
$DIMSE1
 70
0
  9
$DIMSE2
 70
0
  9
$DIMTAD
 70
1
  9
$DIMZIN
 70
8
  9
$DIMBLK
  1

  9
$DIMASO
 70
1
  9
$DIMSHO
 70
1
  9
$DIMPOST
  1

  9
$DIMAPOST
  1

  9
$DIMALT
 70
0
  9
$DIMALTD
 70
3
  9
$DIMALTF
 40
0.03937007874
  9
$DIMLFAC
 40
1.0
  9
$DIMTOFL
 70
1
  9
$DIMTVP
 40
0.0
  9
$DIMTIX
 70
0
  9
$DIMSOXD
 70
0
  9
$DIMSAH
 70
0
  9
$DIMBLK1
  1

  9
$DIMBLK2
  1

  9
$DIMSTYLE
  2
ISO-25
  9
$DIMCLRD
 70
0
  9
$DIMCLRE
 70
0
  9
$DIMCLRT
 70
0
  9
$DIMTFAC
 40
1.0
  9
$DIMGAP
 40
0.625
  9
$COORDS
 70
1
  9
$ATTDIA
 70
0
  9
$ATTREQ
 70
1
  9
$HANDLING
 70
1
  9
$LUNITS
 70
2
  9
$LUPREC
 70
4
  9
$SKETCHINC
 40
1.0
  9
$FILLETRAD
 40
10.0
  9
$AUNITS
 70
0
  9
$AUPREC
 70
2
  9
$MENU
  1
.
  9
$ELEVATION
 40
0.0
  9
$PELEVATION
 40
0.0
  9
$THICKNESS
 40
0.0
  9
$LIMCHECK
 70
0
  9
$CHAMFERA
 40
0.0
  9
$CHAMFERB
 40
0.0
  9
$SKPOLY
 70
0
  9
$TDCREATE
 40
2461307.3835069444
  9
$TDUPDATE
 40
2461307.3835069444
  9
$TDINDWG
 40
0.0
  9
$TDUSRTIMER
 40
0.0
  9
$USRTIMER
 70
1
  9
$ANGBASE
 50
0.0
  9
$ANGDIR
 70
0
  9
$PDMODE
 70
0
  9
$PDSIZE
 40
0.0
  9
$PLINEWID
 40
0.0
  9
$SPLFRAME
 70
0
  9
$SPLINETYPE
 70
6
  9
$SPLINESEGS
 70
8
  9
$HANDSEED
  5
1828
  9
$SURFTAB1
 70
6
  9
$SURFTAB2
 70
6
  9
$SURFTYPE
 70
6
  9
$SURFU
 70
6
  9
$SURFV
 70
6
  9
$UCSNAME
  2

  9
$UCSORG
 10
0.0
 20
0.0
 30
0.0
  9
$UCSXDIR
 10
1.0
 20
0.0
 30
0.0
  9
$UCSYDIR
 10
0.0
 20
1.0
 30
0.0
  9
$PUCSNAME
  2

  9
$PUCSORG
 10
0.0
 20
0.0
 30
0.0
  9
$PUCSXDIR
 10
1.0
 20
0.0
 30
0.0
  9
$PUCSYDIR
 10
0.0
 20
1.0
 30
0.0
  9
$USERI1
 70
0
  9
$USERI2
 70
0
  9
$USERI3
 70
0
  9
$USERI4
 70
0
  9
$USERI5
 70
0
  9
$USERR1
 40
0.0
  9
$USERR2
 40
0.0
  9
$USERR3
 40
0.0
  9
$USERR4
 40
0.0
  9
$USERR5
 40
0.0
  9
$WORLDVIEW
 70
1
  9
$SHADEDGE
 70
3
  9
$SHADEDIF
 70
70
  9
$TILEMODE
 70
1
  9
$MAXACTVP
 70
64
  9
$PLIMCHECK
 70
0
  9
$PEXTMIN
 10
1e+20
 20
1e+20
 30
1e+20
  9
$PEXTMAX
 10
-1e+20
 20
-1e+20
 30
-1e+20
  9
$PLIMMIN
 10
0.0
 20
0.0
  9
$PLIMMAX
 10
420.0
 20
297.0
  9
$UNITMODE
 70
0
  9
$VISRETAIN
 70
1
  9
$PLINEGEN
 70
0
  9
$PSLTSCALE
 70
1
  0
ENDSEC
  0
SECTION
  2
TABLES
  0
TABLE
  2
VPORT
 70
1
  0
VPORT
  5
23
  2
*Active
 70
0
 10
0.0
 20
0.0
 11
1.0
 21
1.0
 12
0.0
 22
0.0
 13
0.0
 23
0.0
 14
0.5
 24
0.5
 15
0.5
 25
0.5
 16
0.0
 26
0.0
 36
1.0
 17
0.0
 27
0.0
 37
0.0
 40
1000.0
 41
1.34
 42
50.0
 43
0.0
 44
0.0
 50
0.0
 51
0.0
 71
0
 72
1000
 73
1
 74
3
 75
0
 76
0
 77
0
 78
0
  0
ENDTAB
  0
TABLE
  2
LTYPE
 70
3
  0
LTYPE
  5
24
  2
ByBlock
 70
0
  3

 72
65
 73
0
 40
0.0
  0
LTYPE
  5
25
  2
ByLayer
 70
0
  3

 72
65
 73
0
 40
0.0
  0
LTYPE
  5
26
  2
Continuous
 70
0
  3

 72
65
 73
0
 40
0.0
  0
ENDTAB
  0
TABLE
  2
LAYER
 70
4
  0
LAYER
  5
27
  2
0
 70
0
 62
7
  6
Continuous
  0
LAYER
  5
28
  2
Defpoints
 70
0
 62
7
  6
Continuous
  0
LAYER
  5
2D
  2
DIS_KONTUR
 70
0
 62
1
  6
Continuous
  0
LAYER
  5
2E
  2
IC_DELIKLER
 70
0
 62
5
  6
Continuous
  0
ENDTAB
  0
TABLE
  2
STYLE
 70
1
  0
STYLE
  5
29
  2
Standard
 70
0
 40
0.0
 41
1.0
 50
0.0
 71
0
 42
2.5
  3
txt
  4

  0
ENDTAB
  0
TABLE
  2
VIEW
 70
0
  0
ENDTAB
  0
TABLE
  2
UCS
 70
0
  0
ENDTAB
  0
TABLE
  2
APPID
 70
3
  0
APPID
  5
2A
  2
ACAD
 70
0
  0
APPID
  5
1826
  2
HATCHBACKGROUNDCOLOR
 70
0
  0
APPID
  5
1827
  2
EZDXF
 70
0
  0
ENDTAB
  0
TABLE
  2
DIMSTYLE
 70
1
  0
DIMSTYLE
105
2B
  2
Standard
 70
0
  3

  4

  5

  6

  7

 40
1.0
 41
2.5
 42
0.625
 43
3.75
 44
1.25
 45
0.0
 46
0.0
 47
0.0
 48
0.0
140
2.5
141
2.5
142
0.0
143
0.03937007874
144
1.0
145
0.0
146
1.0
147
0.625
 71
0
 72
0
 73
0
 74
0
 75
0
 76
0
 77
1
 78
8
170
0
171
3
172
1
173
0
174
0
175
0
176
0
177
0
178
0
  0
ENDTAB
  0
ENDSEC
  0
SECTION
  2
BLOCKS
  0
BLOCK
  5
18
  8
0
  2
$Model_Space
 70
0
 10
0.0
 20
0.0
 30
0.0
  3
$Model_Space
  1

1001
EZDXF
1000
CREATED_BY_EZDXF
1000
1.4.4 @ 2026-09-23T09:12:15.815100+00:00
1000
WRITTEN_BY_EZDXF
1000
1.4.4 @ 2026-09-23T09:12:15.952945+00:00
  0
ENDBLK
  5
19
  8
0
  0
BLOCK
  5
1C
  8
0
  2
$Paper_Space
 70
0
 10
0.0
 20
0.0
 30
0.0
  3
$Paper_Space
  1

  0
ENDBLK
  5
1D
  8
0
  0
ENDSEC
  0
SECTION
  2
ENTITIES
  0
POLYLINE
  5
2F
  8
DIS_KONTUR
 66
1
 10
0.0
 20
0.0
 30
0.0
 70
1
  0
VERTEX
  5
31
  8
DIS_KONTUR
 10
0.0
 20
300.0
 30
0.0
 70
0
  0
VERTEX
  5
32
  8
DIS_KONTUR
 10
300.0
 20
300.0
 30
0.0
 70
0
  0
VERTEX
  5
33
  8
DIS_KONTUR
 10
300.0
 20
0.0
 30
0.0
 70
0
  0
VERTEX
  5
34
  8
DIS_KONTUR
 10
0.0
 20
0.0
 30
0.0
 70
0
  0
SEQEND
  5
30
  8
DIS_KONTUR
  0
POLYLINE
  5
35
  8
IC_DELIKLER
 66
1
 10
0.0
 20
0.0
 30
0.0
 70
1
  0
VERTEX
  5
37
  8
IC_DELIKLER
 10
43.396488189697266
 20
7.74383544921875
 30
0.0
 70
0
  0
VERTEX
  5
38
  8
IC_DELIKLER
 10
43.050376892089844
 20
7.6514892578125
 30
0.0
 70
0
  0
VERTEX
  5
39
  8
IC_DELIKLER
 10
42.576576232910156
 20
7.595611572265625
 30
0.0
 70
0
  0
VERTEX
  5
3A
  8
IC_DELIKLER
 10
41.78448486328125
 20
7.565216064453125
 30
0.0
 70
0
  0
VERTEX
  5
3B
  8
IC_DELIKLER
 10
39.93507385253906
 20
7.540283203125
 30
0.0
 70
0
  0
VERTEX
  5
3C
  8
IC_DELIKLER
 10
39.885074615478516
 20
7.5
 30
0.0
 70
0
  0
VERTEX
  5
3D
  8
IC_DELIKLER
 10
11.835339546203613
 20
7.5
 30
0.0
 70
0
  0
VERTEX
  5
3E
  8
IC_DELIKLER
 10
11.785343170166016
 20
7.540313720703125
 30
0.0
 70
0
  0
VERTEX
  5
3F
  8
IC_DELIKLER
 10
10.135795593261719
 20
7.56207275390625
 30
0.0
 70
0
  0
VERTEX
  5
40
  8
IC_DELIKLER
 10
9.390971183776855
 20
7.58477783203125
 30
0.0
 70
0
  0
VERTEX
  5
41
  8
IC_DELIKLER
 10
9.003829956054688
 20
7.614715576171875
 30
0.0
 70
0
  0
VERTEX
  5
42
  8
IC_DELIKLER
 10
8.681215286254883
 20
7.665191650390625
 30
0.0
 70
0
  0
VERTEX
  5
43
  8
IC_DELIKLER
 10
8.50829029083252
 20
7.709625244140625
 30
0.0
 70
0
  0
VERTEX
  5
44
  8
IC_DELIKLER
 10
8.346896171569824
 20
7.768646240234375
 30
0.0
 70
0
  0
VERTEX
  5
45
  8
IC_DELIKLER
 10
8.199620246887207
 20
7.8443603515625
 30
0.0
 70
0
  0
VERTEX
  5
46
  8
IC_DELIKLER
 10
8.099796295166016
 20
7.912994384765625
 30
0.0
 70
0
  0
VERTEX
  5
47
  8
IC_DELIKLER
 10
7.982222557067871
 20
8.020751953125
 30
0.0
 70
0
  0
VERTEX
  5
48
  8
IC_DELIKLER
 10
7.906184196472168
 20
8.11358642578125
 30
0.0
 70
0
  0
VERTEX
  5
49
  8
IC_DELIKLER
 10
7.821008682250977
 20
8.25244140625
 30
0.0
 70
0
  0
VERTEX
  5
4A
  8
IC_DELIKLER
 10
7.753509998321533
 20
8.406707763671875
 30
0.0
 70
0
  0
VERTEX
  5
4B
  8
IC_DELIKLER
 10
7.691280841827393
 20
8.617523193359375
 30
0.0
 70
0
  0
VERTEX
  5
4C
  8
IC_DELIKLER
 10
7.642815113067627
 20
8.889984130859375
 30
0.0
 70
0
  0
VERTEX
  5
4D
  8
IC_DELIKLER
 10
7.61129903793335
 20
9.2247314453125
 30
0.0
 70
0
  0
VERTEX
  5
4E
  8
IC_DELIKLER
 10
7.593865871429443
 20
9.618377685546875
 30
0.0
 70
0
  0
VERTEX
  5
4F
  8
IC_DELIKLER
 10
7.567434787750244
 20
11.8660888671875
 30
0.0
 70
0
  0
VERTEX
  5
50
  8
IC_DELIKLER
 10
7.540042400360107
 20
16.916015625
 30
0.0
 70
0
  0
VERTEX
  5
51
  8
IC_DELIKLER
 10
7.5
 20
16.96600341796875
 30
0.0
 70
0
  0
VERTEX
  5
52
  8
IC_DELIKLER
 10
7.5
 20
83.11590576171875
 30
0.0
 70
0
  0
VERTEX
  5
53
  8
IC_DELIKLER
 10
7.540075778961182
 20
83.1658935546875
 30
0.0
 70
0
  0
VERTEX
  5
54
  8
IC_DELIKLER
 10
7.5655436515808105
 20
87.81582641601562
 30
0.0
 70
0
  0
VERTEX
  5
55
  8
IC_DELIKLER
 10
7.590250015258789
 20
90.01425170898438
 30
0.0
 70
0
  0
VERTEX
  5
56
  8
IC_DELIKLER
 10
7.61497688293457
 20
90.55708312988281
 30
0.0
 70
0
  0
VERTEX
  5
57
  8
IC_DELIKLER
 10
7.657759666442871
 20
90.94126892089844
 30
0.0
 70
0
  0
VERTEX
  5
58
  8
IC_DELIKLER
 10
7.72629451751709
 20
91.26345825195312
 30
0.0
 70
0
  0
VERTEX
  5
59
  8
IC_DELIKLER
 10
7.833775043487549
 20
91.5677490234375
 30
0.0
 70
0
  0
VERTEX
  5
5A
  8
IC_DELIKLER
 10
7.936318874359131
 20
91.77326965332031
 30
0.0
 70
0
  0
VERTEX
  5
5B
  8
IC_DELIKLER
 10
8.058405876159668
 20
91.97013854980469
 30
0.0
 70
0
  0
VERTEX
  5
5C
  8
IC_DELIKLER
 10
8.693492889404297
 20
92.81173706054688
 30
0.0
 70
0
  0
VERTEX
  5
5D
  8
IC_DELIKLER
 10
8.853302001953125
 20
93.05662536621094
 30
0.0
 70
0
  0
VERTEX
  5
5E
  8
IC_DELIKLER
 10
8.973796844482422
 20
93.26918029785156
 30
0.0
 70
0
  0
VERTEX
  5
5F
  8
IC_DELIKLER
 10
9.12172794342041
 20
93.57876586914062
 30
0.0
 70
0
  0
VERTEX
  5
60
  8
IC_DELIKLER
 10
9.24658203125
 20
93.89974975585938
 30
0.0
 70
0
  0
VERTEX
  5
61
  8
IC_DELIKLER
 10
9.352197647094727
 20
94.22802734375
 30
0.0
 70
0
  0
VERTEX
  5
62
  8
IC_DELIKLER
 10
9.56226634979248
 20
94.96675109863281
 30
0.0
 70
0
  0
VERTEX
  5
63
  8
IC_DELIKLER
 10
9.666234016418457
 20
95.25167846679688
 30
0.0
 70
0
  0
VERTEX
  5
64
  8
IC_DELIKLER
 10
9.735434532165527
 20
95.39097595214844
 30
0.0
 70
0
  0
VERTEX
  5
65
  8
IC_DELIKLER
 10
9.813377380371094
 20
95.50662231445312
 30
0.0
 70
0
  0
VERTEX
  5
66
  8
IC_DELIKLER
 10
9.900372505187988
 20
95.59368896484375
 30
0.0
 70
0
  0
VERTEX
  5
67
  8
IC_DELIKLER
 10
9.995787620544434
 20
95.64816284179688
 30
0.0
 70
0
  0
VERTEX
  5
68
  8
IC_DELIKLER
 10
10.098134994506836
 20
95.66758728027344
 30
0.0
 70
0
  0
VERTEX
  5
69
  8
IC_DELIKLER
 10
10.232568740844727
 20
95.64195251464844
 30
0.0
 70
0
  0
VERTEX
  5
6A
  8
IC_DELIKLER
 10
10.369879722595215
 20
95.56407165527344
 30
0.0
 70
0
  0
VERTEX
  5
6B
  8
IC_DELIKLER
 10
10.50580883026123
 20
95.4410400390625
 30
0.0
 70
0
  0
VERTEX
  5
6C
  8
IC_DELIKLER
 10
10.637248039245605
 20
95.28215026855469
 30
0.0
 70
0
  0
VERTEX
  5
6D
  8
IC_DELIKLER
 10
10.786791801452637
 20
95.0574951171875
 30
0.0
 70
0
  0
VERTEX
  5
6E
  8
IC_DELIKLER
 10
10.927005767822266
 20
94.80899047851562
 30
0.0
 70
0
  0
VERTEX
  5
6F
  8
IC_DELIKLER
 10
11.101405143737793
 20
94.45747375488281
 30
0.0
 70
0
  0
VERTEX
  5
70
  8
IC_DELIKLER
 10
11.324331283569336
 20
93.95745849609375
 30
0.0
 70
0
  0
VERTEX
  5
71
  8
IC_DELIKLER
 10
11.572495460510254
 20
93.35719299316406
 30
0.0
 70
0
  0
VERTEX
  5
72
  8
IC_DELIKLER
 10
12.741914749145508
 20
90.378662109375
 30
0.0
 70
0
  0
VERTEX
  5
73
  8
IC_DELIKLER
 10
13.545867919921875
 20
88.38465881347656
 30
0.0
 70
0
  0
VERTEX
  5
74
  8
IC_DELIKLER
 10
14.294501304626465
 20
86.58412170410156
 30
0.0
 70
0
  0
VERTEX
  5
75
  8
IC_DELIKLER
 10
15.023377418518066
 20
84.8837890625
 30
0.0
 70
0
  0
VERTEX
  5
76
  8
IC_DELIKLER
 10
15.874551773071289
 20
82.96408081054688
 30
0.0
 70
0
  0
VERTEX
  5
77
  8
IC_DELIKLER
 10
16.731754302978516
 20
81.10195922851562
 30
0.0
 70
0
  0
VERTEX
  5
78
  8
IC_DELIKLER
 10
17.59486961364746
 20
79.2978515625
 30
0.0
 70
0
  0
VERTEX
  5
79
  8
IC_DELIKLER
 10
18.463462829589844
 20
77.55204772949219
 30
0.0
 70
0
  0
VERTEX
  5
7A
  8
IC_DELIKLER
 10
19.17383575439453
 20
76.17446899414062
 30
0.0
 70
0
  0
VERTEX
  5
7B
  8
IC_DELIKLER
 10
19.87871551513672
 20
74.8504638671875
 30
0.0
 70
0
  0
VERTEX
  5
7C
  8
IC_DELIKLER
 10
20.601158142089844
 20
73.53594970703125
 30
0.0
 70
0
  0
VERTEX
  5
7D
  8
IC_DELIKLER
 10
21.34148597717285
 20
72.23143005371094
 30
0.0
 70
0
  0
VERTEX
  5
7E
  8
IC_DELIKLER
 10
22.099895477294922
 20
70.93734741210938
 30
0.0
 70
0
  0
VERTEX
  5
7F
  8
IC_DELIKLER
 10
22.850282669067383
 20
69.69668579101562
 30
0.0
 70
0
  0
VERTEX
  5
80
  8
IC_DELIKLER
 10
23.64434051513672
 20
68.42416381835938
 30
0.0
 70
0
  0
VERTEX
  5
81
  8
IC_DELIKLER
 10
24.428958892822266
 20
67.20484924316406
 30
0.0
 70
0
  0
VERTEX
  5
82
  8
IC_DELIKLER
 10
25.285871505737305
 20
65.913330078125
 30
0.0
 70
0
  0
VERTEX
  5
83
  8
IC_DELIKLER
 10
26.18963050842285
 20
64.59309387207031
 30
0.0
 70
0
  0
VERTEX
  5
84
  8
IC_DELIKLER
 10
27.112234115600586
 20
63.28593444824219
 30
0.0
 70
0
  0
VERTEX
  5
85
  8
IC_DELIKLER
 10
28.082571029663086
 20
61.95147705078125
 30
0.0
 70
0
  0
VERTEX
  5
86
  8
IC_DELIKLER
 10
29.071134567260742
 20
60.630462646484375
 30
0.0
 70
0
  0
VERTEX
  5
87
  8
IC_DELIKLER
 10
30.107519149780273
 20
59.282958984375
 30
0.0
 70
0
  0
VERTEX
  5
88
  8
IC_DELIKLER
 10
31.315771102905273
 20
57.75245666503906
 30
0.0
 70
0
  0
VERTEX
  5
89
  8
IC_DELIKLER
 10
32.26252365112305
 20
56.58917236328125
 30
0.0
 70
0
  0
VERTEX
  5
8A
  8
IC_DELIKLER
 10
33.07299041748047
 20
55.63775634765625
 30
0.0
 70
0
  0
VERTEX
  5
8B
  8
IC_DELIKLER
 10
35.009437561035156
 20
53.41241455078125
 30
0.0
 70
0
  0
VERTEX
  5
8C
  8
IC_DELIKLER
 10
36.079498291015625
 20
52.22297668457031
 30
0.0
 70
0
  0
VERTEX
  5
8D
  8
IC_DELIKLER
 10
37.26869583129883
 20
50.939178466796875
 30
0.0
 70
0
  0
VERTEX
  5
8E
  8
IC_DELIKLER
 10
38.475284576416016
 20
49.67170715332031
 30
0.0
 70
0
  0
VERTEX
  5
8F
  8
IC_DELIKLER
 10
39.73405456542969
 20
48.38511657714844
 30
0.0
 70
0
  0
VERTEX
  5
90
  8
IC_DELIKLER
 10
40.86920928955078
 20
47.25762939453125
 30
0.0
 70
0
  0
VERTEX
  5
91
  8
IC_DELIKLER
 10
42.414119720458984
 20
45.76325988769531
 30
0.0
 70
0
  0
VERTEX
  5
92
  8
IC_DELIKLER
 10
42.86494064331055
 20
45.2998046875
 30
0.0
 70
0
  0
VERTEX
  5
93
  8
IC_DELIKLER
 10
43.121543884277344
 20
45.00123596191406
 30
0.0
 70
0
  0
VERTEX
  5
94
  8
IC_DELIKLER
 10
43.32234573364258
 20
44.726593017578125
 30
0.0
 70
0
  0
VERTEX
  5
95
  8
IC_DELIKLER
 10
43.492610931396484
 20
44.436431884765625
 30
0.0
 70
0
  0
VERTEX
  5
96
  8
IC_DELIKLER
 10
43.610050201416016
 20
44.174560546875
 30
0.0
 70
0
  0
VERTEX
  5
97
  8
IC_DELIKLER
 10
43.68721008300781
 20
43.94757080078125
 30
0.0
 70
0
  0
VERTEX
  5
98
  8
IC_DELIKLER
 10
43.74679183959961
 20
43.71368408203125
 30
0.0
 70
0
  0
VERTEX
  5
99
  8
IC_DELIKLER
 10
43.7984733581543
 20
43.4259033203125
 30
0.0
 70
0
  0
VERTEX
  5
9A
  8
IC_DELIKLER
 10
43.833492279052734
 20
43.13262939453125
 30
0.0
 70
0
  0
VERTEX
  5
9B
  8
IC_DELIKLER
 10
43.88161087036133
 20
42.33819580078125
 30
0.0
 70
0
  0
VERTEX
  5
9C
  8
IC_DELIKLER
 10
43.91913604736328
 20
40.889068603515625
 30
0.0
 70
0
  0
VERTEX
  5
9D
  8
IC_DELIKLER
 10
43.980159759521484
 20
36.789520263671875
 30
0.0
 70
0
  0
VERTEX
  5
9E
  8
IC_DELIKLER
 10
44.242183685302734
 20
14.791107177734375
 30
0.0
 70
0
  0
VERTEX
  5
9F
  8
IC_DELIKLER
 10
44.2733268737793
 20
10.4913330078125
 30
0.0
 70
0
  0
VERTEX
  5
A0
  8
IC_DELIKLER
 10
44.2617301940918
 20
9.74273681640625
 30
0.0
 70
0
  0
VERTEX
  5
A1
  8
IC_DELIKLER
 10
44.23244094848633
 20
9.2005615234375
 30
0.0
 70
0
  0
VERTEX
  5
A2
  8
IC_DELIKLER
 10
44.18400955200195
 20
8.820159912109375
 30
0.0
 70
0
  0
VERTEX
  5
A3
  8
IC_DELIKLER
 10
44.10826873779297
 20
8.509368896484375
 30
0.0
 70
0
  0
VERTEX
  5
A4
  8
IC_DELIKLER
 10
43.988399505615234
 20
8.233245849609375
 30
0.0
 70
0
  0
VERTEX
  5
A5
  8
IC_DELIKLER
 10
43.84364318847656
 20
8.03436279296875
 30
0.0
 70
0
  0
VERTEX
  5
A6
  8
IC_DELIKLER
 10
43.658573150634766
 20
7.876220703125
 30
0.0
 70
0
  0
VERTEX
  5
A7
  8
IC_DELIKLER
 10
43.551822662353516
 20
7.8128662109375
 30
0.0
 70
0
  0
SEQEND
  5
36
  8
IC_DELIKLER
  0
POLYLINE
  5
A8
  8
IC_DELIKLER
 66
1
 10
0.0
 20
0.0
 30
0.0
 70
1
  0
VERTEX
  5
AA
  8
IC_DELIKLER
 10
50.880767822265625
 20
7.676300048828125
 30
0.0
 70
0
  0
VERTEX
  5
AB
  8
IC_DELIKLER
 10
50.597354888916016
 20
7.780548095703125
 30
0.0
 70
0
  0
VERTEX
  5
AC
  8
IC_DELIKLER
 10
50.45409393310547
 20
7.863067626953125
 30
0.0
 70
0
  0
VERTEX
  5
AD
  8
IC_DELIKLER
 10
50.357025146484375
 20
7.9368896484375
 30
0.0
 70
0
  0
VERTEX
  5
AE
  8
IC_DELIKLER
 10
50.191585540771484
 20
8.115478515625
 30
0.0
 70
0
  0
VERTEX
  5
AF
  8
IC_DELIKLER
 10
50.12342071533203
 20
8.219451904296875
 30
0.0
 70
0
  0
VERTEX
  5
B0
  8
IC_DELIKLER
 10
50.04705047607422
 20
8.371673583984375
 30
0.0
 70
0
  0
VERTEX
  5
B1
  8
IC_DELIKLER
 10
49.94902420043945
 20
8.668365478515625
 30
0.0
 70
0
  0
VERTEX
  5
B2
  8
IC_DELIKLER
 10
49.87394332885742
 20
9.08746337890625
 30
0.0
 70
0
  0
VERTEX
  5
B3
  8
IC_DELIKLER
 10
49.830780029296875
 20
9.57672119140625
 30
0.0
 70
0
  0
VERTEX
  5
B4
  8
IC_DELIKLER
 10
49.800865173339844
 20
10.273895263671875
 30
0.0
 70
0
  0
VERTEX
  5
B5
  8
IC_DELIKLER
 10
49.64207458496094
 20
18.47216796875
 30
0.0
 70
0
  0
VERTEX
  5
B6
  8
IC_DELIKLER
 10
49.55599594116211
 20
23.6214599609375
 30
0.0
 70
0
  0
VERTEX
  5
B7
  8
IC_DELIKLER
 10
49.500335693359375
 20
29.021148681640625
 30
0.0
 70
0
  0
VERTEX
  5
B8
  8
IC_DELIKLER
 10
49.47334671020508
 20
34.571075439453125
 30
0.0
 70
0
  0
VERTEX
  5
B9
  8
IC_DELIKLER
 10
49.478145599365234
 20
39.671051025390625
 30
0.0
 70
0
  0
VERTEX
  5
BA
  8
IC_DELIKLER
 10
49.51451110839844
 20
43.120513916015625
 30
0.0
 70
0
  0
VERTEX
  5
BB
  8
IC_DELIKLER
 10
49.538639068603516
 20
43.767578125
 30
0.0
 70
0
  0
VERTEX
  5
BC
  8
IC_DELIKLER
 10
49.57612609863281
 20
44.209747314453125
 30
0.0
 70
0
  0
VERTEX
  5
BD
  8
IC_DELIKLER
 10
49.63875198364258
 20
44.59332275390625
 30
0.0
 70
0
  0
VERTEX
  5
BE
  8
IC_DELIKLER
 10
49.72660827636719
 20
44.91725158691406
 30
0.0
 70
0
  0
VERTEX
  5
BF
  8
IC_DELIKLER
 10
49.87166213989258
 20
45.27032470703125
 30
0.0
 70
0
  0
VERTEX
  5
C0
  8
IC_DELIKLER
 10
50.06296157836914
 20
45.60411071777344
 30
0.0
 70
0
  0
VERTEX
  5
C1
  8
IC_DELIKLER
 10
50.32148742675781
 20
45.95965576171875
 30
0.0
 70
0
  0
VERTEX
  5
C2
  8
IC_DELIKLER
 10
50.64180374145508
 20
46.33747863769531
 30
0.0
 70
0
  0
VERTEX
  5
C3
  8
IC_DELIKLER
 10
51.35779571533203
 20
47.103302001953125
 30
0.0
 70
0
  0
VERTEX
  5
C4
  8
IC_DELIKLER
 10
54.13829803466797
 20
49.978759765625
 30
0.0
 70
0
  0
VERTEX
  5
C5
  8
IC_DELIKLER
 10
55.61439514160156
 20
51.54191589355469
 30
0.0
 70
0
  0
VERTEX
  5
C6
  8
IC_DELIKLER
 10
57.030845642089844
 20
53.092132568359375
 30
0.0
 70
0
  0
VERTEX
  5
C7
  8
IC_DELIKLER
 10
58.376468658447266
 20
54.63850402832031
 30
0.0
 70
0
  0
VERTEX
  5
C8
  8
IC_DELIKLER
 10
59.44470977783203
 20
55.895904541015625
 30
0.0
 70
0
  0
VERTEX
  5
C9
  8
IC_DELIKLER
 10
60.14019775390625
 20
56.74781799316406
 30
0.0
 70
0
  0
VERTEX
  5
CA
  8
IC_DELIKLER
 10
61.890357971191406
 20
58.996978759765625
 30
0.0
 70
0
  0
VERTEX
  5
CB
  8
IC_DELIKLER
 10
62.860023498535156
 20
60.26959228515625
 30
0.0
 70
0
  0
VERTEX
  5
CC
  8
IC_DELIKLER
 10
64.07193756103516
 20
61.922882080078125
 30
0.0
 70
0
  0
VERTEX
  5
CD
  8
IC_DELIKLER
 10
65.279296875
 20
63.6409912109375
 30
0.0
 70
0
  0
VERTEX
  5
CE
  8
IC_DELIKLER
 10
66.48261260986328
 20
65.42262268066406
 30
0.0
 70
0
  0
VERTEX
  5
CF
  8
IC_DELIKLER
 10
67.6814193725586
 20
67.2672119140625
 30
0.0
 70
0
  0
VERTEX
  5
D0
  8
IC_DELIKLER
 10
68.84806823730469
 20
69.13232421875
 30
0.0
 70
0
  0
VERTEX
  5
D1
  8
IC_DELIKLER
 10
69.98221588134766
 20
71.01736450195312
 30
0.0
 70
0
  0
VERTEX
  5
D2
  8
IC_DELIKLER
 10
71.05773162841797
 20
72.87893676757812
 30
0.0
 70
0
  0
VERTEX
  5
D3
  8
IC_DELIKLER
 10
72.07430267333984
 20
74.71638488769531
 30
0.0
 70
0
  0
VERTEX
  5
D4
  8
IC_DELIKLER
 10
72.9388427734375
 20
76.35183715820312
 30
0.0
 70
0
  0
VERTEX
  5
D5
  8
IC_DELIKLER
 10
73.74800872802734
 20
77.95957946777344
 30
0.0
 70
0
  0
VERTEX
  5
D6
  8
IC_DELIKLER
 10
74.52350616455078
 20
79.5838623046875
 30
0.0
 70
0
  0
VERTEX
  5
D7
  8
IC_DELIKLER
 10
75.43993377685547
 20
81.5838623046875
 30
0.0
 70
0
  0
VERTEX
  5
D8
  8
IC_DELIKLER
 10
76.55429077148438
 20
84.09791564941406
 30
0.0
 70
0
  0
VERTEX
  5
D9
  8
IC_DELIKLER
 10
77.51636505126953
 20
86.35104370117188
 30
0.0
 70
0
  0
VERTEX
  5
DA
  8
IC_DELIKLER
 10
78.13353729248047
 20
87.88107299804688
 30
0.0
 70
0
  0
VERTEX
  5
DB
  8
IC_DELIKLER
 10
78.66806030273438
 20
89.33567810058594
 30
0.0
 70
0
  0
VERTEX
  5
DC
  8
IC_DELIKLER
 10
79.41822052001953
 20
91.56260681152344
 30
0.0
 70
0
  0
VERTEX
  5
DD
  8
IC_DELIKLER
 10
80.29800415039062
 20
94.32588195800781
 30
0.0
 70
0
  0
VERTEX
  5
DE
  8
IC_DELIKLER
 10
81.15503692626953
 20
97.14860534667969
 30
0.0
 70
0
  0
VERTEX
  5
DF
  8
IC_DELIKLER
 10
81.81430053710938
 20
99.45614624023438
 30
0.0
 70
0
  0
VERTEX
  5
E0
  8
IC_DELIKLER
 10
82.16233825683594
 20
100.81187438964844
 30
0.0
 70
0
  0
VERTEX
  5
E1
  8
IC_DELIKLER
 10
82.93331909179688
 20
104.12290954589844
 30
0.0
 70
0
  0
VERTEX
  5
E2
  8
IC_DELIKLER
 10
83.40545654296875
 20
106.37370300292969
 30
0.0
 70
0
  0
VERTEX
  5
E3
  8
IC_DELIKLER
 10
83.65751647949219
 20
107.69961547851562
 30
0.0
 70
0
  0
VERTEX
  5
E4
  8
IC_DELIKLER
 10
83.80892181396484
 20
108.63726806640625
 30
0.0
 70
0
  0
VERTEX
  5
E5
  8
IC_DELIKLER
 10
84.41134643554688
 20
112.69256591796875
 30
0.0
 70
0
  0
VERTEX
  5
E6
  8
IC_DELIKLER
 10
84.61021423339844
 20
114.17910766601562
 30
0.0
 70
0
  0
VERTEX
  5
E7
  8
IC_DELIKLER
 10
85.24497985839844
 20
120.14520263671875
 30
0.0
 70
0
  0
VERTEX
  5
E8
  8
IC_DELIKLER
 10
85.34326171875
 20
121.24067687988281
 30
0.0
 70
0
  0
VERTEX
  5
E9
  8
IC_DELIKLER
 10
85.41846466064453
 20
122.33795166015625
 30
0.0
 70
0
  0
VERTEX
  5
EA
  8
IC_DELIKLER
 10
85.4779052734375
 20
123.63642883300781
 30
0.0
 70
0
  0
VERTEX
  5
EB
  8
IC_DELIKLER
 10
85.5176010131836
 20
125.18583679199219
 30
0.0
 70
0
  0
VERTEX
  5
EC
  8
IC_DELIKLER
 10
85.53980255126953
 20
127.08567810058594
 30
0.0
 70
0
  0
VERTEX
  5
ED
  8
IC_DELIKLER
 10
85.54896545410156
 20
129.5856475830078
 30
0.0
 70
0
  0
VERTEX
  5
EE
  8
IC_DELIKLER
 10
85.5459976196289
 20
133.13565063476562
 30
0.0
 70
0
  0
VERTEX
  5
EF
  8
IC_DELIKLER
 10
85.52751922607422
 20
135.73556518554688
 30
0.0
 70
0
  0
VERTEX
  5
F0
  8
IC_DELIKLER
 10
85.4945297241211
 20
137.38510131835938
 30
0.0
 70
0
  0
VERTEX
  5
F1
  8
IC_DELIKLER
 10
85.43937683105469
 20
138.5332794189453
 30
0.0
 70
0
  0
VERTEX
  5
F2
  8
IC_DELIKLER
 10
85.31452941894531
 20
139.92715454101562
 30
0.0
 70
0
  0
VERTEX
  5
F3
  8
IC_DELIKLER
 10
84.68266296386719
 20
145.8937225341797
 30
0.0
 70
0
  0
VERTEX
  5
F4
  8
IC_DELIKLER
 10
84.49406433105469
 20
147.53282165527344
 30
0.0
 70
0
  0
VERTEX
  5
F5
  8
IC_DELIKLER
 10
84.23771667480469
 20
149.36473083496094
 30
0.0
 70
0
  0
VERTEX
  5
F6
  8
IC_DELIKLER
 10
83.82499694824219
 20
151.98226928710938
 30
0.0
 70
0
  0
VERTEX
  5
F7
  8
IC_DELIKLER
 10
83.62920379638672
 20
153.1153106689453
 30
0.0
 70
0
  0
VERTEX
  5
F8
  8
IC_DELIKLER
 10
83.2645492553711
 20
154.97987365722656
 30
0.0
 70
0
  0
VERTEX
  5
F9
  8
IC_DELIKLER
 10
82.77944946289062
 20
157.2792205810547
 30
0.0
 70
0
  0
VERTEX
  5
FA
  8
IC_DELIKLER
 10
82.309814453125
 20
159.37725830078125
 30
0.0
 70
0
  0
VERTEX
  5
FB
  8
IC_DELIKLER
 10
81.86709594726562
 20
161.2248992919922
 30
0.0
 70
0
  0
VERTEX
  5
FC
  8
IC_DELIKLER
 10
81.23855590820312
 20
163.69618225097656
 30
0.0
 70
0
  0
VERTEX
  5
FD
  8
IC_DELIKLER
 10
80.60823822021484
 20
166.0636749267578
 30
0.0
 70
0
  0
VERTEX
  5
FE
  8
IC_DELIKLER
 10
80.25273132324219
 20
167.31390380859375
 30
0.0
 70
0
  0
VERTEX
  5
FF
  8
IC_DELIKLER
 10
79.63883972167969
 20
169.3214874267578
 30
0.0
 70
0
  0
VERTEX
  5
100
  8
IC_DELIKLER
 10
79.39579010009766
 20
170.2370147705078
 30
0.0
 70
0
  0
VERTEX
  5
101
  8
IC_DELIKLER
 10
79.30067443847656
 20
170.71971130371094
 30
0.0
 70
0
  0
VERTEX
  5
102
  8
IC_DELIKLER
 10
79.26117706298828
 20
171.10166931152344
 30
0.0
 70
0
  0
VERTEX
  5
103
  8
IC_DELIKLER
 10
79.26895904541016
 20
171.42710876464844
 30
0.0
 70
0
  0
VERTEX
  5
104
  8
IC_DELIKLER
 10
79.32846069335938
 20
171.73756408691406
 30
0.0
 70
0
  0
VERTEX
  5
105
  8
IC_DELIKLER
 10
79.38848114013672
 20
171.90560913085938
 30
0.0
 70
0
  0
VERTEX
  5
106
  8
IC_DELIKLER
 10
79.49048614501953
 20
172.10413360595703
 30
0.0
 70
0
  0
VERTEX
  5
107
  8
IC_DELIKLER
 10
79.59261322021484
 20
172.2529754638672
 30
0.0
 70
0
  0
VERTEX
  5
108
  8
IC_DELIKLER
 10
79.74311828613281
 20
172.42633056640625
 30
0.0
 70
0
  0
VERTEX
  5
109
  8
IC_DELIKLER
 10
79.91494750976562
 20
172.58626556396484
 30
0.0
 70
0
  0
VERTEX
  5
10A
  8
IC_DELIKLER
 10
80.10334777832031
 20
172.73429107666016
 30
0.0
 70
0
  0
VERTEX
  5
10B
  8
IC_DELIKLER
 10
80.34508514404297
 20
172.89903259277344
 30
0.0
 70
0
  0
VERTEX
  5
10C
  8
IC_DELIKLER
 10
80.6408920288086
 20
173.0781021118164
 30
0.0
 70
0
  0
VERTEX
  5
10D
  8
IC_DELIKLER
 10
81.2091064453125
 20
173.38912200927734
 30
0.0
 70
0
  0
VERTEX
  5
10E
  8
IC_DELIKLER
 10
83.87187194824219
 20
174.77037811279297
 30
0.0
 70
0
  0
VERTEX
  5
10F
  8
IC_DELIKLER
 10
85.72561645507812
 20
175.75697326660156
 30
0.0
 70
0
  0
VERTEX
  5
110
  8
IC_DELIKLER
 10
89.44026184082031
 20
177.8216552734375
 30
0.0
 70
0
  0
VERTEX
  5
111
  8
IC_DELIKLER
 10
93.08493041992188
 20
179.80626678466797
 30
0.0
 70
0
  0
VERTEX
  5
112
  8
IC_DELIKLER
 10
97.15735626220703
 20
182.0491714477539
 30
0.0
 70
0
  0
VERTEX
  5
113
  8
IC_DELIKLER
 10
97.64901733398438
 20
182.29127502441406
 30
0.0
 70
0
  0
VERTEX
  5
114
  8
IC_DELIKLER
 10
98.05924224853516
 20
182.46611785888672
 30
0.0
 70
0
  0
VERTEX
  5
115
  8
IC_DELIKLER
 10
98.43132781982422
 20
182.59329223632812
 30
0.0
 70
0
  0
VERTEX
  5
116
  8
IC_DELIKLER
 10
98.8102798461914
 20
182.68355560302734
 30
0.0
 70
0
  0
VERTEX
  5
117
  8
IC_DELIKLER
 10
99.19427490234375
 20
182.72824096679688
 30
0.0
 70
0
  0
VERTEX
  5
118
  8
IC_DELIKLER
 10
99.53185272216797
 20
182.72622680664062
 30
0.0
 70
0
  0
VERTEX
  5
119
  8
IC_DELIKLER
 10
99.86824035644531
 20
182.68630981445312
 30
0.0
 70
0
  0
VERTEX
  5
11A
  8
IC_DELIKLER
 10
100.2483139038086
 20
182.59915161132812
 30
0.0
 70
0
  0
VERTEX
  5
11B
  8
IC_DELIKLER
 10
100.5286636352539
 20
182.50929260253906
 30
0.0
 70
0
  0
VERTEX
  5
11C
  8
IC_DELIKLER
 10
100.8487548828125
 20
182.38230895996094
 30
0.0
 70
0
  0
VERTEX
  5
11D
  8
IC_DELIKLER
 10
101.15846252441406
 20
182.2335662841797
 30
0.0
 70
0
  0
VERTEX
  5
11E
  8
IC_DELIKLER
 10
101.41242218017578
 20
182.08826446533203
 30
0.0
 70
0
  0
VERTEX
  5
11F
  8
IC_DELIKLER
 10
101.6524658203125
 20
181.92486572265625
 30
0.0
 70
0
  0
VERTEX
  5
120
  8
IC_DELIKLER
 10
101.8399887084961
 20
181.77385711669922
 30
0.0
 70
0
  0
VERTEX
  5
121
  8
IC_DELIKLER
 10
102.04888153076172
 20
181.57471466064453
 30
0.0
 70
0
  0
VERTEX
  5
122
  8
IC_DELIKLER
 10
102.24049377441406
 20
181.35759735107422
 30
0.0
 70
0
  0
VERTEX
  5
123
  8
IC_DELIKLER
 10
102.44374084472656
 20
181.0857391357422
 30
0.0
 70
0
  0
VERTEX
  5
124
  8
IC_DELIKLER
 10
102.6253890991211
 20
180.79901123046875
 30
0.0
 70
0
  0
VERTEX
  5
125
  8
IC_DELIKLER
 10
102.76092529296875
 20
180.5442657470703
 30
0.0
 70
0
  0
VERTEX
  5
126
  8
IC_DELIKLER
 10
102.87242126464844
 20
180.28229522705078
 30
0.0
 70
0
  0
VERTEX
  5
127
  8
IC_DELIKLER
 10
102.95401763916016
 20
180.01331329345703
 30
0.0
 70
0
  0
VERTEX
  5
128
  8
IC_DELIKLER
 10
102.99624633789062
 20
179.7840347290039
 30
0.0
 70
0
  0
VERTEX
  5
129
  8
IC_DELIKLER
 10
103.01560974121094
 20
179.50348663330078
 30
0.0
 70
0
  0
VERTEX
  5
12A
  8
IC_DELIKLER
 10
103.00416564941406
 20
179.2183609008789
 30
0.0
 70
0
  0
VERTEX
  5
12B
  8
IC_DELIKLER
 10
102.9437026977539
 20
178.78540802001953
 30
0.0
 70
0
  0
VERTEX
  5
12C
  8
IC_DELIKLER
 10
102.83084106445312
 20
178.25259399414062
 30
0.0
 70
0
  0
VERTEX
  5
12D
  8
IC_DELIKLER
 10
100.66195678710938
 20
169.05616760253906
 30
0.0
 70
0
  0
VERTEX
  5
12E
  8
IC_DELIKLER
 10
100.22639465332031
 20
167.0530242919922
 30
0.0
 70
0
  0
VERTEX
  5
12F
  8
IC_DELIKLER
 10
99.79490661621094
 20
164.94679260253906
 30
0.0
 70
0
  0
VERTEX
  5
130
  8
IC_DELIKLER
 10
99.15471649169922
 20
161.607666015625
 30
0.0
 70
0
  0
VERTEX
  5
131
  8
IC_DELIKLER
 10
98.56963348388672
 20
158.30918884277344
 30
0.0
 70
0
  0
VERTEX
  5
132
  8
IC_DELIKLER
 10
98.05674743652344
 20
155.15061950683594
 30
0.0
 70
0
  0
VERTEX
  5
133
  8
IC_DELIKLER
 10
97.66498565673828
 20
152.42877197265625
 30
0.0
 70
0
  0
VERTEX
  5
134
  8
IC_DELIKLER
 10
97.52213287353516
 20
151.28775024414062
 30
0.0
 70
0
  0
VERTEX
  5
135
  8
IC_DELIKLER
 10
97.40296936035156
 20
150.1943359375
 30
0.0
 70
0
  0
VERTEX
  5
136
  8
IC_DELIKLER
 10
97.07008361816406
 20
146.6600341796875
 30
0.0
 70
0
  0
VERTEX
  5
137
  8
IC_DELIKLER
 10
96.75016784667969
 20
143.52639770507812
 30
0.0
 70
0
  0
VERTEX
  5
138
  8
IC_DELIKLER
 10
96.63458251953125
 20
142.18148803710938
 30
0.0
 70
0
  0
VERTEX
  5
139
  8
IC_DELIKLER
 10
96.55430603027344
 20
140.9842529296875
 30
0.0
 70
0
  0
VERTEX
  5
13A
  8
IC_DELIKLER
 10
96.48397064208984
 20
139.63613891601562
 30
0.0
 70
0
  0
VERTEX
  5
13B
  8
IC_DELIKLER
 10
96.24414825439453
 20
133.34075927734375
 30
0.0
 70
0
  0
VERTEX
  5
13C
  8
IC_DELIKLER
 10
96.16309356689453
 20
131.59266662597656
 30
0.0
 70
0
  0
VERTEX
  5
13D
  8
IC_DELIKLER
 10
96.07827758789062
 20
130.09510803222656
 30
0.0
 70
0
  0
VERTEX
  5
13E
  8
IC_DELIKLER
 10
95.93324279785156
 20
128.150634765625
 30
0.0
 70
0
  0
VERTEX
  5
13F
  8
IC_DELIKLER
 10
95.6675796508789
 20
125.26286315917969
 30
0.0
 70
0
  0
VERTEX
  5
140
  8
IC_DELIKLER
 10
95.50373077392578
 20
123.72164916992188
 30
0.0
 70
0
  0
VERTEX
  5
141
  8
IC_DELIKLER
 10
95.23957824707031
 20
121.59231567382812
 30
0.0
 70
0
  0
VERTEX
  5
142
  8
IC_DELIKLER
 10
95.21700286865234
 20
121.05645751953125
 30
0.0
 70
0
  0
VERTEX
  5
143
  8
IC_DELIKLER
 10
95.23046875
 20
120.81968688964844
 30
0.0
 70
0
  0
VERTEX
  5
144
  8
IC_DELIKLER
 10
95.26506042480469
 20
120.59089660644531
 30
0.0
 70
0
  0
VERTEX
  5
145
  8
IC_DELIKLER
 10
95.32485961914062
 20
120.37348937988281
 30
0.0
 70
0
  0
VERTEX
  5
146
  8
IC_DELIKLER
 10
95.41278076171875
 20
120.17098999023438
 30
0.0
 70
0
  0
VERTEX
  5
147
  8
IC_DELIKLER
 10
95.50418090820312
 20
120.02177429199219
 30
0.0
 70
0
  0
VERTEX
  5
148
  8
IC_DELIKLER
 10
95.64417266845703
 20
119.85284423828125
 30
0.0
 70
0
  0
VERTEX
  5
149
  8
IC_DELIKLER
 10
95.8103256225586
 20
119.70394897460938
 30
0.0
 70
0
  0
VERTEX
  5
14A
  8
IC_DELIKLER
 10
95.99864959716797
 20
119.573974609375
 30
0.0
 70
0
  0
VERTEX
  5
14B
  8
IC_DELIKLER
 10
96.24713134765625
 20
119.43931579589844
 30
0.0
 70
0
  0
VERTEX
  5
14C
  8
IC_DELIKLER
 10
96.51244354248047
 20
119.32212829589844
 30
0.0
 70
0
  0
VERTEX
  5
14D
  8
IC_DELIKLER
 10
98.8573989868164
 20
118.48078918457031
 30
0.0
 70
0
  0
VERTEX
  5
14E
  8
IC_DELIKLER
 10
102.55870819091797
 20
117.10177612304688
 30
0.0
 70
0
  0
VERTEX
  5
14F
  8
IC_DELIKLER
 10
106.85338592529297
 20
115.59922790527344
 30
0.0
 70
0
  0
VERTEX
  5
150
  8
IC_DELIKLER
 10
108.61051177978516
 20
115.02099609375
 30
0.0
 70
0
  0
VERTEX
  5
151
  8
IC_DELIKLER
 10
111.91437530517578
 20
114.02827453613281
 30
0.0
 70
0
  0
VERTEX
  5
152
  8
IC_DELIKLER
 10
113.14627838134766
 20
113.62171936035156
 30
0.0
 70
0
  0
VERTEX
  5
153
  8
IC_DELIKLER
 10
113.73246002197266
 20
113.38954162597656
 30
0.0
 70
0
  0
VERTEX
  5
154
  8
IC_DELIKLER
 10
114.1212387084961
 20
113.19154357910156
 30
0.0
 70
0
  0
VERTEX
  5
155
  8
IC_DELIKLER
 10
114.27284240722656
 20
113.08810424804688
 30
0.0
 70
0
  0
VERTEX
  5
156
  8
IC_DELIKLER
 10
114.36412048339844
 20
113.00544738769531
 30
0.0
 70
0
  0
VERTEX
  5
157
  8
IC_DELIKLER
 10
114.4327392578125
 20
112.90550231933594
 30
0.0
 70
0
  0
VERTEX
  5
158
  8
IC_DELIKLER
 10
114.44706726074219
 20
112.83106994628906
 30
0.0
 70
0
  0
VERTEX
  5
159
  8
IC_DELIKLER
 10
114.43314361572266
 20
112.77995300292969
 30
0.0
 70
0
  0
VERTEX
  5
15A
  8
IC_DELIKLER
 10
114.39832305908203
 20
112.73382568359375
 30
0.0
 70
0
  0
VERTEX
  5
15B
  8
IC_DELIKLER
 10
114.34355926513672
 20
112.69331359863281
 30
0.0
 70
0
  0
VERTEX
  5
15C
  8
IC_DELIKLER
 10
114.24227142333984
 20
112.64871215820312
 30
0.0
 70
0
  0
VERTEX
  5
15D
  8
IC_DELIKLER
 10
114.00141906738281
 20
112.59689331054688
 30
0.0
 70
0
  0
VERTEX
  5
15E
  8
IC_DELIKLER
 10
113.65936279296875
 20
112.57403564453125
 30
0.0
 70
0
  0
VERTEX
  5
15F
  8
IC_DELIKLER
 10
113.28096008300781
 20
112.58016967773438
 30
0.0
 70
0
  0
VERTEX
  5
160
  8
IC_DELIKLER
 10
112.78955841064453
 20
112.6136474609375
 30
0.0
 70
0
  0
VERTEX
  5
161
  8
IC_DELIKLER
 10
112.1943130493164
 20
112.67550659179688
 30
0.0
 70
0
  0
VERTEX
  5
162
  8
IC_DELIKLER
 10
111.45072937011719
 20
112.77120971679688
 30
0.0
 70
0
  0
VERTEX
  5
163
  8
IC_DELIKLER
 10
110.3132553100586
 20
112.93972778320312
 30
0.0
 70
0
  0
VERTEX
  5
164
  8
IC_DELIKLER
 10
109.07964324951172
 20
113.14112854003906
 30
0.0
 70
0
  0
VERTEX
  5
165
  8
IC_DELIKLER
 10
103.17442321777344
 20
114.20272827148438
 30
0.0
 70
0
  0
VERTEX
  5
166
  8
IC_DELIKLER
 10
99.5228271484375
 20
114.79837036132812
 30
0.0
 70
0
  0
VERTEX
  5
167
  8
IC_DELIKLER
 10
96.96351623535156
 20
115.25419616699219
 30
0.0
 70
0
  0
VERTEX
  5
168
  8
IC_DELIKLER
 10
96.07553100585938
 20
115.37716674804688
 30
0.0
 70
0
  0
VERTEX
  5
169
  8
IC_DELIKLER
 10
95.73155975341797
 20
115.4019775390625
 30
0.0
 70
0
  0
VERTEX
  5
16A
  8
IC_DELIKLER
 10
95.3921127319336
 20
115.40283203125
 30
0.0
 70
0
  0
VERTEX
  5
16B
  8
IC_DELIKLER
 10
95.10890197753906
 20
115.37677001953125
 30
0.0
 70
0
  0
VERTEX
  5
16C
  8
IC_DELIKLER
 10
94.8821029663086
 20
115.33097839355469
 30
0.0
 70
0
  0
VERTEX
  5
16D
  8
IC_DELIKLER
 10
94.66719818115234
 20
115.25971984863281
 30
0.0
 70
0
  0
VERTEX
  5
16E
  8
IC_DELIKLER
 10
94.46746826171875
 20
115.16090393066406
 30
0.0
 70
0
  0
VERTEX
  5
16F
  8
IC_DELIKLER
 10
94.28546905517578
 20
115.03408813476562
 30
0.0
 70
0
  0
VERTEX
  5
170
  8
IC_DELIKLER
 10
94.12259674072266
 20
114.88072204589844
 30
0.0
 70
0
  0
VERTEX
  5
171
  8
IC_DELIKLER
 10
93.92622375488281
 20
114.62751770019531
 30
0.0
 70
0
  0
VERTEX
  5
172
  8
IC_DELIKLER
 10
93.76210021972656
 20
114.34002685546875
 30
0.0
 70
0
  0
VERTEX
  5
173
  8
IC_DELIKLER
 10
93.58552551269531
 20
113.93899536132812
 30
0.0
 70
0
  0
VERTEX
  5
174
  8
IC_DELIKLER
 10
93.39970397949219
 20
113.42596435546875
 30
0.0
 70
0
  0
VERTEX
  5
175
  8
IC_DELIKLER
 10
93.07769012451172
 20
112.42752075195312
 30
0.0
 70
0
  0
VERTEX
  5
176
  8
IC_DELIKLER
 10
92.63899993896484
 20
110.99313354492188
 30
0.0
 70
0
  0
VERTEX
  5
177
  8
IC_DELIKLER
 10
91.67278289794922
 20
107.68125915527344
 30
0.0
 70
0
  0
VERTEX
  5
178
  8
IC_DELIKLER
 10
90.88797760009766
 20
104.83763122558594
 30
0.0
 70
0
  0
VERTEX
  5
179
  8
IC_DELIKLER
 10
90.385009765625
 20
102.85060119628906
 30
0.0
 70
0
  0
VERTEX
  5
17A
  8
IC_DELIKLER
 10
90.22429656982422
 20
102.11834716796875
 30
0.0
 70
0
  0
VERTEX
  5
17B
  8
IC_DELIKLER
 10
90.08428192138672
 20
101.3819580078125
 30
0.0
 70
0
  0
VERTEX
  5
17C
  8
IC_DELIKLER
 10
89.96646881103516
 20
100.64167785644531
 30
0.0
 70
0
  0
VERTEX
  5
17D
  8
IC_DELIKLER
 10
89.8701400756836
 20
99.89825439453125
 30
0.0
 70
0
  0
VERTEX
  5
17E
  8
IC_DELIKLER
 10
89.79417419433594
 20
99.15245056152344
 30
0.0
 70
0
  0
VERTEX
  5
17F
  8
IC_DELIKLER
 10
89.73458099365234
 20
98.35499572753906
 30
0.0
 70
0
  0
VERTEX
  5
180
  8
IC_DELIKLER
 10
89.69636535644531
 20
97.55621337890625
 30
0.0
 70
0
  0
VERTEX
  5
181
  8
IC_DELIKLER
 10
89.67910766601562
 20
96.75668334960938
 30
0.0
 70
0
  0
VERTEX
  5
182
  8
IC_DELIKLER
 10
89.68263244628906
 20
95.95698547363281
 30
0.0
 70
0
  0
VERTEX
  5
183
  8
IC_DELIKLER
 10
89.70708465576172
 20
95.15766906738281
 30
0.0
 70
0
  0
VERTEX
  5
184
  8
IC_DELIKLER
 10
89.75288391113281
 20
94.35929870605469
 30
0.0
 70
0
  0
VERTEX
  5
185
  8
IC_DELIKLER
 10
89.81587219238281
 20
93.61227416992188
 30
0.0
 70
0
  0
VERTEX
  5
186
  8
IC_DELIKLER
 10
89.89917755126953
 20
92.86727905273438
 30
0.0
 70
0
  0
VERTEX
  5
187
  8
IC_DELIKLER
 10
89.996337890625
 20
92.1744384765625
 30
0.0
 70
0
  0
VERTEX
  5
188
  8
IC_DELIKLER
 10
90.11351776123047
 20
91.48475646972656
 30
0.0
 70
0
  0
VERTEX
  5
189
  8
IC_DELIKLER
 10
90.251953125
 20
90.79908752441406
 30
0.0
 70
0
  0
VERTEX
  5
18A
  8
IC_DELIKLER
 10
90.41205596923828
 20
90.11813354492188
 30
0.0
 70
0
  0
VERTEX
  5
18B
  8
IC_DELIKLER
 10
90.5929946899414
 20
89.44236755371094
 30
0.0
 70
0
  0
VERTEX
  5
18C
  8
IC_DELIKLER
 10
90.79356384277344
 20
88.77214050292969
 30
0.0
 70
0
  0
VERTEX
  5
18D
  8
IC_DELIKLER
 10
91.013427734375
 20
88.10801696777344
 30
0.0
 70
0
  0
VERTEX
  5
18E
  8
IC_DELIKLER
 10
91.23518371582031
 20
87.49745178222656
 30
0.0
 70
0
  0
VERTEX
  5
18F
  8
IC_DELIKLER
 10
91.455322265625
 20
86.93972778320312
 30
0.0
 70
0
  0
VERTEX
  5
190
  8
IC_DELIKLER
 10
91.69061279296875
 20
86.38825988769531
 30
0.0
 70
0
  0
VERTEX
  5
191
  8
IC_DELIKLER
 10
91.94132232666016
 20
85.84364318847656
 30
0.0
 70
0
  0
VERTEX
  5
192
  8
IC_DELIKLER
 10
92.20764923095703
 20
85.30653381347656
 30
0.0
 70
0
  0
VERTEX
  5
193
  8
IC_DELIKLER
 10
92.48971557617188
 20
84.77752685546875
 30
0.0
 70
0
  0
VERTEX
  5
194
  8
IC_DELIKLER
 10
92.78756713867188
 20
84.25726318359375
 30
0.0
 70
0
  0
VERTEX
  5
195
  8
IC_DELIKLER
 10
93.07441711425781
 20
83.78855895996094
 30
0.0
 70
0
  0
VERTEX
  5
196
  8
IC_DELIKLER
 10
93.40230560302734
 20
83.28671264648438
 30
0.0
 70
0
  0
VERTEX
  5
197
  8
IC_DELIKLER
 10
93.74557495117188
 20
82.79527282714844
 30
0.0
 70
0
  0
VERTEX
  5
198
  8
IC_DELIKLER
 10
94.07350158691406
 20
82.35432434082031
 30
0.0
 70
0
  0
VERTEX
  5
199
  8
IC_DELIKLER
 10
94.44535064697266
 20
81.88412475585938
 30
0.0
 70
0
  0
VERTEX
  5
19A
  8
IC_DELIKLER
 10
94.79876708984375
 20
81.46333312988281
 30
0.0
 70
0
  0
VERTEX
  5
19B
  8
IC_DELIKLER
 10
95.19754028320312
 20
81.01570129394531
 30
0.0
 70
0
  0
VERTEX
  5
19C
  8
IC_DELIKLER
 10
95.60955047607422
 20
80.5802001953125
 30
0.0
 70
0
  0
VERTEX
  5
19D
  8
IC_DELIKLER
 10
96.03419494628906
 20
80.15699768066406
 30
0.0
 70
0
  0
VERTEX
  5
19E
  8
IC_DELIKLER
 10
96.84339141845703
 20
79.41319274902344
 30
0.0
 70
0
  0
VERTEX
  5
19F
  8
IC_DELIKLER
 10
97.7280502319336
 20
78.67973327636719
 30
0.0
 70
0
  0
VERTEX
  5
1A0
  8
IC_DELIKLER
 10
98.68836212158203
 20
77.96144104003906
 30
0.0
 70
0
  0
VERTEX
  5
1A1
  8
IC_DELIKLER
 10
99.68167877197266
 20
77.28932189941406
 30
0.0
 70
0
  0
VERTEX
  5
1A2
  8
IC_DELIKLER
 10
100.74647521972656
 20
76.63566589355469
 30
0.0
 70
0
  0
VERTEX
  5
1A3
  8
IC_DELIKLER
 10
101.88147735595703
 20
76.00283813476562
 30
0.0
 70
0
  0
VERTEX
  5
1A4
  8
IC_DELIKLER
 10
102.95002746582031
 20
75.45750427246094
 30
0.0
 70
0
  0
VERTEX
  5
1A5
  8
IC_DELIKLER
 10
104.84428405761719
 20
74.55146789550781
 30
0.0
 70
0
  0
VERTEX
  5
1A6
  8
IC_DELIKLER
 10
105.69525909423828
 20
74.12956237792969
 30
0.0
 70
0
  0
VERTEX
  5
1A7
  8
IC_DELIKLER
 10
106.57906341552734
 20
73.66244506835938
 30
0.0
 70
0
  0
VERTEX
  5
1A8
  8
IC_DELIKLER
 10
107.40302276611328
 20
73.19062805175781
 30
0.0
 70
0
  0
VERTEX
  5
1A9
  8
IC_DELIKLER
 10
108.3323745727539
 20
72.60371398925781
 30
0.0
 70
0
  0
VERTEX
  5
1AA
  8
IC_DELIKLER
 10
109.22986602783203
 20
71.96937561035156
 30
0.0
 70
0
  0
VERTEX
  5
1AB
  8
IC_DELIKLER
 10
110.09247589111328
 20
71.28826904296875
 30
0.0
 70
0
  0
VERTEX
  5
1AC
  8
IC_DELIKLER
 10
110.95744323730469
 20
70.53158569335938
 30
0.0
 70
0
  0
VERTEX
  5
1AD
  8
IC_DELIKLER
 10
111.64623260498047
 20
69.87791442871094
 30
0.0
 70
0
  0
VERTEX
  5
1AE
  8
IC_DELIKLER
 10
112.34979248046875
 20
69.16770935058594
 30
0.0
 70
0
  0
VERTEX
  5
1AF
  8
IC_DELIKLER
 10
113.10289001464844
 20
68.3662109375
 30
0.0
 70
0
  0
VERTEX
  5
1B0
  8
IC_DELIKLER
 10
113.905029296875
 20
67.473876953125
 30
0.0
 70
0
  0
VERTEX
  5
1B1
  8
IC_DELIKLER
 10
114.78941345214844
 20
66.45399475097656
 30
0.0
 70
0
  0
VERTEX
  5
1B2
  8
IC_DELIKLER
 10
115.7562026977539
 20
65.30717468261719
 30
0.0
 70
0
  0
VERTEX
  5
1B3
  8
IC_DELIKLER
 10
118.64250183105469
 20
61.789886474609375
 30
0.0
 70
0
  0
VERTEX
  5
1B4
  8
IC_DELIKLER
 10
119.95384216308594
 20
60.21418762207031
 30
0.0
 70
0
  0
VERTEX
  5
1B5
  8
IC_DELIKLER
 10
121.311279296875
 20
58.611907958984375
 30
0.0
 70
0
  0
VERTEX
  5
1B6
  8
IC_DELIKLER
 10
122.81207275390625
 20
56.869049072265625
 30
0.0
 70
0
  0
VERTEX
  5
1B7
  8
IC_DELIKLER
 10
124.68936157226562
 20
54.72471618652344
 30
0.0
 70
0
  0
VERTEX
  5
1B8
  8
IC_DELIKLER
 10
125.95809173583984
 20
53.31050109863281
 30
0.0
 70
0
  0
VERTEX
  5
1B9
  8
IC_DELIKLER
 10
127.22124481201172
 20
51.95899963378906
 30
0.0
 70
0
  0
VERTEX
  5
1BA
  8
IC_DELIKLER
 10
128.61581420898438
 20
50.52552795410156
 30
0.0
 70
0
  0
VERTEX
  5
1BB
  8
IC_DELIKLER
 10
130.32225036621094
 20
48.838043212890625
 30
0.0
 70
0
  0
VERTEX
  5
1BC
  8
IC_DELIKLER
 10
132.16885375976562
 20
47.07958984375
 30
0.0
 70
0
  0
VERTEX
  5
1BD
  8
IC_DELIKLER
 10
134.0828399658203
 20
45.31996154785156
 30
0.0
 70
0
  0
VERTEX
  5
1BE
  8
IC_DELIKLER
 10
136.10073852539062
 20
43.526153564453125
 30
0.0
 70
0
  0
VERTEX
  5
1BF
  8
IC_DELIKLER
 10
137.61428833007812
 20
42.218841552734375
 30
0.0
 70
0
  0
VERTEX
  5
1C0
  8
IC_DELIKLER
 10
139.1433563232422
 20
40.929718017578125
 30
0.0
 70
0
  0
VERTEX
  5
1C1
  8
IC_DELIKLER
 10
146.20388793945312
 20
35.10986328125
 30
0.0
 70
0
  0
VERTEX
  5
1C2
  8
IC_DELIKLER
 10
147.54806518554688
 20
33.98931884765625
 30
0.0
 70
0
  0
VERTEX
  5
1C3
  8
IC_DELIKLER
 10
149.3302764892578
 20
32.457733154296875
 30
0.0
 70
0
  0
VERTEX
  5
1C4
  8
IC_DELIKLER
 10
150.85435485839844
 20
31.08697509765625
 30
0.0
 70
0
  0
VERTEX
  5
1C5
  8
IC_DELIKLER
 10
151.76287841796875
 20
30.228668212890625
 30
0.0
 70
0
  0
VERTEX
  5
1C6
  8
IC_DELIKLER
 10
152.50778198242188
 20
29.489044189453125
 30
0.0
 70
0
  0
VERTEX
  5
1C7
  8
IC_DELIKLER
 10
153.159912109375
 20
28.799041748046875
 30
0.0
 70
0
  0
VERTEX
  5
1C8
  8
IC_DELIKLER
 10
153.68167114257812
 20
28.195343017578125
 30
0.0
 70
0
  0
VERTEX
  5
1C9
  8
IC_DELIKLER
 10
154.06663513183594
 20
27.685089111328125
 30
0.0
 70
0
  0
VERTEX
  5
1CA
  8
IC_DELIKLER
 10
154.22006225585938
 20
27.44598388671875
 30
0.0
 70
0
  0
VERTEX
  5
1CB
  8
IC_DELIKLER
 10
154.3282012939453
 20
27.249053955078125
 30
0.0
 70
0
  0
VERTEX
  5
1CC
  8
IC_DELIKLER
 10
154.41165161132812
 20
27.0594482421875
 30
0.0
 70
0
  0
VERTEX
  5
1CD
  8
IC_DELIKLER
 10
154.4560089111328
 20
26.91766357421875
 30
0.0
 70
0
  0
VERTEX
  5
1CE
  8
IC_DELIKLER
 10
154.47813415527344
 20
26.75982666015625
 30
0.0
 70
0
  0
VERTEX
  5
1CF
  8
IC_DELIKLER
 10
154.4662322998047
 20
26.654510498046875
 30
0.0
 70
0
  0
VERTEX
  5
1D0
  8
IC_DELIKLER
 10
154.42681884765625
 20
26.5721435546875
 30
0.0
 70
0
  0
VERTEX
  5
1D1
  8
IC_DELIKLER
 10
154.36038208007812
 20
26.5155029296875
 30
0.0
 70
0
  0
VERTEX
  5
1D2
  8
IC_DELIKLER
 10
154.26882934570312
 20
26.485992431640625
 30
0.0
 70
0
  0
VERTEX
  5
1D3
  8
IC_DELIKLER
 10
154.12399291992188
 20
26.486541748046875
 30
0.0
 70
0
  0
VERTEX
  5
1D4
  8
IC_DELIKLER
 10
153.98863220214844
 20
26.514404296875
 30
0.0
 70
0
  0
VERTEX
  5
1D5
  8
IC_DELIKLER
 10
153.80184936523438
 20
26.578155517578125
 30
0.0
 70
0
  0
VERTEX
  5
1D6
  8
IC_DELIKLER
 10
153.3955078125
 20
26.773712158203125
 30
0.0
 70
0
  0
VERTEX
  5
1D7
  8
IC_DELIKLER
 10
152.55184936523438
 20
27.281280517578125
 30
0.0
 70
0
  0
VERTEX
  5
1D8
  8
IC_DELIKLER
 10
149.11404418945312
 20
29.514678955078125
 30
0.0
 70
0
  0
VERTEX
  5
1D9
  8
IC_DELIKLER
 10
148.22630310058594
 20
30.0751953125
 30
0.0
 70
0
  0
VERTEX
  5
1DA
  8
IC_DELIKLER
 10
147.4994354248047
 20
30.515411376953125
 30
0.0
 70
0
  0
VERTEX
  5
1DB
  8
IC_DELIKLER
 10
146.6743927001953
 20
30.9857177734375
 30
0.0
 70
0
  0
VERTEX
  5
1DC
  8
IC_DELIKLER
 10
145.74789428710938
 20
31.47918701171875
 30
0.0
 70
0
  0
VERTEX
  5
1DD
  8
IC_DELIKLER
 10
144.8535919189453
 20
31.92620849609375
 30
0.0
 70
0
  0
VERTEX
  5
1DE
  8
IC_DELIKLER
 10
143.85797119140625
 20
32.393402099609375
 30
0.0
 70
0
  0
VERTEX
  5
1DF
  8
IC_DELIKLER
 10
142.80502319335938
 20
32.855224609375
 30
0.0
 70
0
  0
VERTEX
  5
1E0
  8
IC_DELIKLER
 10
141.7872772216797
 20
33.2720947265625
 30
0.0
 70
0
  0
VERTEX
  5
1E1
  8
IC_DELIKLER
 10
140.75997924804688
 20
33.66485595703125
 30
0.0
 70
0
  0
VERTEX
  5
1E2
  8
IC_DELIKLER
 10
139.67649841308594
 20
34.049713134765625
 30
0.0
 70
0
  0
VERTEX
  5
1E3
  8
IC_DELIKLER
 10
138.63157653808594
 20
34.392822265625
 30
0.0
 70
0
  0
VERTEX
  5
1E4
  8
IC_DELIKLER
 10
137.5787811279297
 20
34.710906982421875
 30
0.0
 70
0
  0
VERTEX
  5
1E5
  8
IC_DELIKLER
 10
136.5184783935547
 20
35.0029296875
 30
0.0
 70
0
  0
VERTEX
  5
1E6
  8
IC_DELIKLER
 10
135.49969482421875
 20
35.25616455078125
 30
0.0
 70
0
  0
VERTEX
  5
1E7
  8
IC_DELIKLER
 10
134.67041015625
 20
35.4417724609375
 30
0.0
 70
0
  0
VERTEX
  5
1E8
  8
IC_DELIKLER
 10
133.88633728027344
 20
35.599578857421875
 30
0.0
 70
0
  0
VERTEX
  5
1E9
  8
IC_DELIKLER
 10
133.0989532470703
 20
35.739776611328125
 30
0.0
 70
0
  0
VERTEX
  5
1EA
  8
IC_DELIKLER
 10
132.3084716796875
 20
35.860992431640625
 30
0.0
 70
0
  0
VERTEX
  5
1EB
  8
IC_DELIKLER
 10
131.56478881835938
 20
35.955810546875
 30
0.0
 70
0
  0
VERTEX
  5
1EC
  8
IC_DELIKLER
 10
130.8188934326172
 20
36.030548095703125
 30
0.0
 70
0
  0
VERTEX
  5
1ED
  8
IC_DELIKLER
 10
130.12107849121094
 20
36.080169677734375
 30
0.0
 70
0
  0
VERTEX
  5
1EE
  8
IC_DELIKLER
 10
129.47210693359375
 20
36.10687255859375
 30
0.0
 70
0
  0
VERTEX
  5
1EF
  8
IC_DELIKLER
 10
128.6228485107422
 20
36.110992431640625
 30
0.0
 70
0
  0
VERTEX
  5
1F0
  8
IC_DELIKLER
 10
127.72396087646484
 20
36.079681396484375
 30
0.0
 70
0
  0
VERTEX
  5
1F1
  8
IC_DELIKLER
 10
125.77857208251953
 20
35.955902099609375
 30
0.0
 70
0
  0
VERTEX
  5
1F2
  8
IC_DELIKLER
 10
123.54199981689453
 20
35.760284423828125
 30
0.0
 70
0
  0
VERTEX
  5
1F3
  8
IC_DELIKLER
 10
122.54371643066406
 20
35.717742919921875
 30
0.0
 70
0
  0
VERTEX
  5
1F4
  8
IC_DELIKLER
 10
121.14412689208984
 20
35.688629150390625
 30
0.0
 70
0
  0
VERTEX
  5
1F5
  8
IC_DELIKLER
 10
118.64423370361328
 20
35.671478271484375
 30
0.0
 70
0
  0
VERTEX
  5
1F6
  8
IC_DELIKLER
 10
116.19438171386719
 20
35.691558837890625
 30
0.0
 70
0
  0
VERTEX
  5
1F7
  8
IC_DELIKLER
 10
113.745361328125
 20
35.757568359375
 30
0.0
 70
0
  0
VERTEX
  5
1F8
  8
IC_DELIKLER
 10
111.84784698486328
 20
35.849761962890625
 30
0.0
 70
0
  0
VERTEX
  5
1F9
  8
IC_DELIKLER
 10
110.90172576904297
 20
35.9276123046875
 30
0.0
 70
0
  0
VERTEX
  5
1FA
  8
IC_DELIKLER
 10
110.11038970947266
 20
36.031463623046875
 30
0.0
 70
0
  0
VERTEX
  5
1FB
  8
IC_DELIKLER
 10
109.4745864868164
 20
36.154998779296875
 30
0.0
 70
0
  0
VERTEX
  5
1FC
  8
IC_DELIKLER
 10
108.21529388427734
 20
36.4638671875
 30
0.0
 70
0
  0
VERTEX
  5
1FD
  8
IC_DELIKLER
 10
107.58056640625
 20
36.595306396484375
 30
0.0
 70
0
  0
VERTEX
  5
1FE
  8
IC_DELIKLER
 10
106.98916625976562
 20
36.68829345703125
 30
0.0
 70
0
  0
VERTEX
  5
1FF
  8
IC_DELIKLER
 10
105.6521987915039
 20
36.862884521484375
 30
0.0
 70
0
  0
VERTEX
  5
200
  8
IC_DELIKLER
 10
104.3710708618164
 20
37.062530517578125
 30
0.0
 70
0
  0
VERTEX
  5
201
  8
IC_DELIKLER
 10
103.67868041992188
 20
37.1351318359375
 30
0.0
 70
0
  0
VERTEX
  5
202
  8
IC_DELIKLER
 10
102.23466491699219
 20
37.201751708984375
 30
0.0
 70
0
  0
VERTEX
  5
203
  8
IC_DELIKLER
 10
101.38874053955078
 20
37.271881103515625
 30
0.0
 70
0
  0
VERTEX
  5
204
  8
IC_DELIKLER
 10
100.1492919921875
 20
37.42950439453125
 30
0.0
 70
0
  0
VERTEX
  5
205
  8
IC_DELIKLER
 10
98.61873626708984
 20
37.6729736328125
 30
0.0
 70
0
  0
VERTEX
  5
206
  8
IC_DELIKLER
 10
97.5363540649414
 20
37.8685302734375
 30
0.0
 70
0
  0
VERTEX
  5
207
  8
IC_DELIKLER
 10
96.45757293701172
 20
38.082916259765625
 30
0.0
 70
0
  0
VERTEX
  5
208
  8
IC_DELIKLER
 10
95.53009796142578
 20
38.287353515625
 30
0.0
 70
0
  0
VERTEX
  5
209
  8
IC_DELIKLER
 10
94.75503540039062
 20
38.482421875
 30
0.0
 70
0
  0
VERTEX
  5
20A
  8
IC_DELIKLER
 10
94.27595520019531
 20
38.621917724609375
 30
0.0
 70
0
  0
VERTEX
  5
20B
  8
IC_DELIKLER
 10
93.80253601074219
 20
38.77862548828125
 30
0.0
 70
0
  0
VERTEX
  5
20C
  8
IC_DELIKLER
 10
91.88160705566406
 20
39.485809326171875
 30
0.0
 70
0
  0
VERTEX
  5
20D
  8
IC_DELIKLER
 10
90.6897964477539
 20
39.860809326171875
 30
0.0
 70
0
  0
VERTEX
  5
20E
  8
IC_DELIKLER
 10
86.11097717285156
 20
41.122222900390625
 30
0.0
 70
0
  0
VERTEX
  5
20F
  8
IC_DELIKLER
 10
85.28834533691406
 20
41.33538818359375
 30
0.0
 70
0
  0
VERTEX
  5
210
  8
IC_DELIKLER
 10
83.78337097167969
 20
41.701171875
 30
0.0
 70
0
  0
VERTEX
  5
211
  8
IC_DELIKLER
 10
83.02046203613281
 20
41.92926025390625
 30
0.0
 70
0
  0
VERTEX
  5
212
  8
IC_DELIKLER
 10
82.64798736572266
 20
42.068145751953125
 30
0.0
 70
0
  0
VERTEX
  5
213
  8
IC_DELIKLER
 10
82.23622131347656
 20
42.24365234375
 30
0.0
 70
0
  0
VERTEX
  5
214
  8
IC_DELIKLER
 10
81.24971008300781
 20
42.7220458984375
 30
0.0
 70
0
  0
VERTEX
  5
215
  8
IC_DELIKLER
 10
80.63494110107422
 20
43.052398681640625
 30
0.0
 70
0
  0
VERTEX
  5
216
  8
IC_DELIKLER
 10
79.42559051513672
 20
43.753509521484375
 30
0.0
 70
0
  0
VERTEX
  5
217
  8
IC_DELIKLER
 10
78.72666931152344
 20
44.142059326171875
 30
0.0
 70
0
  0
VERTEX
  5
218
  8
IC_DELIKLER
 10
77.75358581542969
 20
44.65460205078125
 30
0.0
 70
0
  0
VERTEX
  5
219
  8
IC_DELIKLER
 10
76.76984405517578
 20
45.14637756347656
 30
0.0
 70
0
  0
VERTEX
  5
21A
  8
IC_DELIKLER
 10
76.04610443115234
 20
45.48643493652344
 30
0.0
 70
0
  0
VERTEX
  5
21B
  8
IC_DELIKLER
 10
75.40415954589844
 20
45.763824462890625
 30
0.0
 70
0
  0
VERTEX
  5
21C
  8
IC_DELIKLER
 10
74.84549713134766
 20
45.98011779785156
 30
0.0
 70
0
  0
VERTEX
  5
21D
  8
IC_DELIKLER
 10
74.27825164794922
 20
46.17189025878906
 30
0.0
 70
0
  0
VERTEX
  5
21E
  8
IC_DELIKLER
 10
73.70259857177734
 20
46.335845947265625
 30
0.0
 70
0
  0
VERTEX
  5
21F
  8
IC_DELIKLER
 10
73.16819763183594
 20
46.459259033203125
 30
0.0
 70
0
  0
VERTEX
  5
220
  8
IC_DELIKLER
 10
72.62834167480469
 20
46.55458068847656
 30
0.0
 70
0
  0
VERTEX
  5
221
  8
IC_DELIKLER
 10
72.08428955078125
 20
46.61918640136719
 30
0.0
 70
0
  0
VERTEX
  5
222
  8
IC_DELIKLER
 10
71.53771209716797
 20
46.65010070800781
 30
0.0
 70
0
  0
VERTEX
  5
223
  8
IC_DELIKLER
 10
71.0405044555664
 20
46.64610290527344
 30
0.0
 70
0
  0
VERTEX
  5
224
  8
IC_DELIKLER
 10
70.5452651977539
 20
46.60858154296875
 30
0.0
 70
0
  0
VERTEX
  5
225
  8
IC_DELIKLER
 10
70.10360717773438
 20
46.54365539550781
 30
0.0
 70
0
  0
VERTEX
  5
226
  8
IC_DELIKLER
 10
69.5730209350586
 20
46.420806884765625
 30
0.0
 70
0
  0
VERTEX
  5
227
  8
IC_DELIKLER
 10
69.1041259765625
 20
46.26469421386719
 30
0.0
 70
0
  0
VERTEX
  5
228
  8
IC_DELIKLER
 10
68.65308380126953
 20
46.06437683105469
 30
0.0
 70
0
  0
VERTEX
  5
229
  8
IC_DELIKLER
 10
68.22434997558594
 20
45.82011413574219
 30
0.0
 70
0
  0
VERTEX
  5
22A
  8
IC_DELIKLER
 10
67.82083892822266
 20
45.53495788574219
 30
0.0
 70
0
  0
VERTEX
  5
22B
  8
IC_DELIKLER
 10
67.40738677978516
 20
45.180389404296875
 30
0.0
 70
0
  0
VERTEX
  5
22C
  8
IC_DELIKLER
 10
67.02641296386719
 20
44.7899169921875
 30
0.0
 70
0
  0
VERTEX
  5
22D
  8
IC_DELIKLER
 10
66.67961120605469
 20
44.36857604980469
 30
0.0
 70
0
  0
VERTEX
  5
22E
  8
IC_DELIKLER
 10
66.39649963378906
 20
43.96136474609375
 30
0.0
 70
0
  0
VERTEX
  5
22F
  8
IC_DELIKLER
 10
66.12323760986328
 20
43.48931884765625
 30
0.0
 70
0
  0
VERTEX
  5
230
  8
IC_DELIKLER
 10
65.91104888916016
 20
43.041015625
 30
0.0
 70
0
  0
VERTEX
  5
231
  8
IC_DELIKLER
 10
65.7177505493164
 20
42.530426025390625
 30
0.0
 70
0
  0
VERTEX
  5
232
  8
IC_DELIKLER
 10
65.56513214111328
 20
42.005645751953125
 30
0.0
 70
0
  0
VERTEX
  5
233
  8
IC_DELIKLER
 10
65.45046997070312
 20
41.47064208984375
 30
0.0
 70
0
  0
VERTEX
  5
234
  8
IC_DELIKLER
 10
65.364501953125
 20
40.8792724609375
 30
0.0
 70
0
  0
VERTEX
  5
235
  8
IC_DELIKLER
 10
65.31169128417969
 20
40.233367919921875
 30
0.0
 70
0
  0
VERTEX
  5
236
  8
IC_DELIKLER
 10
65.29469299316406
 20
39.5849609375
 30
0.0
 70
0
  0
VERTEX
  5
237
  8
IC_DELIKLER
 10
65.30989074707031
 20
38.886138916015625
 30
0.0
 70
0
  0
VERTEX
  5
238
  8
IC_DELIKLER
 10
65.3580322265625
 20
38.138427734375
 30
0.0
 70
0
  0
VERTEX
  5
239
  8
IC_DELIKLER
 10
65.43900299072266
 20
37.34307861328125
 30
0.0
 70
0
  0
VERTEX
  5
23A
  8
IC_DELIKLER
 10
65.53753662109375
 20
36.59991455078125
 30
0.0
 70
0
  0
VERTEX
  5
23B
  8
IC_DELIKLER
 10
65.65400695800781
 20
35.8592529296875
 30
0.0
 70
0
  0
VERTEX
  5
23C
  8
IC_DELIKLER
 10
66.15340423583984
 20
33.104949951171875
 30
0.0
 70
0
  0
VERTEX
  5
23D
  8
IC_DELIKLER
 10
66.25242614746094
 20
32.412445068359375
 30
0.0
 70
0
  0
VERTEX
  5
23E
  8
IC_DELIKLER
 10
66.33030700683594
 20
31.717254638671875
 30
0.0
 70
0
  0
VERTEX
  5
23F
  8
IC_DELIKLER
 10
66.39440155029297
 20
30.920257568359375
 30
0.0
 70
0
  0
VERTEX
  5
240
  8
IC_DELIKLER
 10
66.43303680419922
 20
30.12164306640625
 30
0.0
 70
0
  0
VERTEX
  5
241
  8
IC_DELIKLER
 10
66.4463882446289
 20
29.32220458984375
 30
0.0
 70
0
  0
VERTEX
  5
242
  8
IC_DELIKLER
 10
66.43502044677734
 20
28.57275390625
 30
0.0
 70
0
  0
VERTEX
  5
243
  8
IC_DELIKLER
 10
66.4017333984375
 20
27.87408447265625
 30
0.0
 70
0
  0
VERTEX
  5
244
  8
IC_DELIKLER
 10
66.3487319946289
 20
27.226898193359375
 30
0.0
 70
0
  0
VERTEX
  5
245
  8
IC_DELIKLER
 10
66.27153778076172
 20
26.58233642578125
 30
0.0
 70
0
  0
VERTEX
  5
246
  8
IC_DELIKLER
 10
66.16896057128906
 20
25.941314697265625
 30
0.0
 70
0
  0
VERTEX
  5
247
  8
IC_DELIKLER
 10
65.94198608398438
 20
24.81463623046875
 30
0.0
 70
0
  0
VERTEX
  5
248
  8
IC_DELIKLER
 10
64.92862701416016
 20
20.17431640625
 30
0.0
 70
0
  0
VERTEX
  5
249
  8
IC_DELIKLER
 10
64.78573608398438
 20
19.4384765625
 30
0.0
 70
0
  0
VERTEX
  5
24A
  8
IC_DELIKLER
 10
64.6811294555664
 20
18.797454833984375
 30
0.0
 70
0
  0
VERTEX
  5
24B
  8
IC_DELIKLER
 10
64.57772064208984
 20
17.95477294921875
 30
0.0
 70
0
  0
VERTEX
  5
24C
  8
IC_DELIKLER
 10
64.52103424072266
 20
17.158050537109375
 30
0.0
 70
0
  0
VERTEX
  5
24D
  8
IC_DELIKLER
 10
64.51033782958984
 20
16.35980224609375
 30
0.0
 70
0
  0
VERTEX
  5
24E
  8
IC_DELIKLER
 10
64.54792785644531
 20
15.612701416015625
 30
0.0
 70
0
  0
VERTEX
  5
24F
  8
IC_DELIKLER
 10
64.59476470947266
 20
15.166473388671875
 30
0.0
 70
0
  0
VERTEX
  5
250
  8
IC_DELIKLER
 10
64.65260314941406
 20
14.77197265625
 30
0.0
 70
0
  0
VERTEX
  5
251
  8
IC_DELIKLER
 10
64.73657989501953
 20
14.331451416015625
 30
0.0
 70
0
  0
VERTEX
  5
252
  8
IC_DELIKLER
 10
64.82839965820312
 20
13.943634033203125
 30
0.0
 70
0
  0
VERTEX
  5
253
  8
IC_DELIKLER
 10
64.93655395507812
 20
13.56005859375
 30
0.0
 70
0
  0
VERTEX
  5
254
  8
IC_DELIKLER
 10
65.06101989746094
 20
13.181488037109375
 30
0.0
 70
0
  0
VERTEX
  5
255
  8
IC_DELIKLER
 10
65.20156860351562
 20
12.80859375
 30
0.0
 70
0
  0
VERTEX
  5
256
  8
IC_DELIKLER
 10
65.37840270996094
 20
12.39654541015625
 30
0.0
 70
0
  0
VERTEX
  5
257
  8
IC_DELIKLER
 10
65.5742416381836
 20
11.99310302734375
 30
0.0
 70
0
  0
VERTEX
  5
258
  8
IC_DELIKLER
 10
65.78804779052734
 20
11.5987548828125
 30
0.0
 70
0
  0
VERTEX
  5
259
  8
IC_DELIKLER
 10
66.01862335205078
 20
11.21380615234375
 30
0.0
 70
0
  0
VERTEX
  5
25A
  8
IC_DELIKLER
 10
66.26466369628906
 20
10.83837890625
 30
0.0
 70
0
  0
VERTEX
  5
25B
  8
IC_DELIKLER
 10
66.70524597167969
 20
10.2333984375
 30
0.0
 70
0
  0
VERTEX
  5
25C
  8
IC_DELIKLER
 10
67.61507415771484
 20
9.120025634765625
 30
0.0
 70
0
  0
VERTEX
  5
25D
  8
IC_DELIKLER
 10
67.78636169433594
 20
8.893524169921875
 30
0.0
 70
0
  0
VERTEX
  5
25E
  8
IC_DELIKLER
 10
67.9100570678711
 20
8.706085205078125
 30
0.0
 70
0
  0
VERTEX
  5
25F
  8
IC_DELIKLER
 10
68.02303314208984
 20
8.48577880859375
 30
0.0
 70
0
  0
VERTEX
  5
260
  8
IC_DELIKLER
 10
68.0772933959961
 20
8.310302734375
 30
0.0
 70
0
  0
VERTEX
  5
261
  8
IC_DELIKLER
 10
68.08731842041016
 20
8.14727783203125
 30
0.0
 70
0
  0
VERTEX
  5
262
  8
IC_DELIKLER
 10
68.04875183105469
 20
8.001800537109375
 30
0.0
 70
0
  0
VERTEX
  5
263
  8
IC_DELIKLER
 10
67.9825439453125
 20
7.90081787109375
 30
0.0
 70
0
  0
VERTEX
  5
264
  8
IC_DELIKLER
 10
67.85852813720703
 20
7.7958984375
 30
0.0
 70
0
  0
VERTEX
  5
265
  8
IC_DELIKLER
 10
67.73040008544922
 20
7.729156494140625
 30
0.0
 70
0
  0
VERTEX
  5
266
  8
IC_DELIKLER
 10
67.5411605834961
 20
7.6656494140625
 30
0.0
 70
0
  0
VERTEX
  5
267
  8
IC_DELIKLER
 10
67.32783508300781
 20
7.6209716796875
 30
0.0
 70
0
  0
VERTEX
  5
268
  8
IC_DELIKLER
 10
67.05115509033203
 20
7.586029052734375
 30
0.0
 70
0
  0
VERTEX
  5
269
  8
IC_DELIKLER
 10
66.2176742553711
 20
7.541351318359375
 30
0.0
 70
0
  0
VERTEX
  5
26A
  8
IC_DELIKLER
 10
66.16795349121094
 20
7.5
 30
0.0
 70
0
  0
VERTEX
  5
26B
  8
IC_DELIKLER
 10
52.318458557128906
 20
7.5
 30
0.0
 70
0
  0
VERTEX
  5
26C
  8
IC_DELIKLER
 10
52.268714904785156
 20
7.54119873046875
 30
0.0
 70
0
  0
VERTEX
  5
26D
  8
IC_DELIKLER
 10
51.431949615478516
 20
7.5853271484375
 30
0.0
 70
0
  0
VERTEX
  5
26E
  8
IC_DELIKLER
 10
51.148834228515625
 20
7.620086669921875
 30
0.0
 70
0
  0
SEQEND
  5
A9
  8
IC_DELIKLER
  0
POLYLINE
  5
26F
  8
IC_DELIKLER
 66
1
 10
0.0
 20
0.0
 30
0.0
 70
1
  0
VERTEX
  5
271
  8
IC_DELIKLER
 10
152.3758087158203
 20
8.33258056640625
 30
0.0
 70
0
  0
VERTEX
  5
272
  8
IC_DELIKLER
 10
152.3461456298828
 20
8.23834228515625
 30
0.0
 70
0
  0
VERTEX
  5
273
  8
IC_DELIKLER
 10
152.2601776123047
 20
8.133209228515625
 30
0.0
 70
0
  0
VERTEX
  5
274
  8
IC_DELIKLER
 10
152.15611267089844
 20
8.06134033203125
 30
0.0
 70
0
  0
VERTEX
  5
275
  8
IC_DELIKLER
 10
151.98934936523438
 20
7.987884521484375
 30
0.0
 70
0
  0
VERTEX
  5
276
  8
IC_DELIKLER
 10
151.79122924804688
 20
7.931976318359375
 30
0.0
 70
0
  0
VERTEX
  5
277
  8
IC_DELIKLER
 10
151.5713348388672
 20
7.89129638671875
 30
0.0
 70
0
  0
VERTEX
  5
278
  8
IC_DELIKLER
 10
150.9484100341797
 20
7.8336181640625
 30
0.0
 70
0
  0
VERTEX
  5
279
  8
IC_DELIKLER
 10
149.8524627685547
 20
7.796478271484375
 30
0.0
 70
0
  0
VERTEX
  5
27A
  8
IC_DELIKLER
 10
147.45291137695312
 20
7.75164794921875
 30
0.0
 70
0
  0
VERTEX
  5
27B
  8
IC_DELIKLER
 10
140.50340270996094
 20
7.66949462890625
 30
0.0
 70
0
  0
VERTEX
  5
27C
  8
IC_DELIKLER
 10
131.25367736816406
 20
7.5985107421875
 30
0.0
 70
0
  0
VERTEX
  5
27D
  8
IC_DELIKLER
 10
120.00383758544922
 20
7.540130615234375
 30
0.0
 70
0
  0
VERTEX
  5
27E
  8
IC_DELIKLER
 10
119.9538345336914
 20
7.5
 30
0.0
 70
0
  0
VERTEX
  5
27F
  8
IC_DELIKLER
 10
79.55404663085938
 20
7.5
 30
0.0
 70
0
  0
VERTEX
  5
280
  8
IC_DELIKLER
 10
79.5040512084961
 20
7.540191650390625
 30
0.0
 70
0
  0
VERTEX
  5
281
  8
IC_DELIKLER
 10
77.05477142333984
 20
7.574432373046875
 30
0.0
 70
0
  0
VERTEX
  5
282
  8
IC_DELIKLER
 10
76.11915588378906
 20
7.616424560546875
 30
0.0
 70
0
  0
VERTEX
  5
283
  8
IC_DELIKLER
 10
75.79389953613281
 20
7.6571044921875
 30
0.0
 70
0
  0
VERTEX
  5
284
  8
IC_DELIKLER
 10
75.53759765625
 20
7.714691162109375
 30
0.0
 70
0
  0
VERTEX
  5
285
  8
IC_DELIKLER
 10
75.31541442871094
 20
7.79986572265625
 30
0.0
 70
0
  0
VERTEX
  5
286
  8
IC_DELIKLER
 10
75.16715240478516
 20
7.8939208984375
 30
0.0
 70
0
  0
VERTEX
  5
287
  8
IC_DELIKLER
 10
75.09820556640625
 20
7.9598388671875
 30
0.0
 70
0
  0
VERTEX
  5
288
  8
IC_DELIKLER
 10
75.04629516601562
 20
8.03179931640625
 30
0.0
 70
0
  0
VERTEX
  5
289
  8
IC_DELIKLER
 10
75.00101470947266
 20
8.161102294921875
 30
0.0
 70
0
  0
VERTEX
  5
28A
  8
IC_DELIKLER
 10
75.00987243652344
 20
8.294921875
 30
0.0
 70
0
  0
VERTEX
  5
28B
  8
IC_DELIKLER
 10
75.07231903076172
 20
8.42425537109375
 30
0.0
 70
0
  0
VERTEX
  5
28C
  8
IC_DELIKLER
 10
75.15804290771484
 20
8.519134521484375
 30
0.0
 70
0
  0
VERTEX
  5
28D
  8
IC_DELIKLER
 10
75.27169036865234
 20
8.603271484375
 30
0.0
 70
0
  0
VERTEX
  5
28E
  8
IC_DELIKLER
 10
75.40885162353516
 20
8.67510986328125
 30
0.0
 70
0
  0
VERTEX
  5
28F
  8
IC_DELIKLER
 10
75.6062240600586
 20
8.747589111328125
 30
0.0
 70
0
  0
VERTEX
  5
290
  8
IC_DELIKLER
 10
76.00835418701172
 20
8.837554931640625
 30
0.0
 70
0
  0
VERTEX
  5
291
  8
IC_DELIKLER
 10
76.94808959960938
 20
8.97760009765625
 30
0.0
 70
0
  0
VERTEX
  5
292
  8
IC_DELIKLER
 10
77.19918060302734
 20
9.042816162109375
 30
0.0
 70
0
  0
VERTEX
  5
293
  8
IC_DELIKLER
 10
77.38011169433594
 20
9.116729736328125
 30
0.0
 70
0
  0
VERTEX
  5
294
  8
IC_DELIKLER
 10
77.54946899414062
 20
9.233184814453125
 30
0.0
 70
0
  0
VERTEX
  5
295
  8
IC_DELIKLER
 10
77.61038208007812
 20
9.30303955078125
 30
0.0
 70
0
  0
VERTEX
  5
296
  8
IC_DELIKLER
 10
77.6535873413086
 20
9.38018798828125
 30
0.0
 70
0
  0
VERTEX
  5
297
  8
IC_DELIKLER
 10
77.68428039550781
 20
9.5225830078125
 30
0.0
 70
0
  0
VERTEX
  5
298
  8
IC_DELIKLER
 10
77.6777114868164
 20
9.614471435546875
 30
0.0
 70
0
  0
VERTEX
  5
299
  8
IC_DELIKLER
 10
77.65303039550781
 20
9.7095947265625
 30
0.0
 70
0
  0
VERTEX
  5
29A
  8
IC_DELIKLER
 10
77.5938491821289
 20
9.839111328125
 30
0.0
 70
0
  0
VERTEX
  5
29B
  8
IC_DELIKLER
 10
77.48268127441406
 20
10.001190185546875
 30
0.0
 70
0
  0
VERTEX
  5
29C
  8
IC_DELIKLER
 10
77.36908721923828
 20
10.12823486328125
 30
0.0
 70
0
  0
VERTEX
  5
29D
  8
IC_DELIKLER
 10
77.20325469970703
 20
10.281341552734375
 30
0.0
 70
0
  0
VERTEX
  5
29E
  8
IC_DELIKLER
 10
76.77870178222656
 20
10.592742919921875
 30
0.0
 70
0
  0
VERTEX
  5
29F
  8
IC_DELIKLER
 10
75.71929931640625
 20
11.23907470703125
 30
0.0
 70
0
  0
VERTEX
  5
2A0
  8
IC_DELIKLER
 10
75.22974395751953
 20
11.57659912109375
 30
0.0
 70
0
  0
VERTEX
  5
2A1
  8
IC_DELIKLER
 10
74.96224975585938
 20
11.794708251953125
 30
0.0
 70
0
  0
VERTEX
  5
2A2
  8
IC_DELIKLER
 10
74.74717712402344
 20
11.996368408203125
 30
0.0
 70
0
  0
VERTEX
  5
2A3
  8
IC_DELIKLER
 10
74.51589965820312
 20
12.249603271484375
 30
0.0
 70
0
  0
VERTEX
  5
2A4
  8
IC_DELIKLER
 10
74.33675384521484
 20
12.48187255859375
 30
0.0
 70
0
  0
VERTEX
  5
2A5
  8
IC_DELIKLER
 10
74.15233612060547
 20
12.769561767578125
 30
0.0
 70
0
  0
VERTEX
  5
2A6
  8
IC_DELIKLER
 10
73.99625396728516
 20
13.073394775390625
 30
0.0
 70
0
  0
VERTEX
  5
2A7
  8
IC_DELIKLER
 10
73.86962127685547
 20
13.390960693359375
 30
0.0
 70
0
  0
VERTEX
  5
2A8
  8
IC_DELIKLER
 10
73.76111602783203
 20
13.76702880859375
 30
0.0
 70
0
  0
VERTEX
  5
2A9
  8
IC_DELIKLER
 10
73.69700622558594
 20
14.104461669921875
 30
0.0
 70
0
  0
VERTEX
  5
2AA
  8
IC_DELIKLER
 10
73.65687561035156
 20
14.49609375
 30
0.0
 70
0
  0
VERTEX
  5
2AB
  8
IC_DELIKLER
 10
73.64911651611328
 20
14.890960693359375
 30
0.0
 70
0
  0
VERTEX
  5
2AC
  8
IC_DELIKLER
 10
73.67023468017578
 20
15.286468505859375
 30
0.0
 70
0
  0
VERTEX
  5
2AD
  8
IC_DELIKLER
 10
73.72410583496094
 20
15.729827880859375
 30
0.0
 70
0
  0
VERTEX
  5
2AE
  8
IC_DELIKLER
 10
73.80536651611328
 20
16.169921875
 30
0.0
 70
0
  0
VERTEX
  5
2AF
  8
IC_DELIKLER
 10
73.92276763916016
 20
16.653900146484375
 30
0.0
 70
0
  0
VERTEX
  5
2B0
  8
IC_DELIKLER
 10
74.07942962646484
 20
17.17950439453125
 30
0.0
 70
0
  0
VERTEX
  5
2B1
  8
IC_DELIKLER
 10
74.25997924804688
 20
17.6978759765625
 30
0.0
 70
0
  0
VERTEX
  5
2B2
  8
IC_DELIKLER
 10
74.47948455810547
 20
18.25537109375
 30
0.0
 70
0
  0
VERTEX
  5
2B3
  8
IC_DELIKLER
 10
74.73925018310547
 20
18.85052490234375
 30
0.0
 70
0
  0
VERTEX
  5
2B4
  8
IC_DELIKLER
 10
75.01792907714844
 20
19.437225341796875
 30
0.0
 70
0
  0
VERTEX
  5
2B5
  8
IC_DELIKLER
 10
75.4991455078125
 20
20.369964599609375
 30
0.0
 70
0
  0
VERTEX
  5
2B6
  8
IC_DELIKLER
 10
76.54930114746094
 20
22.302886962890625
 30
0.0
 70
0
  0
VERTEX
  5
2B7
  8
IC_DELIKLER
 10
77.93121337890625
 20
24.90911865234375
 30
0.0
 70
0
  0
VERTEX
  5
2B8
  8
IC_DELIKLER
 10
78.48790740966797
 20
25.915130615234375
 30
0.0
 70
0
  0
VERTEX
  5
2B9
  8
IC_DELIKLER
 10
78.91983032226562
 20
26.646728515625
 30
0.0
 70
0
  0
VERTEX
  5
2BA
  8
IC_DELIKLER
 10
79.32366180419922
 20
27.277679443359375
 30
0.0
 70
0
  0
VERTEX
  5
2BB
  8
IC_DELIKLER
 10
79.69837188720703
 20
27.806915283203125
 30
0.0
 70
0
  0
VERTEX
  5
2BC
  8
IC_DELIKLER
 10
80.07170104980469
 20
28.273223876953125
 30
0.0
 70
0
  0
VERTEX
  5
2BD
  8
IC_DELIKLER
 10
80.33866882324219
 20
28.5675048828125
 30
0.0
 70
0
  0
VERTEX
  5
2BE
  8
IC_DELIKLER
 10
80.62223815917969
 20
28.844451904296875
 30
0.0
 70
0
  0
VERTEX
  5
2BF
  8
IC_DELIKLER
 10
80.92369842529297
 20
29.100311279296875
 30
0.0
 70
0
  0
VERTEX
  5
2C0
  8
IC_DELIKLER
 10
81.20252990722656
 20
29.30401611328125
 30
0.0
 70
0
  0
VERTEX
  5
2C1
  8
IC_DELIKLER
 10
81.49506378173828
 20
29.486785888671875
 30
0.0
 70
0
  0
VERTEX
  5
2C2
  8
IC_DELIKLER
 10
81.80032348632812
 20
29.64727783203125
 30
0.0
 70
0
  0
VERTEX
  5
2C3
  8
IC_DELIKLER
 10
82.11679077148438
 20
29.78509521484375
 30
0.0
 70
0
  0
VERTEX
  5
2C4
  8
IC_DELIKLER
 10
82.48983001708984
 20
29.91552734375
 30
0.0
 70
0
  0
VERTEX
  5
2C5
  8
IC_DELIKLER
 10
82.8722152709961
 20
30.019256591796875
 30
0.0
 70
0
  0
VERTEX
  5
2C6
  8
IC_DELIKLER
 10
83.31024169921875
 20
30.108001708984375
 30
0.0
 70
0
  0
VERTEX
  5
2C7
  8
IC_DELIKLER
 10
83.75362396240234
 20
30.172210693359375
 30
0.0
 70
0
  0
VERTEX
  5
2C8
  8
IC_DELIKLER
 10
84.24990844726562
 20
30.220733642578125
 30
0.0
 70
0
  0
VERTEX
  5
2C9
  8
IC_DELIKLER
 10
84.84793853759766
 20
30.2537841796875
 30
0.0
 70
0
  0
VERTEX
  5
2CA
  8
IC_DELIKLER
 10
85.3969497680664
 20
30.26239013671875
 30
0.0
 70
0
  0
VERTEX
  5
2CB
  8
IC_DELIKLER
 10
85.94564056396484
 20
30.248779296875
 30
0.0
 70
0
  0
VERTEX
  5
2CC
  8
IC_DELIKLER
 10
86.44328308105469
 20
30.214996337890625
 30
0.0
 70
0
  0
VERTEX
  5
2CD
  8
IC_DELIKLER
 10
86.88961029052734
 20
30.16656494140625
 30
0.0
 70
0
  0
VERTEX
  5
2CE
  8
IC_DELIKLER
 10
87.38330078125
 20
30.093841552734375
 30
0.0
 70
0
  0
VERTEX
  5
2CF
  8
IC_DELIKLER
 10
88.411865234375
 20
29.8892822265625
 30
0.0
 70
0
  0
VERTEX
  5
2D0
  8
IC_DELIKLER
 10
89.67255401611328
 20
29.5740966796875
 30
0.0
 70
0
  0
VERTEX
  5
2D1
  8
IC_DELIKLER
 10
91.30823516845703
 20
29.11151123046875
 30
0.0
 70
0
  0
VERTEX
  5
2D2
  8
IC_DELIKLER
 10
93.70098876953125
 20
28.387298583984375
 30
0.0
 70
0
  0
VERTEX
  5
2D3
  8
IC_DELIKLER
 10
97.08842468261719
 20
27.325347900390625
 30
0.0
 70
0
  0
VERTEX
  5
2D4
  8
IC_DELIKLER
 10
102.09071350097656
 20
25.73175048828125
 30
0.0
 70
0
  0
VERTEX
  5
2D5
  8
IC_DELIKLER
 10
105.65599060058594
 20
24.569366455078125
 30
0.0
 70
0
  0
VERTEX
  5
2D6
  8
IC_DELIKLER
 10
110.39701843261719
 20
22.9814453125
 30
0.0
 70
0
  0
VERTEX
  5
2D7
  8
IC_DELIKLER
 10
112.8994140625
 20
22.109619140625
 30
0.0
 70
0
  0
VERTEX
  5
2D8
  8
IC_DELIKLER
 10
117.86792755126953
 20
20.413726806640625
 30
0.0
 70
0
  0
VERTEX
  5
2D9
  8
IC_DELIKLER
 10
125.37643432617188
 20
17.80133056640625
 30
0.0
 70
0
  0
VERTEX
  5
2DA
  8
IC_DELIKLER
 10
130.63343811035156
 20
16.02197265625
 30
0.0
 70
0
  0
VERTEX
  5
2DB
  8
IC_DELIKLER
 10
134.2464599609375
 20
14.8448486328125
 30
0.0
 70
0
  0
VERTEX
  5
2DC
  8
IC_DELIKLER
 10
138.21090698242188
 20
13.617950439453125
 30
0.0
 70
0
  0
VERTEX
  5
2DD
  8
IC_DELIKLER
 10
144.36485290527344
 20
11.686279296875
 30
0.0
 70
0
  0
VERTEX
  5
2DE
  8
IC_DELIKLER
 10
146.742919921875
 20
10.915130615234375
 30
0.0
 70
0
  0
VERTEX
  5
2DF
  8
IC_DELIKLER
 10
148.54290771484375
 20
10.306976318359375
 30
0.0
 70
0
  0
VERTEX
  5
2E0
  8
IC_DELIKLER
 10
149.5793914794922
 20
9.93890380859375
 30
0.0
 70
0
  0
VERTEX
  5
2E1
  8
IC_DELIKLER
 10
150.4214630126953
 20
9.622039794921875
 30
0.0
 70
0
  0
VERTEX
  5
2E2
  8
IC_DELIKLER
 10
151.06748962402344
 20
9.357818603515625
 30
0.0
 70
0
  0
VERTEX
  5
2E3
  8
IC_DELIKLER
 10
151.55636596679688
 20
9.129974365234375
 30
0.0
 70
0
  0
VERTEX
  5
2E4
  8
IC_DELIKLER
 10
151.91909790039062
 20
8.9229736328125
 30
0.0
 70
0
  0
VERTEX
  5
2E5
  8
IC_DELIKLER
 10
152.17938232421875
 20
8.721832275390625
 30
0.0
 70
0
  0
VERTEX
  5
2E6
  8
IC_DELIKLER
 10
152.27508544921875
 20
8.616973876953125
 30
0.0
 70
0
  0
VERTEX
  5
2E7
  8
IC_DELIKLER
 10
152.3413543701172
 20
8.511444091796875
 30
0.0
 70
0
  0
VERTEX
  5
2E8
  8
IC_DELIKLER
 10
152.37435913085938
 20
8.407684326171875
 30
0.0
 70
0
  0
SEQEND
  5
270
  8
IC_DELIKLER
  0
POLYLINE
  5
2E9
  8
IC_DELIKLER
 66
1
 10
0.0
 20
0.0
 30
0.0
 70
1
  0
VERTEX
  5
2EB
  8
IC_DELIKLER
 10
179.7950897216797
 20
7.5
 30
0.0
 70
0
  0
VERTEX
  5
2EC
  8
IC_DELIKLER
 10
179.7504119873047
 20
7.552001953125
 30
0.0
 70
0
  0
VERTEX
  5
2ED
  8
IC_DELIKLER
 10
179.26658630371094
 20
7.712799072265625
 30
0.0
 70
0
  0
VERTEX
  5
2EE
  8
IC_DELIKLER
 10
178.89247131347656
 20
7.892913818359375
 30
0.0
 70
0
  0
VERTEX
  5
2EF
  8
IC_DELIKLER
 10
178.5791473388672
 20
8.096710205078125
 30
0.0
 70
0
  0
VERTEX
  5
2F0
  8
IC_DELIKLER
 10
178.20863342285156
 20
8.39227294921875
 30
0.0
 70
0
  0
VERTEX
  5
2F1
  8
IC_DELIKLER
 10
177.8708953857422
 20
8.71270751953125
 30
0.0
 70
0
  0
VERTEX
  5
2F2
  8
IC_DELIKLER
 10
177.6514892578125
 20
8.985321044921875
 30
0.0
 70
0
  0
VERTEX
  5
2F3
  8
IC_DELIKLER
 10
177.5690155029297
 20
9.128997802734375
 30
0.0
 70
0
  0
VERTEX
  5
2F4
  8
IC_DELIKLER
 10
177.52183532714844
 20
9.240447998046875
 30
0.0
 70
0
  0
VERTEX
  5
2F5
  8
IC_DELIKLER
 10
177.48829650878906
 20
9.35516357421875
 30
0.0
 70
0
  0
VERTEX
  5
2F6
  8
IC_DELIKLER
 10
177.46554565429688
 20
9.512939453125
 30
0.0
 70
0
  0
VERTEX
  5
2F7
  8
IC_DELIKLER
 10
177.467529296875
 20
9.67559814453125
 30
0.0
 70
0
  0
VERTEX
  5
2F8
  8
IC_DELIKLER
 10
177.4925079345703
 20
9.842193603515625
 30
0.0
 70
0
  0
VERTEX
  5
2F9
  8
IC_DELIKLER
 10
177.59909057617188
 20
10.18310546875
 30
0.0
 70
0
  0
VERTEX
  5
2FA
  8
IC_DELIKLER
 10
177.75601196289062
 20
10.529296875
 30
0.0
 70
0
  0
VERTEX
  5
2FB
  8
IC_DELIKLER
 10
178.14068603515625
 20
11.2757568359375
 30
0.0
 70
0
  0
VERTEX
  5
2FC
  8
IC_DELIKLER
 10
178.3565673828125
 20
11.72491455078125
 30
0.0
 70
0
  0
VERTEX
  5
2FD
  8
IC_DELIKLER
 10
178.57080078125
 20
12.2296142578125
 30
0.0
 70
0
  0
VERTEX
  5
2FE
  8
IC_DELIKLER
 10
178.75804138183594
 20
12.74493408203125
 30
0.0
 70
0
  0
VERTEX
  5
2FF
  8
IC_DELIKLER
 10
178.9043426513672
 20
13.221466064453125
 30
0.0
 70
0
  0
VERTEX
  5
300
  8
IC_DELIKLER
 10
179.0390625
 20
13.7530517578125
 30
0.0
 70
0
  0
VERTEX
  5
301
  8
IC_DELIKLER
 10
179.1466827392578
 20
14.290863037109375
 30
0.0
 70
0
  0
VERTEX
  5
302
  8
IC_DELIKLER
 10
179.22776794433594
 20
14.83343505859375
 30
0.0
 70
0
  0
VERTEX
  5
303
  8
IC_DELIKLER
 10
179.2904052734375
 20
15.478851318359375
 30
0.0
 70
0
  0
VERTEX
  5
304
  8
IC_DELIKLER
 10
179.3184814453125
 20
16.1268310546875
 30
0.0
 70
0
  0
VERTEX
  5
305
  8
IC_DELIKLER
 10
179.3136444091797
 20
16.7755126953125
 30
0.0
 70
0
  0
VERTEX
  5
306
  8
IC_DELIKLER
 10
179.27764892578125
 20
17.42340087890625
 30
0.0
 70
0
  0
VERTEX
  5
307
  8
IC_DELIKLER
 10
179.21224975585938
 20
18.069061279296875
 30
0.0
 70
0
  0
VERTEX
  5
308
  8
IC_DELIKLER
 10
179.11097717285156
 20
18.760711669921875
 30
0.0
 70
0
  0
VERTEX
  5
309
  8
IC_DELIKLER
 10
178.97996520996094
 20
19.447479248046875
 30
0.0
 70
0
  0
VERTEX
  5
30A
  8
IC_DELIKLER
 10
178.8098602294922
 20
20.177215576171875
 30
0.0
 70
0
  0
VERTEX
  5
30B
  8
IC_DELIKLER
 10
178.4849395751953
 20
21.33154296875
 30
0.0
 70
0
  0
VERTEX
  5
30C
  8
IC_DELIKLER
 10
178.04505920410156
 20
22.660125732421875
 30
0.0
 70
0
  0
VERTEX
  5
30D
  8
IC_DELIKLER
 10
177.50543212890625
 20
24.11285400390625
 30
0.0
 70
0
  0
VERTEX
  5
30E
  8
IC_DELIKLER
 10
176.87017822265625
 20
25.689544677734375
 30
0.0
 70
0
  0
VERTEX
  5
30F
  8
IC_DELIKLER
 10
176.22335815429688
 20
27.2073974609375
 30
0.0
 70
0
  0
VERTEX
  5
310
  8
IC_DELIKLER
 10
175.47303771972656
 20
28.89837646484375
 30
0.0
 70
0
  0
VERTEX
  5
311
  8
IC_DELIKLER
 10
174.59835815429688
 20
30.807525634765625
 30
0.0
 70
0
  0
VERTEX
  5
312
  8
IC_DELIKLER
 10
172.80157470703125
 20
34.65887451171875
 30
0.0
 70
0
  0
VERTEX
  5
313
  8
IC_DELIKLER
 10
172.53675842285156
 20
35.2515869140625
 30
0.0
 70
0
  0
VERTEX
  5
314
  8
IC_DELIKLER
 10
172.36744689941406
 20
35.666290283203125
 30
0.0
 70
0
  0
VERTEX
  5
315
  8
IC_DELIKLER
 10
172.1807861328125
 20
36.22845458984375
 30
0.0
 70
0
  0
VERTEX
  5
316
  8
IC_DELIKLER
 10
172.1138458251953
 20
36.5140380859375
 30
0.0
 70
0
  0
VERTEX
  5
317
  8
IC_DELIKLER
 10
172.07566833496094
 20
36.753997802734375
 30
0.0
 70
0
  0
VERTEX
  5
318
  8
IC_DELIKLER
 10
172.05548095703125
 20
36.995208740234375
 30
0.0
 70
0
  0
VERTEX
  5
319
  8
IC_DELIKLER
 10
172.0542449951172
 20
37.236907958984375
 30
0.0
 70
0
  0
VERTEX
  5
31A
  8
IC_DELIKLER
 10
172.0719451904297
 20
37.47833251953125
 30
0.0
 70
0
  0
VERTEX
  5
31B
  8
IC_DELIKLER
 10
172.11669921875
 20
37.76666259765625
 30
0.0
 70
0
  0
VERTEX
  5
31C
  8
IC_DELIKLER
 10
172.25392150878906
 20
38.288848876953125
 30
0.0
 70
0
  0
VERTEX
  5
31D
  8
IC_DELIKLER
 10
172.4762420654297
 20
38.894805908203125
 30
0.0
 70
0
  0
VERTEX
  5
31E
  8
IC_DELIKLER
 10
173.6931915283203
 20
41.7445068359375
 30
0.0
 70
0
  0
VERTEX
  5
31F
  8
IC_DELIKLER
 10
174.67333984375
 20
44.2579345703125
 30
0.0
 70
0
  0
VERTEX
  5
320
  8
IC_DELIKLER
 10
175.32061767578125
 20
45.72041320800781
 30
0.0
 70
0
  0
VERTEX
  5
321
  8
IC_DELIKLER
 10
177.590087890625
 20
50.620330810546875
 30
0.0
 70
0
  0
VERTEX
  5
322
  8
IC_DELIKLER
 10
181.13372802734375
 20
58.18109130859375
 30
0.0
 70
0
  0
VERTEX
  5
323
  8
IC_DELIKLER
 10
185.4639892578125
 20
67.36103820800781
 30
0.0
 70
0
  0
VERTEX
  5
324
  8
IC_DELIKLER
 10
189.55657958984375
 20
75.98965454101562
 30
0.0
 70
0
  0
VERTEX
  5
325
  8
IC_DELIKLER
 10
193.22308349609375
 20
83.658203125
 30
0.0
 70
0
  0
VERTEX
  5
326
  8
IC_DELIKLER
 10
194.29183959960938
 20
85.86268615722656
 30
0.0
 70
0
  0
VERTEX
  5
327
  8
IC_DELIKLER
 10
194.71917724609375
 20
86.70622253417969
 30
0.0
 70
0
  0
VERTEX
  5
328
  8
IC_DELIKLER
 10
194.8876953125
 20
87.00283813476562
 30
0.0
 70
0
  0
VERTEX
  5
329
  8
IC_DELIKLER
 10
195.04246520996094
 20
87.23985290527344
 30
0.0
 70
0
  0
VERTEX
  5
32A
  8
IC_DELIKLER
 10
195.1810760498047
 20
87.41705322265625
 30
0.0
 70
0
  0
VERTEX
  5
32B
  8
IC_DELIKLER
 10
195.32931518554688
 20
87.56735229492188
 30
0.0
 70
0
  0
VERTEX
  5
32C
  8
IC_DELIKLER
 10
195.4862518310547
 20
87.6822509765625
 30
0.0
 70
0
  0
VERTEX
  5
32D
  8
IC_DELIKLER
 10
195.6160430908203
 20
87.74331665039062
 30
0.0
 70
0
  0
VERTEX
  5
32E
  8
IC_DELIKLER
 10
195.7793731689453
 20
87.77595520019531
 30
0.0
 70
0
  0
VERTEX
  5
32F
  8
IC_DELIKLER
 10
195.9069061279297
 20
87.76507568359375
 30
0.0
 70
0
  0
VERTEX
  5
330
  8
IC_DELIKLER
 10
196.05657958984375
 20
87.70529174804688
 30
0.0
 70
0
  0
VERTEX
  5
331
  8
IC_DELIKLER
 10
196.13870239257812
 20
87.64605712890625
 30
0.0
 70
0
  0
VERTEX
  5
332
  8
IC_DELIKLER
 10
196.21365356445312
 20
87.57083129882812
 30
0.0
 70
0
  0
VERTEX
  5
333
  8
IC_DELIKLER
 10
196.33883666992188
 20
87.37901306152344
 30
0.0
 70
0
  0
VERTEX
  5
334
  8
IC_DELIKLER
 10
196.42881774902344
 20
87.14433288574219
 30
0.0
 70
0
  0
VERTEX
  5
335
  8
IC_DELIKLER
 10
196.48439025878906
 20
86.8809814453125
 30
0.0
 70
0
  0
VERTEX
  5
336
  8
IC_DELIKLER
 10
196.5105438232422
 20
86.55287170410156
 30
0.0
 70
0
  0
VERTEX
  5
337
  8
IC_DELIKLER
 10
196.50213623046875
 20
86.21415710449219
 30
0.0
 70
0
  0
VERTEX
  5
338
  8
IC_DELIKLER
 10
196.4665069580078
 20
85.87202453613281
 30
0.0
 70
0
  0
VERTEX
  5
339
  8
IC_DELIKLER
 10
196.38113403320312
 20
85.38363647460938
 30
0.0
 70
0
  0
VERTEX
  5
33A
  8
IC_DELIKLER
 10
196.23194885253906
 20
84.75297546386719
 30
0.0
 70
0
  0
VERTEX
  5
33B
  8
IC_DELIKLER
 10
195.0087127685547
 20
80.47523498535156
 30
0.0
 70
0
  0
VERTEX
  5
33C
  8
IC_DELIKLER
 10
194.72486877441406
 20
79.36112976074219
 30
0.0
 70
0
  0
VERTEX
  5
33D
  8
IC_DELIKLER
 10
194.500244140625
 20
78.33590698242188
 30
0.0
 70
0
  0
VERTEX
  5
33E
  8
IC_DELIKLER
 10
194.2666015625
 20
77.00688171386719
 30
0.0
 70
0
  0
VERTEX
  5
33F
  8
IC_DELIKLER
 10
194.04974365234375
 20
75.42190551757812
 30
0.0
 70
0
  0
VERTEX
  5
340
  8
IC_DELIKLER
 10
193.85723876953125
 20
73.68278503417969
 30
0.0
 70
0
  0
VERTEX
  5
341
  8
IC_DELIKLER
 10
193.79920959472656
 20
72.98545837402344
 30
0.0
 70
0
  0
VERTEX
  5
342
  8
IC_DELIKLER
 10
193.76121520996094
 20
72.33692932128906
 30
0.0
 70
0
  0
VERTEX
  5
343
  8
IC_DELIKLER
 10
193.74148559570312
 20
71.68768310546875
 30
0.0
 70
0
  0
VERTEX
  5
344
  8
IC_DELIKLER
 10
193.74081420898438
 20
71.03811645507812
 30
0.0
 70
0
  0
VERTEX
  5
345
  8
IC_DELIKLER
 10
193.75775146484375
 20
70.388671875
 30
0.0
 70
0
  0
VERTEX
  5
346
  8
IC_DELIKLER
 10
193.79522705078125
 20
69.63986206054688
 30
0.0
 70
0
  0
VERTEX
  5
347
  8
IC_DELIKLER
 10
193.9036102294922
 20
68.19412231445312
 30
0.0
 70
0
  0
VERTEX
  5
348
  8
IC_DELIKLER
 10
194.22459411621094
 20
64.70890808105469
 30
0.0
 70
0
  0
VERTEX
  5
349
  8
IC_DELIKLER
 10
194.3428955078125
 20
63.263824462890625
 30
0.0
 70
0
  0
VERTEX
  5
34A
  8
IC_DELIKLER
 10
194.4501190185547
 20
61.517242431640625
 30
0.0
 70
0
  0
VERTEX
  5
34B
  8
IC_DELIKLER
 10
194.53399658203125
 20
59.51911926269531
 30
0.0
 70
0
  0
VERTEX
  5
34C
  8
IC_DELIKLER
 10
194.55897521972656
 20
57.91954040527344
 30
0.0
 70
0
  0
VERTEX
  5
34D
  8
IC_DELIKLER
 10
194.53663635253906
 20
56.31993103027344
 30
0.0
 70
0
  0
VERTEX
  5
34E
  8
IC_DELIKLER
 10
194.46493530273438
 20
54.62162780761719
 30
0.0
 70
0
  0
VERTEX
  5
34F
  8
IC_DELIKLER
 10
194.3422088623047
 20
52.82597351074219
 30
0.0
 70
0
  0
VERTEX
  5
350
  8
IC_DELIKLER
 10
194.04774475097656
 20
49.48902893066406
 30
0.0
 70
0
  0
VERTEX
  5
351
  8
IC_DELIKLER
 10
193.7422332763672
 20
45.701416015625
 30
0.0
 70
0
  0
VERTEX
  5
352
  8
IC_DELIKLER
 10
193.63331604003906
 20
44.60694885253906
 30
0.0
 70
0
  0
VERTEX
  5
353
  8
IC_DELIKLER
 10
193.497314453125
 20
43.46514892578125
 30
0.0
 70
0
  0
VERTEX
  5
354
  8
IC_DELIKLER
 10
192.95578002929688
 20
39.552581787109375
 30
0.0
 70
0
  0
VERTEX
  5
355
  8
IC_DELIKLER
 10
192.47232055664062
 20
36.389495849609375
 30
0.0
 70
0
  0
VERTEX
  5
356
  8
IC_DELIKLER
 10
192.11915588378906
 20
33.8140869140625
 30
0.0
 70
0
  0
VERTEX
  5
357
  8
IC_DELIKLER
 10
191.40284729003906
 20
29.169281005859375
 30
0.0
 70
0
  0
VERTEX
  5
358
  8
IC_DELIKLER
 10
191.21875
 20
28.08489990234375
 30
0.0
 70
0
  0
VERTEX
  5
359
  8
IC_DELIKLER
 10
191.03269958496094
 20
27.1025390625
 30
0.0
 70
0
  0
VERTEX
  5
35A
  8
IC_DELIKLER
 10
190.7549285888672
 20
25.832977294921875
 30
0.0
 70
0
  0
VERTEX
  5
35B
  8
IC_DELIKLER
 10
190.4525604248047
 20
24.672271728515625
 30
0.0
 70
0
  0
VERTEX
  5
35C
  8
IC_DELIKLER
 10
190.11459350585938
 20
23.57373046875
 30
0.0
 70
0
  0
VERTEX
  5
35D
  8
IC_DELIKLER
 10
189.72865295410156
 20
22.491058349609375
 30
0.0
 70
0
  0
VERTEX
  5
35E
  8
IC_DELIKLER
 10
189.37757873535156
 20
21.608673095703125
 30
0.0
 70
0
  0
VERTEX
  5
35F
  8
IC_DELIKLER
 10
188.9644317626953
 20
20.6435546875
 30
0.0
 70
0
  0
VERTEX
  5
360
  8
IC_DELIKLER
 10
186.27313232421875
 20
14.61761474609375
 30
0.0
 70
0
  0
VERTEX
  5
361
  8
IC_DELIKLER
 10
185.9411163330078
 20
13.78271484375
 30
0.0
 70
0
  0
VERTEX
  5
362
  8
IC_DELIKLER
 10
185.7123565673828
 20
13.07159423828125
 30
0.0
 70
0
  0
VERTEX
  5
363
  8
IC_DELIKLER
 10
185.6058349609375
 20
12.63726806640625
 30
0.0
 70
0
  0
VERTEX
  5
364
  8
IC_DELIKLER
 10
185.52813720703125
 20
12.197784423828125
 30
0.0
 70
0
  0
VERTEX
  5
365
  8
IC_DELIKLER
 10
185.48670959472656
 20
11.803955078125
 30
0.0
 70
0
  0
VERTEX
  5
366
  8
IC_DELIKLER
 10
185.47373962402344
 20
11.408660888671875
 30
0.0
 70
0
  0
VERTEX
  5
367
  8
IC_DELIKLER
 10
185.4902801513672
 20
11.013641357421875
 30
0.0
 70
0
  0
VERTEX
  5
368
  8
IC_DELIKLER
 10
185.54302978515625
 20
10.571533203125
 30
0.0
 70
0
  0
VERTEX
  5
369
  8
IC_DELIKLER
 10
185.6157684326172
 20
10.18182373046875
 30
0.0
 70
0
  0
VERTEX
  5
36A
  8
IC_DELIKLER
 10
185.81216430664062
 20
9.318634033203125
 30
0.0
 70
0
  0
VERTEX
  5
36B
  8
IC_DELIKLER
 10
185.87344360351562
 20
8.90093994140625
 30
0.0
 70
0
  0
VERTEX
  5
36C
  8
IC_DELIKLER
 10
185.87757873535156
 20
8.6790771484375
 30
0.0
 70
0
  0
VERTEX
  5
36D
  8
IC_DELIKLER
 10
185.85986328125
 20
8.51019287109375
 30
0.0
 70
0
  0
VERTEX
  5
36E
  8
IC_DELIKLER
 10
185.80731201171875
 20
8.3138427734375
 30
0.0
 70
0
  0
VERTEX
  5
36F
  8
IC_DELIKLER
 10
185.7392120361328
 20
8.17138671875
 30
0.0
 70
0
  0
VERTEX
  5
370
  8
IC_DELIKLER
 10
185.67274475097656
 20
8.07440185546875
 30
0.0
 70
0
  0
VERTEX
  5
371
  8
IC_DELIKLER
 10
185.5644073486328
 20
7.959320068359375
 30
0.0
 70
0
  0
VERTEX
  5
372
  8
IC_DELIKLER
 10
185.435302734375
 20
7.86102294921875
 30
0.0
 70
0
  0
VERTEX
  5
373
  8
IC_DELIKLER
 10
185.28810119628906
 20
7.779205322265625
 30
0.0
 70
0
  0
VERTEX
  5
374
  8
IC_DELIKLER
 10
185.1259765625
 20
7.71270751953125
 30
0.0
 70
0
  0
VERTEX
  5
375
  8
IC_DELIKLER
 10
184.90731811523438
 20
7.648040771484375
 30
0.0
 70
0
  0
VERTEX
  5
376
  8
IC_DELIKLER
 10
184.34254455566406
 20
7.54620361328125
 30
0.0
 70
0
  0
VERTEX
  5
377
  8
IC_DELIKLER
 10
184.29444885253906
 20
7.5
 30
0.0
 70
0
  0
SEQEND
  5
2EA
  8
IC_DELIKLER
  0
POLYLINE
  5
378
  8
IC_DELIKLER
 66
1
 10
0.0
 20
0.0
 30
0.0
 70
1
  0
VERTEX
  5
37A
  8
IC_DELIKLER
 10
290.42523193359375
 20
267.57043838500977
 30
0.0
 70
0
  0
VERTEX
  5
37B
  8
IC_DELIKLER
 10
290.6106262207031
 20
267.4961853027344
 30
0.0
 70
0
  0
VERTEX
  5
37C
  8
IC_DELIKLER
 10
290.8160705566406
 20
267.3560981750488
 30
0.0
 70
0
  0
VERTEX
  5
37D
  8
IC_DELIKLER
 10
290.9999694824219
 20
267.1696968078613
 30
0.0
 70
0
  0
VERTEX
  5
37E
  8
IC_DELIKLER
 10
291.1629638671875
 20
266.9487419128418
 30
0.0
 70
0
  0
VERTEX
  5
37F
  8
IC_DELIKLER
 10
291.3787841796875
 20
266.57783126831055
 30
0.0
 70
0
  0
VERTEX
  5
380
  8
IC_DELIKLER
 10
291.96612548828125
 20
265.4479103088379
 30
0.0
 70
0
  0
VERTEX
  5
381
  8
IC_DELIKLER
 10
292.1324462890625
 20
265.0970916748047
 30
0.0
 70
0
  0
VERTEX
  5
382
  8
IC_DELIKLER
 10
292.2368469238281
 20
264.8277816772461
 30
0.0
 70
0
  0
VERTEX
  5
383
  8
IC_DELIKLER
 10
292.3064880371094
 20
264.5979118347168
 30
0.0
 70
0
  0
VERTEX
  5
384
  8
IC_DELIKLER
 10
292.359619140625
 20
264.36292266845703
 30
0.0
 70
0
  0
VERTEX
  5
385
  8
IC_DELIKLER
 10
292.4228210449219
 20
263.8799819946289
 30
0.0
 70
0
  0
VERTEX
  5
386
  8
IC_DELIKLER
 10
292.45208740234375
 20
263.1870460510254
 30
0.0
 70
0
  0
VERTEX
  5
387
  8
IC_DELIKLER
 10
292.4599609375
 20
261.68806076049805
 30
0.0
 70
0
  0
VERTEX
  5
388
  8
IC_DELIKLER
 10
292.5
 20
261.6380615234375
 30
0.0
 70
0
  0
VERTEX
  5
389
  8
IC_DELIKLER
 10
292.5
 20
66.23806762695312
 30
0.0
 70
0
  0
VERTEX
  5
38A
  8
IC_DELIKLER
 10
292.4599914550781
 20
66.18806457519531
 30
0.0
 70
0
  0
VERTEX
  5
38B
  8
IC_DELIKLER
 10
292.4383850097656
 20
32.7880859375
 30
0.0
 70
0
  0
VERTEX
  5
38C
  8
IC_DELIKLER
 10
292.3985290527344
 20
15.28814697265625
 30
0.0
 70
0
  0
VERTEX
  5
38D
  8
IC_DELIKLER
 10
292.3765563964844
 20
11.888214111328125
 30
0.0
 70
0
  0
VERTEX
  5
38E
  8
IC_DELIKLER
 10
292.348876953125
 20
9.83929443359375
 30
0.0
 70
0
  0
VERTEX
  5
38F
  8
IC_DELIKLER
 10
292.3100280761719
 20
9.053497314453125
 30
0.0
 70
0
  0
VERTEX
  5
390
  8
IC_DELIKLER
 10
292.2745666503906
 20
8.7733154296875
 30
0.0
 70
0
  0
VERTEX
  5
391
  8
IC_DELIKLER
 10
292.2278747558594
 20
8.55328369140625
 30
0.0
 70
0
  0
VERTEX
  5
392
  8
IC_DELIKLER
 10
292.125732421875
 20
8.276336669921875
 30
0.0
 70
0
  0
VERTEX
  5
393
  8
IC_DELIKLER
 10
292.0439453125
 20
8.139129638671875
 30
0.0
 70
0
  0
VERTEX
  5
394
  8
IC_DELIKLER
 10
291.9703063964844
 20
8.047821044921875
 30
0.0
 70
0
  0
VERTEX
  5
395
  8
IC_DELIKLER
 10
291.88604736328125
 20
7.96697998046875
 30
0.0
 70
0
  0
VERTEX
  5
396
  8
IC_DELIKLER
 10
291.75750732421875
 20
7.8756103515625
 30
0.0
 70
0
  0
VERTEX
  5
397
  8
IC_DELIKLER
 10
291.6498107910156
 20
7.81903076171875
 30
0.0
 70
0
  0
VERTEX
  5
398
  8
IC_DELIKLER
 10
291.492919921875
 20
7.75830078125
 30
0.0
 70
0
  0
VERTEX
  5
399
  8
IC_DELIKLER
 10
291.1435241699219
 20
7.67852783203125
 30
0.0
 70
0
  0
VERTEX
  5
39A
  8
IC_DELIKLER
 10
290.7157287597656
 20
7.633575439453125
 30
0.0
 70
0
  0
VERTEX
  5
39B
  8
IC_DELIKLER
 10
290.1228942871094
 20
7.608154296875
 30
0.0
 70
0
  0
VERTEX
  5
39C
  8
IC_DELIKLER
 10
289.1239013671875
 20
7.590545654296875
 30
0.0
 70
0
  0
VERTEX
  5
39D
  8
IC_DELIKLER
 10
283.82403564453125
 20
7.55810546875
 30
0.0
 70
0
  0
VERTEX
  5
39E
  8
IC_DELIKLER
 10
273.1240539550781
 20
7.5400390625
 30
0.0
 70
0
  0
VERTEX
  5
39F
  8
IC_DELIKLER
 10
273.07403564453125
 20
7.5
 30
0.0
 70
0
  0
VERTEX
  5
3A0
  8
IC_DELIKLER
 10
227.07406616210938
 20
7.5
 30
0.0
 70
0
  0
VERTEX
  5
3A1
  8
IC_DELIKLER
 10
227.02407836914062
 20
7.540252685546875
 30
0.0
 70
0
  0
VERTEX
  5
3A2
  8
IC_DELIKLER
 10
224.42416381835938
 20
7.559051513671875
 30
0.0
 70
0
  0
VERTEX
  5
3A3
  8
IC_DELIKLER
 10
223.22772216796875
 20
7.583831787109375
 30
0.0
 70
0
  0
VERTEX
  5
3A4
  8
IC_DELIKLER
 10
222.69480895996094
 20
7.622711181640625
 30
0.0
 70
0
  0
VERTEX
  5
3A5
  8
IC_DELIKLER
 10
222.29295349121094
 20
7.695526123046875
 30
0.0
 70
0
  0
VERTEX
  5
3A6
  8
IC_DELIKLER
 10
222.0270538330078
 20
7.79302978515625
 30
0.0
 70
0
  0
VERTEX
  5
3A7
  8
IC_DELIKLER
 10
221.90353393554688
 20
7.8673095703125
 30
0.0
 70
0
  0
VERTEX
  5
3A8
  8
IC_DELIKLER
 10
221.82801818847656
 20
7.93157958984375
 30
0.0
 70
0
  0
VERTEX
  5
3A9
  8
IC_DELIKLER
 10
221.75350952148438
 20
8.027008056640625
 30
0.0
 70
0
  0
VERTEX
  5
3AA
  8
IC_DELIKLER
 10
221.71905517578125
 20
8.10418701171875
 30
0.0
 70
0
  0
VERTEX
  5
3AB
  8
IC_DELIKLER
 10
221.70404052734375
 20
8.18426513671875
 30
0.0
 70
0
  0
VERTEX
  5
3AC
  8
IC_DELIKLER
 10
221.70884704589844
 20
8.265289306640625
 30
0.0
 70
0
  0
VERTEX
  5
3AD
  8
IC_DELIKLER
 10
221.7333221435547
 20
8.34527587890625
 30
0.0
 70
0
  0
VERTEX
  5
3AE
  8
IC_DELIKLER
 10
221.77682495117188
 20
8.422271728515625
 30
0.0
 70
0
  0
VERTEX
  5
3AF
  8
IC_DELIKLER
 10
221.8382110595703
 20
8.49462890625
 30
0.0
 70
0
  0
VERTEX
  5
3B0
  8
IC_DELIKLER
 10
221.9451904296875
 20
8.581573486328125
 30
0.0
 70
0
  0
VERTEX
  5
3B1
  8
IC_DELIKLER
 10
222.18911743164062
 20
8.70281982421875
 30
0.0
 70
0
  0
VERTEX
  5
3B2
  8
IC_DELIKLER
 10
222.52914428710938
 20
8.79339599609375
 30
0.0
 70
0
  0
VERTEX
  5
3B3
  8
IC_DELIKLER
 10
223.05088806152344
 20
8.855621337890625
 30
0.0
 70
0
  0
VERTEX
  5
3B4
  8
IC_DELIKLER
 10
223.84429931640625
 20
8.885223388671875
 30
0.0
 70
0
  0
VERTEX
  5
3B5
  8
IC_DELIKLER
 10
229.54385375976562
 20
8.90771484375
 30
0.0
 70
0
  0
VERTEX
  5
3B6
  8
IC_DELIKLER
 10
230.3927764892578
 20
8.92138671875
 30
0.0
 70
0
  0
VERTEX
  5
3B7
  8
IC_DELIKLER
 10
230.984375
 20
8.9482421875
 30
0.0
 70
0
  0
VERTEX
  5
3B8
  8
IC_DELIKLER
 10
231.49490356445312
 20
9.009521484375
 30
0.0
 70
0
  0
VERTEX
  5
3B9
  8
IC_DELIKLER
 10
231.701171875
 20
9.058258056640625
 30
0.0
 70
0
  0
VERTEX
  5
3BA
  8
IC_DELIKLER
 10
231.87937927246094
 20
9.12432861328125
 30
0.0
 70
0
  0
VERTEX
  5
3BB
  8
IC_DELIKLER
 10
232.01951599121094
 20
9.20904541015625
 30
0.0
 70
0
  0
VERTEX
  5
3BC
  8
IC_DELIKLER
 10
232.097900390625
 20
9.28961181640625
 30
0.0
 70
0
  0
VERTEX
  5
3BD
  8
IC_DELIKLER
 10
232.1477813720703
 20
9.403289794921875
 30
0.0
 70
0
  0
VERTEX
  5
3BE
  8
IC_DELIKLER
 10
232.14698791503906
 20
9.5010986328125
 30
0.0
 70
0
  0
VERTEX
  5
3BF
  8
IC_DELIKLER
 10
232.11021423339844
 20
9.601104736328125
 30
0.0
 70
0
  0
VERTEX
  5
3C0
  8
IC_DELIKLER
 10
232.01708984375
 20
9.723724365234375
 30
0.0
 70
0
  0
VERTEX
  5
3C1
  8
IC_DELIKLER
 10
231.87852478027344
 20
9.837921142578125
 30
0.0
 70
0
  0
VERTEX
  5
3C2
  8
IC_DELIKLER
 10
231.7037353515625
 20
9.93951416015625
 30
0.0
 70
0
  0
VERTEX
  5
3C3
  8
IC_DELIKLER
 10
231.5021514892578
 20
10.026611328125
 30
0.0
 70
0
  0
VERTEX
  5
3C4
  8
IC_DELIKLER
 10
231.28208923339844
 20
10.0992431640625
 30
0.0
 70
0
  0
VERTEX
  5
3C5
  8
IC_DELIKLER
 10
231.0026397705078
 20
10.16925048828125
 30
0.0
 70
0
  0
VERTEX
  5
3C6
  8
IC_DELIKLER
 10
230.71353149414062
 20
10.22381591796875
 30
0.0
 70
0
  0
VERTEX
  5
3C7
  8
IC_DELIKLER
 10
230.07290649414062
 20
10.304412841796875
 30
0.0
 70
0
  0
VERTEX
  5
3C8
  8
IC_DELIKLER
 10
229.32591247558594
 20
10.35723876953125
 30
0.0
 70
0
  0
VERTEX
  5
3C9
  8
IC_DELIKLER
 10
228.5767822265625
 20
10.384765625
 30
0.0
 70
0
  0
VERTEX
  5
3CA
  8
IC_DELIKLER
 10
226.77760314941406
 20
10.419708251953125
 30
0.0
 70
0
  0
VERTEX
  5
3CB
  8
IC_DELIKLER
 10
225.8808135986328
 20
10.471710205078125
 30
0.0
 70
0
  0
VERTEX
  5
3CC
  8
IC_DELIKLER
 10
225.38623046875
 20
10.529327392578125
 30
0.0
 70
0
  0
VERTEX
  5
3CD
  8
IC_DELIKLER
 10
224.94549560546875
 20
10.606048583984375
 30
0.0
 70
0
  0
VERTEX
  5
3CE
  8
IC_DELIKLER
 10
224.55860900878906
 20
10.696746826171875
 30
0.0
 70
0
  0
VERTEX
  5
3CF
  8
IC_DELIKLER
 10
224.12985229492188
 20
10.824005126953125
 30
0.0
 70
0
  0
VERTEX
  5
3D0
  8
IC_DELIKLER
 10
223.661376953125
 20
10.99249267578125
 30
0.0
 70
0
  0
VERTEX
  5
3D1
  8
IC_DELIKLER
 10
223.1075897216797
 20
11.22021484375
 30
0.0
 70
0
  0
VERTEX
  5
3D2
  8
IC_DELIKLER
 10
217.5186767578125
 20
13.6632080078125
 30
0.0
 70
0
  0
VERTEX
  5
3D3
  8
IC_DELIKLER
 10
215.24464416503906
 20
14.701629638671875
 30
0.0
 70
0
  0
VERTEX
  5
3D4
  8
IC_DELIKLER
 10
212.9471435546875
 20
15.8077392578125
 30
0.0
 70
0
  0
VERTEX
  5
3D5
  8
IC_DELIKLER
 10
211.6962890625
 20
16.4364013671875
 30
0.0
 70
0
  0
VERTEX
  5
3D6
  8
IC_DELIKLER
 10
210.45382690429688
 20
17.081512451171875
 30
0.0
 70
0
  0
VERTEX
  5
3D7
  8
IC_DELIKLER
 10
209.26473999023438
 20
17.720550537109375
 30
0.0
 70
0
  0
VERTEX
  5
3D8
  8
IC_DELIKLER
 10
208.08580017089844
 20
18.37811279296875
 30
0.0
 70
0
  0
VERTEX
  5
3D9
  8
IC_DELIKLER
 10
206.87518310546875
 20
19.081085205078125
 30
0.0
 70
0
  0
VERTEX
  5
3DA
  8
IC_DELIKLER
 10
204.9871368408203
 20
20.209564208984375
 30
0.0
 70
0
  0
VERTEX
  5
3DB
  8
IC_DELIKLER
 10
204.39923095703125
 20
20.586578369140625
 30
0.0
 70
0
  0
VERTEX
  5
3DC
  8
IC_DELIKLER
 10
203.91705322265625
 20
20.9378662109375
 30
0.0
 70
0
  0
VERTEX
  5
3DD
  8
IC_DELIKLER
 10
203.50436401367188
 20
21.293670654296875
 30
0.0
 70
0
  0
VERTEX
  5
3DE
  8
IC_DELIKLER
 10
203.16188049316406
 20
21.649566650390625
 30
0.0
 70
0
  0
VERTEX
  5
3DF
  8
IC_DELIKLER
 10
202.857177734375
 20
22.037017822265625
 30
0.0
 70
0
  0
VERTEX
  5
3E0
  8
IC_DELIKLER
 10
202.59544372558594
 20
22.4541015625
 30
0.0
 70
0
  0
VERTEX
  5
3E1
  8
IC_DELIKLER
 10
202.3799285888672
 20
22.896942138671875
 30
0.0
 70
0
  0
VERTEX
  5
3E2
  8
IC_DELIKLER
 10
202.2115936279297
 20
23.3604736328125
 30
0.0
 70
0
  0
VERTEX
  5
3E3
  8
IC_DELIKLER
 10
202.07919311523438
 20
23.88775634765625
 30
0.0
 70
0
  0
VERTEX
  5
3E4
  8
IC_DELIKLER
 10
201.99766540527344
 20
24.426666259765625
 30
0.0
 70
0
  0
VERTEX
  5
3E5
  8
IC_DELIKLER
 10
201.9668731689453
 20
24.822784423828125
 30
0.0
 70
0
  0
VERTEX
  5
3E6
  8
IC_DELIKLER
 10
201.95709228515625
 20
25.220550537109375
 30
0.0
 70
0
  0
VERTEX
  5
3E7
  8
IC_DELIKLER
 10
201.9677734375
 20
25.668731689453125
 30
0.0
 70
0
  0
VERTEX
  5
3E8
  8
IC_DELIKLER
 10
201.9973602294922
 20
26.116607666015625
 30
0.0
 70
0
  0
VERTEX
  5
3E9
  8
IC_DELIKLER
 10
202.11622619628906
 20
27.158660888671875
 30
0.0
 70
0
  0
VERTEX
  5
3EA
  8
IC_DELIKLER
 10
202.34445190429688
 20
28.64093017578125
 30
0.0
 70
0
  0
VERTEX
  5
3EB
  8
IC_DELIKLER
 10
202.7065887451172
 20
30.658538818359375
 30
0.0
 70
0
  0
VERTEX
  5
3EC
  8
IC_DELIKLER
 10
203.1230926513672
 20
32.716705322265625
 30
0.0
 70
0
  0
VERTEX
  5
3ED
  8
IC_DELIKLER
 10
203.5326690673828
 20
34.520599365234375
 30
0.0
 70
0
  0
VERTEX
  5
3EE
  8
IC_DELIKLER
 10
203.93646240234375
 20
36.068450927734375
 30
0.0
 70
0
  0
VERTEX
  5
3EF
  8
IC_DELIKLER
 10
204.65850830078125
 20
38.513946533203125
 30
0.0
 70
0
  0
VERTEX
  5
3F0
  8
IC_DELIKLER
 10
205.5800323486328
 20
41.526092529296875
 30
0.0
 70
0
  0
VERTEX
  5
3F1
  8
IC_DELIKLER
 10
209.36671447753906
 20
53.438720703125
 30
0.0
 70
0
  0
VERTEX
  5
3F2
  8
IC_DELIKLER
 10
211.34661865234375
 20
59.787109375
 30
0.0
 70
0
  0
VERTEX
  5
3F3
  8
IC_DELIKLER
 10
212.76087951660156
 20
64.47854614257812
 30
0.0
 70
0
  0
VERTEX
  5
3F4
  8
IC_DELIKLER
 10
214.85659790039062
 20
71.31446838378906
 30
0.0
 70
0
  0
VERTEX
  5
3F5
  8
IC_DELIKLER
 10
216.3062286376953
 20
76.36026000976562
 30
0.0
 70
0
  0
VERTEX
  5
3F6
  8
IC_DELIKLER
 10
217.43133544921875
 20
80.19876098632812
 30
0.0
 70
0
  0
VERTEX
  5
3F7
  8
IC_DELIKLER
 10
218.1062469482422
 20
82.44973754882812
 30
0.0
 70
0
  0
VERTEX
  5
3F8
  8
IC_DELIKLER
 10
219.14320373535156
 20
85.79257202148438
 30
0.0
 70
0
  0
VERTEX
  5
3F9
  8
IC_DELIKLER
 10
222.07969665527344
 20
95.08985900878906
 30
0.0
 70
0
  0
VERTEX
  5
3FA
  8
IC_DELIKLER
 10
223.21270751953125
 20
98.76931762695312
 30
0.0
 70
0
  0
VERTEX
  5
3FB
  8
IC_DELIKLER
 10
223.84983825683594
 20
100.97914123535156
 30
0.0
 70
0
  0
VERTEX
  5
3FC
  8
IC_DELIKLER
 10
224.0785369873047
 20
101.84945678710938
 30
0.0
 70
0
  0
VERTEX
  5
3FD
  8
IC_DELIKLER
 10
224.27789306640625
 20
102.67555236816406
 30
0.0
 70
0
  0
VERTEX
  5
3FE
  8
IC_DELIKLER
 10
224.4576416015625
 20
103.50601196289062
 30
0.0
 70
0
  0
VERTEX
  5
3FF
  8
IC_DELIKLER
 10
224.5947265625
 20
104.24284362792969
 30
0.0
 70
0
  0
VERTEX
  5
400
  8
IC_DELIKLER
 10
224.69082641601562
 20
104.88493347167969
 30
0.0
 70
0
  0
VERTEX
  5
401
  8
IC_DELIKLER
 10
224.76116943359375
 20
105.53018188476562
 30
0.0
 70
0
  0
VERTEX
  5
402
  8
IC_DELIKLER
 10
224.80584716796875
 20
106.22769165039062
 30
0.0
 70
0
  0
VERTEX
  5
403
  8
IC_DELIKLER
 10
224.81773376464844
 20
106.926513671875
 30
0.0
 70
0
  0
VERTEX
  5
404
  8
IC_DELIKLER
 10
224.79669189453125
 20
107.62510681152344
 30
0.0
 70
0
  0
VERTEX
  5
405
  8
IC_DELIKLER
 10
224.74252319335938
 20
108.3218994140625
 30
0.0
 70
0
  0
VERTEX
  5
406
  8
IC_DELIKLER
 10
224.6623077392578
 20
108.96586608886719
 30
0.0
 70
0
  0
VERTEX
  5
407
  8
IC_DELIKLER
 10
224.54324340820312
 20
109.65444946289062
 30
0.0
 70
0
  0
VERTEX
  5
408
  8
IC_DELIKLER
 10
224.3896942138672
 20
110.33609008789062
 30
0.0
 70
0
  0
VERTEX
  5
409
  8
IC_DELIKLER
 10
224.2155303955078
 20
110.96101379394531
 30
0.0
 70
0
  0
VERTEX
  5
40A
  8
IC_DELIKLER
 10
224.01016235351562
 20
111.57626342773438
 30
0.0
 70
0
  0
VERTEX
  5
40B
  8
IC_DELIKLER
 10
223.77268981933594
 20
112.1796875
 30
0.0
 70
0
  0
VERTEX
  5
40C
  8
IC_DELIKLER
 10
223.50209045410156
 20
112.768798828125
 30
0.0
 70
0
  0
VERTEX
  5
40D
  8
IC_DELIKLER
 10
223.19728088378906
 20
113.3406982421875
 30
0.0
 70
0
  0
VERTEX
  5
40E
  8
IC_DELIKLER
 10
222.88458251953125
 20
113.85040283203125
 30
0.0
 70
0
  0
VERTEX
  5
40F
  8
IC_DELIKLER
 10
222.54090881347656
 20
114.33932495117188
 30
0.0
 70
0
  0
VERTEX
  5
410
  8
IC_DELIKLER
 10
222.16517639160156
 20
114.80337524414062
 30
0.0
 70
0
  0
VERTEX
  5
411
  8
IC_DELIKLER
 10
221.79116821289062
 20
115.20179748535156
 30
0.0
 70
0
  0
VERTEX
  5
412
  8
IC_DELIKLER
 10
221.46275329589844
 20
115.50401306152344
 30
0.0
 70
0
  0
VERTEX
  5
413
  8
IC_DELIKLER
 10
221.1134796142578
 20
115.78089904785156
 30
0.0
 70
0
  0
VERTEX
  5
414
  8
IC_DELIKLER
 10
220.7440643310547
 20
116.03033447265625
 30
0.0
 70
0
  0
VERTEX
  5
415
  8
IC_DELIKLER
 10
220.35693359375
 20
116.25265502929688
 30
0.0
 70
0
  0
VERTEX
  5
416
  8
IC_DELIKLER
 10
219.91033935546875
 20
116.47105407714844
 30
0.0
 70
0
  0
VERTEX
  5
417
  8
IC_DELIKLER
 10
219.40460205078125
 20
116.68212890625
 30
0.0
 70
0
  0
VERTEX
  5
418
  8
IC_DELIKLER
 10
218.84109497070312
 20
116.88433837890625
 30
0.0
 70
0
  0
VERTEX
  5
419
  8
IC_DELIKLER
 10
218.26913452148438
 20
117.06291198730469
 30
0.0
 70
0
  0
VERTEX
  5
41A
  8
IC_DELIKLER
 10
217.691162109375
 20
117.22189331054688
 30
0.0
 70
0
  0
VERTEX
  5
41B
  8
IC_DELIKLER
 10
217.1086883544922
 20
117.36415100097656
 30
0.0
 70
0
  0
VERTEX
  5
41C
  8
IC_DELIKLER
 10
216.47378540039062
 20
117.50178527832031
 30
0.0
 70
0
  0
VERTEX
  5
41D
  8
IC_DELIKLER
 10
215.7864990234375
 20
117.63308715820312
 30
0.0
 70
0
  0
VERTEX
  5
41E
  8
IC_DELIKLER
 10
215.0469512939453
 20
117.75631713867188
 30
0.0
 70
0
  0
VERTEX
  5
41F
  8
IC_DELIKLER
 10
214.3048095703125
 20
117.86325073242188
 30
0.0
 70
0
  0
VERTEX
  5
420
  8
IC_DELIKLER
 10
211.87596130371094
 20
118.15447998046875
 30
0.0
 70
0
  0
VERTEX
  5
421
  8
IC_DELIKLER
 10
211.39625549316406
 20
118.24404907226562
 30
0.0
 70
0
  0
VERTEX
  5
422
  8
IC_DELIKLER
 10
210.99591064453125
 20
118.36569213867188
 30
0.0
 70
0
  0
VERTEX
  5
423
  8
IC_DELIKLER
 10
210.7982177734375
 20
118.45822143554688
 30
0.0
 70
0
  0
VERTEX
  5
424
  8
IC_DELIKLER
 10
210.62672424316406
 20
118.57246398925781
 30
0.0
 70
0
  0
VERTEX
  5
425
  8
IC_DELIKLER
 10
210.488037109375
 20
118.70991516113281
 30
0.0
 70
0
  0
VERTEX
  5
426
  8
IC_DELIKLER
 10
210.38722229003906
 20
118.87026977539062
 30
0.0
 70
0
  0
VERTEX
  5
427
  8
IC_DELIKLER
 10
210.32664489746094
 20
119.05123901367188
 30
0.0
 70
0
  0
VERTEX
  5
428
  8
IC_DELIKLER
 10
210.30545043945312
 20
119.24913024902344
 30
0.0
 70
0
  0
VERTEX
  5
429
  8
IC_DELIKLER
 10
210.31976318359375
 20
119.45954895019531
 30
0.0
 70
0
  0
VERTEX
  5
42A
  8
IC_DELIKLER
 10
210.3635711669922
 20
119.67826843261719
 30
0.0
 70
0
  0
VERTEX
  5
42B
  8
IC_DELIKLER
 10
210.4453582763672
 20
119.94685363769531
 30
0.0
 70
0
  0
VERTEX
  5
42C
  8
IC_DELIKLER
 10
210.5484619140625
 20
120.21835327148438
 30
0.0
 70
0
  0
VERTEX
  5
42D
  8
IC_DELIKLER
 10
210.9324493408203
 20
121.08023071289062
 30
0.0
 70
0
  0
VERTEX
  5
42E
  8
IC_DELIKLER
 10
216.8204345703125
 20
133.56089782714844
 30
0.0
 70
0
  0
VERTEX
  5
42F
  8
IC_DELIKLER
 10
225.4884796142578
 20
151.86192321777344
 30
0.0
 70
0
  0
VERTEX
  5
430
  8
IC_DELIKLER
 10
233.97903442382812
 20
169.74908447265625
 30
0.0
 70
0
  0
VERTEX
  5
431
  8
IC_DELIKLER
 10
238.30178833007812
 20
178.82189178466797
 30
0.0
 70
0
  0
VERTEX
  5
432
  8
IC_DELIKLER
 10
238.7167510986328
 20
179.67517852783203
 30
0.0
 70
0
  0
VERTEX
  5
433
  8
IC_DELIKLER
 10
238.9711456298828
 20
180.15704345703125
 30
0.0
 70
0
  0
VERTEX
  5
434
  8
IC_DELIKLER
 10
239.1223602294922
 20
180.40814971923828
 30
0.0
 70
0
  0
VERTEX
  5
435
  8
IC_DELIKLER
 10
239.25927734375
 20
180.60631561279297
 30
0.0
 70
0
  0
VERTEX
  5
436
  8
IC_DELIKLER
 10
239.40895080566406
 20
180.7906951904297
 30
0.0
 70
0
  0
VERTEX
  5
437
  8
IC_DELIKLER
 10
239.53927612304688
 20
180.92603302001953
 30
0.0
 70
0
  0
VERTEX
  5
438
  8
IC_DELIKLER
 10
239.6796417236328
 20
181.049072265625
 30
0.0
 70
0
  0
VERTEX
  5
439
  8
IC_DELIKLER
 10
239.83013916015625
 20
181.1589813232422
 30
0.0
 70
0
  0
VERTEX
  5
43A
  8
IC_DELIKLER
 10
239.99026489257812
 20
181.25555419921875
 30
0.0
 70
0
  0
VERTEX
  5
43B
  8
IC_DELIKLER
 10
240.20260620117188
 20
181.35823822021484
 30
0.0
 70
0
  0
VERTEX
  5
43C
  8
IC_DELIKLER
 10
240.51812744140625
 20
181.4725570678711
 30
0.0
 70
0
  0
VERTEX
  5
43D
  8
IC_DELIKLER
 10
240.84832763671875
 20
181.56085968017578
 30
0.0
 70
0
  0
VERTEX
  5
43E
  8
IC_DELIKLER
 10
242.75454711914062
 20
181.93830108642578
 30
0.0
 70
0
  0
VERTEX
  5
43F
  8
IC_DELIKLER
 10
243.33786010742188
 20
182.07620239257812
 30
0.0
 70
0
  0
VERTEX
  5
440
  8
IC_DELIKLER
 10
243.91551208496094
 20
182.23490142822266
 30
0.0
 70
0
  0
VERTEX
  5
441
  8
IC_DELIKLER
 10
244.48484802246094
 20
182.41932678222656
 30
0.0
 70
0
  0
VERTEX
  5
442
  8
IC_DELIKLER
 10
244.9956817626953
 20
182.61666107177734
 30
0.0
 70
0
  0
VERTEX
  5
443
  8
IC_DELIKLER
 10
245.446044921875
 20
182.82538604736328
 30
0.0
 70
0
  0
VERTEX
  5
444
  8
IC_DELIKLER
 10
245.8344268798828
 20
183.04244232177734
 30
0.0
 70
0
  0
VERTEX
  5
445
  8
IC_DELIKLER
 10
246.1608428955078
 20
183.2624969482422
 30
0.0
 70
0
  0
VERTEX
  5
446
  8
IC_DELIKLER
 10
246.42799377441406
 20
183.4780044555664
 30
0.0
 70
0
  0
VERTEX
  5
447
  8
IC_DELIKLER
 10
246.6751708984375
 20
183.71541595458984
 30
0.0
 70
0
  0
VERTEX
  5
448
  8
IC_DELIKLER
 10
246.93191528320312
 20
184.01200103759766
 30
0.0
 70
0
  0
VERTEX
  5
449
  8
IC_DELIKLER
 10
247.16262817382812
 20
184.33148193359375
 30
0.0
 70
0
  0
VERTEX
  5
44A
  8
IC_DELIKLER
 10
247.3715362548828
 20
184.66820526123047
 30
0.0
 70
0
  0
VERTEX
  5
44B
  8
IC_DELIKLER
 10
247.6101837158203
 20
185.10496520996094
 30
0.0
 70
0
  0
VERTEX
  5
44C
  8
IC_DELIKLER
 10
247.87535095214844
 20
185.64210510253906
 30
0.0
 70
0
  0
VERTEX
  5
44D
  8
IC_DELIKLER
 10
248.22799682617188
 20
186.41506958007812
 30
0.0
 70
0
  0
VERTEX
  5
44E
  8
IC_DELIKLER
 10
248.62094116210938
 20
187.33444213867188
 30
0.0
 70
0
  0
VERTEX
  5
44F
  8
IC_DELIKLER
 10
249.01385498046875
 20
188.30801391601562
 30
0.0
 70
0
  0
VERTEX
  5
450
  8
IC_DELIKLER
 10
249.37060546875
 20
189.24208068847656
 30
0.0
 70
0
  0
VERTEX
  5
451
  8
IC_DELIKLER
 10
249.88504028320312
 20
190.70381927490234
 30
0.0
 70
0
  0
VERTEX
  5
452
  8
IC_DELIKLER
 10
250.4711151123047
 20
192.6133575439453
 30
0.0
 70
0
  0
VERTEX
  5
453
  8
IC_DELIKLER
 10
250.67132568359375
 20
193.17353057861328
 30
0.0
 70
0
  0
VERTEX
  5
454
  8
IC_DELIKLER
 10
250.81088256835938
 20
193.4893569946289
 30
0.0
 70
0
  0
VERTEX
  5
455
  8
IC_DELIKLER
 10
250.99481201171875
 20
193.83792114257812
 30
0.0
 70
0
  0
VERTEX
  5
456
  8
IC_DELIKLER
 10
251.60296630859375
 20
194.79492950439453
 30
0.0
 70
0
  0
VERTEX
  5
457
  8
IC_DELIKLER
 10
251.79083251953125
 20
195.1341094970703
 30
0.0
 70
0
  0
VERTEX
  5
458
  8
IC_DELIKLER
 10
251.88673400878906
 20
195.35194396972656
 30
0.0
 70
0
  0
VERTEX
  5
459
  8
IC_DELIKLER
 10
251.96034240722656
 20
195.57403564453125
 30
0.0
 70
0
  0
VERTEX
  5
45A
  8
IC_DELIKLER
 10
252.0074920654297
 20
195.79896545410156
 30
0.0
 70
0
  0
VERTEX
  5
45B
  8
IC_DELIKLER
 10
252.02381896972656
 20
195.97936248779297
 30
0.0
 70
0
  0
VERTEX
  5
45C
  8
IC_DELIKLER
 10
252.01544189453125
 20
196.20281982421875
 30
0.0
 70
0
  0
VERTEX
  5
45D
  8
IC_DELIKLER
 10
251.98489379882812
 20
196.3777313232422
 30
0.0
 70
0
  0
VERTEX
  5
45E
  8
IC_DELIKLER
 10
251.93309020996094
 20
196.54720306396484
 30
0.0
 70
0
  0
VERTEX
  5
45F
  8
IC_DELIKLER
 10
251.83938598632812
 20
196.74868774414062
 30
0.0
 70
0
  0
VERTEX
  5
460
  8
IC_DELIKLER
 10
251.74266052246094
 20
196.89974212646484
 30
0.0
 70
0
  0
VERTEX
  5
461
  8
IC_DELIKLER
 10
251.59722900390625
 20
197.0739974975586
 30
0.0
 70
0
  0
VERTEX
  5
462
  8
IC_DELIKLER
 10
251.42811584472656
 20
197.23080444335938
 30
0.0
 70
0
  0
VERTEX
  5
463
  8
IC_DELIKLER
 10
251.2393035888672
 20
197.3696746826172
 30
0.0
 70
0
  0
VERTEX
  5
464
  8
IC_DELIKLER
 10
251.07672119140625
 20
197.4680633544922
 30
0.0
 70
0
  0
VERTEX
  5
465
  8
IC_DELIKLER
 10
250.86207580566406
 20
197.575927734375
 30
0.0
 70
0
  0
VERTEX
  5
466
  8
IC_DELIKLER
 10
250.45274353027344
 20
197.7322235107422
 30
0.0
 70
0
  0
VERTEX
  5
467
  8
IC_DELIKLER
 10
250.02560424804688
 20
197.8497543334961
 30
0.0
 70
0
  0
VERTEX
  5
468
  8
IC_DELIKLER
 10
249.1680450439453
 20
198.0401382446289
 30
0.0
 70
0
  0
VERTEX
  5
469
  8
IC_DELIKLER
 10
248.8594207763672
 20
198.1343231201172
 30
0.0
 70
0
  0
VERTEX
  5
46A
  8
IC_DELIKLER
 10
248.58758544921875
 20
198.26229858398438
 30
0.0
 70
0
  0
VERTEX
  5
46B
  8
IC_DELIKLER
 10
248.45603942871094
 20
198.35509490966797
 30
0.0
 70
0
  0
VERTEX
  5
46C
  8
IC_DELIKLER
 10
248.3712615966797
 20
198.43499755859375
 30
0.0
 70
0
  0
VERTEX
  5
46D
  8
IC_DELIKLER
 10
248.27870178222656
 20
198.55535888671875
 30
0.0
 70
0
  0
VERTEX
  5
46E
  8
IC_DELIKLER
 10
248.2109832763672
 20
198.69075775146484
 30
0.0
 70
0
  0
VERTEX
  5
46F
  8
IC_DELIKLER
 10
248.1684112548828
 20
198.83958435058594
 30
0.0
 70
0
  0
VERTEX
  5
470
  8
IC_DELIKLER
 10
248.15008544921875
 20
198.99964141845703
 30
0.0
 70
0
  0
VERTEX
  5
471
  8
IC_DELIKLER
 10
248.1539306640625
 20
199.16844177246094
 30
0.0
 70
0
  0
VERTEX
  5
472
  8
IC_DELIKLER
 10
248.1855926513672
 20
199.3880386352539
 30
0.0
 70
0
  0
VERTEX
  5
473
  8
IC_DELIKLER
 10
248.24111938476562
 20
199.61341094970703
 30
0.0
 70
0
  0
VERTEX
  5
474
  8
IC_DELIKLER
 10
248.33053588867188
 20
199.8873291015625
 30
0.0
 70
0
  0
VERTEX
  5
475
  8
IC_DELIKLER
 10
248.4930419921875
 20
200.29950714111328
 30
0.0
 70
0
  0
VERTEX
  5
476
  8
IC_DELIKLER
 10
248.7338409423828
 20
200.84695434570312
 30
0.0
 70
0
  0
VERTEX
  5
477
  8
IC_DELIKLER
 10
249.93411254882812
 20
203.43163299560547
 30
0.0
 70
0
  0
VERTEX
  5
478
  8
IC_DELIKLER
 10
252.723876953125
 20
209.35781860351562
 30
0.0
 70
0
  0
VERTEX
  5
479
  8
IC_DELIKLER
 10
256.3830871582031
 20
217.08521270751953
 30
0.0
 70
0
  0
VERTEX
  5
47A
  8
IC_DELIKLER
 10
264.6195373535156
 20
234.37344360351562
 30
0.0
 70
0
  0
VERTEX
  5
47B
  8
IC_DELIKLER
 10
267.39312744140625
 20
240.14120864868164
 30
0.0
 70
0
  0
VERTEX
  5
47C
  8
IC_DELIKLER
 10
267.9410095214844
 20
241.26426315307617
 30
0.0
 70
0
  0
VERTEX
  5
47D
  8
IC_DELIKLER
 10
268.236328125
 20
241.83912658691406
 30
0.0
 70
0
  0
VERTEX
  5
47E
  8
IC_DELIKLER
 10
268.4847717285156
 20
242.25923919677734
 30
0.0
 70
0
  0
VERTEX
  5
47F
  8
IC_DELIKLER
 10
268.7117004394531
 20
242.56288146972656
 30
0.0
 70
0
  0
VERTEX
  5
480
  8
IC_DELIKLER
 10
268.9399719238281
 20
242.79114532470703
 30
0.0
 70
0
  0
VERTEX
  5
481
  8
IC_DELIKLER
 10
269.1998596191406
 20
242.97640228271484
 30
0.0
 70
0
  0
VERTEX
  5
482
  8
IC_DELIKLER
 10
269.40411376953125
 20
243.08182525634766
 30
0.0
 70
0
  0
VERTEX
  5
483
  8
IC_DELIKLER
 10
269.666259765625
 20
243.18259811401367
 30
0.0
 70
0
  0
VERTEX
  5
484
  8
IC_DELIKLER
 10
270.79425048828125
 20
243.48331451416016
 30
0.0
 70
0
  0
VERTEX
  5
485
  8
IC_DELIKLER
 10
271.0730895996094
 20
243.57761764526367
 30
0.0
 70
0
  0
VERTEX
  5
486
  8
IC_DELIKLER
 10
271.34539794921875
 20
243.68953704833984
 30
0.0
 70
0
  0
VERTEX
  5
487
  8
IC_DELIKLER
 10
271.6541748046875
 20
243.84217834472656
 30
0.0
 70
0
  0
VERTEX
  5
488
  8
IC_DELIKLER
 10
271.99615478515625
 20
244.04116439819336
 30
0.0
 70
0
  0
VERTEX
  5
489
  8
IC_DELIKLER
 10
272.37030029296875
 20
244.2867660522461
 30
0.0
 70
0
  0
VERTEX
  5
48A
  8
IC_DELIKLER
 10
277.0325012207031
 20
247.65000534057617
 30
0.0
 70
0
  0
VERTEX
  5
48B
  8
IC_DELIKLER
 10
277.8751525878906
 20
248.27631759643555
 30
0.0
 70
0
  0
VERTEX
  5
48C
  8
IC_DELIKLER
 10
278.6270751953125
 20
248.85663986206055
 30
0.0
 70
0
  0
VERTEX
  5
48D
  8
IC_DELIKLER
 10
279.4018859863281
 20
249.48815536499023
 30
0.0
 70
0
  0
VERTEX
  5
48E
  8
IC_DELIKLER
 10
280.03961181640625
 20
250.04893493652344
 30
0.0
 70
0
  0
VERTEX
  5
48F
  8
IC_DELIKLER
 10
280.6131286621094
 20
250.60469436645508
 30
0.0
 70
0
  0
VERTEX
  5
490
  8
IC_DELIKLER
 10
281.0848083496094
 20
251.1192970275879
 30
0.0
 70
0
  0
VERTEX
  5
491
  8
IC_DELIKLER
 10
281.400146484375
 20
251.50518417358398
 30
0.0
 70
0
  0
VERTEX
  5
492
  8
IC_DELIKLER
 10
281.7243957519531
 20
251.9472198486328
 30
0.0
 70
0
  0
VERTEX
  5
493
  8
IC_DELIKLER
 10
282.0263977050781
 20
252.40526962280273
 30
0.0
 70
0
  0
VERTEX
  5
494
  8
IC_DELIKLER
 10
282.3357238769531
 20
252.91843795776367
 30
0.0
 70
0
  0
VERTEX
  5
495
  8
IC_DELIKLER
 10
282.70281982421875
 20
253.57200622558594
 30
0.0
 70
0
  0
VERTEX
  5
496
  8
IC_DELIKLER
 10
283.1264343261719
 20
254.36591339111328
 30
0.0
 70
0
  0
VERTEX
  5
497
  8
IC_DELIKLER
 10
284.140380859375
 20
256.3743019104004
 30
0.0
 70
0
  0
VERTEX
  5
498
  8
IC_DELIKLER
 10
285.0021057128906
 20
258.1790351867676
 30
0.0
 70
0
  0
VERTEX
  5
499
  8
IC_DELIKLER
 10
285.74462890625
 20
259.8186149597168
 30
0.0
 70
0
  0
VERTEX
  5
49A
  8
IC_DELIKLER
 10
287.14801025390625
 20
263.0782890319824
 30
0.0
 70
0
  0
VERTEX
  5
49B
  8
IC_DELIKLER
 10
287.918212890625
 20
265.0815544128418
 30
0.0
 70
0
  0
VERTEX
  5
49C
  8
IC_DELIKLER
 10
288.1238098144531
 20
265.5349922180176
 30
0.0
 70
0
  0
VERTEX
  5
49D
  8
IC_DELIKLER
 10
288.3553771972656
 20
265.9749946594238
 30
0.0
 70
0
  0
VERTEX
  5
49E
  8
IC_DELIKLER
 10
288.6156921386719
 20
266.3972511291504
 30
0.0
 70
0
  0
VERTEX
  5
49F
  8
IC_DELIKLER
 10
288.8768615722656
 20
266.7557067871094
 30
0.0
 70
0
  0
VERTEX
  5
4A0
  8
IC_DELIKLER
 10
289.1328125
 20
267.0475273132324
 30
0.0
 70
0
  0
VERTEX
  5
4A1
  8
IC_DELIKLER
 10
289.4127502441406
 20
267.2988395690918
 30
0.0
 70
0
  0
VERTEX
  5
4A2
  8
IC_DELIKLER
 10
289.6761779785156
 20
267.4686470031738
 30
0.0
 70
0
  0
VERTEX
  5
4A3
  8
IC_DELIKLER
 10
289.91204833984375
 20
267.56382751464844
 30
0.0
 70
0
  0
VERTEX
  5
4A4
  8
IC_DELIKLER
 10
290.0716857910156
 20
267.596492767334
 30
0.0
 70
0
  0
VERTEX
  5
4A5
  8
IC_DELIKLER
 10
290.1911926269531
 20
267.60340118408203
 30
0.0
 70
0
  0
SEQEND
  5
379
  8
IC_DELIKLER
  0
POLYLINE
  5
4A6
  8
IC_DELIKLER
 66
1
 10
0.0
 20
0.0
 30
0.0
 70
1
  0
VERTEX
  5
4A8
  8
IC_DELIKLER
 10
169.46681213378906
 20
44.36700439453125
 30
0.0
 70
0
  0
VERTEX
  5
4A9
  8
IC_DELIKLER
 10
169.2628936767578
 20
44.26115417480469
 30
0.0
 70
0
  0
VERTEX
  5
4AA
  8
IC_DELIKLER
 10
169.0851593017578
 20
44.22160339355469
 30
0.0
 70
0
  0
VERTEX
  5
4AB
  8
IC_DELIKLER
 10
168.90496826171875
 20
44.22880554199219
 30
0.0
 70
0
  0
VERTEX
  5
4AC
  8
IC_DELIKLER
 10
168.7269287109375
 20
44.28169250488281
 30
0.0
 70
0
  0
VERTEX
  5
4AD
  8
IC_DELIKLER
 10
168.55494689941406
 20
44.376251220703125
 30
0.0
 70
0
  0
VERTEX
  5
4AE
  8
IC_DELIKLER
 10
168.35983276367188
 20
44.53593444824219
 30
0.0
 70
0
  0
VERTEX
  5
4AF
  8
IC_DELIKLER
 10
168.1487579345703
 20
44.770233154296875
 30
0.0
 70
0
  0
VERTEX
  5
4B0
  8
IC_DELIKLER
 10
167.95297241210938
 20
45.0384521484375
 30
0.0
 70
0
  0
VERTEX
  5
4B1
  8
IC_DELIKLER
 10
167.66586303710938
 20
45.49546813964844
 30
0.0
 70
0
  0
VERTEX
  5
4B2
  8
IC_DELIKLER
 10
167.2453155517578
 20
46.23138427734375
 30
0.0
 70
0
  0
VERTEX
  5
4B3
  8
IC_DELIKLER
 10
163.98670959472656
 20
52.14253234863281
 30
0.0
 70
0
  0
VERTEX
  5
4B4
  8
IC_DELIKLER
 10
163.26612854003906
 20
53.4007568359375
 30
0.0
 70
0
  0
VERTEX
  5
4B5
  8
IC_DELIKLER
 10
162.43063354492188
 20
54.82356262207031
 30
0.0
 70
0
  0
VERTEX
  5
4B6
  8
IC_DELIKLER
 10
161.11534118652344
 20
57.00813293457031
 30
0.0
 70
0
  0
VERTEX
  5
4B7
  8
IC_DELIKLER
 10
159.6714324951172
 20
59.348541259765625
 30
0.0
 70
0
  0
VERTEX
  5
4B8
  8
IC_DELIKLER
 10
158.15155029296875
 20
61.75941467285156
 30
0.0
 70
0
  0
VERTEX
  5
4B9
  8
IC_DELIKLER
 10
156.6092529296875
 20
64.15602111816406
 30
0.0
 70
0
  0
VERTEX
  5
4BA
  8
IC_DELIKLER
 10
155.3199920654297
 20
66.12075805664062
 30
0.0
 70
0
  0
VERTEX
  5
4BB
  8
IC_DELIKLER
 10
154.0687255859375
 20
67.99072265625
 30
0.0
 70
0
  0
VERTEX
  5
4BC
  8
IC_DELIKLER
 10
152.9110565185547
 20
69.68251037597656
 30
0.0
 70
0
  0
VERTEX
  5
4BD
  8
IC_DELIKLER
 10
151.8470916748047
 20
71.19587707519531
 30
0.0
 70
0
  0
VERTEX
  5
4BE
  8
IC_DELIKLER
 10
146.6558074951172
 20
78.36329650878906
 30
0.0
 70
0
  0
VERTEX
  5
4BF
  8
IC_DELIKLER
 10
142.62753295898438
 20
83.84165954589844
 30
0.0
 70
0
  0
VERTEX
  5
4C0
  8
IC_DELIKLER
 10
140.16433715820312
 20
87.24349975585938
 30
0.0
 70
0
  0
VERTEX
  5
4C1
  8
IC_DELIKLER
 10
137.7412567138672
 20
90.55084228515625
 30
0.0
 70
0
  0
VERTEX
  5
4C2
  8
IC_DELIKLER
 10
136.43690490722656
 20
92.3839111328125
 30
0.0
 70
0
  0
VERTEX
  5
4C3
  8
IC_DELIKLER
 10
136.04800415039062
 20
92.96514892578125
 30
0.0
 70
0
  0
VERTEX
  5
4C4
  8
IC_DELIKLER
 10
135.7593994140625
 20
93.42970275878906
 30
0.0
 70
0
  0
VERTEX
  5
4C5
  8
IC_DELIKLER
 10
135.5482177734375
 20
93.81544494628906
 30
0.0
 70
0
  0
VERTEX
  5
4C6
  8
IC_DELIKLER
 10
135.39761352539062
 20
94.15774536132812
 30
0.0
 70
0
  0
VERTEX
  5
4C7
  8
IC_DELIKLER
 10
135.31295776367188
 20
94.44590759277344
 30
0.0
 70
0
  0
VERTEX
  5
4C8
  8
IC_DELIKLER
 10
135.28965759277344
 20
94.705322265625
 30
0.0
 70
0
  0
VERTEX
  5
4C9
  8
IC_DELIKLER
 10
135.3088836669922
 20
94.8316650390625
 30
0.0
 70
0
  0
VERTEX
  5
4CA
  8
IC_DELIKLER
 10
135.3396759033203
 20
94.91241455078125
 30
0.0
 70
0
  0
VERTEX
  5
4CB
  8
IC_DELIKLER
 10
135.3843536376953
 20
94.97917175292969
 30
0.0
 70
0
  0
VERTEX
  5
4CC
  8
IC_DELIKLER
 10
135.44232177734375
 20
95.030517578125
 30
0.0
 70
0
  0
VERTEX
  5
4CD
  8
IC_DELIKLER
 10
135.51255798339844
 20
95.06546020507812
 30
0.0
 70
0
  0
VERTEX
  5
4CE
  8
IC_DELIKLER
 10
135.5937042236328
 20
95.08354187011719
 30
0.0
 70
0
  0
VERTEX
  5
4CF
  8
IC_DELIKLER
 10
135.78224182128906
 20
95.06996154785156
 30
0.0
 70
0
  0
VERTEX
  5
4D0
  8
IC_DELIKLER
 10
135.9945068359375
 20
94.99630737304688
 30
0.0
 70
0
  0
VERTEX
  5
4D1
  8
IC_DELIKLER
 10
136.25643920898438
 20
94.85041809082031
 30
0.0
 70
0
  0
VERTEX
  5
4D2
  8
IC_DELIKLER
 10
136.5216522216797
 20
94.66011047363281
 30
0.0
 70
0
  0
VERTEX
  5
4D3
  8
IC_DELIKLER
 10
136.8209228515625
 20
94.41059875488281
 30
0.0
 70
0
  0
VERTEX
  5
4D4
  8
IC_DELIKLER
 10
137.1862335205078
 20
94.07438659667969
 30
0.0
 70
0
  0
VERTEX
  5
4D5
  8
IC_DELIKLER
 10
137.64918518066406
 20
93.61929321289062
 30
0.0
 70
0
  0
VERTEX
  5
4D6
  8
IC_DELIKLER
 10
138.65394592285156
 20
92.57421875
 30
0.0
 70
0
  0
VERTEX
  5
4D7
  8
IC_DELIKLER
 10
139.9411163330078
 20
91.1767578125
 30
0.0
 70
0
  0
VERTEX
  5
4D8
  8
IC_DELIKLER
 10
141.8428192138672
 20
89.05406188964844
 30
0.0
 70
0
  0
VERTEX
  5
4D9
  8
IC_DELIKLER
 10
145.25057983398438
 20
85.19284057617188
 30
0.0
 70
0
  0
VERTEX
  5
4DA
  8
IC_DELIKLER
 10
145.89248657226562
 20
84.49343872070312
 30
0.0
 70
0
  0
VERTEX
  5
4DB
  8
IC_DELIKLER
 10
146.34886169433594
 20
84.03553771972656
 30
0.0
 70
0
  0
VERTEX
  5
4DC
  8
IC_DELIKLER
 10
146.5690460205078
 20
83.83815002441406
 30
0.0
 70
0
  0
VERTEX
  5
4DD
  8
IC_DELIKLER
 10
146.79808044433594
 20
83.65592956542969
 30
0.0
 70
0
  0
VERTEX
  5
4DE
  8
IC_DELIKLER
 10
146.9971160888672
 20
83.51980590820312
 30
0.0
 70
0
  0
VERTEX
  5
4DF
  8
IC_DELIKLER
 10
147.20437622070312
 20
83.40155029296875
 30
0.0
 70
0
  0
VERTEX
  5
4E0
  8
IC_DELIKLER
 10
147.42013549804688
 20
83.3038330078125
 30
0.0
 70
0
  0
VERTEX
  5
4E1
  8
IC_DELIKLER
 10
147.6439971923828
 20
83.22822570800781
 30
0.0
 70
0
  0
VERTEX
  5
4E2
  8
IC_DELIKLER
 10
147.8750457763672
 20
83.1748046875
 30
0.0
 70
0
  0
VERTEX
  5
4E3
  8
IC_DELIKLER
 10
148.1119842529297
 20
83.14210510253906
 30
0.0
 70
0
  0
VERTEX
  5
4E4
  8
IC_DELIKLER
 10
148.4507598876953
 20
83.12594604492188
 30
0.0
 70
0
  0
VERTEX
  5
4E5
  8
IC_DELIKLER
 10
148.89324951171875
 20
83.14218139648438
 30
0.0
 70
0
  0
VERTEX
  5
4E6
  8
IC_DELIKLER
 10
149.43783569335938
 20
83.19454956054688
 30
0.0
 70
0
  0
VERTEX
  5
4E7
  8
IC_DELIKLER
 10
150.23045349121094
 20
83.29777526855469
 30
0.0
 70
0
  0
VERTEX
  5
4E8
  8
IC_DELIKLER
 10
152.70046997070312
 20
83.68272399902344
 30
0.0
 70
0
  0
VERTEX
  5
4E9
  8
IC_DELIKLER
 10
155.7042236328125
 20
84.21141052246094
 30
0.0
 70
0
  0
VERTEX
  5
4EA
  8
IC_DELIKLER
 10
158.11061096191406
 20
84.67144775390625
 30
0.0
 70
0
  0
VERTEX
  5
4EB
  8
IC_DELIKLER
 10
160.31422424316406
 20
85.1256103515625
 30
0.0
 70
0
  0
VERTEX
  5
4EC
  8
IC_DELIKLER
 10
165.1905059814453
 20
86.22915649414062
 30
0.0
 70
0
  0
VERTEX
  5
4ED
  8
IC_DELIKLER
 10
166.3577117919922
 20
86.50729370117188
 30
0.0
 70
0
  0
VERTEX
  5
4EE
  8
IC_DELIKLER
 10
168.0039520263672
 20
86.93110656738281
 30
0.0
 70
0
  0
VERTEX
  5
4EF
  8
IC_DELIKLER
 10
169.83668518066406
 20
87.43199157714844
 30
0.0
 70
0
  0
VERTEX
  5
4F0
  8
IC_DELIKLER
 10
171.7592315673828
 20
87.98310852050781
 30
0.0
 70
0
  0
VERTEX
  5
4F1
  8
IC_DELIKLER
 10
173.77090454101562
 20
88.58560180664062
 30
0.0
 70
0
  0
VERTEX
  5
4F2
  8
IC_DELIKLER
 10
176.8767852783203
 20
89.54264831542969
 30
0.0
 70
0
  0
VERTEX
  5
4F3
  8
IC_DELIKLER
 10
178.16282653808594
 20
89.95298767089844
 30
0.0
 70
0
  0
VERTEX
  5
4F4
  8
IC_DELIKLER
 10
179.7745361328125
 20
90.49354553222656
 30
0.0
 70
0
  0
VERTEX
  5
4F5
  8
IC_DELIKLER
 10
183.22608947753906
 20
91.68061828613281
 30
0.0
 70
0
  0
VERTEX
  5
4F6
  8
IC_DELIKLER
 10
184.88726806640625
 20
92.23072814941406
 30
0.0
 70
0
  0
VERTEX
  5
4F7
  8
IC_DELIKLER
 10
185.93821716308594
 20
92.546875
 30
0.0
 70
0
  0
VERTEX
  5
4F8
  8
IC_DELIKLER
 10
186.3216552734375
 20
92.64019775390625
 30
0.0
 70
0
  0
VERTEX
  5
4F9
  8
IC_DELIKLER
 10
186.60824584960938
 20
92.69219970703125
 30
0.0
 70
0
  0
VERTEX
  5
4FA
  8
IC_DELIKLER
 10
186.8448486328125
 20
92.71772766113281
 30
0.0
 70
0
  0
VERTEX
  5
4FB
  8
IC_DELIKLER
 10
187.03138732910156
 20
92.72299194335938
 30
0.0
 70
0
  0
VERTEX
  5
4FC
  8
IC_DELIKLER
 10
187.25909423828125
 20
92.70674133300781
 30
0.0
 70
0
  0
VERTEX
  5
4FD
  8
IC_DELIKLER
 10
187.43511962890625
 20
92.67311096191406
 30
0.0
 70
0
  0
VERTEX
  5
4FE
  8
IC_DELIKLER
 10
187.60397338867188
 20
92.61981201171875
 30
0.0
 70
0
  0
VERTEX
  5
4FF
  8
IC_DELIKLER
 10
187.76412963867188
 20
92.54644775390625
 30
0.0
 70
0
  0
VERTEX
  5
500
  8
IC_DELIKLER
 10
187.91421508789062
 20
92.45344543457031
 30
0.0
 70
0
  0
VERTEX
  5
501
  8
IC_DELIKLER
 10
188.05320739746094
 20
92.34196472167969
 30
0.0
 70
0
  0
VERTEX
  5
502
  8
IC_DELIKLER
 10
188.23973083496094
 20
92.14419555664062
 30
0.0
 70
0
  0
VERTEX
  5
503
  8
IC_DELIKLER
 10
188.4250946044922
 20
91.87646484375
 30
0.0
 70
0
  0
VERTEX
  5
504
  8
IC_DELIKLER
 10
188.58204650878906
 20
91.58197021484375
 30
0.0
 70
0
  0
VERTEX
  5
505
  8
IC_DELIKLER
 10
188.90614318847656
 20
90.88433837890625
 30
0.0
 70
0
  0
VERTEX
  5
506
  8
IC_DELIKLER
 10
189.12232971191406
 20
90.52395629882812
 30
0.0
 70
0
  0
VERTEX
  5
507
  8
IC_DELIKLER
 10
189.35511779785156
 20
90.24215698242188
 30
0.0
 70
0
  0
VERTEX
  5
508
  8
IC_DELIKLER
 10
189.90872192382812
 20
89.72213745117188
 30
0.0
 70
0
  0
VERTEX
  5
509
  8
IC_DELIKLER
 10
190.0244903564453
 20
89.59585571289062
 30
0.0
 70
0
  0
VERTEX
  5
50A
  8
IC_DELIKLER
 10
190.12554931640625
 20
89.46144104003906
 30
0.0
 70
0
  0
VERTEX
  5
50B
  8
IC_DELIKLER
 10
190.20880126953125
 20
89.317138671875
 30
0.0
 70
0
  0
VERTEX
  5
50C
  8
IC_DELIKLER
 10
190.2724609375
 20
89.16238403320312
 30
0.0
 70
0
  0
VERTEX
  5
50D
  8
IC_DELIKLER
 10
190.31600952148438
 20
88.99774169921875
 30
0.0
 70
0
  0
VERTEX
  5
50E
  8
IC_DELIKLER
 10
190.34007263183594
 20
88.82455444335938
 30
0.0
 70
0
  0
VERTEX
  5
50F
  8
IC_DELIKLER
 10
190.34605407714844
 20
88.64468383789062
 30
0.0
 70
0
  0
VERTEX
  5
510
  8
IC_DELIKLER
 10
190.3311004638672
 20
88.4134521484375
 30
0.0
 70
0
  0
VERTEX
  5
511
  8
IC_DELIKLER
 10
190.25381469726562
 20
87.98915100097656
 30
0.0
 70
0
  0
VERTEX
  5
512
  8
IC_DELIKLER
 10
190.11460876464844
 20
87.51773071289062
 30
0.0
 70
0
  0
VERTEX
  5
513
  8
IC_DELIKLER
 10
189.9044189453125
 20
86.959228515625
 30
0.0
 70
0
  0
VERTEX
  5
514
  8
IC_DELIKLER
 10
189.59068298339844
 20
86.2242431640625
 30
0.0
 70
0
  0
VERTEX
  5
515
  8
IC_DELIKLER
 10
189.0761260986328
 20
85.08518981933594
 30
0.0
 70
0
  0
VERTEX
  5
516
  8
IC_DELIKLER
 10
186.36639404296875
 20
79.28717041015625
 30
0.0
 70
0
  0
VERTEX
  5
517
  8
IC_DELIKLER
 10
179.6114501953125
 20
65.00395202636719
 30
0.0
 70
0
  0
VERTEX
  5
518
  8
IC_DELIKLER
 10
175.1703338623047
 20
55.65521240234375
 30
0.0
 70
0
  0
VERTEX
  5
519
  8
IC_DELIKLER
 10
171.71664428710938
 20
48.439117431640625
 30
0.0
 70
0
  0
VERTEX
  5
51A
  8
IC_DELIKLER
 10
170.53956604003906
 20
46.00946044921875
 30
0.0
 70
0
  0
VERTEX
  5
51B
  8
IC_DELIKLER
 10
170.1322784423828
 20
45.21421813964844
 30
0.0
 70
0
  0
VERTEX
  5
51C
  8
IC_DELIKLER
 10
169.96034240722656
 20
44.92315673828125
 30
0.0
 70
0
  0
VERTEX
  5
51D
  8
IC_DELIKLER
 10
169.8004608154297
 20
44.694671630859375
 30
0.0
 70
0
  0
VERTEX
  5
51E
  8
IC_DELIKLER
 10
169.62538146972656
 20
44.49766540527344
 30
0.0
 70
0
  0
SEQEND
  5
4A7
  8
IC_DELIKLER
  0
POLYLINE
  5
51F
  8
IC_DELIKLER
 66
1
 10
0.0
 20
0.0
 30
0.0
 70
1
  0
VERTEX
  5
521
  8
IC_DELIKLER
 10
41.28052
 20
75.94999999999999
 30
0.0
 70
0
  0
VERTEX
  5
522
  8
IC_DELIKLER
 10
41.39267324273657
 20
75.94720307274255
 30
0.0
 70
0
  0
VERTEX
  5
523
  8
IC_DELIKLER
 10
41.504547654840586
 20
75.93881924457213
 30
0.0
 70
0
  0
VERTEX
  5
524
  8
IC_DELIKLER
 10
41.61586509889639
 20
75.92486935900655
 30
0.0
 70
0
  0
VERTEX
  5
525
  8
IC_DELIKLER
 10
41.726348822198645
 20
75.90538809765923
 30
0.0
 70
0
  0
VERTEX
  5
526
  8
IC_DELIKLER
 10
41.835724144803166
 20
75.88042389401545
 30
0.0
 70
0
  0
VERTEX
  5
527
  8
IC_DELIKLER
 10
41.94371914242454
 20
75.85003881301881
 30
0.0
 70
0
  0
VERTEX
  5
528
  8
IC_DELIKLER
 10
42.05006532248275
 20
75.81430839676827
 30
0.0
 70
0
  0
VERTEX
  5
529
  8
IC_DELIKLER
 10
42.15449829161806
 20
75.77332147670842
 30
0.0
 70
0
  0
VERTEX
  5
52A
  8
IC_DELIKLER
 10
42.25675841301451
 20
75.72717995278043
 30
0.0
 70
0
  0
VERTEX
  5
52B
  8
IC_DELIKLER
 10
42.35659145189797
 20
75.67599854008299
 30
0.0
 70
0
  0
VERTEX
  5
52C
  8
IC_DELIKLER
 10
42.45374920760388
 20
75.61990448367237
 30
0.0
 70
0
  0
VERTEX
  5
52D
  8
IC_DELIKLER
 10
42.54799013064315
 20
75.55903724221099
 30
0.0
 70
0
  0
VERTEX
  5
52E
  8
IC_DELIKLER
 10
42.63907992323233
 20
75.49354814125158
 30
0.0
 70
0
  0
VERTEX
  5
52F
  8
IC_DELIKLER
 10
42.726792121794716
 20
75.4235999970177
 30
0.0
 70
0
  0
VERTEX
  5
530
  8
IC_DELIKLER
 10
42.81090865998457
 20
75.34936671161714
 30
0.0
 70
0
  0
VERTEX
  5
531
  8
IC_DELIKLER
 10
42.89122041083437
 20
75.27103284069366
 30
0.0
 70
0
  0
VERTEX
  5
532
  8
IC_DELIKLER
 10
42.9675277066774
 20
75.18879313459291
 30
0.0
 70
0
  0
VERTEX
  5
533
  8
IC_DELIKLER
 10
43.03964083555307
 20
75.10285205418214
 30
0.0
 70
0
  0
VERTEX
  5
534
  8
IC_DELIKLER
 10
43.10738051286068
 20
75.0134232625283
 30
0.0
 70
0
  0
VERTEX
  5
535
  8
IC_DELIKLER
 10
43.17057832708924
 20
74.92072909369796
 30
0.0
 70
0
  0
VERTEX
  5
536
  8
IC_DELIKLER
 10
43.22907715851498
 20
74.82499999999999
 30
0.0
 70
0
  0
VERTEX
  5
537
  8
IC_DELIKLER
 10
43.282731569825806
 20
74.72647397904461
 30
0.0
 70
0
  0
VERTEX
  5
538
  8
IC_DELIKLER
 10
43.33140816770127
 20
74.6253959820439
 30
0.0
 70
0
  0
VERTEX
  5
539
  8
IC_DELIKLER
 10
43.37498593444946
 20
74.52201730482437
 30
0.0
 70
0
  0
VERTEX
  5
53A
  8
IC_DELIKLER
 10
43.413356528876044
 20
74.4165949630663
 30
0.0
 70
0
  0
VERTEX
  5
53B
  8
IC_DELIKLER
 10
43.44642455563753
 20
74.30939105332178
 30
0.0
 70
0
  0
VERTEX
  5
53C
  8
IC_DELIKLER
 10
43.47410780240911
 20
74.2006721014017
 30
0.0
 70
0
  0
VERTEX
  5
53D
  8
IC_DELIKLER
 10
43.49633744427747
 20
74.09070839975061
 30
0.0
 70
0
  0
VERTEX
  5
53E
  8
IC_DELIKLER
 10
43.51305821485039
 20
73.97977333545683
 30
0.0
 70
0
  0
VERTEX
  5
53F
  8
IC_DELIKLER
 10
43.52422854365766
 20
73.86814271056946
 30
0.0
 70
0
  0
VERTEX
  5
540
  8
IC_DELIKLER
 10
43.52982065950184
 20
73.75609405641066
 30
0.0
 70
0
  0
VERTEX
  5
541
  8
IC_DELIKLER
 10
43.52982065950184
 20
73.64390594358935
 30
0.0
 70
0
  0
VERTEX
  5
542
  8
IC_DELIKLER
 10
43.52422854365766
 20
73.53185728943055
 30
0.0
 70
0
  0
VERTEX
  5
543
  8
IC_DELIKLER
 10
43.51305821485039
 20
73.42022666454318
 30
0.0
 70
0
  0
VERTEX
  5
544
  8
IC_DELIKLER
 10
43.49633744427747
 20
73.3092916002494
 30
0.0
 70
0
  0
VERTEX
  5
545
  8
IC_DELIKLER
 10
43.47410780240911
 20
73.19932789859831
 30
0.0
 70
0
  0
VERTEX
  5
546
  8
IC_DELIKLER
 10
43.44642455563753
 20
73.09060894667823
 30
0.0
 70
0
  0
VERTEX
  5
547
  8
IC_DELIKLER
 10
43.413356528876044
 20
72.9834050369337
 30
0.0
 70
0
  0
VERTEX
  5
548
  8
IC_DELIKLER
 10
43.37498593444946
 20
72.8779826951756
 30
0.0
 70
0
  0
VERTEX
  5
549
  8
IC_DELIKLER
 10
43.33140816770127
 20
72.77460401795611
 30
0.0
 70
0
  0
VERTEX
  5
54A
  8
IC_DELIKLER
 10
43.282731569825806
 20
72.67352602095539
 30
0.0
 70
0
  0
VERTEX
  5
54B
  8
IC_DELIKLER
 10
43.22907715851498
 20
72.57499999999999
 30
0.0
 70
0
  0
VERTEX
  5
54C
  8
IC_DELIKLER
 10
43.17057832708924
 20
72.47927090630205
 30
0.0
 70
0
  0
VERTEX
  5
54D
  8
IC_DELIKLER
 10
43.10738051286068
 20
72.3865767374717
 30
0.0
 70
0
  0
VERTEX
  5
54E
  8
IC_DELIKLER
 10
43.03964083555307
 20
72.29714794581787
 30
0.0
 70
0
  0
VERTEX
  5
54F
  8
IC_DELIKLER
 10
42.9675277066774
 20
72.21120686540706
 30
0.0
 70
0
  0
VERTEX
  5
550
  8
IC_DELIKLER
 10
42.89122041083437
 20
72.12896715930634
 30
0.0
 70
0
  0
VERTEX
  5
551
  8
IC_DELIKLER
 10
42.81090865998457
 20
72.05063328838287
 30
0.0
 70
0
  0
VERTEX
  5
552
  8
IC_DELIKLER
 10
42.726792121794716
 20
71.9764000029823
 30
0.0
 70
0
  0
VERTEX
  5
553
  8
IC_DELIKLER
 10
42.63907992323233
 20
71.90645185874843
 30
0.0
 70
0
  0
VERTEX
  5
554
  8
IC_DELIKLER
 10
42.54799013064315
 20
71.84096275778901
 30
0.0
 70
0
  0
VERTEX
  5
555
  8
IC_DELIKLER
 10
42.45374920760388
 20
71.78009551632763
 30
0.0
 70
0
  0
VERTEX
  5
556
  8
IC_DELIKLER
 10
42.35659145189797
 20
71.72400145991696
 30
0.0
 70
0
  0
VERTEX
  5
557
  8
IC_DELIKLER
 10
42.25675841301451
 20
71.67282004721955
 30
0.0
 70
0
  0
VERTEX
  5
558
  8
IC_DELIKLER
 10
42.15449829161806
 20
71.62667852329159
 30
0.0
 70
0
  0
VERTEX
  5
559
  8
IC_DELIKLER
 10
42.05006532248275
 20
71.58569160323174
 30
0.0
 70
0
  0
VERTEX
  5
55A
  8
IC_DELIKLER
 10
41.94371914242454
 20
71.5499611869812
 30
0.0
 70
0
  0
VERTEX
  5
55B
  8
IC_DELIKLER
 10
41.835724144803166
 20
71.51957610598456
 30
0.0
 70
0
  0
VERTEX
  5
55C
  8
IC_DELIKLER
 10
41.726348822198645
 20
71.49461190234078
 30
0.0
 70
0
  0
VERTEX
  5
55D
  8
IC_DELIKLER
 10
41.61586509889639
 20
71.47513064099343
 30
0.0
 70
0
  0
VERTEX
  5
55E
  8
IC_DELIKLER
 10
41.504547654840586
 20
71.46118075542785
 30
0.0
 70
0
  0
VERTEX
  5
55F
  8
IC_DELIKLER
 10
41.39267324273657
 20
71.45279692725745
 30
0.0
 70
0
  0
VERTEX
  5
560
  8
IC_DELIKLER
 10
41.28052
 20
71.44999999999999
 30
0.0
 70
0
  0
VERTEX
  5
561
  8
IC_DELIKLER
 10
33.08052
 20
71.44999999999999
 30
0.0
 70
0
  0
VERTEX
  5
562
  8
IC_DELIKLER
 10
32.96836675726343
 20
71.45279692725745
 30
0.0
 70
0
  0
VERTEX
  5
563
  8
IC_DELIKLER
 10
32.85649234515942
 20
71.46118075542785
 30
0.0
 70
0
  0
VERTEX
  5
564
  8
IC_DELIKLER
 10
32.74517490110361
 20
71.47513064099343
 30
0.0
 70
0
  0
VERTEX
  5
565
  8
IC_DELIKLER
 10
32.63469117780136
 20
71.49461190234078
 30
0.0
 70
0
  0
VERTEX
  5
566
  8
IC_DELIKLER
 10
32.52531585519684
 20
71.51957610598456
 30
0.0
 70
0
  0
VERTEX
  5
567
  8
IC_DELIKLER
 10
32.41732085757546
 20
71.5499611869812
 30
0.0
 70
0
  0
VERTEX
  5
568
  8
IC_DELIKLER
 10
32.31097467751725
 20
71.58569160323174
 30
0.0
 70
0
  0
VERTEX
  5
569
  8
IC_DELIKLER
 10
32.20654170838194
 20
71.62667852329159
 30
0.0
 70
0
  0
VERTEX
  5
56A
  8
IC_DELIKLER
 10
32.10428158698549
 20
71.67282004721955
 30
0.0
 70
0
  0
VERTEX
  5
56B
  8
IC_DELIKLER
 10
32.00444854810203
 20
71.72400145991702
 30
0.0
 70
0
  0
VERTEX
  5
56C
  8
IC_DELIKLER
 10
31.90729079239613
 20
71.78009551632763
 30
0.0
 70
0
  0
VERTEX
  5
56D
  8
IC_DELIKLER
 10
31.813049869356853
 20
71.84096275778901
 30
0.0
 70
0
  0
VERTEX
  5
56E
  8
IC_DELIKLER
 10
31.721960076767676
 20
71.90645185874843
 30
0.0
 70
0
  0
VERTEX
  5
56F
  8
IC_DELIKLER
 10
31.634247878205286
 20
71.9764000029823
 30
0.0
 70
0
  0
VERTEX
  5
570
  8
IC_DELIKLER
 10
31.550131340015433
 20
72.05063328838287
 30
0.0
 70
0
  0
VERTEX
  5
571
  8
IC_DELIKLER
 10
31.46981958916563
 20
72.12896715930634
 30
0.0
 70
0
  0
VERTEX
  5
572
  8
IC_DELIKLER
 10
31.3935122933226
 20
72.21120686540706
 30
0.0
 70
0
  0
VERTEX
  5
573
  8
IC_DELIKLER
 10
31.321399164446934
 20
72.29714794581787
 30
0.0
 70
0
  0
VERTEX
  5
574
  8
IC_DELIKLER
 10
31.253659487139323
 20
72.3865767374717
 30
0.0
 70
0
  0
VERTEX
  5
575
  8
IC_DELIKLER
 10
31.190461672910764
 20
72.47927090630205
 30
0.0
 70
0
  0
VERTEX
  5
576
  8
IC_DELIKLER
 10
31.131962841485016
 20
72.57499999999999
 30
0.0
 70
0
  0
VERTEX
  5
577
  8
IC_DELIKLER
 10
31.078308430174197
 20
72.67352602095539
 30
0.0
 70
0
  0
VERTEX
  5
578
  8
IC_DELIKLER
 10
31.029631832298737
 20
72.77460401795611
 30
0.0
 70
0
  0
VERTEX
  5
579
  8
IC_DELIKLER
 10
30.98605406555054
 20
72.8779826951756
 30
0.0
 70
0
  0
VERTEX
  5
57A
  8
IC_DELIKLER
 10
30.94768347112396
 20
72.9834050369337
 30
0.0
 70
0
  0
VERTEX
  5
57B
  8
IC_DELIKLER
 10
30.914615444362475
 20
73.09060894667823
 30
0.0
 70
0
  0
VERTEX
  5
57C
  8
IC_DELIKLER
 10
30.886932197590898
 20
73.19932789859831
 30
0.0
 70
0
  0
VERTEX
  5
57D
  8
IC_DELIKLER
 10
30.864702555722534
 20
73.3092916002494
 30
0.0
 70
0
  0
VERTEX
  5
57E
  8
IC_DELIKLER
 10
30.847981785149614
 20
73.42022666454318
 30
0.0
 70
0
  0
VERTEX
  5
57F
  8
IC_DELIKLER
 10
30.836811456342343
 20
73.53185728943055
 30
0.0
 70
0
  0
VERTEX
  5
580
  8
IC_DELIKLER
 10
30.831219340498166
 20
73.64390594358935
 30
0.0
 70
0
  0
VERTEX
  5
581
  8
IC_DELIKLER
 10
30.831219340498166
 20
73.75609405641066
 30
0.0
 70
0
  0
VERTEX
  5
582
  8
IC_DELIKLER
 10
30.836811456342343
 20
73.86814271056946
 30
0.0
 70
0
  0
VERTEX
  5
583
  8
IC_DELIKLER
 10
30.847981785149614
 20
73.97977333545683
 30
0.0
 70
0
  0
VERTEX
  5
584
  8
IC_DELIKLER
 10
30.864702555722534
 20
74.09070839975061
 30
0.0
 70
0
  0
VERTEX
  5
585
  8
IC_DELIKLER
 10
30.886932197590898
 20
74.2006721014017
 30
0.0
 70
0
  0
VERTEX
  5
586
  8
IC_DELIKLER
 10
30.914615444362475
 20
74.30939105332178
 30
0.0
 70
0
  0
VERTEX
  5
587
  8
IC_DELIKLER
 10
30.94768347112396
 20
74.4165949630663
 30
0.0
 70
0
  0
VERTEX
  5
588
  8
IC_DELIKLER
 10
30.98605406555054
 20
74.52201730482437
 30
0.0
 70
0
  0
VERTEX
  5
589
  8
IC_DELIKLER
 10
31.029631832298737
 20
74.6253959820439
 30
0.0
 70
0
  0
VERTEX
  5
58A
  8
IC_DELIKLER
 10
31.078308430174197
 20
74.72647397904461
 30
0.0
 70
0
  0
VERTEX
  5
58B
  8
IC_DELIKLER
 10
31.131962841485016
 20
74.82499999999999
 30
0.0
 70
0
  0
VERTEX
  5
58C
  8
IC_DELIKLER
 10
31.190461672910764
 20
74.92072909369796
 30
0.0
 70
0
  0
VERTEX
  5
58D
  8
IC_DELIKLER
 10
31.253659487139323
 20
75.0134232625283
 30
0.0
 70
0
  0
VERTEX
  5
58E
  8
IC_DELIKLER
 10
31.321399164446934
 20
75.10285205418214
 30
0.0
 70
0
  0
VERTEX
  5
58F
  8
IC_DELIKLER
 10
31.3935122933226
 20
75.18879313459291
 30
0.0
 70
0
  0
VERTEX
  5
590
  8
IC_DELIKLER
 10
31.46981958916563
 20
75.27103284069366
 30
0.0
 70
0
  0
VERTEX
  5
591
  8
IC_DELIKLER
 10
31.550131340015433
 20
75.34936671161714
 30
0.0
 70
0
  0
VERTEX
  5
592
  8
IC_DELIKLER
 10
31.634247878205286
 20
75.4235999970177
 30
0.0
 70
0
  0
VERTEX
  5
593
  8
IC_DELIKLER
 10
31.721960076767676
 20
75.49354814125158
 30
0.0
 70
0
  0
VERTEX
  5
594
  8
IC_DELIKLER
 10
31.813049869356853
 20
75.55903724221099
 30
0.0
 70
0
  0
VERTEX
  5
595
  8
IC_DELIKLER
 10
31.90729079239613
 20
75.61990448367237
 30
0.0
 70
0
  0
VERTEX
  5
596
  8
IC_DELIKLER
 10
32.00444854810203
 20
75.67599854008304
 30
0.0
 70
0
  0
VERTEX
  5
597
  8
IC_DELIKLER
 10
32.10428158698549
 20
75.72717995278043
 30
0.0
 70
0
  0
VERTEX
  5
598
  8
IC_DELIKLER
 10
32.20654170838194
 20
75.77332147670842
 30
0.0
 70
0
  0
VERTEX
  5
599
  8
IC_DELIKLER
 10
32.31097467751725
 20
75.81430839676827
 30
0.0
 70
0
  0
VERTEX
  5
59A
  8
IC_DELIKLER
 10
32.41732085757546
 20
75.85003881301881
 30
0.0
 70
0
  0
VERTEX
  5
59B
  8
IC_DELIKLER
 10
32.52531585519684
 20
75.88042389401545
 30
0.0
 70
0
  0
VERTEX
  5
59C
  8
IC_DELIKLER
 10
32.63469117780136
 20
75.90538809765923
 30
0.0
 70
0
  0
VERTEX
  5
59D
  8
IC_DELIKLER
 10
32.74517490110361
 20
75.92486935900655
 30
0.0
 70
0
  0
VERTEX
  5
59E
  8
IC_DELIKLER
 10
32.85649234515942
 20
75.93881924457213
 30
0.0
 70
0
  0
VERTEX
  5
59F
  8
IC_DELIKLER
 10
32.96836675726343
 20
75.94720307274255
 30
0.0
 70
0
  0
VERTEX
  5
5A0
  8
IC_DELIKLER
 10
33.08052
 20
75.94999999999999
 30
0.0
 70
0
  0
SEQEND
  5
520
  8
IC_DELIKLER
  0
POLYLINE
  5
5A1
  8
IC_DELIKLER
 66
1
 10
0.0
 20
0.0
 30
0.0
 70
1
  0
VERTEX
  5
5A3
  8
IC_DELIKLER
 10
58.880520000000004
 20
75.94999999999999
 30
0.0
 70
0
  0
VERTEX
  5
5A4
  8
IC_DELIKLER
 10
58.992673242736565
 20
75.94720307274255
 30
0.0
 70
0
  0
VERTEX
  5
5A5
  8
IC_DELIKLER
 10
59.10454765484059
 20
75.93881924457213
 30
0.0
 70
0
  0
VERTEX
  5
5A6
  8
IC_DELIKLER
 10
59.215865098896394
 20
75.92486935900655
 30
0.0
 70
0
  0
VERTEX
  5
5A7
  8
IC_DELIKLER
 10
59.326348822198646
 20
75.90538809765923
 30
0.0
 70
0
  0
VERTEX
  5
5A8
  8
IC_DELIKLER
 10
59.43572414480316
 20
75.88042389401545
 30
0.0
 70
0
  0
VERTEX
  5
5A9
  8
IC_DELIKLER
 10
59.543719142424536
 20
75.85003881301881
 30
0.0
 70
0
  0
VERTEX
  5
5AA
  8
IC_DELIKLER
 10
59.65006532248276
 20
75.81430839676827
 30
0.0
 70
0
  0
VERTEX
  5
5AB
  8
IC_DELIKLER
 10
59.75449829161806
 20
75.77332147670842
 30
0.0
 70
0
  0
VERTEX
  5
5AC
  8
IC_DELIKLER
 10
59.856758413014504
 20
75.72717995278043
 30
0.0
 70
0
  0
VERTEX
  5
5AD
  8
IC_DELIKLER
 10
59.956591451897964
 20
75.67599854008299
 30
0.0
 70
0
  0
VERTEX
  5
5AE
  8
IC_DELIKLER
 10
60.05374920760387
 20
75.61990448367237
 30
0.0
 70
0
  0
VERTEX
  5
5AF
  8
IC_DELIKLER
 10
60.14799013064315
 20
75.55903724221099
 30
0.0
 70
0
  0
VERTEX
  5
5B0
  8
IC_DELIKLER
 10
60.239079923232325
 20
75.49354814125158
 30
0.0
 70
0
  0
VERTEX
  5
5B1
  8
IC_DELIKLER
 10
60.32679212179471
 20
75.4235999970177
 30
0.0
 70
0
  0
VERTEX
  5
5B2
  8
IC_DELIKLER
 10
60.41090865998457
 20
75.34936671161714
 30
0.0
 70
0
  0
VERTEX
  5
5B3
  8
IC_DELIKLER
 10
60.491220410834366
 20
75.27103284069366
 30
0.0
 70
0
  0
VERTEX
  5
5B4
  8
IC_DELIKLER
 10
60.5675277066774
 20
75.18879313459291
 30
0.0
 70
0
  0
VERTEX
  5
5B5
  8
IC_DELIKLER
 10
60.63964083555307
 20
75.10285205418214
 30
0.0
 70
0
  0
VERTEX
  5
5B6
  8
IC_DELIKLER
 10
60.707380512860674
 20
75.0134232625283
 30
0.0
 70
0
  0
VERTEX
  5
5B7
  8
IC_DELIKLER
 10
60.77057832708924
 20
74.92072909369796
 30
0.0
 70
0
  0
VERTEX
  5
5B8
  8
IC_DELIKLER
 10
60.829077158514984
 20
74.82499999999999
 30
0.0
 70
0
  0
VERTEX
  5
5B9
  8
IC_DELIKLER
 10
60.88273156982581
 20
74.72647397904461
 30
0.0
 70
0
  0
VERTEX
  5
5BA
  8
IC_DELIKLER
 10
60.931408167701264
 20
74.6253959820439
 30
0.0
 70
0
  0
VERTEX
  5
5BB
  8
IC_DELIKLER
 10
60.97498593444946
 20
74.52201730482437
 30
0.0
 70
0
  0
VERTEX
  5
5BC
  8
IC_DELIKLER
 10
61.013356528876045
 20
74.4165949630663
 30
0.0
 70
0
  0
VERTEX
  5
5BD
  8
IC_DELIKLER
 10
61.04642455563753
 20
74.30939105332178
 30
0.0
 70
0
  0
VERTEX
  5
5BE
  8
IC_DELIKLER
 10
61.0741078024091
 20
74.2006721014017
 30
0.0
 70
0
  0
VERTEX
  5
5BF
  8
IC_DELIKLER
 10
61.09633744427747
 20
74.09070839975061
 30
0.0
 70
0
  0
VERTEX
  5
5C0
  8
IC_DELIKLER
 10
61.11305821485039
 20
73.97977333545683
 30
0.0
 70
0
  0
VERTEX
  5
5C1
  8
IC_DELIKLER
 10
61.12422854365766
 20
73.86814271056946
 30
0.0
 70
0
  0
VERTEX
  5
5C2
  8
IC_DELIKLER
 10
61.129820659501846
 20
73.75609405641066
 30
0.0
 70
0
  0
VERTEX
  5
5C3
  8
IC_DELIKLER
 10
61.129820659501846
 20
73.64390594358935
 30
0.0
 70
0
  0
VERTEX
  5
5C4
  8
IC_DELIKLER
 10
61.12422854365766
 20
73.53185728943055
 30
0.0
 70
0
  0
VERTEX
  5
5C5
  8
IC_DELIKLER
 10
61.11305821485039
 20
73.42022666454318
 30
0.0
 70
0
  0
VERTEX
  5
5C6
  8
IC_DELIKLER
 10
61.09633744427747
 20
73.3092916002494
 30
0.0
 70
0
  0
VERTEX
  5
5C7
  8
IC_DELIKLER
 10
61.0741078024091
 20
73.19932789859831
 30
0.0
 70
0
  0
VERTEX
  5
5C8
  8
IC_DELIKLER
 10
61.04642455563753
 20
73.09060894667823
 30
0.0
 70
0
  0
VERTEX
  5
5C9
  8
IC_DELIKLER
 10
61.013356528876045
 20
72.9834050369337
 30
0.0
 70
0
  0
VERTEX
  5
5CA
  8
IC_DELIKLER
 10
60.97498593444946
 20
72.8779826951756
 30
0.0
 70
0
  0
VERTEX
  5
5CB
  8
IC_DELIKLER
 10
60.931408167701264
 20
72.77460401795611
 30
0.0
 70
0
  0
VERTEX
  5
5CC
  8
IC_DELIKLER
 10
60.88273156982581
 20
72.67352602095539
 30
0.0
 70
0
  0
VERTEX
  5
5CD
  8
IC_DELIKLER
 10
60.829077158514984
 20
72.57499999999999
 30
0.0
 70
0
  0
VERTEX
  5
5CE
  8
IC_DELIKLER
 10
60.77057832708924
 20
72.47927090630205
 30
0.0
 70
0
  0
VERTEX
  5
5CF
  8
IC_DELIKLER
 10
60.707380512860674
 20
72.3865767374717
 30
0.0
 70
0
  0
VERTEX
  5
5D0
  8
IC_DELIKLER
 10
60.63964083555307
 20
72.29714794581787
 30
0.0
 70
0
  0
VERTEX
  5
5D1
  8
IC_DELIKLER
 10
60.5675277066774
 20
72.21120686540706
 30
0.0
 70
0
  0
VERTEX
  5
5D2
  8
IC_DELIKLER
 10
60.491220410834366
 20
72.12896715930634
 30
0.0
 70
0
  0
VERTEX
  5
5D3
  8
IC_DELIKLER
 10
60.41090865998457
 20
72.05063328838287
 30
0.0
 70
0
  0
VERTEX
  5
5D4
  8
IC_DELIKLER
 10
60.32679212179471
 20
71.9764000029823
 30
0.0
 70
0
  0
VERTEX
  5
5D5
  8
IC_DELIKLER
 10
60.239079923232325
 20
71.90645185874843
 30
0.0
 70
0
  0
VERTEX
  5
5D6
  8
IC_DELIKLER
 10
60.14799013064315
 20
71.84096275778901
 30
0.0
 70
0
  0
VERTEX
  5
5D7
  8
IC_DELIKLER
 10
60.05374920760387
 20
71.78009551632763
 30
0.0
 70
0
  0
VERTEX
  5
5D8
  8
IC_DELIKLER
 10
59.956591451897964
 20
71.72400145991696
 30
0.0
 70
0
  0
VERTEX
  5
5D9
  8
IC_DELIKLER
 10
59.856758413014504
 20
71.67282004721955
 30
0.0
 70
0
  0
VERTEX
  5
5DA
  8
IC_DELIKLER
 10
59.75449829161806
 20
71.62667852329159
 30
0.0
 70
0
  0
VERTEX
  5
5DB
  8
IC_DELIKLER
 10
59.65006532248276
 20
71.58569160323174
 30
0.0
 70
0
  0
VERTEX
  5
5DC
  8
IC_DELIKLER
 10
59.543719142424536
 20
71.5499611869812
 30
0.0
 70
0
  0
VERTEX
  5
5DD
  8
IC_DELIKLER
 10
59.43572414480316
 20
71.51957610598456
 30
0.0
 70
0
  0
VERTEX
  5
5DE
  8
IC_DELIKLER
 10
59.326348822198646
 20
71.49461190234078
 30
0.0
 70
0
  0
VERTEX
  5
5DF
  8
IC_DELIKLER
 10
59.215865098896394
 20
71.47513064099343
 30
0.0
 70
0
  0
VERTEX
  5
5E0
  8
IC_DELIKLER
 10
59.10454765484059
 20
71.46118075542785
 30
0.0
 70
0
  0
VERTEX
  5
5E1
  8
IC_DELIKLER
 10
58.992673242736565
 20
71.45279692725745
 30
0.0
 70
0
  0
VERTEX
  5
5E2
  8
IC_DELIKLER
 10
58.880520000000004
 20
71.44999999999999
 30
0.0
 70
0
  0
VERTEX
  5
5E3
  8
IC_DELIKLER
 10
50.68052
 20
71.44999999999999
 30
0.0
 70
0
  0
VERTEX
  5
5E4
  8
IC_DELIKLER
 10
50.56836675726343
 20
71.45279692725745
 30
0.0
 70
0
  0
VERTEX
  5
5E5
  8
IC_DELIKLER
 10
50.45649234515942
 20
71.46118075542785
 30
0.0
 70
0
  0
VERTEX
  5
5E6
  8
IC_DELIKLER
 10
50.34517490110361
 20
71.47513064099343
 30
0.0
 70
0
  0
VERTEX
  5
5E7
  8
IC_DELIKLER
 10
50.23469117780136
 20
71.49461190234078
 30
0.0
 70
0
  0
VERTEX
  5
5E8
  8
IC_DELIKLER
 10
50.12531585519684
 20
71.51957610598456
 30
0.0
 70
0
  0
VERTEX
  5
5E9
  8
IC_DELIKLER
 10
50.01732085757546
 20
71.5499611869812
 30
0.0
 70
0
  0
VERTEX
  5
5EA
  8
IC_DELIKLER
 10
49.910974677517245
 20
71.58569160323174
 30
0.0
 70
0
  0
VERTEX
  5
5EB
  8
IC_DELIKLER
 10
49.80654170838194
 20
71.62667852329159
 30
0.0
 70
0
  0
VERTEX
  5
5EC
  8
IC_DELIKLER
 10
49.704281586985495
 20
71.67282004721955
 30
0.0
 70
0
  0
VERTEX
  5
5ED
  8
IC_DELIKLER
 10
49.604448548102035
 20
71.72400145991702
 30
0.0
 70
0
  0
VERTEX
  5
5EE
  8
IC_DELIKLER
 10
49.50729079239613
 20
71.78009551632763
 30
0.0
 70
0
  0
VERTEX
  5
5EF
  8
IC_DELIKLER
 10
49.413049869356854
 20
71.84096275778901
 30
0.0
 70
0
  0
VERTEX
  5
5F0
  8
IC_DELIKLER
 10
49.321960076767674
 20
71.90645185874843
 30
0.0
 70
0
  0
VERTEX
  5
5F1
  8
IC_DELIKLER
 10
49.23424787820529
 20
71.9764000029823
 30
0.0
 70
0
  0
VERTEX
  5
5F2
  8
IC_DELIKLER
 10
49.150131340015434
 20
72.05063328838287
 30
0.0
 70
0
  0
VERTEX
  5
5F3
  8
IC_DELIKLER
 10
49.06981958916563
 20
72.12896715930634
 30
0.0
 70
0
  0
VERTEX
  5
5F4
  8
IC_DELIKLER
 10
48.9935122933226
 20
72.21120686540706
 30
0.0
 70
0
  0
VERTEX
  5
5F5
  8
IC_DELIKLER
 10
48.92139916444693
 20
72.29714794581787
 30
0.0
 70
0
  0
VERTEX
  5
5F6
  8
IC_DELIKLER
 10
48.853659487139325
 20
72.3865767374717
 30
0.0
 70
0
  0
VERTEX
  5
5F7
  8
IC_DELIKLER
 10
48.790461672910766
 20
72.47927090630205
 30
0.0
 70
0
  0
VERTEX
  5
5F8
  8
IC_DELIKLER
 10
48.731962841485014
 20
72.57499999999999
 30
0.0
 70
0
  0
VERTEX
  5
5F9
  8
IC_DELIKLER
 10
48.6783084301742
 20
72.67352602095539
 30
0.0
 70
0
  0
VERTEX
  5
5FA
  8
IC_DELIKLER
 10
48.629631832298735
 20
72.77460401795611
 30
0.0
 70
0
  0
VERTEX
  5
5FB
  8
IC_DELIKLER
 10
48.58605406555054
 20
72.8779826951756
 30
0.0
 70
0
  0
VERTEX
  5
5FC
  8
IC_DELIKLER
 10
48.54768347112396
 20
72.9834050369337
 30
0.0
 70
0
  0
VERTEX
  5
5FD
  8
IC_DELIKLER
 10
48.51461544436248
 20
73.09060894667823
 30
0.0
 70
0
  0
VERTEX
  5
5FE
  8
IC_DELIKLER
 10
48.486932197590896
 20
73.19932789859831
 30
0.0
 70
0
  0
VERTEX
  5
5FF
  8
IC_DELIKLER
 10
48.46470255572253
 20
73.3092916002494
 30
0.0
 70
0
  0
VERTEX
  5
600
  8
IC_DELIKLER
 10
48.447981785149615
 20
73.42022666454318
 30
0.0
 70
0
  0
VERTEX
  5
601
  8
IC_DELIKLER
 10
48.43681145634234
 20
73.53185728943055
 30
0.0
 70
0
  0
VERTEX
  5
602
  8
IC_DELIKLER
 10
48.43121934049817
 20
73.64390594358935
 30
0.0
 70
0
  0
VERTEX
  5
603
  8
IC_DELIKLER
 10
48.43121934049817
 20
73.75609405641066
 30
0.0
 70
0
  0
VERTEX
  5
604
  8
IC_DELIKLER
 10
48.43681145634234
 20
73.86814271056946
 30
0.0
 70
0
  0
VERTEX
  5
605
  8
IC_DELIKLER
 10
48.447981785149615
 20
73.97977333545683
 30
0.0
 70
0
  0
VERTEX
  5
606
  8
IC_DELIKLER
 10
48.46470255572253
 20
74.09070839975061
 30
0.0
 70
0
  0
VERTEX
  5
607
  8
IC_DELIKLER
 10
48.486932197590896
 20
74.2006721014017
 30
0.0
 70
0
  0
VERTEX
  5
608
  8
IC_DELIKLER
 10
48.51461544436248
 20
74.30939105332178
 30
0.0
 70
0
  0
VERTEX
  5
609
  8
IC_DELIKLER
 10
48.54768347112396
 20
74.4165949630663
 30
0.0
 70
0
  0
VERTEX
  5
60A
  8
IC_DELIKLER
 10
48.58605406555054
 20
74.52201730482437
 30
0.0
 70
0
  0
VERTEX
  5
60B
  8
IC_DELIKLER
 10
48.629631832298735
 20
74.6253959820439
 30
0.0
 70
0
  0
VERTEX
  5
60C
  8
IC_DELIKLER
 10
48.6783084301742
 20
74.72647397904461
 30
0.0
 70
0
  0
VERTEX
  5
60D
  8
IC_DELIKLER
 10
48.731962841485014
 20
74.82499999999999
 30
0.0
 70
0
  0
VERTEX
  5
60E
  8
IC_DELIKLER
 10
48.790461672910766
 20
74.92072909369796
 30
0.0
 70
0
  0
VERTEX
  5
60F
  8
IC_DELIKLER
 10
48.853659487139325
 20
75.0134232625283
 30
0.0
 70
0
  0
VERTEX
  5
610
  8
IC_DELIKLER
 10
48.92139916444693
 20
75.10285205418214
 30
0.0
 70
0
  0
VERTEX
  5
611
  8
IC_DELIKLER
 10
48.9935122933226
 20
75.18879313459291
 30
0.0
 70
0
  0
VERTEX
  5
612
  8
IC_DELIKLER
 10
49.06981958916563
 20
75.27103284069366
 30
0.0
 70
0
  0
VERTEX
  5
613
  8
IC_DELIKLER
 10
49.150131340015434
 20
75.34936671161714
 30
0.0
 70
0
  0
VERTEX
  5
614
  8
IC_DELIKLER
 10
49.23424787820529
 20
75.4235999970177
 30
0.0
 70
0
  0
VERTEX
  5
615
  8
IC_DELIKLER
 10
49.321960076767674
 20
75.49354814125158
 30
0.0
 70
0
  0
VERTEX
  5
616
  8
IC_DELIKLER
 10
49.413049869356854
 20
75.55903724221099
 30
0.0
 70
0
  0
VERTEX
  5
617
  8
IC_DELIKLER
 10
49.50729079239613
 20
75.61990448367237
 30
0.0
 70
0
  0
VERTEX
  5
618
  8
IC_DELIKLER
 10
49.604448548102035
 20
75.67599854008304
 30
0.0
 70
0
  0
VERTEX
  5
619
  8
IC_DELIKLER
 10
49.704281586985495
 20
75.72717995278043
 30
0.0
 70
0
  0
VERTEX
  5
61A
  8
IC_DELIKLER
 10
49.80654170838194
 20
75.77332147670842
 30
0.0
 70
0
  0
VERTEX
  5
61B
  8
IC_DELIKLER
 10
49.910974677517245
 20
75.81430839676827
 30
0.0
 70
0
  0
VERTEX
  5
61C
  8
IC_DELIKLER
 10
50.01732085757546
 20
75.85003881301881
 30
0.0
 70
0
  0
VERTEX
  5
61D
  8
IC_DELIKLER
 10
50.12531585519684
 20
75.88042389401545
 30
0.0
 70
0
  0
VERTEX
  5
61E
  8
IC_DELIKLER
 10
50.23469117780136
 20
75.90538809765923
 30
0.0
 70
0
  0
VERTEX
  5
61F
  8
IC_DELIKLER
 10
50.34517490110361
 20
75.92486935900655
 30
0.0
 70
0
  0
VERTEX
  5
620
  8
IC_DELIKLER
 10
50.45649234515942
 20
75.93881924457213
 30
0.0
 70
0
  0
VERTEX
  5
621
  8
IC_DELIKLER
 10
50.56836675726343
 20
75.94720307274255
 30
0.0
 70
0
  0
VERTEX
  5
622
  8
IC_DELIKLER
 10
50.68052
 20
75.94999999999999
 30
0.0
 70
0
  0
SEQEND
  5
5A2
  8
IC_DELIKLER
  0
POLYLINE
  5
623
  8
IC_DELIKLER
 66
1
 10
0.0
 20
0.0
 30
0.0
 70
1
  0
VERTEX
  5
625
  8
IC_DELIKLER
 10
41.28052
 20
84.65
 30
0.0
 70
0
  0
VERTEX
  5
626
  8
IC_DELIKLER
 10
41.39267324273657
 20
84.64720307274257
 30
0.0
 70
0
  0
VERTEX
  5
627
  8
IC_DELIKLER
 10
41.504547654840586
 20
84.63881924457215
 30
0.0
 70
0
  0
VERTEX
  5
628
  8
IC_DELIKLER
 10
41.61586509889639
 20
84.62486935900657
 30
0.0
 70
0
  0
VERTEX
  5
629
  8
IC_DELIKLER
 10
41.726348822198645
 20
84.60538809765922
 30
0.0
 70
0
  0
VERTEX
  5
62A
  8
IC_DELIKLER
 10
41.835724144803166
 20
84.58042389401544
 30
0.0
 70
0
  0
VERTEX
  5
62B
  8
IC_DELIKLER
 10
41.94371914242454
 20
84.55003881301883
 30
0.0
 70
0
  0
VERTEX
  5
62C
  8
IC_DELIKLER
 10
42.05006532248275
 20
84.51430839676829
 30
0.0
 70
0
  0
VERTEX
  5
62D
  8
IC_DELIKLER
 10
42.15449829161806
 20
84.4733214767084
 30
0.0
 70
0
  0
VERTEX
  5
62E
  8
IC_DELIKLER
 10
42.25675841301451
 20
84.42717995278045
 30
0.0
 70
0
  0
VERTEX
  5
62F
  8
IC_DELIKLER
 10
42.35659145189797
 20
84.375998540083
 30
0.0
 70
0
  0
VERTEX
  5
630
  8
IC_DELIKLER
 10
42.45374920760388
 20
84.31990448367236
 30
0.0
 70
0
  0
VERTEX
  5
631
  8
IC_DELIKLER
 10
42.54799013064315
 20
84.25903724221098
 30
0.0
 70
0
  0
VERTEX
  5
632
  8
IC_DELIKLER
 10
42.63907992323233
 20
84.1935481412516
 30
0.0
 70
0
  0
VERTEX
  5
633
  8
IC_DELIKLER
 10
42.726792121794716
 20
84.12359999701772
 30
0.0
 70
0
  0
VERTEX
  5
634
  8
IC_DELIKLER
 10
42.81090865998457
 20
84.04936671161713
 30
0.0
 70
0
  0
VERTEX
  5
635
  8
IC_DELIKLER
 10
42.89122041083437
 20
83.97103284069368
 30
0.0
 70
0
  0
VERTEX
  5
636
  8
IC_DELIKLER
 10
42.9675277066774
 20
83.88879313459293
 30
0.0
 70
0
  0
VERTEX
  5
637
  8
IC_DELIKLER
 10
43.03964083555307
 20
83.80285205418213
 30
0.0
 70
0
  0
VERTEX
  5
638
  8
IC_DELIKLER
 10
43.10738051286068
 20
83.7134232625283
 30
0.0
 70
0
  0
VERTEX
  5
639
  8
IC_DELIKLER
 10
43.17057832708924
 20
83.62072909369795
 30
0.0
 70
0
  0
VERTEX
  5
63A
  8
IC_DELIKLER
 10
43.22907715851498
 20
83.525
 30
0.0
 70
0
  0
VERTEX
  5
63B
  8
IC_DELIKLER
 10
43.282731569825806
 20
83.4264739790446
 30
0.0
 70
0
  0
VERTEX
  5
63C
  8
IC_DELIKLER
 10
43.33140816770127
 20
83.32539598204389
 30
0.0
 70
0
  0
VERTEX
  5
63D
  8
IC_DELIKLER
 10
43.37498593444946
 20
83.22201730482439
 30
0.0
 70
0
  0
VERTEX
  5
63E
  8
IC_DELIKLER
 10
43.413356528876044
 20
83.11659496306629
 30
0.0
 70
0
  0
VERTEX
  5
63F
  8
IC_DELIKLER
 10
43.44642455563753
 20
83.00939105332176
 30
0.0
 70
0
  0
VERTEX
  5
640
  8
IC_DELIKLER
 10
43.47410780240911
 20
82.90067210140168
 30
0.0
 70
0
  0
VERTEX
  5
641
  8
IC_DELIKLER
 10
43.49633744427747
 20
82.7907083997506
 30
0.0
 70
0
  0
VERTEX
  5
642
  8
IC_DELIKLER
 10
43.51305821485039
 20
82.67977333545682
 30
0.0
 70
0
  0
VERTEX
  5
643
  8
IC_DELIKLER
 10
43.52422854365766
 20
82.56814271056948
 30
0.0
 70
0
  0
VERTEX
  5
644
  8
IC_DELIKLER
 10
43.52982065950184
 20
82.45609405641068
 30
0.0
 70
0
  0
VERTEX
  5
645
  8
IC_DELIKLER
 10
43.52982065950184
 20
82.34390594358933
 30
0.0
 70
0
  0
VERTEX
  5
646
  8
IC_DELIKLER
 10
43.52422854365766
 20
82.23185728943054
 30
0.0
 70
0
  0
VERTEX
  5
647
  8
IC_DELIKLER
 10
43.51305821485039
 20
82.12022666454317
 30
0.0
 70
0
  0
VERTEX
  5
648
  8
IC_DELIKLER
 10
43.49633744427747
 20
82.00929160024938
 30
0.0
 70
0
  0
VERTEX
  5
649
  8
IC_DELIKLER
 10
43.47410780240911
 20
81.8993278985983
 30
0.0
 70
0
  0
VERTEX
  5
64A
  8
IC_DELIKLER
 10
43.44642455563753
 20
81.79060894667822
 30
0.0
 70
0
  0
VERTEX
  5
64B
  8
IC_DELIKLER
 10
43.413356528876044
 20
81.68340503693372
 30
0.0
 70
0
  0
VERTEX
  5
64C
  8
IC_DELIKLER
 10
43.37498593444946
 20
81.57798269517562
 30
0.0
 70
0
  0
VERTEX
  5
64D
  8
IC_DELIKLER
 10
43.33140816770127
 20
81.4746040179561
 30
0.0
 70
0
  0
VERTEX
  5
64E
  8
IC_DELIKLER
 10
43.282731569825806
 20
81.37352602095538
 30
0.0
 70
0
  0
VERTEX
  5
64F
  8
IC_DELIKLER
 10
43.22907715851498
 20
81.275
 30
0.0
 70
0
  0
VERTEX
  5
650
  8
IC_DELIKLER
 10
43.17057832708924
 20
81.17927090630207
 30
0.0
 70
0
  0
VERTEX
  5
651
  8
IC_DELIKLER
 10
43.10738051286068
 20
81.08657673747172
 30
0.0
 70
0
  0
VERTEX
  5
652
  8
IC_DELIKLER
 10
43.03964083555307
 20
80.99714794581786
 30
0.0
 70
0
  0
VERTEX
  5
653
  8
IC_DELIKLER
 10
42.9675277066774
 20
80.91120686540708
 30
0.0
 70
0
  0
VERTEX
  5
654
  8
IC_DELIKLER
 10
42.89122041083437
 20
80.82896715930633
 30
0.0
 70
0
  0
VERTEX
  5
655
  8
IC_DELIKLER
 10
42.81090865998457
 20
80.75063328838286
 30
0.0
 70
0
  0
VERTEX
  5
656
  8
IC_DELIKLER
 10
42.726792121794716
 20
80.67640000298229
 30
0.0
 70
0
  0
VERTEX
  5
657
  8
IC_DELIKLER
 10
42.63907992323233
 20
80.60645185874841
 30
0.0
 70
0
  0
VERTEX
  5
658
  8
IC_DELIKLER
 10
42.54799013064315
 20
80.54096275778903
 30
0.0
 70
0
  0
VERTEX
  5
659
  8
IC_DELIKLER
 10
42.45374920760388
 20
80.48009551632762
 30
0.0
 70
0
  0
VERTEX
  5
65A
  8
IC_DELIKLER
 10
42.35659145189797
 20
80.42400145991695
 30
0.0
 70
0
  0
VERTEX
  5
65B
  8
IC_DELIKLER
 10
42.25675841301451
 20
80.37282004721956
 30
0.0
 70
0
  0
VERTEX
  5
65C
  8
IC_DELIKLER
 10
42.15449829161806
 20
80.3266785232916
 30
0.0
 70
0
  0
VERTEX
  5
65D
  8
IC_DELIKLER
 10
42.05006532248275
 20
80.28569160323173
 30
0.0
 70
0
  0
VERTEX
  5
65E
  8
IC_DELIKLER
 10
41.94371914242454
 20
80.24996118698118
 30
0.0
 70
0
  0
VERTEX
  5
65F
  8
IC_DELIKLER
 10
41.835724144803166
 20
80.21957610598457
 30
0.0
 70
0
  0
VERTEX
  5
660
  8
IC_DELIKLER
 10
41.726348822198645
 20
80.1946119023408
 30
0.0
 70
0
  0
VERTEX
  5
661
  8
IC_DELIKLER
 10
41.61586509889639
 20
80.17513064099344
 30
0.0
 70
0
  0
VERTEX
  5
662
  8
IC_DELIKLER
 10
41.504547654840586
 20
80.16118075542786
 30
0.0
 70
0
  0
VERTEX
  5
663
  8
IC_DELIKLER
 10
41.39267324273657
 20
80.15279692725744
 30
0.0
 70
0
  0
VERTEX
  5
664
  8
IC_DELIKLER
 10
41.28052
 20
80.15
 30
0.0
 70
0
  0
VERTEX
  5
665
  8
IC_DELIKLER
 10
33.08052
 20
80.15
 30
0.0
 70
0
  0
VERTEX
  5
666
  8
IC_DELIKLER
 10
32.96836675726343
 20
80.15279692725744
 30
0.0
 70
0
  0
VERTEX
  5
667
  8
IC_DELIKLER
 10
32.85649234515942
 20
80.16118075542786
 30
0.0
 70
0
  0
VERTEX
  5
668
  8
IC_DELIKLER
 10
32.74517490110361
 20
80.17513064099344
 30
0.0
 70
0
  0
VERTEX
  5
669
  8
IC_DELIKLER
 10
32.63469117780136
 20
80.1946119023408
 30
0.0
 70
0
  0
VERTEX
  5
66A
  8
IC_DELIKLER
 10
32.52531585519684
 20
80.21957610598457
 30
0.0
 70
0
  0
VERTEX
  5
66B
  8
IC_DELIKLER
 10
32.41732085757546
 20
80.24996118698118
 30
0.0
 70
0
  0
VERTEX
  5
66C
  8
IC_DELIKLER
 10
32.31097467751725
 20
80.28569160323173
 30
0.0
 70
0
  0
VERTEX
  5
66D
  8
IC_DELIKLER
 10
32.20654170838194
 20
80.3266785232916
 30
0.0
 70
0
  0
VERTEX
  5
66E
  8
IC_DELIKLER
 10
32.10428158698549
 20
80.37282004721956
 30
0.0
 70
0
  0
VERTEX
  5
66F
  8
IC_DELIKLER
 10
32.00444854810203
 20
80.42400145991701
 30
0.0
 70
0
  0
VERTEX
  5
670
  8
IC_DELIKLER
 10
31.90729079239613
 20
80.48009551632762
 30
0.0
 70
0
  0
VERTEX
  5
671
  8
IC_DELIKLER
 10
31.813049869356853
 20
80.54096275778903
 30
0.0
 70
0
  0
VERTEX
  5
672
  8
IC_DELIKLER
 10
31.721960076767676
 20
80.60645185874841
 30
0.0
 70
0
  0
VERTEX
  5
673
  8
IC_DELIKLER
 10
31.634247878205286
 20
80.67640000298229
 30
0.0
 70
0
  0
VERTEX
  5
674
  8
IC_DELIKLER
 10
31.550131340015433
 20
80.75063328838286
 30
0.0
 70
0
  0
VERTEX
  5
675
  8
IC_DELIKLER
 10
31.46981958916563
 20
80.82896715930633
 30
0.0
 70
0
  0
VERTEX
  5
676
  8
IC_DELIKLER
 10
31.3935122933226
 20
80.91120686540708
 30
0.0
 70
0
  0
VERTEX
  5
677
  8
IC_DELIKLER
 10
31.321399164446934
 20
80.99714794581786
 30
0.0
 70
0
  0
VERTEX
  5
678
  8
IC_DELIKLER
 10
31.253659487139323
 20
81.08657673747172
 30
0.0
 70
0
  0
VERTEX
  5
679
  8
IC_DELIKLER
 10
31.190461672910764
 20
81.17927090630207
 30
0.0
 70
0
  0
VERTEX
  5
67A
  8
IC_DELIKLER
 10
31.131962841485016
 20
81.275
 30
0.0
 70
0
  0
VERTEX
  5
67B
  8
IC_DELIKLER
 10
31.078308430174197
 20
81.37352602095538
 30
0.0
 70
0
  0
VERTEX
  5
67C
  8
IC_DELIKLER
 10
31.029631832298737
 20
81.4746040179561
 30
0.0
 70
0
  0
VERTEX
  5
67D
  8
IC_DELIKLER
 10
30.98605406555054
 20
81.57798269517562
 30
0.0
 70
0
  0
VERTEX
  5
67E
  8
IC_DELIKLER
 10
30.94768347112396
 20
81.68340503693372
 30
0.0
 70
0
  0
VERTEX
  5
67F
  8
IC_DELIKLER
 10
30.914615444362475
 20
81.79060894667822
 30
0.0
 70
0
  0
VERTEX
  5
680
  8
IC_DELIKLER
 10
30.886932197590898
 20
81.8993278985983
 30
0.0
 70
0
  0
VERTEX
  5
681
  8
IC_DELIKLER
 10
30.864702555722534
 20
82.00929160024938
 30
0.0
 70
0
  0
VERTEX
  5
682
  8
IC_DELIKLER
 10
30.847981785149614
 20
82.12022666454317
 30
0.0
 70
0
  0
VERTEX
  5
683
  8
IC_DELIKLER
 10
30.836811456342343
 20
82.23185728943054
 30
0.0
 70
0
  0
VERTEX
  5
684
  8
IC_DELIKLER
 10
30.831219340498166
 20
82.34390594358933
 30
0.0
 70
0
  0
VERTEX
  5
685
  8
IC_DELIKLER
 10
30.831219340498166
 20
82.45609405641068
 30
0.0
 70
0
  0
VERTEX
  5
686
  8
IC_DELIKLER
 10
30.836811456342343
 20
82.56814271056948
 30
0.0
 70
0
  0
VERTEX
  5
687
  8
IC_DELIKLER
 10
30.847981785149614
 20
82.67977333545682
 30
0.0
 70
0
  0
VERTEX
  5
688
  8
IC_DELIKLER
 10
30.864702555722534
 20
82.7907083997506
 30
0.0
 70
0
  0
VERTEX
  5
689
  8
IC_DELIKLER
 10
30.886932197590898
 20
82.90067210140168
 30
0.0
 70
0
  0
VERTEX
  5
68A
  8
IC_DELIKLER
 10
30.914615444362475
 20
83.00939105332176
 30
0.0
 70
0
  0
VERTEX
  5
68B
  8
IC_DELIKLER
 10
30.94768347112396
 20
83.11659496306629
 30
0.0
 70
0
  0
VERTEX
  5
68C
  8
IC_DELIKLER
 10
30.98605406555054
 20
83.22201730482439
 30
0.0
 70
0
  0
VERTEX
  5
68D
  8
IC_DELIKLER
 10
31.029631832298737
 20
83.32539598204389
 30
0.0
 70
0
  0
VERTEX
  5
68E
  8
IC_DELIKLER
 10
31.078308430174197
 20
83.4264739790446
 30
0.0
 70
0
  0
VERTEX
  5
68F
  8
IC_DELIKLER
 10
31.131962841485016
 20
83.525
 30
0.0
 70
0
  0
VERTEX
  5
690
  8
IC_DELIKLER
 10
31.190461672910764
 20
83.62072909369795
 30
0.0
 70
0
  0
VERTEX
  5
691
  8
IC_DELIKLER
 10
31.253659487139323
 20
83.7134232625283
 30
0.0
 70
0
  0
VERTEX
  5
692
  8
IC_DELIKLER
 10
31.321399164446934
 20
83.80285205418213
 30
0.0
 70
0
  0
VERTEX
  5
693
  8
IC_DELIKLER
 10
31.3935122933226
 20
83.88879313459293
 30
0.0
 70
0
  0
VERTEX
  5
694
  8
IC_DELIKLER
 10
31.46981958916563
 20
83.97103284069368
 30
0.0
 70
0
  0
VERTEX
  5
695
  8
IC_DELIKLER
 10
31.550131340015433
 20
84.04936671161713
 30
0.0
 70
0
  0
VERTEX
  5
696
  8
IC_DELIKLER
 10
31.634247878205286
 20
84.12359999701772
 30
0.0
 70
0
  0
VERTEX
  5
697
  8
IC_DELIKLER
 10
31.721960076767676
 20
84.1935481412516
 30
0.0
 70
0
  0
VERTEX
  5
698
  8
IC_DELIKLER
 10
31.813049869356853
 20
84.25903724221098
 30
0.0
 70
0
  0
VERTEX
  5
699
  8
IC_DELIKLER
 10
31.90729079239613
 20
84.31990448367236
 30
0.0
 70
0
  0
VERTEX
  5
69A
  8
IC_DELIKLER
 10
32.00444854810203
 20
84.37599854008303
 30
0.0
 70
0
  0
VERTEX
  5
69B
  8
IC_DELIKLER
 10
32.10428158698549
 20
84.42717995278045
 30
0.0
 70
0
  0
VERTEX
  5
69C
  8
IC_DELIKLER
 10
32.20654170838194
 20
84.4733214767084
 30
0.0
 70
0
  0
VERTEX
  5
69D
  8
IC_DELIKLER
 10
32.31097467751725
 20
84.51430839676829
 30
0.0
 70
0
  0
VERTEX
  5
69E
  8
IC_DELIKLER
 10
32.41732085757546
 20
84.55003881301883
 30
0.0
 70
0
  0
VERTEX
  5
69F
  8
IC_DELIKLER
 10
32.52531585519684
 20
84.58042389401544
 30
0.0
 70
0
  0
VERTEX
  5
6A0
  8
IC_DELIKLER
 10
32.63469117780136
 20
84.60538809765922
 30
0.0
 70
0
  0
VERTEX
  5
6A1
  8
IC_DELIKLER
 10
32.74517490110361
 20
84.62486935900657
 30
0.0
 70
0
  0
VERTEX
  5
6A2
  8
IC_DELIKLER
 10
32.85649234515942
 20
84.63881924457215
 30
0.0
 70
0
  0
VERTEX
  5
6A3
  8
IC_DELIKLER
 10
32.96836675726343
 20
84.64720307274257
 30
0.0
 70
0
  0
VERTEX
  5
6A4
  8
IC_DELIKLER
 10
33.08052
 20
84.65
 30
0.0
 70
0
  0
SEQEND
  5
624
  8
IC_DELIKLER
  0
POLYLINE
  5
6A5
  8
IC_DELIKLER
 66
1
 10
0.0
 20
0.0
 30
0.0
 70
1
  0
VERTEX
  5
6A7
  8
IC_DELIKLER
 10
58.880520000000004
 20
84.65
 30
0.0
 70
0
  0
VERTEX
  5
6A8
  8
IC_DELIKLER
 10
58.992673242736565
 20
84.64720307274257
 30
0.0
 70
0
  0
VERTEX
  5
6A9
  8
IC_DELIKLER
 10
59.10454765484059
 20
84.63881924457215
 30
0.0
 70
0
  0
VERTEX
  5
6AA
  8
IC_DELIKLER
 10
59.215865098896394
 20
84.62486935900657
 30
0.0
 70
0
  0
VERTEX
  5
6AB
  8
IC_DELIKLER
 10
59.326348822198646
 20
84.60538809765922
 30
0.0
 70
0
  0
VERTEX
  5
6AC
  8
IC_DELIKLER
 10
59.43572414480316
 20
84.58042389401544
 30
0.0
 70
0
  0
VERTEX
  5
6AD
  8
IC_DELIKLER
 10
59.543719142424536
 20
84.55003881301883
 30
0.0
 70
0
  0
VERTEX
  5
6AE
  8
IC_DELIKLER
 10
59.65006532248276
 20
84.51430839676829
 30
0.0
 70
0
  0
VERTEX
  5
6AF
  8
IC_DELIKLER
 10
59.75449829161806
 20
84.4733214767084
 30
0.0
 70
0
  0
VERTEX
  5
6B0
  8
IC_DELIKLER
 10
59.856758413014504
 20
84.42717995278045
 30
0.0
 70
0
  0
VERTEX
  5
6B1
  8
IC_DELIKLER
 10
59.956591451897964
 20
84.375998540083
 30
0.0
 70
0
  0
VERTEX
  5
6B2
  8
IC_DELIKLER
 10
60.05374920760387
 20
84.31990448367236
 30
0.0
 70
0
  0
VERTEX
  5
6B3
  8
IC_DELIKLER
 10
60.14799013064315
 20
84.25903724221098
 30
0.0
 70
0
  0
VERTEX
  5
6B4
  8
IC_DELIKLER
 10
60.239079923232325
 20
84.1935481412516
 30
0.0
 70
0
  0
VERTEX
  5
6B5
  8
IC_DELIKLER
 10
60.32679212179471
 20
84.12359999701772
 30
0.0
 70
0
  0
VERTEX
  5
6B6
  8
IC_DELIKLER
 10
60.41090865998457
 20
84.04936671161713
 30
0.0
 70
0
  0
VERTEX
  5
6B7
  8
IC_DELIKLER
 10
60.491220410834366
 20
83.97103284069368
 30
0.0
 70
0
  0
VERTEX
  5
6B8
  8
IC_DELIKLER
 10
60.5675277066774
 20
83.88879313459293
 30
0.0
 70
0
  0
VERTEX
  5
6B9
  8
IC_DELIKLER
 10
60.63964083555307
 20
83.80285205418213
 30
0.0
 70
0
  0
VERTEX
  5
6BA
  8
IC_DELIKLER
 10
60.707380512860674
 20
83.7134232625283
 30
0.0
 70
0
  0
VERTEX
  5
6BB
  8
IC_DELIKLER
 10
60.77057832708924
 20
83.62072909369795
 30
0.0
 70
0
  0
VERTEX
  5
6BC
  8
IC_DELIKLER
 10
60.829077158514984
 20
83.525
 30
0.0
 70
0
  0
VERTEX
  5
6BD
  8
IC_DELIKLER
 10
60.88273156982581
 20
83.4264739790446
 30
0.0
 70
0
  0
VERTEX
  5
6BE
  8
IC_DELIKLER
 10
60.931408167701264
 20
83.32539598204389
 30
0.0
 70
0
  0
VERTEX
  5
6BF
  8
IC_DELIKLER
 10
60.97498593444946
 20
83.22201730482439
 30
0.0
 70
0
  0
VERTEX
  5
6C0
  8
IC_DELIKLER
 10
61.013356528876045
 20
83.11659496306629
 30
0.0
 70
0
  0
VERTEX
  5
6C1
  8
IC_DELIKLER
 10
61.04642455563753
 20
83.00939105332176
 30
0.0
 70
0
  0
VERTEX
  5
6C2
  8
IC_DELIKLER
 10
61.0741078024091
 20
82.90067210140168
 30
0.0
 70
0
  0
VERTEX
  5
6C3
  8
IC_DELIKLER
 10
61.09633744427747
 20
82.7907083997506
 30
0.0
 70
0
  0
VERTEX
  5
6C4
  8
IC_DELIKLER
 10
61.11305821485039
 20
82.67977333545682
 30
0.0
 70
0
  0
VERTEX
  5
6C5
  8
IC_DELIKLER
 10
61.12422854365766
 20
82.56814271056948
 30
0.0
 70
0
  0
VERTEX
  5
6C6
  8
IC_DELIKLER
 10
61.129820659501846
 20
82.45609405641068
 30
0.0
 70
0
  0
VERTEX
  5
6C7
  8
IC_DELIKLER
 10
61.129820659501846
 20
82.34390594358933
 30
0.0
 70
0
  0
VERTEX
  5
6C8
  8
IC_DELIKLER
 10
61.12422854365766
 20
82.23185728943054
 30
0.0
 70
0
  0
VERTEX
  5
6C9
  8
IC_DELIKLER
 10
61.11305821485039
 20
82.12022666454317
 30
0.0
 70
0
  0
VERTEX
  5
6CA
  8
IC_DELIKLER
 10
61.09633744427747
 20
82.00929160024938
 30
0.0
 70
0
  0
VERTEX
  5
6CB
  8
IC_DELIKLER
 10
61.0741078024091
 20
81.8993278985983
 30
0.0
 70
0
  0
VERTEX
  5
6CC
  8
IC_DELIKLER
 10
61.04642455563753
 20
81.79060894667822
 30
0.0
 70
0
  0
VERTEX
  5
6CD
  8
IC_DELIKLER
 10
61.013356528876045
 20
81.68340503693372
 30
0.0
 70
0
  0
VERTEX
  5
6CE
  8
IC_DELIKLER
 10
60.97498593444946
 20
81.57798269517562
 30
0.0
 70
0
  0
VERTEX
  5
6CF
  8
IC_DELIKLER
 10
60.931408167701264
 20
81.4746040179561
 30
0.0
 70
0
  0
VERTEX
  5
6D0
  8
IC_DELIKLER
 10
60.88273156982581
 20
81.37352602095538
 30
0.0
 70
0
  0
VERTEX
  5
6D1
  8
IC_DELIKLER
 10
60.829077158514984
 20
81.275
 30
0.0
 70
0
  0
VERTEX
  5
6D2
  8
IC_DELIKLER
 10
60.77057832708924
 20
81.17927090630207
 30
0.0
 70
0
  0
VERTEX
  5
6D3
  8
IC_DELIKLER
 10
60.707380512860674
 20
81.08657673747172
 30
0.0
 70
0
  0
VERTEX
  5
6D4
  8
IC_DELIKLER
 10
60.63964083555307
 20
80.99714794581786
 30
0.0
 70
0
  0
VERTEX
  5
6D5
  8
IC_DELIKLER
 10
60.5675277066774
 20
80.91120686540708
 30
0.0
 70
0
  0
VERTEX
  5
6D6
  8
IC_DELIKLER
 10
60.491220410834366
 20
80.82896715930633
 30
0.0
 70
0
  0
VERTEX
  5
6D7
  8
IC_DELIKLER
 10
60.41090865998457
 20
80.75063328838286
 30
0.0
 70
0
  0
VERTEX
  5
6D8
  8
IC_DELIKLER
 10
60.32679212179471
 20
80.67640000298229
 30
0.0
 70
0
  0
VERTEX
  5
6D9
  8
IC_DELIKLER
 10
60.239079923232325
 20
80.60645185874841
 30
0.0
 70
0
  0
VERTEX
  5
6DA
  8
IC_DELIKLER
 10
60.14799013064315
 20
80.54096275778903
 30
0.0
 70
0
  0
VERTEX
  5
6DB
  8
IC_DELIKLER
 10
60.05374920760387
 20
80.48009551632762
 30
0.0
 70
0
  0
VERTEX
  5
6DC
  8
IC_DELIKLER
 10
59.956591451897964
 20
80.42400145991695
 30
0.0
 70
0
  0
VERTEX
  5
6DD
  8
IC_DELIKLER
 10
59.856758413014504
 20
80.37282004721956
 30
0.0
 70
0
  0
VERTEX
  5
6DE
  8
IC_DELIKLER
 10
59.75449829161806
 20
80.3266785232916
 30
0.0
 70
0
  0
VERTEX
  5
6DF
  8
IC_DELIKLER
 10
59.65006532248276
 20
80.28569160323173
 30
0.0
 70
0
  0
VERTEX
  5
6E0
  8
IC_DELIKLER
 10
59.543719142424536
 20
80.24996118698118
 30
0.0
 70
0
  0
VERTEX
  5
6E1
  8
IC_DELIKLER
 10
59.43572414480316
 20
80.21957610598457
 30
0.0
 70
0
  0
VERTEX
  5
6E2
  8
IC_DELIKLER
 10
59.326348822198646
 20
80.1946119023408
 30
0.0
 70
0
  0
VERTEX
  5
6E3
  8
IC_DELIKLER
 10
59.215865098896394
 20
80.17513064099344
 30
0.0
 70
0
  0
VERTEX
  5
6E4
  8
IC_DELIKLER
 10
59.10454765484059
 20
80.16118075542786
 30
0.0
 70
0
  0
VERTEX
  5
6E5
  8
IC_DELIKLER
 10
58.992673242736565
 20
80.15279692725744
 30
0.0
 70
0
  0
VERTEX
  5
6E6
  8
IC_DELIKLER
 10
58.880520000000004
 20
80.15
 30
0.0
 70
0
  0
VERTEX
  5
6E7
  8
IC_DELIKLER
 10
50.68052
 20
80.15
 30
0.0
 70
0
  0
VERTEX
  5
6E8
  8
IC_DELIKLER
 10
50.56836675726343
 20
80.15279692725744
 30
0.0
 70
0
  0
VERTEX
  5
6E9
  8
IC_DELIKLER
 10
50.45649234515942
 20
80.16118075542786
 30
0.0
 70
0
  0
VERTEX
  5
6EA
  8
IC_DELIKLER
 10
50.34517490110361
 20
80.17513064099344
 30
0.0
 70
0
  0
VERTEX
  5
6EB
  8
IC_DELIKLER
 10
50.23469117780136
 20
80.1946119023408
 30
0.0
 70
0
  0
VERTEX
  5
6EC
  8
IC_DELIKLER
 10
50.12531585519684
 20
80.21957610598457
 30
0.0
 70
0
  0
VERTEX
  5
6ED
  8
IC_DELIKLER
 10
50.01732085757546
 20
80.24996118698118
 30
0.0
 70
0
  0
VERTEX
  5
6EE
  8
IC_DELIKLER
 10
49.910974677517245
 20
80.28569160323173
 30
0.0
 70
0
  0
VERTEX
  5
6EF
  8
IC_DELIKLER
 10
49.80654170838194
 20
80.3266785232916
 30
0.0
 70
0
  0
VERTEX
  5
6F0
  8
IC_DELIKLER
 10
49.704281586985495
 20
80.37282004721956
 30
0.0
 70
0
  0
VERTEX
  5
6F1
  8
IC_DELIKLER
 10
49.604448548102035
 20
80.42400145991701
 30
0.0
 70
0
  0
VERTEX
  5
6F2
  8
IC_DELIKLER
 10
49.50729079239613
 20
80.48009551632762
 30
0.0
 70
0
  0
VERTEX
  5
6F3
  8
IC_DELIKLER
 10
49.413049869356854
 20
80.54096275778903
 30
0.0
 70
0
  0
VERTEX
  5
6F4
  8
IC_DELIKLER
 10
49.321960076767674
 20
80.60645185874841
 30
0.0
 70
0
  0
VERTEX
  5
6F5
  8
IC_DELIKLER
 10
49.23424787820529
 20
80.67640000298229
 30
0.0
 70
0
  0
VERTEX
  5
6F6
  8
IC_DELIKLER
 10
49.150131340015434
 20
80.75063328838286
 30
0.0
 70
0
  0
VERTEX
  5
6F7
  8
IC_DELIKLER
 10
49.06981958916563
 20
80.82896715930633
 30
0.0
 70
0
  0
VERTEX
  5
6F8
  8
IC_DELIKLER
 10
48.9935122933226
 20
80.91120686540708
 30
0.0
 70
0
  0
VERTEX
  5
6F9
  8
IC_DELIKLER
 10
48.92139916444693
 20
80.99714794581786
 30
0.0
 70
0
  0
VERTEX
  5
6FA
  8
IC_DELIKLER
 10
48.853659487139325
 20
81.08657673747172
 30
0.0
 70
0
  0
VERTEX
  5
6FB
  8
IC_DELIKLER
 10
48.790461672910766
 20
81.17927090630207
 30
0.0
 70
0
  0
VERTEX
  5
6FC
  8
IC_DELIKLER
 10
48.731962841485014
 20
81.275
 30
0.0
 70
0
  0
VERTEX
  5
6FD
  8
IC_DELIKLER
 10
48.6783084301742
 20
81.37352602095538
 30
0.0
 70
0
  0
VERTEX
  5
6FE
  8
IC_DELIKLER
 10
48.629631832298735
 20
81.4746040179561
 30
0.0
 70
0
  0
VERTEX
  5
6FF
  8
IC_DELIKLER
 10
48.58605406555054
 20
81.57798269517562
 30
0.0
 70
0
  0
VERTEX
  5
700
  8
IC_DELIKLER
 10
48.54768347112396
 20
81.68340503693372
 30
0.0
 70
0
  0
VERTEX
  5
701
  8
IC_DELIKLER
 10
48.51461544436248
 20
81.79060894667822
 30
0.0
 70
0
  0
VERTEX
  5
702
  8
IC_DELIKLER
 10
48.486932197590896
 20
81.8993278985983
 30
0.0
 70
0
  0
VERTEX
  5
703
  8
IC_DELIKLER
 10
48.46470255572253
 20
82.00929160024938
 30
0.0
 70
0
  0
VERTEX
  5
704
  8
IC_DELIKLER
 10
48.447981785149615
 20
82.12022666454317
 30
0.0
 70
0
  0
VERTEX
  5
705
  8
IC_DELIKLER
 10
48.43681145634234
 20
82.23185728943054
 30
0.0
 70
0
  0
VERTEX
  5
706
  8
IC_DELIKLER
 10
48.43121934049817
 20
82.34390594358933
 30
0.0
 70
0
  0
VERTEX
  5
707
  8
IC_DELIKLER
 10
48.43121934049817
 20
82.45609405641068
 30
0.0
 70
0
  0
VERTEX
  5
708
  8
IC_DELIKLER
 10
48.43681145634234
 20
82.56814271056948
 30
0.0
 70
0
  0
VERTEX
  5
709
  8
IC_DELIKLER
 10
48.447981785149615
 20
82.67977333545682
 30
0.0
 70
0
  0
VERTEX
  5
70A
  8
IC_DELIKLER
 10
48.46470255572253
 20
82.7907083997506
 30
0.0
 70
0
  0
VERTEX
  5
70B
  8
IC_DELIKLER
 10
48.486932197590896
 20
82.90067210140168
 30
0.0
 70
0
  0
VERTEX
  5
70C
  8
IC_DELIKLER
 10
48.51461544436248
 20
83.00939105332176
 30
0.0
 70
0
  0
VERTEX
  5
70D
  8
IC_DELIKLER
 10
48.54768347112396
 20
83.11659496306629
 30
0.0
 70
0
  0
VERTEX
  5
70E
  8
IC_DELIKLER
 10
48.58605406555054
 20
83.22201730482439
 30
0.0
 70
0
  0
VERTEX
  5
70F
  8
IC_DELIKLER
 10
48.629631832298735
 20
83.32539598204389
 30
0.0
 70
0
  0
VERTEX
  5
710
  8
IC_DELIKLER
 10
48.6783084301742
 20
83.4264739790446
 30
0.0
 70
0
  0
VERTEX
  5
711
  8
IC_DELIKLER
 10
48.731962841485014
 20
83.525
 30
0.0
 70
0
  0
VERTEX
  5
712
  8
IC_DELIKLER
 10
48.790461672910766
 20
83.62072909369795
 30
0.0
 70
0
  0
VERTEX
  5
713
  8
IC_DELIKLER
 10
48.853659487139325
 20
83.7134232625283
 30
0.0
 70
0
  0
VERTEX
  5
714
  8
IC_DELIKLER
 10
48.92139916444693
 20
83.80285205418213
 30
0.0
 70
0
  0
VERTEX
  5
715
  8
IC_DELIKLER
 10
48.9935122933226
 20
83.88879313459293
 30
0.0
 70
0
  0
VERTEX
  5
716
  8
IC_DELIKLER
 10
49.06981958916563
 20
83.97103284069368
 30
0.0
 70
0
  0
VERTEX
  5
717
  8
IC_DELIKLER
 10
49.150131340015434
 20
84.04936671161713
 30
0.0
 70
0
  0
VERTEX
  5
718
  8
IC_DELIKLER
 10
49.23424787820529
 20
84.12359999701772
 30
0.0
 70
0
  0
VERTEX
  5
719
  8
IC_DELIKLER
 10
49.321960076767674
 20
84.1935481412516
 30
0.0
 70
0
  0
VERTEX
  5
71A
  8
IC_DELIKLER
 10
49.413049869356854
 20
84.25903724221098
 30
0.0
 70
0
  0
VERTEX
  5
71B
  8
IC_DELIKLER
 10
49.50729079239613
 20
84.31990448367236
 30
0.0
 70
0
  0
VERTEX
  5
71C
  8
IC_DELIKLER
 10
49.604448548102035
 20
84.37599854008303
 30
0.0
 70
0
  0
VERTEX
  5
71D
  8
IC_DELIKLER
 10
49.704281586985495
 20
84.42717995278045
 30
0.0
 70
0
  0
VERTEX
  5
71E
  8
IC_DELIKLER
 10
49.80654170838194
 20
84.4733214767084
 30
0.0
 70
0
  0
VERTEX
  5
71F
  8
IC_DELIKLER
 10
49.910974677517245
 20
84.51430839676829
 30
0.0
 70
0
  0
VERTEX
  5
720
  8
IC_DELIKLER
 10
50.01732085757546
 20
84.55003881301883
 30
0.0
 70
0
  0
VERTEX
  5
721
  8
IC_DELIKLER
 10
50.12531585519684
 20
84.58042389401544
 30
0.0
 70
0
  0
VERTEX
  5
722
  8
IC_DELIKLER
 10
50.23469117780136
 20
84.60538809765922
 30
0.0
 70
0
  0
VERTEX
  5
723
  8
IC_DELIKLER
 10
50.34517490110361
 20
84.62486935900657
 30
0.0
 70
0
  0
VERTEX
  5
724
  8
IC_DELIKLER
 10
50.45649234515942
 20
84.63881924457215
 30
0.0
 70
0
  0
VERTEX
  5
725
  8
IC_DELIKLER
 10
50.56836675726343
 20
84.64720307274257
 30
0.0
 70
0
  0
VERTEX
  5
726
  8
IC_DELIKLER
 10
50.68052
 20
84.65
 30
0.0
 70
0
  0
SEQEND
  5
6A6
  8
IC_DELIKLER
  0
POLYLINE
  5
727
  8
IC_DELIKLER
 66
1
 10
0.0
 20
0.0
 30
0.0
 70
1
  0
VERTEX
  5
729
  8
IC_DELIKLER
 10
41.28052
 20
93.25
 30
0.0
 70
0
  0
VERTEX
  5
72A
  8
IC_DELIKLER
 10
41.39267324273657
 20
93.24720307274256
 30
0.0
 70
0
  0
VERTEX
  5
72B
  8
IC_DELIKLER
 10
41.504547654840586
 20
93.23881924457214
 30
0.0
 70
0
  0
VERTEX
  5
72C
  8
IC_DELIKLER
 10
41.61586509889639
 20
93.22486935900656
 30
0.0
 70
0
  0
VERTEX
  5
72D
  8
IC_DELIKLER
 10
41.726348822198645
 20
93.20538809765921
 30
0.0
 70
0
  0
VERTEX
  5
72E
  8
IC_DELIKLER
 10
41.835724144803166
 20
93.18042389401543
 30
0.0
 70
0
  0
VERTEX
  5
72F
  8
IC_DELIKLER
 10
41.94371914242454
 20
93.15003881301882
 30
0.0
 70
0
  0
VERTEX
  5
730
  8
IC_DELIKLER
 10
42.05006532248275
 20
93.11430839676828
 30
0.0
 70
0
  0
VERTEX
  5
731
  8
IC_DELIKLER
 10
42.15449829161806
 20
93.0733214767084
 30
0.0
 70
0
  0
VERTEX
  5
732
  8
IC_DELIKLER
 10
42.25675841301451
 20
93.02717995278044
 30
0.0
 70
0
  0
VERTEX
  5
733
  8
IC_DELIKLER
 10
42.35659145189797
 20
92.975998540083
 30
0.0
 70
0
  0
VERTEX
  5
734
  8
IC_DELIKLER
 10
42.45374920760388
 20
92.91990448367238
 30
0.0
 70
0
  0
VERTEX
  5
735
  8
IC_DELIKLER
 10
42.54799013064315
 20
92.85903724221097
 30
0.0
 70
0
  0
VERTEX
  5
736
  8
IC_DELIKLER
 10
42.63907992323233
 20
92.79354814125159
 30
0.0
 70
0
  0
VERTEX
  5
737
  8
IC_DELIKLER
 10
42.726792121794716
 20
92.72359999701771
 30
0.0
 70
0
  0
VERTEX
  5
738
  8
IC_DELIKLER
 10
42.81090865998457
 20
92.64936671161712
 30
0.0
 70
0
  0
VERTEX
  5
739
  8
IC_DELIKLER
 10
42.89122041083437
 20
92.57103284069368
 30
0.0
 70
0
  0
VERTEX
  5
73A
  8
IC_DELIKLER
 10
42.9675277066774
 20
92.48879313459292
 30
0.0
 70
0
  0
VERTEX
  5
73B
  8
IC_DELIKLER
 10
43.03964083555307
 20
92.40285205418212
 30
0.0
 70
0
  0
VERTEX
  5
73C
  8
IC_DELIKLER
 10
43.10738051286068
 20
92.31342326252829
 30
0.0
 70
0
  0
VERTEX
  5
73D
  8
IC_DELIKLER
 10
43.17057832708924
 20
92.22072909369794
 30
0.0
 70
0
  0
VERTEX
  5
73E
  8
IC_DELIKLER
 10
43.22907715851498
 20
92.125
 30
0.0
 70
0
  0
VERTEX
  5
73F
  8
IC_DELIKLER
 10
43.282731569825806
 20
92.02647397904462
 30
0.0
 70
0
  0
VERTEX
  5
740
  8
IC_DELIKLER
 10
43.33140816770127
 20
91.92539598204388
 30
0.0
 70
0
  0
VERTEX
  5
741
  8
IC_DELIKLER
 10
43.37498593444946
 20
91.82201730482439
 30
0.0
 70
0
  0
VERTEX
  5
742
  8
IC_DELIKLER
 10
43.413356528876044
 20
91.71659496306629
 30
0.0
 70
0
  0
VERTEX
  5
743
  8
IC_DELIKLER
 10
43.44642455563753
 20
91.60939105332176
 30
0.0
 70
0
  0
VERTEX
  5
744
  8
IC_DELIKLER
 10
43.47410780240911
 20
91.50067210140168
 30
0.0
 70
0
  0
VERTEX
  5
745
  8
IC_DELIKLER
 10
43.49633744427747
 20
91.39070839975062
 30
0.0
 70
0
  0
VERTEX
  5
746
  8
IC_DELIKLER
 10
43.51305821485039
 20
91.27977333545681
 30
0.0
 70
0
  0
VERTEX
  5
747
  8
IC_DELIKLER
 10
43.52422854365766
 20
91.16814271056947
 30
0.0
 70
0
  0
VERTEX
  5
748
  8
IC_DELIKLER
 10
43.52982065950184
 20
91.05609405641067
 30
0.0
 70
0
  0
VERTEX
  5
749
  8
IC_DELIKLER
 10
43.52982065950184
 20
90.94390594358933
 30
0.0
 70
0
  0
VERTEX
  5
74A
  8
IC_DELIKLER
 10
43.52422854365766
 20
90.83185728943053
 30
0.0
 70
0
  0
VERTEX
  5
74B
  8
IC_DELIKLER
 10
43.51305821485039
 20
90.72022666454319
 30
0.0
 70
0
  0
VERTEX
  5
74C
  8
IC_DELIKLER
 10
43.49633744427747
 20
90.60929160024938
 30
0.0
 70
0
  0
VERTEX
  5
74D
  8
IC_DELIKLER
 10
43.47410780240911
 20
90.49932789859832
 30
0.0
 70
0
  0
VERTEX
  5
74E
  8
IC_DELIKLER
 10
43.44642455563753
 20
90.39060894667824
 30
0.0
 70
0
  0
VERTEX
  5
74F
  8
IC_DELIKLER
 10
43.413356528876044
 20
90.28340503693371
 30
0.0
 70
0
  0
VERTEX
  5
750
  8
IC_DELIKLER
 10
43.37498593444946
 20
90.17798269517561
 30
0.0
 70
0
  0
VERTEX
  5
751
  8
IC_DELIKLER
 10
43.33140816770127
 20
90.07460401795612
 30
0.0
 70
0
  0
VERTEX
  5
752
  8
IC_DELIKLER
 10
43.282731569825806
 20
89.97352602095538
 30
0.0
 70
0
  0
VERTEX
  5
753
  8
IC_DELIKLER
 10
43.22907715851498
 20
89.875
 30
0.0
 70
0
  0
VERTEX
  5
754
  8
IC_DELIKLER
 10
43.17057832708924
 20
89.77927090630206
 30
0.0
 70
0
  0
VERTEX
  5
755
  8
IC_DELIKLER
 10
43.10738051286068
 20
89.68657673747171
 30
0.0
 70
0
  0
VERTEX
  5
756
  8
IC_DELIKLER
 10
43.03964083555307
 20
89.59714794581788
 30
0.0
 70
0
  0
VERTEX
  5
757
  8
IC_DELIKLER
 10
42.9675277066774
 20
89.51120686540708
 30
0.0
 70
0
  0
VERTEX
  5
758
  8
IC_DELIKLER
 10
42.89122041083437
 20
89.42896715930632
 30
0.0
 70
0
  0
VERTEX
  5
759
  8
IC_DELIKLER
 10
42.81090865998457
 20
89.35063328838288
 30
0.0
 70
0
  0
VERTEX
  5
75A
  8
IC_DELIKLER
 10
42.726792121794716
 20
89.27640000298229
 30
0.0
 70
0
  0
VERTEX
  5
75B
  8
IC_DELIKLER
 10
42.63907992323233
 20
89.20645185874841
 30
0.0
 70
0
  0
VERTEX
  5
75C
  8
IC_DELIKLER
 10
42.54799013064315
 20
89.14096275778903
 30
0.0
 70
0
  0
VERTEX
  5
75D
  8
IC_DELIKLER
 10
42.45374920760388
 20
89.08009551632762
 30
0.0
 70
0
  0
VERTEX
  5
75E
  8
IC_DELIKLER
 10
42.35659145189797
 20
89.02400145991697
 30
0.0
 70
0
  0
VERTEX
  5
75F
  8
IC_DELIKLER
 10
42.25675841301451
 20
88.97282004721956
 30
0.0
 70
0
  0
VERTEX
  5
760
  8
IC_DELIKLER
 10
42.15449829161806
 20
88.9266785232916
 30
0.0
 70
0
  0
VERTEX
  5
761
  8
IC_DELIKLER
 10
42.05006532248275
 20
88.88569160323172
 30
0.0
 70
0
  0
VERTEX
  5
762
  8
IC_DELIKLER
 10
41.94371914242454
 20
88.84996118698118
 30
0.0
 70
0
  0
VERTEX
  5
763
  8
IC_DELIKLER
 10
41.835724144803166
 20
88.81957610598457
 30
0.0
 70
0
  0
VERTEX
  5
764
  8
IC_DELIKLER
 10
41.726348822198645
 20
88.79461190234079
 30
0.0
 70
0
  0
VERTEX
  5
765
  8
IC_DELIKLER
 10
41.61586509889639
 20
88.77513064099344
 30
0.0
 70
0
  0
VERTEX
  5
766
  8
IC_DELIKLER
 10
41.504547654840586
 20
88.76118075542786
 30
0.0
 70
0
  0
VERTEX
  5
767
  8
IC_DELIKLER
 10
41.39267324273657
 20
88.75279692725744
 30
0.0
 70
0
  0
VERTEX
  5
768
  8
IC_DELIKLER
 10
41.28052
 20
88.75
 30
0.0
 70
0
  0
VERTEX
  5
769
  8
IC_DELIKLER
 10
33.08052
 20
88.75
 30
0.0
 70
0
  0
VERTEX
  5
76A
  8
IC_DELIKLER
 10
32.96836675726343
 20
88.75279692725744
 30
0.0
 70
0
  0
VERTEX
  5
76B
  8
IC_DELIKLER
 10
32.85649234515942
 20
88.76118075542786
 30
0.0
 70
0
  0
VERTEX
  5
76C
  8
IC_DELIKLER
 10
32.74517490110361
 20
88.77513064099344
 30
0.0
 70
0
  0
VERTEX
  5
76D
  8
IC_DELIKLER
 10
32.63469117780136
 20
88.79461190234079
 30
0.0
 70
0
  0
VERTEX
  5
76E
  8
IC_DELIKLER
 10
32.52531585519684
 20
88.81957610598457
 30
0.0
 70
0
  0
VERTEX
  5
76F
  8
IC_DELIKLER
 10
32.41732085757546
 20
88.84996118698118
 30
0.0
 70
0
  0
VERTEX
  5
770
  8
IC_DELIKLER
 10
32.31097467751725
 20
88.88569160323172
 30
0.0
 70
0
  0
VERTEX
  5
771
  8
IC_DELIKLER
 10
32.20654170838194
 20
88.9266785232916
 30
0.0
 70
0
  0
VERTEX
  5
772
  8
IC_DELIKLER
 10
32.10428158698549
 20
88.97282004721956
 30
0.0
 70
0
  0
VERTEX
  5
773
  8
IC_DELIKLER
 10
32.00444854810203
 20
89.024001459917
 30
0.0
 70
0
  0
VERTEX
  5
774
  8
IC_DELIKLER
 10
31.90729079239613
 20
89.08009551632762
 30
0.0
 70
0
  0
VERTEX
  5
775
  8
IC_DELIKLER
 10
31.813049869356853
 20
89.14096275778903
 30
0.0
 70
0
  0
VERTEX
  5
776
  8
IC_DELIKLER
 10
31.721960076767676
 20
89.20645185874841
 30
0.0
 70
0
  0
VERTEX
  5
777
  8
IC_DELIKLER
 10
31.634247878205286
 20
89.27640000298229
 30
0.0
 70
0
  0
VERTEX
  5
778
  8
IC_DELIKLER
 10
31.550131340015433
 20
89.35063328838288
 30
0.0
 70
0
  0
VERTEX
  5
779
  8
IC_DELIKLER
 10
31.46981958916563
 20
89.42896715930632
 30
0.0
 70
0
  0
VERTEX
  5
77A
  8
IC_DELIKLER
 10
31.3935122933226
 20
89.51120686540708
 30
0.0
 70
0
  0
VERTEX
  5
77B
  8
IC_DELIKLER
 10
31.321399164446934
 20
89.59714794581788
 30
0.0
 70
0
  0
VERTEX
  5
77C
  8
IC_DELIKLER
 10
31.253659487139323
 20
89.68657673747171
 30
0.0
 70
0
  0
VERTEX
  5
77D
  8
IC_DELIKLER
 10
31.190461672910764
 20
89.77927090630206
 30
0.0
 70
0
  0
VERTEX
  5
77E
  8
IC_DELIKLER
 10
31.131962841485016
 20
89.875
 30
0.0
 70
0
  0
VERTEX
  5
77F
  8
IC_DELIKLER
 10
31.078308430174197
 20
89.97352602095538
 30
0.0
 70
0
  0
VERTEX
  5
780
  8
IC_DELIKLER
 10
31.029631832298737
 20
90.07460401795612
 30
0.0
 70
0
  0
VERTEX
  5
781
  8
IC_DELIKLER
 10
30.98605406555054
 20
90.17798269517561
 30
0.0
 70
0
  0
VERTEX
  5
782
  8
IC_DELIKLER
 10
30.94768347112396
 20
90.28340503693371
 30
0.0
 70
0
  0
VERTEX
  5
783
  8
IC_DELIKLER
 10
30.914615444362475
 20
90.39060894667824
 30
0.0
 70
0
  0
VERTEX
  5
784
  8
IC_DELIKLER
 10
30.886932197590898
 20
90.49932789859832
 30
0.0
 70
0
  0
VERTEX
  5
785
  8
IC_DELIKLER
 10
30.864702555722534
 20
90.60929160024938
 30
0.0
 70
0
  0
VERTEX
  5
786
  8
IC_DELIKLER
 10
30.847981785149614
 20
90.72022666454319
 30
0.0
 70
0
  0
VERTEX
  5
787
  8
IC_DELIKLER
 10
30.836811456342343
 20
90.83185728943053
 30
0.0
 70
0
  0
VERTEX
  5
788
  8
IC_DELIKLER
 10
30.831219340498166
 20
90.94390594358933
 30
0.0
 70
0
  0
VERTEX
  5
789
  8
IC_DELIKLER
 10
30.831219340498166
 20
91.05609405641067
 30
0.0
 70
0
  0
VERTEX
  5
78A
  8
IC_DELIKLER
 10
30.836811456342343
 20
91.16814271056947
 30
0.0
 70
0
  0
VERTEX
  5
78B
  8
IC_DELIKLER
 10
30.847981785149614
 20
91.27977333545681
 30
0.0
 70
0
  0
VERTEX
  5
78C
  8
IC_DELIKLER
 10
30.864702555722534
 20
91.39070839975062
 30
0.0
 70
0
  0
VERTEX
  5
78D
  8
IC_DELIKLER
 10
30.886932197590898
 20
91.50067210140168
 30
0.0
 70
0
  0
VERTEX
  5
78E
  8
IC_DELIKLER
 10
30.914615444362475
 20
91.60939105332176
 30
0.0
 70
0
  0
VERTEX
  5
78F
  8
IC_DELIKLER
 10
30.94768347112396
 20
91.71659496306629
 30
0.0
 70
0
  0
VERTEX
  5
790
  8
IC_DELIKLER
 10
30.98605406555054
 20
91.82201730482439
 30
0.0
 70
0
  0
VERTEX
  5
791
  8
IC_DELIKLER
 10
31.029631832298737
 20
91.92539598204388
 30
0.0
 70
0
  0
VERTEX
  5
792
  8
IC_DELIKLER
 10
31.078308430174197
 20
92.02647397904462
 30
0.0
 70
0
  0
VERTEX
  5
793
  8
IC_DELIKLER
 10
31.131962841485016
 20
92.125
 30
0.0
 70
0
  0
VERTEX
  5
794
  8
IC_DELIKLER
 10
31.190461672910764
 20
92.22072909369794
 30
0.0
 70
0
  0
VERTEX
  5
795
  8
IC_DELIKLER
 10
31.253659487139323
 20
92.31342326252829
 30
0.0
 70
0
  0
VERTEX
  5
796
  8
IC_DELIKLER
 10
31.321399164446934
 20
92.40285205418212
 30
0.0
 70
0
  0
VERTEX
  5
797
  8
IC_DELIKLER
 10
31.3935122933226
 20
92.48879313459292
 30
0.0
 70
0
  0
VERTEX
  5
798
  8
IC_DELIKLER
 10
31.46981958916563
 20
92.57103284069368
 30
0.0
 70
0
  0
VERTEX
  5
799
  8
IC_DELIKLER
 10
31.550131340015433
 20
92.64936671161712
 30
0.0
 70
0
  0
VERTEX
  5
79A
  8
IC_DELIKLER
 10
31.634247878205286
 20
92.72359999701771
 30
0.0
 70
0
  0
VERTEX
  5
79B
  8
IC_DELIKLER
 10
31.721960076767676
 20
92.79354814125159
 30
0.0
 70
0
  0
VERTEX
  5
79C
  8
IC_DELIKLER
 10
31.813049869356853
 20
92.85903724221097
 30
0.0
 70
0
  0
VERTEX
  5
79D
  8
IC_DELIKLER
 10
31.90729079239613
 20
92.91990448367238
 30
0.0
 70
0
  0
VERTEX
  5
79E
  8
IC_DELIKLER
 10
32.00444854810203
 20
92.97599854008303
 30
0.0
 70
0
  0
VERTEX
  5
79F
  8
IC_DELIKLER
 10
32.10428158698549
 20
93.02717995278044
 30
0.0
 70
0
  0
VERTEX
  5
7A0
  8
IC_DELIKLER
 10
32.20654170838194
 20
93.0733214767084
 30
0.0
 70
0
  0
VERTEX
  5
7A1
  8
IC_DELIKLER
 10
32.31097467751725
 20
93.11430839676828
 30
0.0
 70
0
  0
VERTEX
  5
7A2
  8
IC_DELIKLER
 10
32.41732085757546
 20
93.15003881301882
 30
0.0
 70
0
  0
VERTEX
  5
7A3
  8
IC_DELIKLER
 10
32.52531585519684
 20
93.18042389401543
 30
0.0
 70
0
  0
VERTEX
  5
7A4
  8
IC_DELIKLER
 10
32.63469117780136
 20
93.20538809765921
 30
0.0
 70
0
  0
VERTEX
  5
7A5
  8
IC_DELIKLER
 10
32.74517490110361
 20
93.22486935900656
 30
0.0
 70
0
  0
VERTEX
  5
7A6
  8
IC_DELIKLER
 10
32.85649234515942
 20
93.23881924457214
 30
0.0
 70
0
  0
VERTEX
  5
7A7
  8
IC_DELIKLER
 10
32.96836675726343
 20
93.24720307274256
 30
0.0
 70
0
  0
VERTEX
  5
7A8
  8
IC_DELIKLER
 10
33.08052
 20
93.25
 30
0.0
 70
0
  0
SEQEND
  5
728
  8
IC_DELIKLER
  0
POLYLINE
  5
7A9
  8
IC_DELIKLER
 66
1
 10
0.0
 20
0.0
 30
0.0
 70
1
  0
VERTEX
  5
7AB
  8
IC_DELIKLER
 10
58.880520000000004
 20
93.25
 30
0.0
 70
0
  0
VERTEX
  5
7AC
  8
IC_DELIKLER
 10
58.992673242736565
 20
93.24720307274256
 30
0.0
 70
0
  0
VERTEX
  5
7AD
  8
IC_DELIKLER
 10
59.10454765484059
 20
93.23881924457214
 30
0.0
 70
0
  0
VERTEX
  5
7AE
  8
IC_DELIKLER
 10
59.215865098896394
 20
93.22486935900656
 30
0.0
 70
0
  0
VERTEX
  5
7AF
  8
IC_DELIKLER
 10
59.326348822198646
 20
93.20538809765921
 30
0.0
 70
0
  0
VERTEX
  5
7B0
  8
IC_DELIKLER
 10
59.43572414480316
 20
93.18042389401543
 30
0.0
 70
0
  0
VERTEX
  5
7B1
  8
IC_DELIKLER
 10
59.543719142424536
 20
93.15003881301882
 30
0.0
 70
0
  0
VERTEX
  5
7B2
  8
IC_DELIKLER
 10
59.65006532248276
 20
93.11430839676828
 30
0.0
 70
0
  0
VERTEX
  5
7B3
  8
IC_DELIKLER
 10
59.75449829161806
 20
93.0733214767084
 30
0.0
 70
0
  0
VERTEX
  5
7B4
  8
IC_DELIKLER
 10
59.856758413014504
 20
93.02717995278044
 30
0.0
 70
0
  0
VERTEX
  5
7B5
  8
IC_DELIKLER
 10
59.956591451897964
 20
92.975998540083
 30
0.0
 70
0
  0
VERTEX
  5
7B6
  8
IC_DELIKLER
 10
60.05374920760387
 20
92.91990448367238
 30
0.0
 70
0
  0
VERTEX
  5
7B7
  8
IC_DELIKLER
 10
60.14799013064315
 20
92.85903724221097
 30
0.0
 70
0
  0
VERTEX
  5
7B8
  8
IC_DELIKLER
 10
60.239079923232325
 20
92.79354814125159
 30
0.0
 70
0
  0
VERTEX
  5
7B9
  8
IC_DELIKLER
 10
60.32679212179471
 20
92.72359999701771
 30
0.0
 70
0
  0
VERTEX
  5
7BA
  8
IC_DELIKLER
 10
60.41090865998457
 20
92.64936671161712
 30
0.0
 70
0
  0
VERTEX
  5
7BB
  8
IC_DELIKLER
 10
60.491220410834366
 20
92.57103284069368
 30
0.0
 70
0
  0
VERTEX
  5
7BC
  8
IC_DELIKLER
 10
60.5675277066774
 20
92.48879313459292
 30
0.0
 70
0
  0
VERTEX
  5
7BD
  8
IC_DELIKLER
 10
60.63964083555307
 20
92.40285205418212
 30
0.0
 70
0
  0
VERTEX
  5
7BE
  8
IC_DELIKLER
 10
60.707380512860674
 20
92.31342326252829
 30
0.0
 70
0
  0
VERTEX
  5
7BF
  8
IC_DELIKLER
 10
60.77057832708924
 20
92.22072909369794
 30
0.0
 70
0
  0
VERTEX
  5
7C0
  8
IC_DELIKLER
 10
60.829077158514984
 20
92.125
 30
0.0
 70
0
  0
VERTEX
  5
7C1
  8
IC_DELIKLER
 10
60.88273156982581
 20
92.02647397904462
 30
0.0
 70
0
  0
VERTEX
  5
7C2
  8
IC_DELIKLER
 10
60.931408167701264
 20
91.92539598204388
 30
0.0
 70
0
  0
VERTEX
  5
7C3
  8
IC_DELIKLER
 10
60.97498593444946
 20
91.82201730482439
 30
0.0
 70
0
  0
VERTEX
  5
7C4
  8
IC_DELIKLER
 10
61.013356528876045
 20
91.71659496306629
 30
0.0
 70
0
  0
VERTEX
  5
7C5
  8
IC_DELIKLER
 10
61.04642455563753
 20
91.60939105332176
 30
0.0
 70
0
  0
VERTEX
  5
7C6
  8
IC_DELIKLER
 10
61.0741078024091
 20
91.50067210140168
 30
0.0
 70
0
  0
VERTEX
  5
7C7
  8
IC_DELIKLER
 10
61.09633744427747
 20
91.39070839975062
 30
0.0
 70
0
  0
VERTEX
  5
7C8
  8
IC_DELIKLER
 10
61.11305821485039
 20
91.27977333545681
 30
0.0
 70
0
  0
VERTEX
  5
7C9
  8
IC_DELIKLER
 10
61.12422854365766
 20
91.16814271056947
 30
0.0
 70
0
  0
VERTEX
  5
7CA
  8
IC_DELIKLER
 10
61.129820659501846
 20
91.05609405641067
 30
0.0
 70
0
  0
VERTEX
  5
7CB
  8
IC_DELIKLER
 10
61.129820659501846
 20
90.94390594358933
 30
0.0
 70
0
  0
VERTEX
  5
7CC
  8
IC_DELIKLER
 10
61.12422854365766
 20
90.83185728943053
 30
0.0
 70
0
  0
VERTEX
  5
7CD
  8
IC_DELIKLER
 10
61.11305821485039
 20
90.72022666454319
 30
0.0
 70
0
  0
VERTEX
  5
7CE
  8
IC_DELIKLER
 10
61.09633744427747
 20
90.60929160024938
 30
0.0
 70
0
  0
VERTEX
  5
7CF
  8
IC_DELIKLER
 10
61.0741078024091
 20
90.49932789859832
 30
0.0
 70
0
  0
VERTEX
  5
7D0
  8
IC_DELIKLER
 10
61.04642455563753
 20
90.39060894667824
 30
0.0
 70
0
  0
VERTEX
  5
7D1
  8
IC_DELIKLER
 10
61.013356528876045
 20
90.28340503693371
 30
0.0
 70
0
  0
VERTEX
  5
7D2
  8
IC_DELIKLER
 10
60.97498593444946
 20
90.17798269517561
 30
0.0
 70
0
  0
VERTEX
  5
7D3
  8
IC_DELIKLER
 10
60.931408167701264
 20
90.07460401795612
 30
0.0
 70
0
  0
VERTEX
  5
7D4
  8
IC_DELIKLER
 10
60.88273156982581
 20
89.97352602095538
 30
0.0
 70
0
  0
VERTEX
  5
7D5
  8
IC_DELIKLER
 10
60.829077158514984
 20
89.875
 30
0.0
 70
0
  0
VERTEX
  5
7D6
  8
IC_DELIKLER
 10
60.77057832708924
 20
89.77927090630206
 30
0.0
 70
0
  0
VERTEX
  5
7D7
  8
IC_DELIKLER
 10
60.707380512860674
 20
89.68657673747171
 30
0.0
 70
0
  0
VERTEX
  5
7D8
  8
IC_DELIKLER
 10
60.63964083555307
 20
89.59714794581788
 30
0.0
 70
0
  0
VERTEX
  5
7D9
  8
IC_DELIKLER
 10
60.5675277066774
 20
89.51120686540708
 30
0.0
 70
0
  0
VERTEX
  5
7DA
  8
IC_DELIKLER
 10
60.491220410834366
 20
89.42896715930632
 30
0.0
 70
0
  0
VERTEX
  5
7DB
  8
IC_DELIKLER
 10
60.41090865998457
 20
89.35063328838288
 30
0.0
 70
0
  0
VERTEX
  5
7DC
  8
IC_DELIKLER
 10
60.32679212179471
 20
89.27640000298229
 30
0.0
 70
0
  0
VERTEX
  5
7DD
  8
IC_DELIKLER
 10
60.239079923232325
 20
89.20645185874841
 30
0.0
 70
0
  0
VERTEX
  5
7DE
  8
IC_DELIKLER
 10
60.14799013064315
 20
89.14096275778903
 30
0.0
 70
0
  0
VERTEX
  5
7DF
  8
IC_DELIKLER
 10
60.05374920760387
 20
89.08009551632762
 30
0.0
 70
0
  0
VERTEX
  5
7E0
  8
IC_DELIKLER
 10
59.956591451897964
 20
89.02400145991697
 30
0.0
 70
0
  0
VERTEX
  5
7E1
  8
IC_DELIKLER
 10
59.856758413014504
 20
88.97282004721956
 30
0.0
 70
0
  0
VERTEX
  5
7E2
  8
IC_DELIKLER
 10
59.75449829161806
 20
88.9266785232916
 30
0.0
 70
0
  0
VERTEX
  5
7E3
  8
IC_DELIKLER
 10
59.65006532248276
 20
88.88569160323172
 30
0.0
 70
0
  0
VERTEX
  5
7E4
  8
IC_DELIKLER
 10
59.543719142424536
 20
88.84996118698118
 30
0.0
 70
0
  0
VERTEX
  5
7E5
  8
IC_DELIKLER
 10
59.43572414480316
 20
88.81957610598457
 30
0.0
 70
0
  0
VERTEX
  5
7E6
  8
IC_DELIKLER
 10
59.326348822198646
 20
88.79461190234079
 30
0.0
 70
0
  0
VERTEX
  5
7E7
  8
IC_DELIKLER
 10
59.215865098896394
 20
88.77513064099344
 30
0.0
 70
0
  0
VERTEX
  5
7E8
  8
IC_DELIKLER
 10
59.10454765484059
 20
88.76118075542786
 30
0.0
 70
0
  0
VERTEX
  5
7E9
  8
IC_DELIKLER
 10
58.992673242736565
 20
88.75279692725744
 30
0.0
 70
0
  0
VERTEX
  5
7EA
  8
IC_DELIKLER
 10
58.880520000000004
 20
88.75
 30
0.0
 70
0
  0
VERTEX
  5
7EB
  8
IC_DELIKLER
 10
50.68052
 20
88.75
 30
0.0
 70
0
  0
VERTEX
  5
7EC
  8
IC_DELIKLER
 10
50.56836675726343
 20
88.75279692725744
 30
0.0
 70
0
  0
VERTEX
  5
7ED
  8
IC_DELIKLER
 10
50.45649234515942
 20
88.76118075542786
 30
0.0
 70
0
  0
VERTEX
  5
7EE
  8
IC_DELIKLER
 10
50.34517490110361
 20
88.77513064099344
 30
0.0
 70
0
  0
VERTEX
  5
7EF
  8
IC_DELIKLER
 10
50.23469117780136
 20
88.79461190234079
 30
0.0
 70
0
  0
VERTEX
  5
7F0
  8
IC_DELIKLER
 10
50.12531585519684
 20
88.81957610598457
 30
0.0
 70
0
  0
VERTEX
  5
7F1
  8
IC_DELIKLER
 10
50.01732085757546
 20
88.84996118698118
 30
0.0
 70
0
  0
VERTEX
  5
7F2
  8
IC_DELIKLER
 10
49.910974677517245
 20
88.88569160323172
 30
0.0
 70
0
  0
VERTEX
  5
7F3
  8
IC_DELIKLER
 10
49.80654170838194
 20
88.9266785232916
 30
0.0
 70
0
  0
VERTEX
  5
7F4
  8
IC_DELIKLER
 10
49.704281586985495
 20
88.97282004721956
 30
0.0
 70
0
  0
VERTEX
  5
7F5
  8
IC_DELIKLER
 10
49.604448548102035
 20
89.024001459917
 30
0.0
 70
0
  0
VERTEX
  5
7F6
  8
IC_DELIKLER
 10
49.50729079239613
 20
89.08009551632762
 30
0.0
 70
0
  0
VERTEX
  5
7F7
  8
IC_DELIKLER
 10
49.413049869356854
 20
89.14096275778903
 30
0.0
 70
0
  0
VERTEX
  5
7F8
  8
IC_DELIKLER
 10
49.321960076767674
 20
89.20645185874841
 30
0.0
 70
0
  0
VERTEX
  5
7F9
  8
IC_DELIKLER
 10
49.23424787820529
 20
89.27640000298229
 30
0.0
 70
0
  0
VERTEX
  5
7FA
  8
IC_DELIKLER
 10
49.150131340015434
 20
89.35063328838288
 30
0.0
 70
0
  0
VERTEX
  5
7FB
  8
IC_DELIKLER
 10
49.06981958916563
 20
89.42896715930632
 30
0.0
 70
0
  0
VERTEX
  5
7FC
  8
IC_DELIKLER
 10
48.9935122933226
 20
89.51120686540708
 30
0.0
 70
0
  0
VERTEX
  5
7FD
  8
IC_DELIKLER
 10
48.92139916444693
 20
89.59714794581788
 30
0.0
 70
0
  0
VERTEX
  5
7FE
  8
IC_DELIKLER
 10
48.853659487139325
 20
89.68657673747171
 30
0.0
 70
0
  0
VERTEX
  5
7FF
  8
IC_DELIKLER
 10
48.790461672910766
 20
89.77927090630206
 30
0.0
 70
0
  0
VERTEX
  5
800
  8
IC_DELIKLER
 10
48.731962841485014
 20
89.875
 30
0.0
 70
0
  0
VERTEX
  5
801
  8
IC_DELIKLER
 10
48.6783084301742
 20
89.97352602095538
 30
0.0
 70
0
  0
VERTEX
  5
802
  8
IC_DELIKLER
 10
48.629631832298735
 20
90.07460401795612
 30
0.0
 70
0
  0
VERTEX
  5
803
  8
IC_DELIKLER
 10
48.58605406555054
 20
90.17798269517561
 30
0.0
 70
0
  0
VERTEX
  5
804
  8
IC_DELIKLER
 10
48.54768347112396
 20
90.28340503693371
 30
0.0
 70
0
  0
VERTEX
  5
805
  8
IC_DELIKLER
 10
48.51461544436248
 20
90.39060894667824
 30
0.0
 70
0
  0
VERTEX
  5
806
  8
IC_DELIKLER
 10
48.486932197590896
 20
90.49932789859832
 30
0.0
 70
0
  0
VERTEX
  5
807
  8
IC_DELIKLER
 10
48.46470255572253
 20
90.60929160024938
 30
0.0
 70
0
  0
VERTEX
  5
808
  8
IC_DELIKLER
 10
48.447981785149615
 20
90.72022666454319
 30
0.0
 70
0
  0
VERTEX
  5
809
  8
IC_DELIKLER
 10
48.43681145634234
 20
90.83185728943053
 30
0.0
 70
0
  0
VERTEX
  5
80A
  8
IC_DELIKLER
 10
48.43121934049817
 20
90.94390594358933
 30
0.0
 70
0
  0
VERTEX
  5
80B
  8
IC_DELIKLER
 10
48.43121934049817
 20
91.05609405641067
 30
0.0
 70
0
  0
VERTEX
  5
80C
  8
IC_DELIKLER
 10
48.43681145634234
 20
91.16814271056947
 30
0.0
 70
0
  0
VERTEX
  5
80D
  8
IC_DELIKLER
 10
48.447981785149615
 20
91.27977333545681
 30
0.0
 70
0
  0
VERTEX
  5
80E
  8
IC_DELIKLER
 10
48.46470255572253
 20
91.39070839975062
 30
0.0
 70
0
  0
VERTEX
  5
80F
  8
IC_DELIKLER
 10
48.486932197590896
 20
91.50067210140168
 30
0.0
 70
0
  0
VERTEX
  5
810
  8
IC_DELIKLER
 10
48.51461544436248
 20
91.60939105332176
 30
0.0
 70
0
  0
VERTEX
  5
811
  8
IC_DELIKLER
 10
48.54768347112396
 20
91.71659496306629
 30
0.0
 70
0
  0
VERTEX
  5
812
  8
IC_DELIKLER
 10
48.58605406555054
 20
91.82201730482439
 30
0.0
 70
0
  0
VERTEX
  5
813
  8
IC_DELIKLER
 10
48.629631832298735
 20
91.92539598204388
 30
0.0
 70
0
  0
VERTEX
  5
814
  8
IC_DELIKLER
 10
48.6783084301742
 20
92.02647397904462
 30
0.0
 70
0
  0
VERTEX
  5
815
  8
IC_DELIKLER
 10
48.731962841485014
 20
92.125
 30
0.0
 70
0
  0
VERTEX
  5
816
  8
IC_DELIKLER
 10
48.790461672910766
 20
92.22072909369794
 30
0.0
 70
0
  0
VERTEX
  5
817
  8
IC_DELIKLER
 10
48.853659487139325
 20
92.31342326252829
 30
0.0
 70
0
  0
VERTEX
  5
818
  8
IC_DELIKLER
 10
48.92139916444693
 20
92.40285205418212
 30
0.0
 70
0
  0
VERTEX
  5
819
  8
IC_DELIKLER
 10
48.9935122933226
 20
92.48879313459292
 30
0.0
 70
0
  0
VERTEX
  5
81A
  8
IC_DELIKLER
 10
49.06981958916563
 20
92.57103284069368
 30
0.0
 70
0
  0
VERTEX
  5
81B
  8
IC_DELIKLER
 10
49.150131340015434
 20
92.64936671161712
 30
0.0
 70
0
  0
VERTEX
  5
81C
  8
IC_DELIKLER
 10
49.23424787820529
 20
92.72359999701771
 30
0.0
 70
0
  0
VERTEX
  5
81D
  8
IC_DELIKLER
 10
49.321960076767674
 20
92.79354814125159
 30
0.0
 70
0
  0
VERTEX
  5
81E
  8
IC_DELIKLER
 10
49.413049869356854
 20
92.85903724221097
 30
0.0
 70
0
  0
VERTEX
  5
81F
  8
IC_DELIKLER
 10
49.50729079239613
 20
92.91990448367238
 30
0.0
 70
0
  0
VERTEX
  5
820
  8
IC_DELIKLER
 10
49.604448548102035
 20
92.97599854008303
 30
0.0
 70
0
  0
VERTEX
  5
821
  8
IC_DELIKLER
 10
49.704281586985495
 20
93.02717995278044
 30
0.0
 70
0
  0
VERTEX
  5
822
  8
IC_DELIKLER
 10
49.80654170838194
 20
93.0733214767084
 30
0.0
 70
0
  0
VERTEX
  5
823
  8
IC_DELIKLER
 10
49.910974677517245
 20
93.11430839676828
 30
0.0
 70
0
  0
VERTEX
  5
824
  8
IC_DELIKLER
 10
50.01732085757546
 20
93.15003881301882
 30
0.0
 70
0
  0
VERTEX
  5
825
  8
IC_DELIKLER
 10
50.12531585519684
 20
93.18042389401543
 30
0.0
 70
0
  0
VERTEX
  5
826
  8
IC_DELIKLER
 10
50.23469117780136
 20
93.20538809765921
 30
0.0
 70
0
  0
VERTEX
  5
827
  8
IC_DELIKLER
 10
50.34517490110361
 20
93.22486935900656
 30
0.0
 70
0
  0
VERTEX
  5
828
  8
IC_DELIKLER
 10
50.45649234515942
 20
93.23881924457214
 30
0.0
 70
0
  0
VERTEX
  5
829
  8
IC_DELIKLER
 10
50.56836675726343
 20
93.24720307274256
 30
0.0
 70
0
  0
VERTEX
  5
82A
  8
IC_DELIKLER
 10
50.68052
 20
93.25
 30
0.0
 70
0
  0
SEQEND
  5
7AA
  8
IC_DELIKLER
  0
POLYLINE
  5
82B
  8
IC_DELIKLER
 66
1
 10
0.0
 20
0.0
 30
0.0
 70
1
  0
VERTEX
  5
82D
  8
IC_DELIKLER
 10
41.28052
 20
101.94999999999999
 30
0.0
 70
0
  0
VERTEX
  5
82E
  8
IC_DELIKLER
 10
41.39267324273657
 20
101.94720307274258
 30
0.0
 70
0
  0
VERTEX
  5
82F
  8
IC_DELIKLER
 10
41.504547654840586
 20
101.93881924457216
 30
0.0
 70
0
  0
VERTEX
  5
830
  8
IC_DELIKLER
 10
41.61586509889639
 20
101.92486935900655
 30
0.0
 70
0
  0
VERTEX
  5
831
  8
IC_DELIKLER
 10
41.726348822198645
 20
101.90538809765923
 30
0.0
 70
0
  0
VERTEX
  5
832
  8
IC_DELIKLER
 10
41.835724144803166
 20
101.88042389401542
 30
0.0
 70
0
  0
VERTEX
  5
833
  8
IC_DELIKLER
 10
41.94371914242454
 20
101.85003881301881
 30
0.0
 70
0
  0
VERTEX
  5
834
  8
IC_DELIKLER
 10
42.05006532248275
 20
101.8143083967683
 30
0.0
 70
0
  0
VERTEX
  5
835
  8
IC_DELIKLER
 10
42.15449829161806
 20
101.77332147670842
 30
0.0
 70
0
  0
VERTEX
  5
836
  8
IC_DELIKLER
 10
42.25675841301451
 20
101.72717995278043
 30
0.0
 70
0
  0
VERTEX
  5
837
  8
IC_DELIKLER
 10
42.35659145189797
 20
101.67599854008301
 30
0.0
 70
0
  0
VERTEX
  5
838
  8
IC_DELIKLER
 10
42.45374920760388
 20
101.61990448367234
 30
0.0
 70
0
  0
VERTEX
  5
839
  8
IC_DELIKLER
 10
42.54799013064315
 20
101.55903724221099
 30
0.0
 70
0
  0
VERTEX
  5
83A
  8
IC_DELIKLER
 10
42.63907992323233
 20
101.49354814125158
 30
0.0
 70
0
  0
VERTEX
  5
83B
  8
IC_DELIKLER
 10
42.726792121794716
 20
101.4235999970177
 30
0.0
 70
0
  0
VERTEX
  5
83C
  8
IC_DELIKLER
 10
42.81090865998457
 20
101.34936671161711
 30
0.0
 70
0
  0
VERTEX
  5
83D
  8
IC_DELIKLER
 10
42.89122041083437
 20
101.27103284069366
 30
0.0
 70
0
  0
VERTEX
  5
83E
  8
IC_DELIKLER
 10
42.9675277066774
 20
101.18879313459291
 30
0.0
 70
0
  0
VERTEX
  5
83F
  8
IC_DELIKLER
 10
43.03964083555307
 20
101.10285205418216
 30
0.0
 70
0
  0
VERTEX
  5
840
  8
IC_DELIKLER
 10
43.10738051286068
 20
101.01342326252828
 30
0.0
 70
0
  0
VERTEX
  5
841
  8
IC_DELIKLER
 10
43.17057832708924
 20
100.92072909369796
 30
0.0
 70
0
  0
VERTEX
  5
842
  8
IC_DELIKLER
 10
43.22907715851498
 20
100.82499999999999
 30
0.0
 70
0
  0
VERTEX
  5
843
  8
IC_DELIKLER
 10
43.282731569825806
 20
100.72647397904461
 30
0.0
 70
0
  0
VERTEX
  5
844
  8
IC_DELIKLER
 10
43.33140816770127
 20
100.62539598204387
 30
0.0
 70
0
  0
VERTEX
  5
845
  8
IC_DELIKLER
 10
43.37498593444946
 20
100.52201730482437
 30
0.0
 70
0
  0
VERTEX
  5
846
  8
IC_DELIKLER
 10
43.413356528876044
 20
100.4165949630663
 30
0.0
 70
0
  0
VERTEX
  5
847
  8
IC_DELIKLER
 10
43.44642455563753
 20
100.30939105332178
 30
0.0
 70
0
  0
VERTEX
  5
848
  8
IC_DELIKLER
 10
43.47410780240911
 20
100.20067210140172
 30
0.0
 70
0
  0
VERTEX
  5
849
  8
IC_DELIKLER
 10
43.49633744427747
 20
100.09070839975058
 30
0.0
 70
0
  0
VERTEX
  5
84A
  8
IC_DELIKLER
 10
43.51305821485039
 20
99.97977333545685
 30
0.0
 70
0
  0
VERTEX
  5
84B
  8
IC_DELIKLER
 10
43.52422854365766
 20
99.86814271056946
 30
0.0
 70
0
  0
VERTEX
  5
84C
  8
IC_DELIKLER
 10
43.52982065950184
 20
99.75609405641066
 30
0.0
 70
0
  0
VERTEX
  5
84D
  8
IC_DELIKLER
 10
43.52982065950184
 20
99.64390594358935
 30
0.0
 70
0
  0
VERTEX
  5
84E
  8
IC_DELIKLER
 10
43.52422854365766
 20
99.53185728943055
 30
0.0
 70
0
  0
VERTEX
  5
84F
  8
IC_DELIKLER
 10
43.51305821485039
 20
99.42022666454315
 30
0.0
 70
0
  0
VERTEX
  5
850
  8
IC_DELIKLER
 10
43.49633744427747
 20
99.30929160024942
 30
0.0
 70
0
  0
VERTEX
  5
851
  8
IC_DELIKLER
 10
43.47410780240911
 20
99.19932789859828
 30
0.0
 70
0
  0
VERTEX
  5
852
  8
IC_DELIKLER
 10
43.44642455563753
 20
99.09060894667823
 30
0.0
 70
0
  0
VERTEX
  5
853
  8
IC_DELIKLER
 10
43.413356528876044
 20
98.9834050369337
 30
0.0
 70
0
  0
VERTEX
  5
854
  8
IC_DELIKLER
 10
43.37498593444946
 20
98.8779826951756
 30
0.0
 70
0
  0
VERTEX
  5
855
  8
IC_DELIKLER
 10
43.33140816770127
 20
98.77460401795614
 30
0.0
 70
0
  0
VERTEX
  5
856
  8
IC_DELIKLER
 10
43.282731569825806
 20
98.67352602095539
 30
0.0
 70
0
  0
VERTEX
  5
857
  8
IC_DELIKLER
 10
43.22907715851498
 20
98.57499999999999
 30
0.0
 70
0
  0
VERTEX
  5
858
  8
IC_DELIKLER
 10
43.17057832708924
 20
98.47927090630202
 30
0.0
 70
0
  0
VERTEX
  5
859
  8
IC_DELIKLER
 10
43.10738051286068
 20
98.38657673747173
 30
0.0
 70
0
  0
VERTEX
  5
85A
  8
IC_DELIKLER
 10
43.03964083555307
 20
98.29714794581784
 30
0.0
 70
0
  0
VERTEX
  5
85B
  8
IC_DELIKLER
 10
42.9675277066774
 20
98.21120686540706
 30
0.0
 70
0
  0
VERTEX
  5
85C
  8
IC_DELIKLER
 10
42.89122041083437
 20
98.12896715930634
 30
0.0
 70
0
  0
VERTEX
  5
85D
  8
IC_DELIKLER
 10
42.81090865998457
 20
98.0506332883829
 30
0.0
 70
0
  0
VERTEX
  5
85E
  8
IC_DELIKLER
 10
42.726792121794716
 20
97.9764000029823
 30
0.0
 70
0
  0
VERTEX
  5
85F
  8
IC_DELIKLER
 10
42.63907992323233
 20
97.90645185874843
 30
0.0
 70
0
  0
VERTEX
  5
860
  8
IC_DELIKLER
 10
42.54799013064315
 20
97.84096275778901
 30
0.0
 70
0
  0
VERTEX
  5
861
  8
IC_DELIKLER
 10
42.45374920760388
 20
97.78009551632766
 30
0.0
 70
0
  0
VERTEX
  5
862
  8
IC_DELIKLER
 10
42.35659145189797
 20
97.72400145991699
 30
0.0
 70
0
  0
VERTEX
  5
863
  8
IC_DELIKLER
 10
42.25675841301451
 20
97.67282004721955
 30
0.0
 70
0
  0
VERTEX
  5
864
  8
IC_DELIKLER
 10
42.15449829161806
 20
97.62667852329159
 30
0.0
 70
0
  0
VERTEX
  5
865
  8
IC_DELIKLER
 10
42.05006532248275
 20
97.58569160323171
 30
0.0
 70
0
  0
VERTEX
  5
866
  8
IC_DELIKLER
 10
41.94371914242454
 20
97.5499611869812
 30
0.0
 70
0
  0
VERTEX
  5
867
  8
IC_DELIKLER
 10
41.835724144803166
 20
97.51957610598458
 30
0.0
 70
0
  0
VERTEX
  5
868
  8
IC_DELIKLER
 10
41.726348822198645
 20
97.49461190234078
 30
0.0
 70
0
  0
VERTEX
  5
869
  8
IC_DELIKLER
 10
41.61586509889639
 20
97.47513064099346
 30
0.0
 70
0
  0
VERTEX
  5
86A
  8
IC_DELIKLER
 10
41.504547654840586
 20
97.46118075542785
 30
0.0
 70
0
  0
VERTEX
  5
86B
  8
IC_DELIKLER
 10
41.39267324273657
 20
97.45279692725742
 30
0.0
 70
0
  0
VERTEX
  5
86C
  8
IC_DELIKLER
 10
41.28052
 20
97.44999999999999
 30
0.0
 70
0
  0
VERTEX
  5
86D
  8
IC_DELIKLER
 10
33.08052
 20
97.44999999999999
 30
0.0
 70
0
  0
VERTEX
  5
86E
  8
IC_DELIKLER
 10
32.96836675726343
 20
97.45279692725742
 30
0.0
 70
0
  0
VERTEX
  5
86F
  8
IC_DELIKLER
 10
32.85649234515942
 20
97.46118075542785
 30
0.0
 70
0
  0
VERTEX
  5
870
  8
IC_DELIKLER
 10
32.74517490110361
 20
97.47513064099346
 30
0.0
 70
0
  0
VERTEX
  5
871
  8
IC_DELIKLER
 10
32.63469117780136
 20
97.49461190234078
 30
0.0
 70
0
  0
VERTEX
  5
872
  8
IC_DELIKLER
 10
32.52531585519684
 20
97.51957610598458
 30
0.0
 70
0
  0
VERTEX
  5
873
  8
IC_DELIKLER
 10
32.41732085757546
 20
97.5499611869812
 30
0.0
 70
0
  0
VERTEX
  5
874
  8
IC_DELIKLER
 10
32.31097467751725
 20
97.58569160323171
 30
0.0
 70
0
  0
VERTEX
  5
875
  8
IC_DELIKLER
 10
32.20654170838194
 20
97.62667852329159
 30
0.0
 70
0
  0
VERTEX
  5
876
  8
IC_DELIKLER
 10
32.10428158698549
 20
97.67282004721955
 30
0.0
 70
0
  0
VERTEX
  5
877
  8
IC_DELIKLER
 10
32.00444854810203
 20
97.72400145991699
 30
0.0
 70
0
  0
VERTEX
  5
878
  8
IC_DELIKLER
 10
31.90729079239613
 20
97.78009551632766
 30
0.0
 70
0
  0
VERTEX
  5
879
  8
IC_DELIKLER
 10
31.813049869356853
 20
97.84096275778901
 30
0.0
 70
0
  0
VERTEX
  5
87A
  8
IC_DELIKLER
 10
31.721960076767676
 20
97.90645185874843
 30
0.0
 70
0
  0
VERTEX
  5
87B
  8
IC_DELIKLER
 10
31.634247878205286
 20
97.9764000029823
 30
0.0
 70
0
  0
VERTEX
  5
87C
  8
IC_DELIKLER
 10
31.550131340015433
 20
98.0506332883829
 30
0.0
 70
0
  0
VERTEX
  5
87D
  8
IC_DELIKLER
 10
31.46981958916563
 20
98.12896715930634
 30
0.0
 70
0
  0
VERTEX
  5
87E
  8
IC_DELIKLER
 10
31.3935122933226
 20
98.21120686540706
 30
0.0
 70
0
  0
VERTEX
  5
87F
  8
IC_DELIKLER
 10
31.321399164446934
 20
98.29714794581784
 30
0.0
 70
0
  0
VERTEX
  5
880
  8
IC_DELIKLER
 10
31.253659487139323
 20
98.38657673747173
 30
0.0
 70
0
  0
VERTEX
  5
881
  8
IC_DELIKLER
 10
31.190461672910764
 20
98.47927090630202
 30
0.0
 70
0
  0
VERTEX
  5
882
  8
IC_DELIKLER
 10
31.131962841485016
 20
98.57499999999999
 30
0.0
 70
0
  0
VERTEX
  5
883
  8
IC_DELIKLER
 10
31.078308430174197
 20
98.67352602095539
 30
0.0
 70
0
  0
VERTEX
  5
884
  8
IC_DELIKLER
 10
31.029631832298737
 20
98.77460401795614
 30
0.0
 70
0
  0
VERTEX
  5
885
  8
IC_DELIKLER
 10
30.98605406555054
 20
98.8779826951756
 30
0.0
 70
0
  0
VERTEX
  5
886
  8
IC_DELIKLER
 10
30.94768347112396
 20
98.9834050369337
 30
0.0
 70
0
  0
VERTEX
  5
887
  8
IC_DELIKLER
 10
30.914615444362475
 20
99.09060894667823
 30
0.0
 70
0
  0
VERTEX
  5
888
  8
IC_DELIKLER
 10
30.886932197590898
 20
99.19932789859828
 30
0.0
 70
0
  0
VERTEX
  5
889
  8
IC_DELIKLER
 10
30.864702555722534
 20
99.30929160024942
 30
0.0
 70
0
  0
VERTEX
  5
88A
  8
IC_DELIKLER
 10
30.847981785149614
 20
99.42022666454315
 30
0.0
 70
0
  0
VERTEX
  5
88B
  8
IC_DELIKLER
 10
30.836811456342343
 20
99.53185728943055
 30
0.0
 70
0
  0
VERTEX
  5
88C
  8
IC_DELIKLER
 10
30.831219340498166
 20
99.64390594358935
 30
0.0
 70
0
  0
VERTEX
  5
88D
  8
IC_DELIKLER
 10
30.831219340498166
 20
99.75609405641066
 30
0.0
 70
0
  0
VERTEX
  5
88E
  8
IC_DELIKLER
 10
30.836811456342343
 20
99.86814271056946
 30
0.0
 70
0
  0
VERTEX
  5
88F
  8
IC_DELIKLER
 10
30.847981785149614
 20
99.97977333545685
 30
0.0
 70
0
  0
VERTEX
  5
890
  8
IC_DELIKLER
 10
30.864702555722534
 20
100.09070839975058
 30
0.0
 70
0
  0
VERTEX
  5
891
  8
IC_DELIKLER
 10
30.886932197590898
 20
100.20067210140172
 30
0.0
 70
0
  0
VERTEX
  5
892
  8
IC_DELIKLER
 10
30.914615444362475
 20
100.30939105332178
 30
0.0
 70
0
  0
VERTEX
  5
893
  8
IC_DELIKLER
 10
30.94768347112396
 20
100.4165949630663
 30
0.0
 70
0
  0
VERTEX
  5
894
  8
IC_DELIKLER
 10
30.98605406555054
 20
100.52201730482437
 30
0.0
 70
0
  0
VERTEX
  5
895
  8
IC_DELIKLER
 10
31.029631832298737
 20
100.62539598204387
 30
0.0
 70
0
  0
VERTEX
  5
896
  8
IC_DELIKLER
 10
31.078308430174197
 20
100.72647397904461
 30
0.0
 70
0
  0
VERTEX
  5
897
  8
IC_DELIKLER
 10
31.131962841485016
 20
100.82499999999999
 30
0.0
 70
0
  0
VERTEX
  5
898
  8
IC_DELIKLER
 10
31.190461672910764
 20
100.92072909369796
 30
0.0
 70
0
  0
VERTEX
  5
899
  8
IC_DELIKLER
 10
31.253659487139323
 20
101.01342326252828
 30
0.0
 70
0
  0
VERTEX
  5
89A
  8
IC_DELIKLER
 10
31.321399164446934
 20
101.10285205418216
 30
0.0
 70
0
  0
VERTEX
  5
89B
  8
IC_DELIKLER
 10
31.3935122933226
 20
101.18879313459291
 30
0.0
 70
0
  0
VERTEX
  5
89C
  8
IC_DELIKLER
 10
31.46981958916563
 20
101.27103284069366
 30
0.0
 70
0
  0
VERTEX
  5
89D
  8
IC_DELIKLER
 10
31.550131340015433
 20
101.34936671161711
 30
0.0
 70
0
  0
VERTEX
  5
89E
  8
IC_DELIKLER
 10
31.634247878205286
 20
101.4235999970177
 30
0.0
 70
0
  0
VERTEX
  5
89F
  8
IC_DELIKLER
 10
31.721960076767676
 20
101.49354814125158
 30
0.0
 70
0
  0
VERTEX
  5
8A0
  8
IC_DELIKLER
 10
31.813049869356853
 20
101.55903724221099
 30
0.0
 70
0
  0
VERTEX
  5
8A1
  8
IC_DELIKLER
 10
31.90729079239613
 20
101.61990448367234
 30
0.0
 70
0
  0
VERTEX
  5
8A2
  8
IC_DELIKLER
 10
32.00444854810203
 20
101.67599854008301
 30
0.0
 70
0
  0
VERTEX
  5
8A3
  8
IC_DELIKLER
 10
32.10428158698549
 20
101.72717995278043
 30
0.0
 70
0
  0
VERTEX
  5
8A4
  8
IC_DELIKLER
 10
32.20654170838194
 20
101.77332147670842
 30
0.0
 70
0
  0
VERTEX
  5
8A5
  8
IC_DELIKLER
 10
32.31097467751725
 20
101.8143083967683
 30
0.0
 70
0
  0
VERTEX
  5
8A6
  8
IC_DELIKLER
 10
32.41732085757546
 20
101.85003881301881
 30
0.0
 70
0
  0
VERTEX
  5
8A7
  8
IC_DELIKLER
 10
32.52531585519684
 20
101.88042389401542
 30
0.0
 70
0
  0
VERTEX
  5
8A8
  8
IC_DELIKLER
 10
32.63469117780136
 20
101.90538809765923
 30
0.0
 70
0
  0
VERTEX
  5
8A9
  8
IC_DELIKLER
 10
32.74517490110361
 20
101.92486935900655
 30
0.0
 70
0
  0
VERTEX
  5
8AA
  8
IC_DELIKLER
 10
32.85649234515942
 20
101.93881924457216
 30
0.0
 70
0
  0
VERTEX
  5
8AB
  8
IC_DELIKLER
 10
32.96836675726343
 20
101.94720307274258
 30
0.0
 70
0
  0
VERTEX
  5
8AC
  8
IC_DELIKLER
 10
33.08052
 20
101.94999999999999
 30
0.0
 70
0
  0
SEQEND
  5
82C
  8
IC_DELIKLER
  0
POLYLINE
  5
8AD
  8
IC_DELIKLER
 66
1
 10
0.0
 20
0.0
 30
0.0
 70
1
  0
VERTEX
  5
8AF
  8
IC_DELIKLER
 10
58.880520000000004
 20
101.94999999999999
 30
0.0
 70
0
  0
VERTEX
  5
8B0
  8
IC_DELIKLER
 10
58.992673242736565
 20
101.94720307274258
 30
0.0
 70
0
  0
VERTEX
  5
8B1
  8
IC_DELIKLER
 10
59.10454765484059
 20
101.93881924457216
 30
0.0
 70
0
  0
VERTEX
  5
8B2
  8
IC_DELIKLER
 10
59.215865098896394
 20
101.92486935900655
 30
0.0
 70
0
  0
VERTEX
  5
8B3
  8
IC_DELIKLER
 10
59.326348822198646
 20
101.90538809765923
 30
0.0
 70
0
  0
VERTEX
  5
8B4
  8
IC_DELIKLER
 10
59.43572414480316
 20
101.88042389401542
 30
0.0
 70
0
  0
VERTEX
  5
8B5
  8
IC_DELIKLER
 10
59.543719142424536
 20
101.85003881301881
 30
0.0
 70
0
  0
VERTEX
  5
8B6
  8
IC_DELIKLER
 10
59.65006532248276
 20
101.8143083967683
 30
0.0
 70
0
  0
VERTEX
  5
8B7
  8
IC_DELIKLER
 10
59.75449829161806
 20
101.77332147670842
 30
0.0
 70
0
  0
VERTEX
  5
8B8
  8
IC_DELIKLER
 10
59.856758413014504
 20
101.72717995278043
 30
0.0
 70
0
  0
VERTEX
  5
8B9
  8
IC_DELIKLER
 10
59.956591451897964
 20
101.67599854008301
 30
0.0
 70
0
  0
VERTEX
  5
8BA
  8
IC_DELIKLER
 10
60.05374920760387
 20
101.61990448367234
 30
0.0
 70
0
  0
VERTEX
  5
8BB
  8
IC_DELIKLER
 10
60.14799013064315
 20
101.55903724221099
 30
0.0
 70
0
  0
VERTEX
  5
8BC
  8
IC_DELIKLER
 10
60.239079923232325
 20
101.49354814125158
 30
0.0
 70
0
  0
VERTEX
  5
8BD
  8
IC_DELIKLER
 10
60.32679212179471
 20
101.4235999970177
 30
0.0
 70
0
  0
VERTEX
  5
8BE
  8
IC_DELIKLER
 10
60.41090865998457
 20
101.34936671161711
 30
0.0
 70
0
  0
VERTEX
  5
8BF
  8
IC_DELIKLER
 10
60.491220410834366
 20
101.27103284069366
 30
0.0
 70
0
  0
VERTEX
  5
8C0
  8
IC_DELIKLER
 10
60.5675277066774
 20
101.18879313459291
 30
0.0
 70
0
  0
VERTEX
  5
8C1
  8
IC_DELIKLER
 10
60.63964083555307
 20
101.10285205418216
 30
0.0
 70
0
  0
VERTEX
  5
8C2
  8
IC_DELIKLER
 10
60.707380512860674
 20
101.01342326252828
 30
0.0
 70
0
  0
VERTEX
  5
8C3
  8
IC_DELIKLER
 10
60.77057832708924
 20
100.92072909369796
 30
0.0
 70
0
  0
VERTEX
  5
8C4
  8
IC_DELIKLER
 10
60.829077158514984
 20
100.82499999999999
 30
0.0
 70
0
  0
VERTEX
  5
8C5
  8
IC_DELIKLER
 10
60.88273156982581
 20
100.72647397904461
 30
0.0
 70
0
  0
VERTEX
  5
8C6
  8
IC_DELIKLER
 10
60.931408167701264
 20
100.62539598204387
 30
0.0
 70
0
  0
VERTEX
  5
8C7
  8
IC_DELIKLER
 10
60.97498593444946
 20
100.52201730482437
 30
0.0
 70
0
  0
VERTEX
  5
8C8
  8
IC_DELIKLER
 10
61.013356528876045
 20
100.4165949630663
 30
0.0
 70
0
  0
VERTEX
  5
8C9
  8
IC_DELIKLER
 10
61.04642455563753
 20
100.30939105332178
 30
0.0
 70
0
  0
VERTEX
  5
8CA
  8
IC_DELIKLER
 10
61.0741078024091
 20
100.20067210140172
 30
0.0
 70
0
  0
VERTEX
  5
8CB
  8
IC_DELIKLER
 10
61.09633744427747
 20
100.09070839975058
 30
0.0
 70
0
  0
VERTEX
  5
8CC
  8
IC_DELIKLER
 10
61.11305821485039
 20
99.97977333545685
 30
0.0
 70
0
  0
VERTEX
  5
8CD
  8
IC_DELIKLER
 10
61.12422854365766
 20
99.86814271056946
 30
0.0
 70
0
  0
VERTEX
  5
8CE
  8
IC_DELIKLER
 10
61.129820659501846
 20
99.75609405641066
 30
0.0
 70
0
  0
VERTEX
  5
8CF
  8
IC_DELIKLER
 10
61.129820659501846
 20
99.64390594358935
 30
0.0
 70
0
  0
VERTEX
  5
8D0
  8
IC_DELIKLER
 10
61.12422854365766
 20
99.53185728943055
 30
0.0
 70
0
  0
VERTEX
  5
8D1
  8
IC_DELIKLER
 10
61.11305821485039
 20
99.42022666454315
 30
0.0
 70
0
  0
VERTEX
  5
8D2
  8
IC_DELIKLER
 10
61.09633744427747
 20
99.30929160024942
 30
0.0
 70
0
  0
VERTEX
  5
8D3
  8
IC_DELIKLER
 10
61.0741078024091
 20
99.19932789859828
 30
0.0
 70
0
  0
VERTEX
  5
8D4
  8
IC_DELIKLER
 10
61.04642455563753
 20
99.09060894667823
 30
0.0
 70
0
  0
VERTEX
  5
8D5
  8
IC_DELIKLER
 10
61.013356528876045
 20
98.9834050369337
 30
0.0
 70
0
  0
VERTEX
  5
8D6
  8
IC_DELIKLER
 10
60.97498593444946
 20
98.8779826951756
 30
0.0
 70
0
  0
VERTEX
  5
8D7
  8
IC_DELIKLER
 10
60.931408167701264
 20
98.77460401795614
 30
0.0
 70
0
  0
VERTEX
  5
8D8
  8
IC_DELIKLER
 10
60.88273156982581
 20
98.67352602095539
 30
0.0
 70
0
  0
VERTEX
  5
8D9
  8
IC_DELIKLER
 10
60.829077158514984
 20
98.57499999999999
 30
0.0
 70
0
  0
VERTEX
  5
8DA
  8
IC_DELIKLER
 10
60.77057832708924
 20
98.47927090630202
 30
0.0
 70
0
  0
VERTEX
  5
8DB
  8
IC_DELIKLER
 10
60.707380512860674
 20
98.38657673747173
 30
0.0
 70
0
  0
VERTEX
  5
8DC
  8
IC_DELIKLER
 10
60.63964083555307
 20
98.29714794581784
 30
0.0
 70
0
  0
VERTEX
  5
8DD
  8
IC_DELIKLER
 10
60.5675277066774
 20
98.21120686540706
 30
0.0
 70
0
  0
VERTEX
  5
8DE
  8
IC_DELIKLER
 10
60.491220410834366
 20
98.12896715930634
 30
0.0
 70
0
  0
VERTEX
  5
8DF
  8
IC_DELIKLER
 10
60.41090865998457
 20
98.0506332883829
 30
0.0
 70
0
  0
VERTEX
  5
8E0
  8
IC_DELIKLER
 10
60.32679212179471
 20
97.9764000029823
 30
0.0
 70
0
  0
VERTEX
  5
8E1
  8
IC_DELIKLER
 10
60.239079923232325
 20
97.90645185874843
 30
0.0
 70
0
  0
VERTEX
  5
8E2
  8
IC_DELIKLER
 10
60.14799013064315
 20
97.84096275778901
 30
0.0
 70
0
  0
VERTEX
  5
8E3
  8
IC_DELIKLER
 10
60.05374920760387
 20
97.78009551632766
 30
0.0
 70
0
  0
VERTEX
  5
8E4
  8
IC_DELIKLER
 10
59.956591451897964
 20
97.72400145991699
 30
0.0
 70
0
  0
VERTEX
  5
8E5
  8
IC_DELIKLER
 10
59.856758413014504
 20
97.67282004721955
 30
0.0
 70
0
  0
VERTEX
  5
8E6
  8
IC_DELIKLER
 10
59.75449829161806
 20
97.62667852329159
 30
0.0
 70
0
  0
VERTEX
  5
8E7
  8
IC_DELIKLER
 10
59.65006532248276
 20
97.58569160323171
 30
0.0
 70
0
  0
VERTEX
  5
8E8
  8
IC_DELIKLER
 10
59.543719142424536
 20
97.5499611869812
 30
0.0
 70
0
  0
VERTEX
  5
8E9
  8
IC_DELIKLER
 10
59.43572414480316
 20
97.51957610598458
 30
0.0
 70
0
  0
VERTEX
  5
8EA
  8
IC_DELIKLER
 10
59.326348822198646
 20
97.49461190234078
 30
0.0
 70
0
  0
VERTEX
  5
8EB
  8
IC_DELIKLER
 10
59.215865098896394
 20
97.47513064099346
 30
0.0
 70
0
  0
VERTEX
  5
8EC
  8
IC_DELIKLER
 10
59.10454765484059
 20
97.46118075542785
 30
0.0
 70
0
  0
VERTEX
  5
8ED
  8
IC_DELIKLER
 10
58.992673242736565
 20
97.45279692725742
 30
0.0
 70
0
  0
VERTEX
  5
8EE
  8
IC_DELIKLER
 10
58.880520000000004
 20
97.44999999999999
 30
0.0
 70
0
  0
VERTEX
  5
8EF
  8
IC_DELIKLER
 10
50.68052
 20
97.44999999999999
 30
0.0
 70
0
  0
VERTEX
  5
8F0
  8
IC_DELIKLER
 10
50.56836675726343
 20
97.45279692725742
 30
0.0
 70
0
  0
VERTEX
  5
8F1
  8
IC_DELIKLER
 10
50.45649234515942
 20
97.46118075542785
 30
0.0
 70
0
  0
VERTEX
  5
8F2
  8
IC_DELIKLER
 10
50.34517490110361
 20
97.47513064099346
 30
0.0
 70
0
  0
VERTEX
  5
8F3
  8
IC_DELIKLER
 10
50.23469117780136
 20
97.49461190234078
 30
0.0
 70
0
  0
VERTEX
  5
8F4
  8
IC_DELIKLER
 10
50.12531585519684
 20
97.51957610598458
 30
0.0
 70
0
  0
VERTEX
  5
8F5
  8
IC_DELIKLER
 10
50.01732085757546
 20
97.5499611869812
 30
0.0
 70
0
  0
VERTEX
  5
8F6
  8
IC_DELIKLER
 10
49.910974677517245
 20
97.58569160323171
 30
0.0
 70
0
  0
VERTEX
  5
8F7
  8
IC_DELIKLER
 10
49.80654170838194
 20
97.62667852329159
 30
0.0
 70
0
  0
VERTEX
  5
8F8
  8
IC_DELIKLER
 10
49.704281586985495
 20
97.67282004721955
 30
0.0
 70
0
  0
VERTEX
  5
8F9
  8
IC_DELIKLER
 10
49.604448548102035
 20
97.72400145991699
 30
0.0
 70
0
  0
VERTEX
  5
8FA
  8
IC_DELIKLER
 10
49.50729079239613
 20
97.78009551632766
 30
0.0
 70
0
  0
VERTEX
  5
8FB
  8
IC_DELIKLER
 10
49.413049869356854
 20
97.84096275778901
 30
0.0
 70
0
  0
VERTEX
  5
8FC
  8
IC_DELIKLER
 10
49.321960076767674
 20
97.90645185874843
 30
0.0
 70
0
  0
VERTEX
  5
8FD
  8
IC_DELIKLER
 10
49.23424787820529
 20
97.9764000029823
 30
0.0
 70
0
  0
VERTEX
  5
8FE
  8
IC_DELIKLER
 10
49.150131340015434
 20
98.0506332883829
 30
0.0
 70
0
  0
VERTEX
  5
8FF
  8
IC_DELIKLER
 10
49.06981958916563
 20
98.12896715930634
 30
0.0
 70
0
  0
VERTEX
  5
900
  8
IC_DELIKLER
 10
48.9935122933226
 20
98.21120686540706
 30
0.0
 70
0
  0
VERTEX
  5
901
  8
IC_DELIKLER
 10
48.92139916444693
 20
98.29714794581784
 30
0.0
 70
0
  0
VERTEX
  5
902
  8
IC_DELIKLER
 10
48.853659487139325
 20
98.38657673747173
 30
0.0
 70
0
  0
VERTEX
  5
903
  8
IC_DELIKLER
 10
48.790461672910766
 20
98.47927090630202
 30
0.0
 70
0
  0
VERTEX
  5
904
  8
IC_DELIKLER
 10
48.731962841485014
 20
98.57499999999999
 30
0.0
 70
0
  0
VERTEX
  5
905
  8
IC_DELIKLER
 10
48.6783084301742
 20
98.67352602095539
 30
0.0
 70
0
  0
VERTEX
  5
906
  8
IC_DELIKLER
 10
48.629631832298735
 20
98.77460401795614
 30
0.0
 70
0
  0
VERTEX
  5
907
  8
IC_DELIKLER
 10
48.58605406555054
 20
98.8779826951756
 30
0.0
 70
0
  0
VERTEX
  5
908
  8
IC_DELIKLER
 10
48.54768347112396
 20
98.9834050369337
 30
0.0
 70
0
  0
VERTEX
  5
909
  8
IC_DELIKLER
 10
48.51461544436248
 20
99.09060894667823
 30
0.0
 70
0
  0
VERTEX
  5
90A
  8
IC_DELIKLER
 10
48.486932197590896
 20
99.19932789859828
 30
0.0
 70
0
  0
VERTEX
  5
90B
  8
IC_DELIKLER
 10
48.46470255572253
 20
99.30929160024942
 30
0.0
 70
0
  0
VERTEX
  5
90C
  8
IC_DELIKLER
 10
48.447981785149615
 20
99.42022666454315
 30
0.0
 70
0
  0
VERTEX
  5
90D
  8
IC_DELIKLER
 10
48.43681145634234
 20
99.53185728943055
 30
0.0
 70
0
  0
VERTEX
  5
90E
  8
IC_DELIKLER
 10
48.43121934049817
 20
99.64390594358935
 30
0.0
 70
0
  0
VERTEX
  5
90F
  8
IC_DELIKLER
 10
48.43121934049817
 20
99.75609405641066
 30
0.0
 70
0
  0
VERTEX
  5
910
  8
IC_DELIKLER
 10
48.43681145634234
 20
99.86814271056946
 30
0.0
 70
0
  0
VERTEX
  5
911
  8
IC_DELIKLER
 10
48.447981785149615
 20
99.97977333545685
 30
0.0
 70
0
  0
VERTEX
  5
912
  8
IC_DELIKLER
 10
48.46470255572253
 20
100.09070839975058
 30
0.0
 70
0
  0
VERTEX
  5
913
  8
IC_DELIKLER
 10
48.486932197590896
 20
100.20067210140172
 30
0.0
 70
0
  0
VERTEX
  5
914
  8
IC_DELIKLER
 10
48.51461544436248
 20
100.30939105332178
 30
0.0
 70
0
  0
VERTEX
  5
915
  8
IC_DELIKLER
 10
48.54768347112396
 20
100.4165949630663
 30
0.0
 70
0
  0
VERTEX
  5
916
  8
IC_DELIKLER
 10
48.58605406555054
 20
100.52201730482437
 30
0.0
 70
0
  0
VERTEX
  5
917
  8
IC_DELIKLER
 10
48.629631832298735
 20
100.62539598204387
 30
0.0
 70
0
  0
VERTEX
  5
918
  8
IC_DELIKLER
 10
48.6783084301742
 20
100.72647397904461
 30
0.0
 70
0
  0
VERTEX
  5
919
  8
IC_DELIKLER
 10
48.731962841485014
 20
100.82499999999999
 30
0.0
 70
0
  0
VERTEX
  5
91A
  8
IC_DELIKLER
 10
48.790461672910766
 20
100.92072909369796
 30
0.0
 70
0
  0
VERTEX
  5
91B
  8
IC_DELIKLER
 10
48.853659487139325
 20
101.01342326252828
 30
0.0
 70
0
  0
VERTEX
  5
91C
  8
IC_DELIKLER
 10
48.92139916444693
 20
101.10285205418216
 30
0.0
 70
0
  0
VERTEX
  5
91D
  8
IC_DELIKLER
 10
48.9935122933226
 20
101.18879313459291
 30
0.0
 70
0
  0
VERTEX
  5
91E
  8
IC_DELIKLER
 10
49.06981958916563
 20
101.27103284069366
 30
0.0
 70
0
  0
VERTEX
  5
91F
  8
IC_DELIKLER
 10
49.150131340015434
 20
101.34936671161711
 30
0.0
 70
0
  0
VERTEX
  5
920
  8
IC_DELIKLER
 10
49.23424787820529
 20
101.4235999970177
 30
0.0
 70
0
  0
VERTEX
  5
921
  8
IC_DELIKLER
 10
49.321960076767674
 20
101.49354814125158
 30
0.0
 70
0
  0
VERTEX
  5
922
  8
IC_DELIKLER
 10
49.413049869356854
 20
101.55903724221099
 30
0.0
 70
0
  0
VERTEX
  5
923
  8
IC_DELIKLER
 10
49.50729079239613
 20
101.61990448367234
 30
0.0
 70
0
  0
VERTEX
  5
924
  8
IC_DELIKLER
 10
49.604448548102035
 20
101.67599854008301
 30
0.0
 70
0
  0
VERTEX
  5
925
  8
IC_DELIKLER
 10
49.704281586985495
 20
101.72717995278043
 30
0.0
 70
0
  0
VERTEX
  5
926
  8
IC_DELIKLER
 10
49.80654170838194
 20
101.77332147670842
 30
0.0
 70
0
  0
VERTEX
  5
927
  8
IC_DELIKLER
 10
49.910974677517245
 20
101.8143083967683
 30
0.0
 70
0
  0
VERTEX
  5
928
  8
IC_DELIKLER
 10
50.01732085757546
 20
101.85003881301881
 30
0.0
 70
0
  0
VERTEX
  5
929
  8
IC_DELIKLER
 10
50.12531585519684
 20
101.88042389401542
 30
0.0
 70
0
  0
VERTEX
  5
92A
  8
IC_DELIKLER
 10
50.23469117780136
 20
101.90538809765923
 30
0.0
 70
0
  0
VERTEX
  5
92B
  8
IC_DELIKLER
 10
50.34517490110361
 20
101.92486935900655
 30
0.0
 70
0
  0
VERTEX
  5
92C
  8
IC_DELIKLER
 10
50.45649234515942
 20
101.93881924457216
 30
0.0
 70
0
  0
VERTEX
  5
92D
  8
IC_DELIKLER
 10
50.56836675726343
 20
101.94720307274258
 30
0.0
 70
0
  0
VERTEX
  5
92E
  8
IC_DELIKLER
 10
50.68052
 20
101.94999999999999
 30
0.0
 70
0
  0
SEQEND
  5
8AE
  8
IC_DELIKLER
  0
POLYLINE
  5
92F
  8
IC_DELIKLER
 66
1
 10
0.0
 20
0.0
 30
0.0
 70
1
  0
VERTEX
  5
931
  8
IC_DELIKLER
 10
14.23671518429378
 20
164.92490011293188
 30
0.0
 70
0
  0
VERTEX
  5
932
  8
IC_DELIKLER
 10
14.349276459033216
 20
164.7684979747943
 30
0.0
 70
0
  0
VERTEX
  5
933
  8
IC_DELIKLER
 10
14.468187299699446
 20
164.62298736446945
 30
0.0
 70
0
  0
VERTEX
  5
934
  8
IC_DELIKLER
 10
14.59023204562825
 20
164.48315871857457
 30
0.0
 70
0
  0
VERTEX
  5
935
  8
IC_DELIKLER
 10
14.714123352191757
 20
164.34690408228278
 30
0.0
 70
0
  0
VERTEX
  5
936
  8
IC_DELIKLER
 10
14.839187547042025
 20
164.21310998450568
 30
0.0
 70
0
  0
VERTEX
  5
937
  8
IC_DELIKLER
 10
14.965018728510666
 20
164.08109996328858
 30
0.0
 70
0
  0
VERTEX
  5
938
  8
IC_DELIKLER
 10
15.091349581084216
 20
163.95042529504008
 30
0.0
 70
0
  0
VERTEX
  5
939
  8
IC_DELIKLER
 10
15.217992835208292
 20
163.82076969029237
 30
0.0
 70
0
  0
VERTEX
  5
93A
  8
IC_DELIKLER
 10
15.344811168213312
 20
163.69190005145444
 30
0.0
 70
0
  0
VERTEX
  5
93B
  8
IC_DELIKLER
 10
15.471700270948304
 20
163.5636386349633
 30
0.0
 70
0
  0
VERTEX
  5
93C
  8
IC_DELIKLER
 10
15.598578653198444
 20
163.4358462106731
 30
0.0
 70
0
  0
VERTEX
  5
93D
  8
IC_DELIKLER
 10
15.725381171760114
 20
163.30841131923034
 30
0.0
 70
0
  0
VERTEX
  5
93E
  8
IC_DELIKLER
 10
15.852054742443613
 20
163.18124312027672
 30
0.0
 70
0
  0
VERTEX
  5
93F
  8
IC_DELIKLER
 10
15.978555397263278
 20
163.05426646067377
 30
0.0
 70
0
  0
VERTEX
  5
940
  8
IC_DELIKLER
 10
16.104846204303374
 20
162.92741837174046
 30
0.0
 70
0
  0
VERTEX
  5
941
  8
IC_DELIKLER
 10
16.230895759947998
 20
162.80064551813183
 30
0.0
 70
0
  0
VERTEX
  5
942
  8
IC_DELIKLER
 10
16.356677072053174
 20
162.67390229913104
 30
0.0
 70
0
  0
VERTEX
  5
943
  8
IC_DELIKLER
 10
16.48216671693649
 20
162.5471494085936
 30
0.0
 70
0
  0
VERTEX
  5
944
  8
IC_DELIKLER
 10
16.607344192407357
 20
162.42035272448214
 30
0.0
 70
0
  0
VERTEX
  5
945
  8
IC_DELIKLER
 10
16.732191413895624
 20
162.29348243987766
 30
0.0
 70
0
  0
VERTEX
  5
946
  8
IC_DELIKLER
 10
16.85669231684467
 20
162.16651237397636
 30
0.0
 70
0
  0
VERTEX
  5
947
  8
IC_DELIKLER
 10
16.9808325392401
 20
162.0394194193195
 30
0.0
 70
0
  0
VERTEX
  5
948
  8
IC_DELIKLER
 10
17.104599165410754
 20
161.91218309357623
 30
0.0
 70
0
  0
VERTEX
  5
949
  8
IC_DELIKLER
 10
17.22798051727033
 20
161.78478517257767
 30
0.0
 70
0
  0
VERTEX
  5
94A
  8
IC_DELIKLER
 10
17.35096598270993
 20
161.65720938721668
 30
0.0
 70
0
  0
VERTEX
  5
94B
  8
IC_DELIKLER
 10
17.473545873388456
 20
161.52944117107177
 30
0.0
 70
0
  0
VERTEX
  5
94C
  8
IC_DELIKLER
 10
17.595711306007615
 20
161.40146744870498
 30
0.0
 70
0
  0
VERTEX
  5
94D
  8
IC_DELIKLER
 10
17.717454102513727
 20
161.27327645686083
 30
0.0
 70
0
  0
VERTEX
  5
94E
  8
IC_DELIKLER
 10
17.83876670567678
 20
161.14485759249598
 30
0.0
 70
0
  0
VERTEX
  5
94F
  8
IC_DELIKLER
 10
17.95964210725655
 20
161.01620128285427
 30
0.0
 70
0
  0
VERTEX
  5
950
  8
IC_DELIKLER
 10
18.08007378654496
 20
160.88729887378085
 30
0.0
 70
0
  0
VERTEX
  5
951
  8
IC_DELIKLER
 10
18.20005565751627
 20
160.75814253322596
 30
0.0
 70
0
  0
VERTEX
  5
952
  8
IC_DELIKLER
 10
18.31958202316298
 20
160.62872516747478
 30
0.0
 70
0
  0
VERTEX
  5
953
  8
IC_DELIKLER
 10
18.438647535863346
 20
160.49904034809975
 30
0.0
 70
0
  0
VERTEX
  5
954
  8
IC_DELIKLER
 10
18.557247162838998
 20
160.36908224799632
 30
0.0
 70
0
  0
VERTEX
  5
955
  8
IC_DELIKLER
 10
18.67537615593003
 20
160.23884558515124
 30
0.0
 70
0
  0
VERTEX
  5
956
  8
IC_DELIKLER
 10
18.793030025048846
 20
160.10832557302498
 30
0.0
 70
0
  0
VERTEX
  5
957
  8
IC_DELIKLER
 10
18.91020451478271
 20
159.9775178766167
 30
0.0
 70
0
  0
VERTEX
  5
958
  8
IC_DELIKLER
 10
19.0268955837028
 20
159.84641857343155
 30
0.0
 70
0
  0
VERTEX
  5
959
  8
IC_DELIKLER
 10
19.14309938600878
 20
159.71502411869466
 30
0.0
 70
0
  0
VERTEX
  5
95A
  8
IC_DELIKLER
 10
19.25881225519613
 20
159.5833313142573
 30
0.0
 70
0
  0
VERTEX
  5
95B
  8
IC_DELIKLER
 10
19.374030689481707
 20
159.45133728072432
 30
0.0
 70
0
  0
VERTEX
  5
95C
  8
IC_DELIKLER
 10
19.48875133876347
 20
159.31903943240238
 30
0.0
 70
0
  0
VERTEX
  5
95D
  8
IC_DELIKLER
 10
19.6029709929216
 20
159.1864354547253
 30
0.0
 70
0
  0
VERTEX
  5
95E
  8
IC_DELIKLER
 10
19.716686571297906
 20
159.05352328386238
 30
0.0
 70
0
  0
VERTEX
  5
95F
  8
IC_DELIKLER
 10
19.829895113211954
 20
158.92030108825506
 30
0.0
 70
0
  0
VERTEX
  5
960
  8
IC_DELIKLER
 10
19.94259376939227
 20
158.786767251863
 30
0.0
 70
0
  0
VERTEX
  5
961
  8
IC_DELIKLER
 10
20.054779794218042
 20
158.65292035892827
 30
0.0
 70
0
  0
VERTEX
  5
962
  8
IC_DELIKLER
 10
20.166450538679157
 20
158.5187591800922
 30
0.0
 70
0
  0
VERTEX
  5
963
  8
IC_DELIKLER
 10
20.277603443976147
 20
158.38428265972004
 30
0.0
 70
0
  0
VERTEX
  5
964
  8
IC_DELIKLER
 10
20.38823603568983
 20
158.24948990430684
 30
0.0
 70
0
  0
VERTEX
  5
965
  8
IC_DELIKLER
 10
20.49834591846087
 20
158.11438017185247
 30
0.0
 70
0
  0
VERTEX
  5
966
  8
IC_DELIKLER
 10
20.607930771125087
 20
157.9789528621092
 30
0.0
 70
0
  0
VERTEX
  5
967
  8
IC_DELIKLER
 10
20.716988342258674
 20
157.84320750761398
 30
0.0
 70
0
  0
VERTEX
  5
968
  8
IC_DELIKLER
 10
20.825516446091363
 20
157.7071437654304
 30
0.0
 70
0
  0
VERTEX
  5
969
  8
IC_DELIKLER
 10
20.933512958751283
 20
157.57076140953123
 30
0.0
 70
0
  0
VERTEX
  5
96A
  8
IC_DELIKLER
 10
21.040975814809418
 20
157.43406032376242
 30
0.0
 70
0
  0
VERTEX
  5
96B
  8
IC_DELIKLER
 10
21.147903004094495
 20
157.29704049533444
 30
0.0
 70
0
  0
VERTEX
  5
96C
  8
IC_DELIKLER
 10
21.25429256875342
 20
157.159702008793
 30
0.0
 70
0
  0
VERTEX
  5
96D
  8
IC_DELIKLER
 10
21.3601426005338
 20
157.02204504042703
 30
0.0
 70
0
  0
VERTEX
  5
96E
  8
IC_DELIKLER
 10
21.465451238269065
 20
156.88406985307455
 30
0.0
 70
0
  0
VERTEX
  5
96F
  8
IC_DELIKLER
 10
21.570216665547207
 20
156.74577679129354
 30
0.0
 70
0
  0
VERTEX
  5
970
  8
IC_DELIKLER
 10
21.674437108547487
 20
156.60716627686512
 30
0.0
 70
0
  0
VERTEX
  5
971
  8
IC_DELIKLER
 10
21.77811083403018
 20
156.4682388046027
 30
0.0
 70
0
  0
VERTEX
  5
972
  8
IC_DELIKLER
 10
21.881236147466154
 20
156.32899493844144
 30
0.0
 70
0
  0
VERTEX
  5
973
  8
IC_DELIKLER
 10
21.983811391294807
 20
156.18943530778466
 30
0.0
 70
0
  0
VERTEX
  5
974
  8
IC_DELIKLER
 10
22.085834943299176
 20
156.04956060408801
 30
0.0
 70
0
  0
VERTEX
  5
975
  8
IC_DELIKLER
 10
22.187305215088905
 20
155.90937157766152
 30
0.0
 70
0
  0
VERTEX
  5
976
  8
IC_DELIKLER
 10
22.28822065068232
 20
155.76886903467326
 30
0.0
 70
0
  0
VERTEX
  5
977
  8
IC_DELIKLER
 10
22.38857972517949
 20
155.62805383433903
 30
0.0
 70
0
  0
VERTEX
  5
978
  8
IC_DELIKLER
 10
22.48838094351918
 20
155.48692688628446
 30
0.0
 70
0
  0
VERTEX
  5
979
  8
IC_DELIKLER
 10
22.587622839313326
 20
155.34548914806578
 30
0.0
 70
0
  0
VERTEX
  5
97A
  8
IC_DELIKLER
 10
22.686303973752864
 20
155.20374162283898
 30
0.0
 70
0
  0
VERTEX
  5
97B
  8
IC_DELIKLER
 10
22.78442293457947
 20
155.06168535716546
 30
0.0
 70
0
  0
VERTEX
  5
97C
  8
IC_DELIKLER
 10
22.881978335118617
 20
154.9193214389453
 30
0.0
 70
0
  0
VERTEX
  5
97D
  8
IC_DELIKLER
 10
22.978968813368965
 20
154.77665099546851
 30
0.0
 70
0
  0
VERTEX
  5
97E
  8
IC_DELIKLER
 10
23.07539303114437
 20
154.6336751915768
 30
0.0
 70
0
  0
VERTEX
  5
97F
  8
IC_DELIKLER
 10
23.171249673264345
 20
154.49039522792762
 30
0.0
 70
0
  0
VERTEX
  5
980
  8
IC_DELIKLER
 10
23.266537446789982
 20
154.34681233935405
 30
0.0
 70
0
  0
VERTEX
  5
981
  8
IC_DELIKLER
 10
23.36125508030161
 20
154.20292779331407
 30
0.0
 70
0
  0
VERTEX
  5
982
  8
IC_DELIKLER
 10
23.455401323215824
 20
154.0587428884231
 30
0.0
 70
0
  0
VERTEX
  5
983
  8
IC_DELIKLER
 10
23.548974945138706
 20
153.91425895306458
 30
0.0
 70
0
  0
VERTEX
  5
984
  8
IC_DELIKLER
 10
23.64197473525304
 20
153.7694773440737
 30
0.0
 70
0
  0
VERTEX
  5
985
  8
IC_DELIKLER
 10
23.734399501737492
 20
153.62439944548936
 30
0.0
 70
0
  0
VERTEX
  5
986
  8
IC_DELIKLER
 10
23.82624807121483
 20
153.4790266673704
 30
0.0
 70
0
  0
VERTEX
  5
987
  8
IC_DELIKLER
 10
23.917519288228313
 20
153.33336044467177
 30
0.0
 70
0
  0
VERTEX
  5
988
  8
IC_DELIKLER
 10
24.00821201474356
 20
153.18740223617738
 30
0.0
 70
0
  0
VERTEX
  5
989
  8
IC_DELIKLER
 10
24.098325129674855
 20
153.0411535234859
 30
0.0
 70
0
  0
VERTEX
  5
98A
  8
IC_DELIKLER
 10
24.187857528434098
 20
152.89461581004656
 30
0.0
 70
0
  0
VERTEX
  5
98B
  8
IC_DELIKLER
 10
24.27680812250078
 20
152.74779062024166
 30
0.0
 70
0
  0
VERTEX
  5
98C
  8
IC_DELIKLER
 10
24.365175839012316
 20
152.60067949851364
 30
0.0
 70
0
  0
VERTEX
  5
98D
  8
IC_DELIKLER
 10
24.452959620372688
 20
152.45328400853367
 30
0.0
 70
0
  0
VERTEX
  5
98E
  8
IC_DELIKLER
 10
24.540158423879006
 20
152.30560573240945
 30
0.0
 70
0
  0
VERTEX
  5
98F
  8
IC_DELIKLER
 10
24.6267712213644
 20
152.15764626993027
 30
0.0
 70
0
  0
VERTEX
  5
990
  8
IC_DELIKLER
 10
24.712796998856675
 20
152.00940723784691
 30
0.0
 70
0
  0
VERTEX
  5
991
  8
IC_DELIKLER
 10
24.798234756251464
 20
151.86089026918495
 30
0.0
 70
0
  0
VERTEX
  5
992
  8
IC_DELIKLER
 10
24.883083506999277
 20
151.71209701258883
 30
0.0
 70
0
  0
VERTEX
  5
993
  8
IC_DELIKLER
 10
24.967342277805642
 20
151.56302913169628
 30
0.0
 70
0
  0
VERTEX
  5
994
  8
IC_DELIKLER
 10
25.05101010834344
 20
151.41368830453993
 30
0.0
 70
0
  0
VERTEX
  5
995
  8
IC_DELIKLER
 10
25.13408605097692
 20
151.2640762229762
 30
0.0
 70
0
  0
VERTEX
  5
996
  8
IC_DELIKLER
 10
25.216569170496655
 20
151.1141945921389
 30
0.0
 70
0
  0
VERTEX
  5
997
  8
IC_DELIKLER
 10
25.298458543864946
 20
150.96404512991683
 30
0.0
 70
0
  0
VERTEX
  5
998
  8
IC_DELIKLER
 10
25.379753259970972
 20
150.81362956645427
 30
0.0
 70
0
  0
VERTEX
  5
999
  8
IC_DELIKLER
 10
25.460452419395313
 20
150.66294964367242
 30
0.0
 70
0
  0
VERTEX
  5
99A
  8
IC_DELIKLER
 10
25.540555134183183
 20
150.5120071148119
 30
0.0
 70
0
  0
VERTEX
  5
99B
  8
IC_DELIKLER
 10
25.620060527626162
 20
150.36080374399418
 30
0.0
 70
0
  0
VERTEX
  5
99C
  8
IC_DELIKLER
 10
25.698967734051756
 20
150.20934130580184
 30
0.0
 70
0
  0
VERTEX
  5
99D
  8
IC_DELIKLER
 10
25.77727589862053
 20
150.05762158487602
 30
0.0
 70
0
  0
VERTEX
  5
99E
  8
IC_DELIKLER
 10
25.85498417713036
 20
149.905646375531
 30
0.0
 70
0
  0
VERTEX
  5
99F
  8
IC_DELIKLER
 10
25.932091735827534
 20
149.75341748138445
 30
0.0
 70
0
  0
VERTEX
  5
9A0
  8
IC_DELIKLER
 10
26.00859775122433
 20
149.6009367150029
 30
0.0
 70
0
  0
VERTEX
  5
9A1
  8
IC_DELIKLER
 10
26.08450140992263
 20
149.44820589756176
 30
0.0
 70
0
  0
VERTEX
  5
9A2
  8
IC_DELIKLER
 10
26.159801908443647
 20
149.29522685851913
 30
0.0
 70
0
  0
VERTEX
  5
9A3
  8
IC_DELIKLER
 10
26.23449845306296
 20
149.14200143530263
 30
0.0
 70
0
  0
VERTEX
  5
9A4
  8
IC_DELIKLER
 10
26.30859025965117
 20
148.98853147300912
 30
0.0
 70
0
  0
VERTEX
  5
9A5
  8
IC_DELIKLER
 10
26.382076553519347
 20
148.8348188241161
 30
0.0
 70
0
  0
VERTEX
  5
9A6
  8
IC_DELIKLER
 10
26.454956569269655
 20
148.68086534820478
 30
0.0
 70
0
  0
VERTEX
  5
9A7
  8
IC_DELIKLER
 10
26.52722955065044
 20
148.5266729116941
 30
0.0
 70
0
  0
VERTEX
  5
9A8
  8
IC_DELIKLER
 10
26.598894750415752
 20
148.3722433875852
 30
0.0
 70
0
  0
VERTEX
  5
9A9
  8
IC_DELIKLER
 10
26.66995143018927
 20
148.217578655216
 30
0.0
 70
0
  0
VERTEX
  5
9AA
  8
IC_DELIKLER
 10
26.7403988603322
 20
148.06268060002532
 30
0.0
 70
0
  0
VERTEX
  5
9AB
  8
IC_DELIKLER
 10
26.81023631981507
 20
147.90755111332618
 30
0.0
 70
0
  0
VERTEX
  5
9AC
  8
IC_DELIKLER
 10
26.87946309609339
 20
147.75219209208802
 30
0.0
 70
0
  0
VERTEX
  5
9AD
  8
IC_DELIKLER
 10
26.948078484986763
 20
147.59660543872732
 30
0.0
 70
0
  0
VERTEX
  5
9AE
  8
IC_DELIKLER
 10
27.01608179056158
 20
147.4407930609063
 30
0.0
 70
0
  0
VERTEX
  5
9AF
  8
IC_DELIKLER
 10
27.083472325016988
 20
147.28475687133934
 30
0.0
 70
0
  0
VERTEX
  5
9B0
  8
IC_DELIKLER
 10
27.150249408574076
 20
147.1284987876069
 30
0.0
 70
0
  0
VERTEX
  5
9B1
  8
IC_DELIKLER
 10
27.21641236936806
 20
146.9720207319767
 30
0.0
 70
0
  0
VERTEX
  5
9B2
  8
IC_DELIKLER
 10
27.281960543343576
 20
146.81532463123156
 30
0.0
 70
0
  0
VERTEX
  5
9B3
  8
IC_DELIKLER
 10
27.346893274152706
 20
146.65841241650384
 30
0.0
 70
0
  0
VERTEX
  5
9B4
  8
IC_DELIKLER
 10
27.411209913055835
 20
146.50128602311645
 30
0.0
 70
0
  0
VERTEX
  5
9B5
  8
IC_DELIKLER
 10
27.474909818825143
 20
146.34394739042966
 30
0.0
 70
0
  0
VERTEX
  5
9B6
  8
IC_DELIKLER
 10
27.537992357650648
 20
146.1863984616939
 30
0.0
 70
0
  0
VERTEX
  5
9B7
  8
IC_DELIKLER
 10
27.60045690304878
 20
146.02864118390818
 30
0.0
 70
0
  0
VERTEX
  5
9B8
  8
IC_DELIKLER
 10
27.662302835773403
 20
145.87067750768378
 30
0.0
 70
0
  0
VERTEX
  5
9B9
  8
IC_DELIKLER
 10
27.72352954372898
 20
145.71250938711336
 30
0.0
 70
0
  0
VERTEX
  5
9BA
  8
IC_DELIKLER
 10
27.784136421886206
 20
145.55413877964486
 30
0.0
 70
0
  0
VERTEX
  5
9BB
  8
IC_DELIKLER
 10
27.844122872199726
 20
145.39556764596043
 30
0.0
 70
0
  0
VERTEX
  5
9BC
  8
IC_DELIKLER
 10
27.903488303528015
 20
145.23679794985964
 30
0.0
 70
0
  0
VERTEX
  5
9BD
  8
IC_DELIKLER
 10
27.962232131555265
 20
145.07783165814755
 30
0.0
 70
0
  0
VERTEX
  5
9BE
  8
IC_DELIKLER
 10
28.02035377871532
 20
144.91867074052692
 30
0.0
 70
0
  0
VERTEX
  5
9BF
  8
IC_DELIKLER
 10
28.077852674117615
 20
144.7593171694944
 30
0.0
 70
0
  0
VERTEX
  5
9C0
  8
IC_DELIKLER
 10
28.13472825347485
 20
144.599772920241
 30
0.0
 70
0
  0
VERTEX
  5
9C1
  8
IC_DELIKLER
 10
28.19097995903269
 20
144.44003997055614
 30
0.0
 70
0
  0
VERTEX
  5
9C2
  8
IC_DELIKLER
 10
28.24660723950119
 20
144.2801203007356
 30
0.0
 70
0
  0
VERTEX
  5
9C3
  8
IC_DELIKLER
 10
28.301609549987926
 20
144.12001589349288
 30
0.0
 70
0
  0
VERTEX
  5
9C4
  8
IC_DELIKLER
 10
28.355986351932906
 20
143.95972873387413
 30
0.0
 70
0
  0
VERTEX
  5
9C5
  8
IC_DELIKLER
 10
28.409737113045185
 20
143.7992608091763
 30
0.0
 70
0
  0
VERTEX
  5
9C6
  8
IC_DELIKLER
 10
28.462861307241052
 20
143.63861410886864
 30
0.0
 70
0
  0
VERTEX
  5
9C7
  8
IC_DELIKLER
 10
28.51535841458382
 20
143.477790624517
 30
0.0
 70
0
  0
VERTEX
  5
9C8
  8
IC_DELIKLER
 10
28.567227921225243
 20
143.31679234971156
 30
0.0
 70
0
  0
VERTEX
  5
9C9
  8
IC_DELIKLER
 10
28.61846931934839
 20
143.15562127999684
 30
0.0
 70
0
  0
VERTEX
  5
9CA
  8
IC_DELIKLER
 10
28.66908210711214
 20
142.99427941280504
 30
0.0
 70
0
  0
VERTEX
  5
9CB
  8
IC_DELIKLER
 10
28.719065788596993
 20
142.83276874739178
 30
0.0
 70
0
  0
VERTEX
  5
9CC
  8
IC_DELIKLER
 10
28.768419873752475
 20
142.67109128477435
 30
0.0
 70
0
  0
VERTEX
  5
9CD
  8
IC_DELIKLER
 10
28.817143878345952
 20
142.50924902767264
 30
0.0
 70
0
  0
VERTEX
  5
9CE
  8
IC_DELIKLER
 10
28.865237323912698
 20
142.34724398045236
 30
0.0
 70
0
  0
VERTEX
  5
9CF
  8
IC_DELIKLER
 10
28.91269973770759
 20
142.1850781490706
 30
0.0
 70
0
  0
VERTEX
  5
9D0
  8
IC_DELIKLER
 10
28.95953065265787
 20
142.0227535410236
 30
0.0
 70
0
  0
VERTEX
  5
9D1
  8
IC_DELIKLER
 10
29.00572960731755
 20
141.8602721652967
 30
0.0
 70
0
  0
VERTEX
  5
9D2
  8
IC_DELIKLER
 10
29.0512961458228
 20
141.69763603231632
 30
0.0
 70
0
  0
VERTEX
  5
9D3
  8
IC_DELIKLER
 10
29.096229817849007
 20
141.53484715390408
 30
0.0
 70
0
  0
VERTEX
  5
9D4
  8
IC_DELIKLER
 10
29.14053017856876
 20
141.37190754323265
 30
0.0
 70
0
  0
VERTEX
  5
9D5
  8
IC_DELIKLER
 10
29.184196788611324
 20
141.20881921478357
 30
0.0
 70
0
  0
VERTEX
  5
9D6
  8
IC_DELIKLER
 10
29.227229214023293
 20
141.04558418430696
 30
0.0
 70
0
  0
VERTEX
  5
9D7
  8
IC_DELIKLER
 10
29.269627026230523
 20
140.88220446878273
 30
0.0
 70
0
  0
VERTEX
  5
9D8
  8
IC_DELIKLER
 10
29.311389802001155
 20
140.71868208638358
 30
0.0
 70
0
  0
VERTEX
  5
9D9
  8
IC_DELIKLER
 10
29.352517123410053
 20
140.55501905643973
 30
0.0
 70
0
  0
VERTEX
  5
9DA
  8
IC_DELIKLER
 10
29.39300857780421
 20
140.39121739940495
 30
0.0
 70
0
  0
VERTEX
  5
9DB
  8
IC_DELIKLER
 10
29.432863757769574
 20
140.22727913682422
 30
0.0
 70
0
  0
VERTEX
  5
9DC
  8
IC_DELIKLER
 10
29.472082261098887
 20
140.0632062913028
 30
0.0
 70
0
  0
VERTEX
  5
9DD
  8
IC_DELIKLER
 10
29.5106636907607
 20
139.8990008864766
 30
0.0
 70
0
  0
VERTEX
  5
9DE
  8
IC_DELIKLER
 10
29.54860765486966
 20
139.7346649469841
 30
0.0
 70
0
  0
VERTEX
  5
9DF
  8
IC_DELIKLER
 10
29.585913766657804
 20
139.57020049843914
 30
0.0
 70
0
  0
VERTEX
  5
9E0
  8
IC_DELIKLER
 10
29.622581644447088
 20
139.40560956740526
 30
0.0
 70
0
  0
VERTEX
  5
9E1
  8
IC_DELIKLER
 10
29.65861091162311
 20
139.24089418137106
 30
0.0
 70
0
  0
VERTEX
  5
9E2
  8
IC_DELIKLER
 10
29.694001196609726
 20
139.0760563687269
 30
0.0
 70
0
  0
VERTEX
  5
9E3
  8
IC_DELIKLER
 10
29.728752132845056
 20
138.91109815874213
 30
0.0
 70
0
  0
VERTEX
  5
9E4
  8
IC_DELIKLER
 10
29.76286335875843
 20
138.74602158154397
 30
0.0
 70
0
  0
VERTEX
  5
9E5
  8
IC_DELIKLER
 10
29.796334517748598
 20
138.58082866809696
 30
0.0
 70
0
  0
VERTEX
  5
9E6
  8
IC_DELIKLER
 10
29.829165258162824
 20
138.41552145018346
 30
0.0
 70
0
  0
VERTEX
  5
9E7
  8
IC_DELIKLER
 10
29.861355233277322
 20
138.25010196038522
 30
0.0
 70
0
  0
VERTEX
  5
9E8
  8
IC_DELIKLER
 10
29.892904101278738
 20
138.08457223206528
 30
0.0
 70
0
  0
VERTEX
  5
9E9
  8
IC_DELIKLER
 10
29.923811525246492
 20
137.91893429935132
 30
0.0
 70
0
  0
VERTEX
  5
9EA
  8
IC_DELIKLER
 10
29.954077173136625
 20
137.7531901971192
 30
0.0
 70
0
  0
VERTEX
  5
9EB
  8
IC_DELIKLER
 10
29.983700717766407
 20
137.58734196097777
 30
0.0
 70
0
  0
VERTEX
  5
9EC
  8
IC_DELIKLER
 10
30.012681836800162
 20
137.42139162725363
 30
0.0
 70
0
  0
VERTEX
  5
9ED
  8
IC_DELIKLER
 10
30.04102021273625
 20
137.25534123297743
 30
0.0
 70
0
  0
VERTEX
  5
9EE
  8
IC_DELIKLER
 10
30.06871553289493
 20
137.0891928158699
 30
0.0
 70
0
  0
VERTEX
  5
9EF
  8
IC_DELIKLER
 10
30.095767489407592
 20
136.92294841432894
 30
0.0
 70
0
  0
VERTEX
  5
9F0
  8
IC_DELIKLER
 10
30.122175779206874
 20
136.75661006741728
 30
0.0
 70
0
  0
VERTEX
  5
9F1
  8
IC_DELIKLER
 10
30.147940104017938
 20
136.59017981485022
 30
0.0
 70
0
  0
VERTEX
  5
9F2
  8
IC_DELIKLER
 10
30.173060170350844
 20
136.4236596969842
 30
0.0
 70
0
  0
VERTEX
  5
9F3
  8
IC_DELIKLER
 10
30.197535689494053
 20
136.25705175480547
 30
0.0
 70
0
  0
VERTEX
  5
9F4
  8
IC_DELIKLER
 10
30.221366377508854
 20
136.0903580299195
 30
0.0
 70
0
  0
VERTEX
  5
9F5
  8
IC_DELIKLER
 10
30.244551955225166
 20
135.92358056454037
 30
0.0
 70
0
  0
VERTEX
  5
9F6
  8
IC_DELIKLER
 10
30.267092148238238
 20
135.7567214014805
 30
0.0
 70
0
  0
VERTEX
  5
9F7
  8
IC_DELIKLER
 10
30.288986686906505
 20
135.5897825841409
 30
0.0
 70
0
  0
VERTEX
  5
9F8
  8
IC_DELIKLER
 10
30.31023530635049
 20
135.42276615650135
 30
0.0
 70
0
  0
VERTEX
  5
9F9
  8
IC_DELIKLER
 10
30.330837746453017
 20
135.25567416311105
 30
0.0
 70
0
  0
VERTEX
  5
9FA
  8
IC_DELIKLER
 10
30.350793751860316
 20
135.08850864907907
 30
0.0
 70
0
  0
VERTEX
  5
9FB
  8
IC_DELIKLER
 10
30.370103071984282
 20
134.92127166006512
 30
0.0
 70
0
  0
VERTEX
  5
9FC
  8
IC_DELIKLER
 10
30.388765461006052
 20
134.7539652422705
 30
0.0
 70
0
  0
VERTEX
  5
9FD
  8
IC_DELIKLER
 10
30.406780677880455
 20
134.58659144242895
 30
0.0
 70
0
  0
VERTEX
  5
9FE
  8
IC_DELIKLER
 10
30.424148486341743
 20
134.41915230779736
 30
0.0
 70
0
  0
VERTEX
  5
9FF
  8
IC_DELIKLER
 10
30.440868654910446
 20
134.25164988614688
 30
0.0
 70
0
  0
VERTEX
  5
A00
  8
IC_DELIKLER
 10
30.45694095690136
 20
134.08408622575342
 30
0.0
 70
0
  0
VERTEX
  5
A01
  8
IC_DELIKLER
 10
30.472365170432692
 20
133.91646337538867
 30
0.0
 70
0
  0
VERTEX
  5
A02
  8
IC_DELIKLER
 10
30.487141078436366
 20
133.74878338431023
 30
0.0
 70
0
  0
VERTEX
  5
A03
  8
IC_DELIKLER
 10
30.50126846866948
 20
133.58104830225247
 30
0.0
 70
0
  0
VERTEX
  5
A04
  8
IC_DELIKLER
 10
30.51474713372704
 20
133.41326017941623
 30
0.0
 70
0
  0
VERTEX
  5
A05
  8
IC_DELIKLER
 10
30.527576871055714
 20
133.2454210664589
 30
0.0
 70
0
  0
VERTEX
  5
A06
  8
IC_DELIKLER
 10
30.539757482968945
 20
133.07753301448426
 30
0.0
 70
0
  0
VERTEX
  5
A07
  8
IC_DELIKLER
 10
30.551288776663228
 20
132.9095980750314
 30
0.0
 70
0
  0
VERTEX
  5
A08
  8
IC_DELIKLER
 10
30.56217056423544
 20
132.74161830006395
 30
0.0
 70
0
  0
VERTEX
  5
A09
  8
IC_DELIKLER
 10
30.57240266270178
 20
132.5735957419584
 30
0.0
 70
0
  0
VERTEX
  5
A0A
  8
IC_DELIKLER
 10
30.581984894017488
 20
132.40553245349247
 30
0.0
 70
0
  0
VERTEX
  5
A0B
  8
IC_DELIKLER
 10
30.59091708509817
 20
132.23743048783234
 30
0.0
 70
0
  0
VERTEX
  5
A0C
  8
IC_DELIKLER
 10
30.599199067842243
 20
132.0692918985202
 30
0.0
 70
0
  0
VERTEX
  5
A0D
  8
IC_DELIKLER
 10
30.606830679154676
 20
131.90111873946032
 30
0.0
 70
0
  0
VERTEX
  5
A0E
  8
IC_DELIKLER
 10
30.613811760971963
 20
131.73291306490538
 30
0.0
 70
0
  0
VERTEX
  5
A0F
  8
IC_DELIKLER
 10
30.62014216028864
 20
131.56467692944153
 30
0.0
 70
0
  0
VERTEX
  5
A10
  8
IC_DELIKLER
 10
30.625821729184757
 20
131.39641238797307
 30
0.0
 70
0
  0
VERTEX
  5
A11
  8
IC_DELIKLER
 10
30.63085032485502
 20
131.22812149570635
 30
0.0
 70
0
  0
VERTEX
  5
A12
  8
IC_DELIKLER
 10
30.635227809639115
 20
131.05980630813275
 30
0.0
 70
0
  0
VERTEX
  5
A13
  8
IC_DELIKLER
 10
30.638954051053453
 20
130.89146888101115
 30
0.0
 70
0
  0
VERTEX
  5
A14
  8
IC_DELIKLER
 10
30.642028921824306
 20
130.7231112703492
 30
0.0
 70
0
  0
VERTEX
  5
A15
  8
IC_DELIKLER
 10
30.64445229992243
 20
130.55473553238386
 30
0.0
 70
0
  0
VERTEX
  5
A16
  8
IC_DELIKLER
 10
30.646224068598904
 20
130.38634372356103
 30
0.0
 70
0
  0
VERTEX
  5
A17
  8
IC_DELIKLER
 10
30.647344116422687
 20
130.2179379005139
 30
0.0
 70
0
  0
VERTEX
  5
A18
  8
IC_DELIKLER
 10
30.6478123373195
 20
130.04952012004065
 30
0.0
 70
0
  0
VERTEX
  5
A19
  8
IC_DELIKLER
 10
30.6476286306122
 20
129.88109243908073
 30
0.0
 70
0
  0
VERTEX
  5
A1A
  8
IC_DELIKLER
 10
30.64679290106278
 20
129.71265691468992
 30
0.0
 70
0
  0
VERTEX
  5
A1B
  8
IC_DELIKLER
 10
30.645305058915824
 20
129.54421560401448
 30
0.0
 70
0
  0
VERTEX
  5
A1C
  8
IC_DELIKLER
 10
30.64316501994359
 20
129.37577056426392
 30
0.0
 70
0
  0
VERTEX
  5
A1D
  8
IC_DELIKLER
 10
30.640372705492563
 20
129.20732385268218
 30
0.0
 70
0
  0
VERTEX
  5
A1E
  8
IC_DELIKLER
 10
30.636928042532
 20
129.0388775265178
 30
0.0
 70
0
  0
VERTEX
  5
A1F
  8
IC_DELIKLER
 10
30.632830963703576
 20
128.8704336429924
 30
0.0
 70
0
  0
VERTEX
  5
A20
  8
IC_DELIKLER
 10
30.628081407373326
 20
128.7019942592676
 30
0.0
 70
0
  0
VERTEX
  5
A21
  8
IC_DELIKLER
 10
30.62267931768482
 20
128.53356143241075
 30
0.0
 70
0
  0
VERTEX
  5
A22
  8
IC_DELIKLER
 10
30.61662464461441
 20
128.3651372193585
 30
0.0
 70
0
  0
VERTEX
  5
A23
  8
IC_DELIKLER
 10
30.609917344028155
 20
128.19672367687912
 30
0.0
 70
0
  0
VERTEX
  5
A24
  8
IC_DELIKLER
 10
30.60255737774056
 20
128.02832286153256
 30
0.0
 70
0
  0
VERTEX
  5
A25
  8
IC_DELIKLER
 10
30.59454471357527
 20
127.85993682962928
 30
0.0
 70
0
  0
VERTEX
  5
A26
  8
IC_DELIKLER
 10
30.58587932542765
 20
127.69156763718655
 30
0.0
 70
0
  0
VERTEX
  5
A27
  8
IC_DELIKLER
 10
30.576561193329233
 20
127.52321733988308
 30
0.0
 70
0
  0
VERTEX
  5
A28
  8
IC_DELIKLER
 10
30.566590303514385
 20
127.35488799301166
 30
0.0
 70
0
  0
VERTEX
  5
A29
  8
IC_DELIKLER
 10
30.555966648488756
 20
127.18658165142918
 30
0.0
 70
0
  0
VERTEX
  5
A2A
  8
IC_DELIKLER
 10
30.544690227100055
 20
127.01830036950497
 30
0.0
 70
0
  0
VERTEX
  5
A2B
  8
IC_DELIKLER
 10
30.532761044610957
 20
126.85004620106642
 30
0.0
 70
0
  0
VERTEX
  5
A2C
  8
IC_DELIKLER
 10
30.520179112773985
 20
126.68182119934232
 30
0.0
 70
0
  0
VERTEX
  5
A2D
  8
IC_DELIKLER
 10
30.506944449909042
 20
126.51362741690357
 30
0.0
 70
0
  0
VERTEX
  5
A2E
  8
IC_DELIKLER
 10
30.493057080982886
 20
126.34546690560146
 30
0.0
 70
0
  0
VERTEX
  5
A2F
  8
IC_DELIKLER
 10
30.478517037691336
 20
126.17734171650301
 30
0.0
 70
0
  0
VERTEX
  5
A30
  8
IC_DELIKLER
 10
30.463324358543638
 20
126.0092538998237
 30
0.0
 70
0
  0
VERTEX
  5
A31
  8
IC_DELIKLER
 10
30.44747908894964
 20
125.84120550485702
 30
0.0
 70
0
  0
VERTEX
  5
A32
  8
IC_DELIKLER
 10
30.43098128130928
 20
125.67319857990111
 30
0.0
 70
0
  0
VERTEX
  5
A33
  8
IC_DELIKLER
 10
30.41383099510498
 20
125.50523517218238
 30
0.0
 70
0
  0
VERTEX
  5
A34
  8
IC_DELIKLER
 10
30.396028296996747
 20
125.33731732777537
 30
0.0
 70
0
  0
VERTEX
  5
A35
  8
IC_DELIKLER
 10
30.377573260919927
 20
125.16944709151974
 30
0.0
 70
0
  0
VERTEX
  5
A36
  8
IC_DELIKLER
 10
30.35846596818625
 20
125.00162650693323
 30
0.0
 70
0
  0
VERTEX
  5
A37
  8
IC_DELIKLER
 10
30.33870650758746
 20
124.83385761612132
 30
0.0
 70
0
  0
VERTEX
  5
A38
  8
IC_DELIKLER
 10
30.3182949755025
 20
124.66614245968267
 30
0.0
 70
0
  0
VERTEX
  5
A39
  8
IC_DELIKLER
 10
30.297231476007596
 20
124.49848307661088
 30
0.0
 70
0
  0
VERTEX
  5
A3A
  8
IC_DELIKLER
 10
30.275516120989757
 20
124.33088150419184
 30
0.0
 70
0
  0
VERTEX
  5
A3B
  8
IC_DELIKLER
 10
30.25314903026384
 20
124.16333977789685
 30
0.0
 70
0
  0
VERTEX
  5
A3C
  8
IC_DELIKLER
 10
30.230130331693044
 20
123.99585993127147
 30
0.0
 70
0
  0
VERTEX
  5
A3D
  8
IC_DELIKLER
 10
30.206460161313146
 20
123.82844399581921
 30
0.0
 70
0
  0
VERTEX
  5
A3E
  8
IC_DELIKLER
 10
30.182138663460524
 20
123.66109400088075
 30
0.0
 70
0
  0
VERTEX
  5
A3F
  8
IC_DELIKLER
 10
30.15716599090414
 20
123.49381197350789
 30
0.0
 70
0
  0
VERTEX
  5
A40
  8
IC_DELIKLER
 10
30.13154230498178
 20
123.32659993833232
 30
0.0
 70
0
  0
VERTEX
  5
A41
  8
IC_DELIKLER
 10
30.105267775740288
 20
123.15945991742893
 30
0.0
 70
0
  0
VERTEX
  5
A42
  8
IC_DELIKLER
 10
30.078342582080438
 20
122.99239393017322
 30
0.0
 70
0
  0
VERTEX
  5
A43
  8
IC_DELIKLER
 10
30.05076691190634
 20
122.82540399309286
 30
0.0
 70
0
  0
VERTEX
  5
A44
  8
IC_DELIKLER
 10
30.022540962279585
 20
122.65849211971312
 30
0.0
 70
0
  0
VERTEX
  5
A45
  8
IC_DELIKLER
 10
29.993664939578434
 20
122.49166032039562
 30
0.0
 70
0
  0
VERTEX
  5
A46
  8
IC_DELIKLER
 10
29.964139059662138
 20
122.3249106021704
 30
0.0
 70
0
  0
VERTEX
  5
A47
  8
IC_DELIKLER
 10
29.933963548040605
 20
122.15824496856123
 30
0.0
 70
0
  0
VERTEX
  5
A48
  8
IC_DELIKLER
 10
29.903138640049736
 20
121.99166541940292
 30
0.0
 70
0
  0
VERTEX
  5
A49
  8
IC_DELIKLER
 10
29.871664581032654
 20
121.82517395065159
 30
0.0
 70
0
  0
VERTEX
  5
A4A
  8
IC_DELIKLER
 10
29.8395416265269
 20
121.65877255418667
 30
0.0
 70
0
  0
VERTEX
  5
A4B
  8
IC_DELIKLER
 10
29.80677004245812
 20
121.49246321760447
 30
0.0
 70
0
  0
VERTEX
  5
A4C
  8
IC_DELIKLER
 10
29.77335010534033
 20
121.32624792400304
 30
0.0
 70
0
  0
VERTEX
  5
A4D
  8
IC_DELIKLER
 10
29.739282102483173
 20
121.16012865175799
 30
0.0
 70
0
  0
VERTEX
  5
A4E
  8
IC_DELIKLER
 10
29.704566332206433
 20
120.9941073742886
 30
0.0
 70
0
  0
VERTEX
  5
A4F
  8
IC_DELIKLER
 10
29.669203104062092
 20
120.82818605981407
 30
0.0
 70
0
  0
VERTEX
  5
A50
  8
IC_DELIKLER
 10
29.633192739064487
 20
120.66236667109916
 30
0.0
 70
0
  0
VERTEX
  5
A51
  8
IC_DELIKLER
 10
29.596535569928598
 20
120.49665116518906
 30
0.0
 70
0
  0
VERTEX
  5
A52
  8
IC_DELIKLER
 10
29.55923194131725
 20
120.33104149313246
 30
0.0
 70
0
  0
VERTEX
  5
A53
  8
IC_DELIKLER
 10
29.521282210097343
 20
120.16553959969309
 30
0.0
 70
0
  0
VERTEX
  5
A54
  8
IC_DELIKLER
 10
29.482686745605793
 20
120.00014742304816
 30
0.0
 70
0
  0
VERTEX
  5
A55
  8
IC_DELIKLER
 10
29.443445929925474
 20
119.83486689447389
 30
0.0
 70
0
  0
VERTEX
  5
A56
  8
IC_DELIKLER
 10
29.403560158171775
 20
119.66969993801695
 30
0.0
 70
0
  0
VERTEX
  5
A57
  8
IC_DELIKLER
 10
29.363029838790293
 20
119.5046484701517
 30
0.0
 70
0
  0
VERTEX
  5
A58
  8
IC_DELIKLER
 10
29.32185539386635
 20
119.3397143994217
 30
0.0
 70
0
  0
VERTEX
  5
A59
  8
IC_DELIKLER
 10
29.2800372594466
 20
119.17489962606538
 30
0.0
 70
0
  0
VERTEX
  5
A5A
  8
IC_DELIKLER
 10
29.237575885873774
 20
119.01020604162494
 30
0.0
 70
0
  0
VERTEX
  5
A5B
  8
IC_DELIKLER
 10
29.194471738135157
 20
118.84563552853717
 30
0.0
 70
0
  0
VERTEX
  5
A5C
  8
IC_DELIKLER
 10
29.150725296225268
 20
118.68118995970588
 30
0.0
 70
0
  0
VERTEX
  5
A5D
  8
IC_DELIKLER
 10
29.106337055524
 20
118.51687119805445
 30
0.0
 70
0
  0
VERTEX
  5
A5E
  8
IC_DELIKLER
 10
29.061307527190614
 20
118.35268109605772
 30
0.0
 70
0
  0
VERTEX
  5
A5F
  8
IC_DELIKLER
 10
29.015637238574776
 20
118.18862149525214
 30
0.0
 70
0
  0
VERTEX
  5
A60
  8
IC_DELIKLER
 10
28.969326733645563
 20
118.02469422572253
 30
0.0
 70
0
  0
VERTEX
  5
A61
  8
IC_DELIKLER
 10
28.92237657343935
 20
117.86090110556498
 30
0.0
 70
0
  0
VERTEX
  5
A62
  8
IC_DELIKLER
 10
28.87478733652781
 20
117.69724394032363
 30
0.0
 70
0
  0
VERTEX
  5
A63
  8
IC_DELIKLER
 10
28.826559619507144
 20
117.53372452240055
 30
0.0
 70
0
  0
VERTEX
  5
A64
  8
IC_DELIKLER
 10
28.7776940375099
 20
117.37034463043702
 30
0.0
 70
0
  0
VERTEX
  5
A65
  8
IC_DELIKLER
 10
28.72819122474059
 20
117.20710602866421
 30
0.0
 70
0
  0
VERTEX
  5
A66
  8
IC_DELIKLER
 10
28.678051835036797
 20
117.04401046622186
 30
0.0
 70
0
  0
VERTEX
  5
A67
  8
IC_DELIKLER
 10
28.62727654245697
 20
116.88105967644304
 30
0.0
 70
0
  0
VERTEX
  5
A68
  8
IC_DELIKLER
 10
28.575866041897132
 20
116.71825537610263
 30
0.0
 70
0
  0
VERTEX
  5
A69
  8
IC_DELIKLER
 10
28.523821049737897
 20
116.5555992646278
 30
0.0
 70
0
  0
VERTEX
  5
A6A
  8
IC_DELIKLER
 10
28.47114230452373
 20
116.3930930232676
 30
0.0
 70
0
  0
VERTEX
  5
A6B
  8
IC_DELIKLER
 10
28.417830567677015
 20
116.23073831421974
 30
0.0
 70
0
  0
VERTEX
  5
A6C
  8
IC_DELIKLER
 10
28.3638866242487
 20
116.06853677971125
 30
0.0
 70
0
  0
VERTEX
  5
A6D
  8
IC_DELIKLER
 10
28.309311283708222
 20
115.90649004103068
 30
0.0
 70
0
  0
VERTEX
  5
A6E
  8
IC_DELIKLER
 10
28.254105380775435
 20
115.74459969750802
 30
0.0
 70
0
  0
VERTEX
  5
A6F
  8
IC_DELIKLER
 10
28.198269776297174
 20
115.58286732543979
 30
0.0
 70
0
  0
VERTEX
  5
A70
  8
IC_DELIKLER
 10
28.141805358171688
 20
115.42129447695464
 30
0.0
 70
0
  0
VERTEX
  5
A71
  8
IC_DELIKLER
 10
28.084713042324516
 20
115.25988267881652
 30
0.0
 70
0
  0
VERTEX
  5
A72
  8
IC_DELIKLER
 10
28.026993773739047
 20
115.09863343116038
 30
0.0
 70
0
  0
VERTEX
  5
A73
  8
IC_DELIKLER
 10
27.968648527545998
 20
114.93754820615612
 30
0.0
 70
0
  0
VERTEX
  5
A74
  8
IC_DELIKLER
 10
27.909678310176048
 20
114.77662844659565
 30
0.0
 70
0
  0
VERTEX
  5
A75
  8
IC_DELIKLER
 10
27.850084160580387
 20
114.61587556439781
 30
0.0
 70
0
  0
VERTEX
  5
A76
  8
IC_DELIKLER
 10
27.789867151524028
 20
114.45529093902493
 30
0.0
 70
0
  0
VERTEX
  5
A77
  8
IC_DELIKLER
 10
27.72902839095783
 20
114.29487591580488
 30
0.0
 70
0
  0
VERTEX
  5
A78
  8
IC_DELIKLER
 10
27.66756902347481
 20
114.1346318041515
 30
0.0
 70
0
  0
VERTEX
  5
A79
  8
IC_DELIKLER
 10
27.605490231857846
 20
113.97455987567571
 30
0.0
 70
0
  0
VERTEX
  5
A7A
  8
IC_DELIKLER
 10
27.54279323872562
 20
113.81466136217927
 30
0.0
 70
0
  0
VERTEX
  5
A7B
  8
IC_DELIKLER
 10
27.479479308285043
 20
113.65493745352185
 30
0.0
 70
0
  0
VERTEX
  5
A7C
  8
IC_DELIKLER
 10
27.415549748198487
 20
113.49538929535163
 30
0.0
 70
0
  0
VERTEX
  5
A7D
  8
IC_DELIKLER
 10
27.35100591157584
 20
113.33601798668832
 30
0.0
 70
0
  0
VERTEX
  5
A7E
  8
IC_DELIKLER
 10
27.2858491991013
 20
113.17682457734722
 30
0.0
 70
0
  0
VERTEX
  5
A7F
  8
IC_DELIKLER
 10
27.220081061307088
 20
113.01781006519084
 30
0.0
 70
0
  0
VERTEX
  5
A80
  8
IC_DELIKLER
 10
27.153703001006125
 20
112.85897539319356
 30
0.0
 70
0
  0
VERTEX
  5
A81
  8
IC_DELIKLER
 10
27.0867165758983
 20
112.70032144630409
 30
0.0
 70
0
  0
VERTEX
  5
A82
  8
IC_DELIKLER
 10
27.019123401365494
 20
112.54184904808767
 30
0.0
 70
0
  0
VERTEX
  5
A83
  8
IC_DELIKLER
 10
26.950925153472657
 20
112.38355895712925
 30
0.0
 70
0
  0
VERTEX
  5
A84
  8
IC_DELIKLER
 10
26.882123572193972
 20
112.22545186317603
 30
0.0
 70
0
  0
VERTEX
  5
A85
  8
IC_DELIKLER
 10
26.8127204648854
 20
112.06752838299576
 30
0.0
 70
0
  0
VERTEX
  5
A86
  8
IC_DELIKLER
 10
26.742717710026817
 20
111.90978905592488
 30
0.0
 70
0
  0
VERTEX
  5
A87
  8
IC_DELIKLER
 10
26.672117261260475
 20
111.752234339077
 30
0.0
 70
0
  0
VERTEX
  5
A88
  8
IC_DELIKLER
 10
26.600921151754562
 20
111.59486460217977
 30
0.0
 70
0
  0
VERTEX
  5
A89
  8
IC_DELIKLER
 10
26.529131498925175
 20
111.43768012200331
 30
0.0
 70
0
  0
VERTEX
  5
A8A
  8
IC_DELIKLER
 10
26.45675050955298
 20
111.28068107634041
 30
0.0
 70
0
  0
VERTEX
  5
A8B
  8
IC_DELIKLER
 10
26.383780485336025
 20
111.12386753749294
 30
0.0
 70
0
  0
VERTEX
  5
A8C
  8
IC_DELIKLER
 10
26.310223828925324
 20
110.96723946521311
 30
0.0
 70
0
  0
VERTEX
  5
A8D
  8
IC_DELIKLER
 10
26.23608305049521
 20
110.81079669904346
 30
0.0
 70
0
  0
VERTEX
  5
A8E
  8
IC_DELIKLER
 10
26.16136077490794
 20
110.65453894998993
 30
0.0
 70
0
  0
VERTEX
  5
A8F
  8
IC_DELIKLER
 10
26.086059749539515
 20
110.49846579145574
 30
0.0
 70
0
  0
VERTEX
  5
A90
  8
IC_DELIKLER
 10
26.01018285284291
 20
110.34257664935342
 30
0.0
 70
0
  0
VERTEX
  5
A91
  8
IC_DELIKLER
 10
25.933733103735527
 20
110.18687079130112
 30
0.0
 70
0
  0
VERTEX
  5
A92
  8
IC_DELIKLER
 10
25.85671367190971
 20
110.03134731479611
 30
0.0
 70
0
  0
VERTEX
  5
A93
  8
IC_DELIKLER
 10
25.779127889179914
 20
109.87600513424437
 30
0.0
 70
0
  0
VERTEX
  5
A94
  8
IC_DELIKLER
 10
25.70097926199636
 20
109.72084296670542
 30
0.0
 70
0
  0
VERTEX
  5
A95
  8
IC_DELIKLER
 10
25.62227148527527
 20
109.56585931619321
 30
0.0
 70
0
  0
VERTEX
  5
A96
  8
IC_DELIKLER
 10
25.5430084577186
 20
109.41105245634759
 30
0.0
 70
0
  0
VERTEX
  5
A97
  8
IC_DELIKLER
 10
25.46319429882376
 20
109.25642041126301
 30
0.0
 70
0
  0
VERTEX
  5
A98
  8
IC_DELIKLER
 10
25.38283336781624
 20
109.10196093422715
 30
0.0
 70
0
  0
VERTEX
  5
A99
  8
IC_DELIKLER
 10
25.301930284777676
 20
108.94767148408079
 30
0.0
 70
0
  0
VERTEX
  5
A9A
  8
IC_DELIKLER
 10
25.220489954287427
 20
108.79354919886296
 30
0.0
 70
0
  0
VERTEX
  5
A9B
  8
IC_DELIKLER
 10
25.138517591952336
 20
108.63959086634571
 30
0.0
 70
0
  0
VERTEX
  5
A9C
  8
IC_DELIKLER
 10
25.05601875426712
 20
108.48579289099456
 30
0.0
 70
0
  0
VERTEX
  5
A9D
  8
IC_DELIKLER
 10
24.972999372329628
 20
108.33215125680377
 30
0.0
 70
0
  0
VERTEX
  5
A9E
  8
IC_DELIKLER
 10
24.889465790035626
 20
108.17866148535381
 30
0.0
 70
0
  0
VERTEX
  5
A9F
  8
IC_DELIKLER
 10
24.805424807501346
 20
108.02531858831048
 30
0.0
 70
0
  0
VERTEX
  5
AA0
  8
IC_DELIKLER
 10
24.720883730612968
 20
107.87211701342952
 30
0.0
 70
0
  0
VERTEX
  5
AA1
  8
IC_DELIKLER
 10
24.635850427792217
 20
107.71905058293677
 30
0.0
 70
0
  0
VERTEX
  5
AA2
  8
IC_DELIKLER
 10
24.550333395302186
 20
107.56611242291336
 30
0.0
 70
0
  0
VERTEX
  5
AA3
  8
IC_DELIKLER
 10
24.464341832714958
 20
107.41329488201126
 30
0.0
 70
0
  0
VERTEX
  5
AA4
  8
IC_DELIKLER
 10
24.377885730539447
 20
107.26058943744118
 30
0.0
 70
0
  0
VERTEX
  5
AA5
  8
IC_DELIKLER
 10
24.290975972488525
 20
107.10798658568723
 30
0.0
 70
0
  0
VERTEX
  5
AA6
  8
IC_DELIKLER
 10
24.20362445548559
 20
106.95547571477064
 30
0.0
 70
0
  0
VERTEX
  5
AA7
  8
IC_DELIKLER
 10
24.115844231316977
 20
106.80304495407285
 30
0.0
 70
0
  0
VERTEX
  5
AA8
  8
IC_DELIKLER
 10
24.02764967489594
 20
106.65068099665481
 30
0.0
 70
0
  0
VERTEX
  5
AA9
  8
IC_DELIKLER
 10
23.93905668550923
 20
106.49836888759774
 30
0.0
 70
0
  0
VERTEX
  5
AAA
  8
IC_DELIKLER
 10
23.850082929302594
 20
106.34609176999217
 30
0.0
 70
0
  0
VERTEX
  5
AAB
  8
IC_DELIKLER
 10
23.760748133822744
 20
106.19383057763793
 30
0.0
 70
0
  0
VERTEX
  5
AAC
  8
IC_DELIKLER
 10
23.671074448956894
 20
106.04156365998742
 30
0.0
 70
0
  0
VERTEX
  5
AAD
  8
IC_DELIKLER
 10
23.581086893532323
 20
105.88926631995486
 30
0.0
 70
0
  0
VERTEX
  5
AAE
  8
IC_DELIKLER
 10
23.490813913819455
 20
105.73691023825839
 30
0.0
 70
0
  0
VERTEX
  5
AAF
  8
IC_DELIKLER
 10
23.40028809025838
 20
105.58446274794525
 30
0.0
 70
0
  0
VERTEX
  5
AB0
  8
IC_DELIKLER
 10
23.309547043561906
 20
105.43188590804121
 30
0.0
 70
0
  0
VERTEX
  5
AB1
  8
IC_DELIKLER
 10
23.218634613651876
 20
105.27913530319248
 30
0.0
 70
0
  0
VERTEX
  5
AB2
  8
IC_DELIKLER
 10
23.127602419245942
 20
105.1261584622425
 30
0.0
 70
0
  0
VERTEX
  5
AB3
  8
IC_DELIKLER
 10
23.036511960308566
 20
104.972892735096
 30
0.0
 70
0
  0
VERTEX
  5
AB4
  8
IC_DELIKLER
 10
22.9454375144045
 20
104.81926237991038
 30
0.0
 70
0
  0
VERTEX
  5
AB5
  8
IC_DELIKLER
 10
22.854470228301285
 20
104.66517446523795
 30
0.0
 70
0
  0
VERTEX
  5
AB6
  8
IC_DELIKLER
 10
22.763724071275284
 20
104.5105129323176
 30
0.0
 70
0
  0
VERTEX
  5
AB7
  8
IC_DELIKLER
 10
22.67334480755553
 20
104.35512968335303
 30
0.0
 70
0
  0
VERTEX
  5
AB8
  8
IC_DELIKLER
 10
22.583524109376025
 20
104.19883062253027
 30
0.0
 70
0
  0
VERTEX
  5
AB9
  8
IC_DELIKLER
 10
22.494522965224213
 20
104.04135260059718
 30
0.0
 70
0
  0
VERTEX
  5
ABA
  8
IC_DELIKLER
 10
22.406713227975423
 20
103.88232266626957
 30
0.0
 70
0
  0
VERTEX
  5
ABB
  8
IC_DELIKLER
 10
22.32065830528702
 20
103.72117926753725
 30
0.0
 70
0
  0
VERTEX
  5
ABC
  8
IC_DELIKLER
 10
22.237290962882888
 20
103.55699937376741
 30
0.0
 70
0
  0
VERTEX
  5
ABD
  8
IC_DELIKLER
 10
22.15838868870974
 20
103.38803836073521
 30
0.0
 70
0
  0
VERTEX
  5
ABE
  8
IC_DELIKLER
 10
22.088377460724427
 20
103.20999256810248
 30
0.0
 70
0
  0
VERTEX
  5
ABF
  8
IC_DELIKLER
 10
22.065514571897598
 20
102.98620622010546
 30
0.0
 70
0
  0
VERTEX
  5
AC0
  8
IC_DELIKLER
 10
22.288051712381627
 20
103.02159387406627
 30
0.0
 70
0
  0
VERTEX
  5
AC1
  8
IC_DELIKLER
 10
22.462281590501608
 20
103.10381556246983
 30
0.0
 70
0
  0
VERTEX
  5
AC2
  8
IC_DELIKLER
 10
22.62645671551551
 20
103.19621041402854
 30
0.0
 70
0
  0
VERTEX
  5
AC3
  8
IC_DELIKLER
 10
22.784998305486816
 20
103.29446965058554
 30
0.0
 70
0
  0
VERTEX
  5
AC4
  8
IC_DELIKLER
 10
22.93967911134964
 20
103.39684350888515
 30
0.0
 70
0
  0
VERTEX
  5
AC5
  8
IC_DELIKLER
 10
23.091427184788653
 20
103.50240379815199
 30
0.0
 70
0
  0
VERTEX
  5
AC6
  8
IC_DELIKLER
 10
23.24080124248776
 20
103.61058378522267
 30
0.0
 70
0
  0
VERTEX
  5
AC7
  8
IC_DELIKLER
 10
23.3881684695064
 20
103.72100531675056
 30
0.0
 70
0
  0
VERTEX
  5
AC8
  8
IC_DELIKLER
 10
23.533785209765234
 20
103.83340002061396
 30
0.0
 70
0
  0
VERTEX
  5
AC9
  8
IC_DELIKLER
 10
23.677838514271446
 20
103.94756855742429
 30
0.0
 70
0
  0
VERTEX
  5
ACA
  8
IC_DELIKLER
 10
23.820469549457563
 20
104.06335756520812
 30
0.0
 70
0
  0
VERTEX
  5
ACB
  8
IC_DELIKLER
 10
23.96178771032413
 20
104.18064570052812
 30
0.0
 70
0
  0
VERTEX
  5
ACC
  8
IC_DELIKLER
 10
24.101879592972786
 20
104.29933472686452
 30
0.0
 70
0
  0
VERTEX
  5
ACD
  8
IC_DELIKLER
 10
24.240814948001606
 20
104.4193435770108
 30
0.0
 70
0
  0
VERTEX
  5
ACE
  8
IC_DELIKLER
 10
24.378650772196202
 20
104.54060425532012
 30
0.0
 70
0
  0
VERTEX
  5
ACF
  8
IC_DELIKLER
 10
24.51543420497138
 20
104.66305892500142
 30
0.0
 70
0
  0
VERTEX
  5
AD0
  8
IC_DELIKLER
 10
24.65120463090974
 20
104.78665778508852
 30
0.0
 70
0
  0
VERTEX
  5
AD1
  8
IC_DELIKLER
 10
24.785995239435998
 20
104.9113574891224
 30
0.0
 70
0
  0
VERTEX
  5
AD2
  8
IC_DELIKLER
 10
24.919834203839777
 20
105.03711994489896
 30
0.0
 70
0
  0
VERTEX
  5
AD3
  8
IC_DELIKLER
 10
25.052745587464962
 20
105.16391138822465
 30
0.0
 70
0
  0
VERTEX
  5
AD4
  8
IC_DELIKLER
 10
25.18475005052236
 20
105.29170165754834
 30
0.0
 70
0
  0
VERTEX
  5
AD5
  8
IC_DELIKLER
 10
25.315865408677713
 20
105.42046361841034
 30
0.0
 70
0
  0
VERTEX
  5
AD6
  8
IC_DELIKLER
 10
25.446107079736453
 20
105.550172701359
 30
0.0
 70
0
  0
VERTEX
  5
AD7
  8
IC_DELIKLER
 10
25.57548844466753
 20
105.68080652700209
 30
0.0
 70
0
  0
VERTEX
  5
AD8
  8
IC_DELIKLER
 10
25.70402114222917
 20
105.81234459881429
 30
0.0
 70
0
  0
VERTEX
  5
AD9
  8
IC_DELIKLER
 10
25.831715311537994
 20
105.94476804923539
 30
0.0
 70
0
  0
VERTEX
  5
ADA
  8
IC_DELIKLER
 10
25.95857979339844
 20
106.07805942811945
 30
0.0
 70
0
  0
VERTEX
  5
ADB
  8
IC_DELIKLER
 10
26.08462229864922
 20
106.21220252516383
 30
0.0
 70
0
  0
VERTEX
  5
ADC
  8
IC_DELIKLER
 10
26.209849549897662
 20
106.34718221984139
 30
0.0
 70
0
  0
VERTEX
  5
ADD
  8
IC_DELIKLER
 10
26.33426740160786
 20
106.48298435377464
 30
0.0
 70
0
  0
VERTEX
  5
ADE
  8
IC_DELIKLER
 10
26.457880942448707
 20
106.61959562156039
 30
0.0
 70
0
  0
VERTEX
  5
ADF
  8
IC_DELIKLER
 10
26.580694583002252
 20
106.75700347686865
 30
0.0
 70
0
  0
VERTEX
  5
AE0
  8
IC_DELIKLER
 10
26.70271213131133
 20
106.89519605126918
 30
0.0
 70
0
  0
VERTEX
  5
AE1
  8
IC_DELIKLER
 10
26.82393685826496
 20
107.03416208372803
 30
0.0
 70
0
  0
VERTEX
  5
AE2
  8
IC_DELIKLER
 10
26.94437155444276
 20
107.17389085909952
 30
0.0
 70
0
  0
VERTEX
  5
AE3
  8
IC_DELIKLER
 10
27.06401857974323
 20
107.31437215424307
 30
0.0
 70
0
  0
VERTEX
  5
AE4
  8
IC_DELIKLER
 10
27.18287990688408
 20
107.4555961906348
 30
0.0
 70
0
  0
VERTEX
  5
AE5
  8
IC_DELIKLER
 10
27.300957159674603
 20
107.5975535925376
 30
0.0
 70
0
  0
VERTEX
  5
AE6
  8
IC_DELIKLER
 10
27.418251646808006
 20
107.74023534995004
 30
0.0
 70
0
  0
VERTEX
  5
AE7
  8
IC_DELIKLER
 10
27.534764391798138
 20
107.88363278567985
 30
0.0
 70
0
  0
VERTEX
  5
AE8
  8
IC_DELIKLER
 10
27.650496159585476
 20
108.02773752599302
 30
0.0
 70
0
  0
VERTEX
  5
AE9
  8
IC_DELIKLER
 10
27.765447480254057
 20
108.17254147437276
 30
0.0
 70
0
  0
VERTEX
  5
AEA
  8
IC_DELIKLER
 10
27.87961867023447
 20
108.31803678799434
 30
0.0
 70
0
  0
VERTEX
  5
AEB
  8
IC_DELIKLER
 10
27.993009851311047
 20
108.46421585657811
 30
0.0
 70
0
  0
VERTEX
  5
AEC
  8
IC_DELIKLER
 10
28.10562096770557
 20
108.61107128333384
 30
0.0
 70
0
  0
VERTEX
  5
AED
  8
IC_DELIKLER
 10
28.21745180147037
 20
108.7585958677476
 30
0.0
 70
0
  0
VERTEX
  5
AEE
  8
IC_DELIKLER
 10
28.32850198639152
 20
108.90678258999833
 30
0.0
 70
0
  0
VERTEX
  5
AEF
  8
IC_DELIKLER
 10
28.438771020574915
 20
109.05562459681931
 30
0.0
 70
0
  0
VERTEX
  5
AF0
  8
IC_DELIKLER
 10
28.548258277865294
 20
109.20511518864379
 30
0.0
 70
0
  0
VERTEX
  5
AF1
  8
IC_DELIKLER
 10
28.656963018228225
 20
109.35524780789567
 30
0.0
 70
0
  0
VERTEX
  5
AF2
  8
IC_DELIKLER
 10
28.764884397208334
 20
109.5060160283029
 30
0.0
 70
0
  0
VERTEX
  5
AF3
  8
IC_DELIKLER
 10
28.87202147456288
 20
109.65741354512687
 30
0.0
 70
0
  0
VERTEX
  5
AF4
  8
IC_DELIKLER
 10
28.97837322215737
 20
109.80943416621417
 30
0.0
 70
0
  0
VERTEX
  5
AF5
  8
IC_DELIKLER
 10
29.08393853119951
 20
109.962071803788
 30
0.0
 70
0
  0
VERTEX
  5
AF6
  8
IC_DELIKLER
 10
29.18871621887837
 20
110.11532046690613
 30
0.0
 70
0
  0
VERTEX
  5
AF7
  8
IC_DELIKLER
 10
29.29270503446795
 20
110.2691742545212
 30
0.0
 70
0
  0
VERTEX
  5
AF8
  8
IC_DELIKLER
 10
29.39590366494796
 20
110.42362734908619
 30
0.0
 70
0
  0
VERTEX
  5
AF9
  8
IC_DELIKLER
 10
29.498310740187584
 20
110.57867401065366
 30
0.0
 70
0
  0
VERTEX
  5
AFA
  8
IC_DELIKLER
 10
29.59992483773401
 20
110.73430857142424
 30
0.0
 70
0
  0
VERTEX
  5
AFB
  8
IC_DELIKLER
 10
29.700744487242208
 20
110.89052543070306
 30
0.0
 70
0
  0
VERTEX
  5
AFC
  8
IC_DELIKLER
 10
29.800768174578877
 20
111.04731905022874
 30
0.0
 70
0
  0
VERTEX
  5
AFD
  8
IC_DELIKLER
 10
29.899994345629715
 20
111.20468394984172
 30
0.0
 70
0
  0
VERTEX
  5
AFE
  8
IC_DELIKLER
 10
29.99842140983635
 20
111.36261470346386
 30
0.0
 70
0
  0
VERTEX
  5
AFF
  8
IC_DELIKLER
 10
30.09604774348661
 20
111.52110593536165
 30
0.0
 70
0
  0
VERTEX
  5
B00
  8
IC_DELIKLER
 10
30.19287169277893
 20
111.68015231667101
 30
0.0
 70
0
  0
VERTEX
  5
B01
  8
IC_DELIKLER
 10
30.28889157668028
 20
111.8397485621611
 30
0.0
 70
0
  0
VERTEX
  5
B02
  8
IC_DELIKLER
 10
30.384105689594765
 20
111.99988942721873
 30
0.0
 70
0
  0
VERTEX
  5
B03
  8
IC_DELIKLER
 10
30.478512303858203
 20
112.16056970503527
 30
0.0
 70
0
  0
VERTEX
  5
B04
  8
IC_DELIKLER
 10
30.572109672072962
 20
112.32178422398096
 30
0.0
 70
0
  0
VERTEX
  5
B05
  8
IC_DELIKLER
 10
30.664896029295527
 20
112.48352784515129
 30
0.0
 70
0
  0
VERTEX
  5
B06
  8
IC_DELIKLER
 10
30.756869595088745
 20
112.64579546007363
 30
0.0
 70
0
  0
VERTEX
  5
B07
  8
IC_DELIKLER
 10
30.84802857544861
 20
112.8085819885608
 30
0.0
 70
0
  0
VERTEX
  5
B08
  8
IC_DELIKLER
 10
30.938371164615898
 20
112.97188237670198
 30
0.0
 70
0
  0
VERTEX
  5
B09
  8
IC_DELIKLER
 10
31.02789554678044
 20
113.13569159498013
 30
0.0
 70
0
  0
VERTEX
  5
B0A
  8
IC_DELIKLER
 10
31.11659989768689
 20
113.30000463650725
 30
0.0
 70
0
  0
VERTEX
  5
B0B
  8
IC_DELIKLER
 10
31.204482386148538
 20
113.46481651536939
 30
0.0
 70
0
  0
VERTEX
  5
B0C
  8
IC_DELIKLER
 10
31.29154117547605
 20
113.63012226507314
 30
0.0
 70
0
  0
VERTEX
  5
B0D
  8
IC_DELIKLER
 10
31.37777442482716
 20
113.79591693708727
 30
0.0
 70
0
  0
VERTEX
  5
B0E
  8
IC_DELIKLER
 10
31.463180290483024
 20
113.96219559947252
 30
0.0
 70
0
  0
VERTEX
  5
B0F
  8
IC_DELIKLER
 10
31.54775692705589
 20
114.12895333559442
 30
0.0
 70
0
  0
VERTEX
  5
B10
  8
IC_DELIKLER
 10
31.631502488633384
 20
114.2961852429126
 30
0.0
 70
0
  0
VERTEX
  5
B11
  8
IC_DELIKLER
 10
31.714415129863177
 20
114.46388643184261
 30
0.0
 70
0
  0
VERTEX
  5
B12
  8
IC_DELIKLER
 10
31.796493006982168
 20
114.63205202468501
 30
0.0
 70
0
  0
VERTEX
  5
B13
  8
IC_DELIKLER
 10
31.877734278794
 20
114.80067715461755
 30
0.0
 70
0
  0
VERTEX
  5
B14
  8
IC_DELIKLER
 10
31.95813710759817
 20
114.96975696474672
 30
0.0
 70
0
  0
VERTEX
  5
B15
  8
IC_DELIKLER
 10
32.03769966007351
 20
115.13928660721473
 30
0.0
 70
0
  0
VERTEX
  5
B16
  8
IC_DELIKLER
 10
32.1164201081196
 20
115.3092612423585
 30
0.0
 70
0
  0
VERTEX
  5
B17
  8
IC_DELIKLER
 10
32.1942966296581
 20
115.47967603791795
 30
0.0
 70
0
  0
VERTEX
  5
B18
  8
IC_DELIKLER
 10
32.27132740939675
 20
115.65052616829013
 30
0.0
 70
0
  0
VERTEX
  5
B19
  8
IC_DELIKLER
 10
32.34751063955848
 20
115.82180681382653
 30
0.0
 70
0
  0
VERTEX
  5
B1A
  8
IC_DELIKLER
 10
32.42284452057735
 20
115.99351316017186
 30
0.0
 70
0
  0
VERTEX
  5
B1B
  8
IC_DELIKLER
 10
32.49732726176355
 20
116.16564039764037
 30
0.0
 70
0
  0
VERTEX
  5
B1C
  8
IC_DELIKLER
 10
32.570957081939255
 20
116.33818372062927
 30
0.0
 70
0
  0
VERTEX
  5
B1D
  8
IC_DELIKLER
 10
32.64373221004693
 20
116.51113832706605
 30
0.0
 70
0
  0
VERTEX
  5
B1E
  8
IC_DELIKLER
 10
32.71565088573168
 20
116.68449941788793
 30
0.0
 70
0
  0
VERTEX
  5
B1F
  8
IC_DELIKLER
 10
32.786711359899286
 20
116.85826219655237
 30
0.0
 70
0
  0
VERTEX
  5
B20
  8
IC_DELIKLER
 10
32.856911895250924
 20
117.03242186857588
 30
0.0
 70
0
  0
VERTEX
  5
B21
  8
IC_DELIKLER
 10
32.926250766796194
 20
117.20697364110077
 30
0.0
 70
0
  0
VERTEX
  5
B22
  8
IC_DELIKLER
 10
32.99472626234549
 20
117.38191272248736
 30
0.0
 70
0
  0
VERTEX
  5
B23
  8
IC_DELIKLER
 10
33.062336682982824
 20
117.55723432193088
 30
0.0
 70
0
  0
VERTEX
  5
B24
  8
IC_DELIKLER
 10
33.1290803435201
 20
117.73293364910145
 30
0.0
 70
0
  0
VERTEX
  5
B25
  8
IC_DELIKLER
 10
33.19495557293392
 20
117.90900591380654
 30
0.0
 70
0
  0
VERTEX
  5
B26
  8
IC_DELIKLER
 10
33.2599607147857
 20
118.08544632567373
 30
0.0
 70
0
  0
VERTEX
  5
B27
  8
IC_DELIKLER
 10
33.32409412762602
 20
118.26225009385399
 30
0.0
 70
0
  0
VERTEX
  5
B28
  8
IC_DELIKLER
 10
33.38735418538401
 20
118.43941242674336
 30
0.0
 70
0
  0
VERTEX
  5
B29
  8
IC_DELIKLER
 10
33.44973927774238
 20
118.61692853172272
 30
0.0
 70
0
  0
VERTEX
  5
B2A
  8
IC_DELIKLER
 10
33.511247810499036
 20
118.79479361491468
 30
0.0
 70
0
  0
VERTEX
  5
B2B
  8
IC_DELIKLER
 10
33.57187820591564
 20
118.97300288095687
 30
0.0
 70
0
  0
VERTEX
  5
B2C
  8
IC_DELIKLER
 10
33.631628903054
 20
119.15155153279028
 30
0.0
 70
0
  0
VERTEX
  5
B2D
  8
IC_DELIKLER
 10
33.690498358100626
 20
119.33043477146276
 30
0.0
 70
0
  0
VERTEX
  5
B2E
  8
IC_DELIKLER
 10
33.74848504468021
 20
119.50964779594614
 30
0.0
 70
0
  0
VERTEX
  5
B2F
  8
IC_DELIKLER
 10
33.8055874541584
 20
119.6891858029673
 30
0.0
 70
0
  0
VERTEX
  5
B30
  8
IC_DELIKLER
 10
33.86180409593436
 20
119.86904398685152
 30
0.0
 70
0
  0
VERTEX
  5
B31
  8
IC_DELIKLER
 10
33.917133497723555
 20
120.04921753937805
 30
0.0
 70
0
  0
VERTEX
  5
B32
  8
IC_DELIKLER
 10
33.97157420583134
 20
120.22970164964781
 30
0.0
 70
0
  0
VERTEX
  5
B33
  8
IC_DELIKLER
 10
34.025124785417475
 20
120.4104915039614
 30
0.0
 70
0
  0
VERTEX
  5
B34
  8
IC_DELIKLER
 10
34.07778382075226
 20
120.59158228570865
 30
0.0
 70
0
  0
VERTEX
  5
B35
  8
IC_DELIKLER
 10
34.12954991546427
 20
120.77296917526752
 30
0.0
 70
0
  0
VERTEX
  5
B36
  8
IC_DELIKLER
 10
34.18042169278044
 20
120.95464734991316
 30
0.0
 70
0
  0
VERTEX
  5
B37
  8
IC_DELIKLER
 10
34.23039779575858
 20
121.13661198373617
 30
0.0
 70
0
  0
VERTEX
  5
B38
  8
IC_DELIKLER
 10
34.27947688751236
 20
121.3188582475698
 30
0.0
 70
0
  0
VERTEX
  5
B39
  8
IC_DELIKLER
 10
34.32765765142987
 20
121.50138130892546
 30
0.0
 70
0
  0
VERTEX
  5
B3A
  8
IC_DELIKLER
 10
34.37493879138492
 20
121.68417633193664
 30
0.0
 70
0
  0
VERTEX
  5
B3B
  8
IC_DELIKLER
 10
34.42131903194236
 20
121.86723847731051
 30
0.0
 70
0
  0
VERTEX
  5
B3C
  8
IC_DELIKLER
 10
34.46679711855684
 20
122.05056290228691
 30
0.0
 70
0
  0
VERTEX
  5
B3D
  8
IC_DELIKLER
 10
34.51137181776578
 20
122.23414476060486
 30
0.0
 70
0
  0
VERTEX
  5
B3E
  8
IC_DELIKLER
 10
34.55504191737661
 20
122.41797920247566
 30
0.0
 70
0
  0
VERTEX
  5
B3F
  8
IC_DELIKLER
 10
34.59780622664831
 20
122.6020613745626
 30
0.0
 70
0
  0
VERTEX
  5
B40
  8
IC_DELIKLER
 10
34.639663576467555
 20
122.7863864199671
 30
0.0
 70
0
  0
VERTEX
  5
B41
  8
IC_DELIKLER
 10
34.68061281951991
 20
122.97094947822112
 30
0.0
 70
0
  0
VERTEX
  5
B42
  8
IC_DELIKLER
 10
34.72065283045566
 20
123.15574568528493
 30
0.0
 70
0
  0
VERTEX
  5
B43
  8
IC_DELIKLER
 10
34.75978250605111
 20
123.34077017355108
 30
0.0
 70
0
  0
VERTEX
  5
B44
  8
IC_DELIKLER
 10
34.798000765364876
 20
123.52601807185317
 30
0.0
 70
0
  0
VERTEX
  5
B45
  8
IC_DELIKLER
 10
34.835306549889864
 20
123.7114845054804
 30
0.0
 70
0
  0
VERTEX
  5
B46
  8
IC_DELIKLER
 10
34.87169882370072
 20
123.89716459619655
 30
0.0
 70
0
  0
VERTEX
  5
B47
  8
IC_DELIKLER
 10
34.90717657359694
 20
124.08305346226416
 30
0.0
 70
0
  0
VERTEX
  5
B48
  8
IC_DELIKLER
 10
34.94173880924192
 20
124.26914621847311
 30
0.0
 70
0
  0
VERTEX
  5
B49
  8
IC_DELIKLER
 10
34.97538456329791
 20
124.45543797617358
 30
0.0
 70
0
  0
VERTEX
  5
B4A
  8
IC_DELIKLER
 10
35.00811289155699
 20
124.64192384331349
 30
0.0
 70
0
  0
VERTEX
  5
B4B
  8
IC_DELIKLER
 10
35.03992287306844
 20
124.82859892447985
 30
0.0
 70
0
  0
VERTEX
  5
B4C
  8
IC_DELIKLER
 10
35.07081361026195
 20
125.01545832094402
 30
0.0
 70
0
  0
VERTEX
  5
B4D
  8
IC_DELIKLER
 10
35.100784229067756
 20
125.20249713071101
 30
0.0
 70
0
  0
VERTEX
  5
B4E
  8
IC_DELIKLER
 10
35.12983387903277
 20
125.38971044857203
 30
0.0
 70
0
  0
VERTEX
  5
B4F
  8
IC_DELIKLER
 10
35.1579617334336
 20
125.57709336616102
 30
0.0
 70
0
  0
VERTEX
  5
B50
  8
IC_DELIKLER
 10
35.18516698938593
 20
125.76464097201426
 30
0.0
 70
0
  0
VERTEX
  5
B51
  8
IC_DELIKLER
 10
35.2114488679509
 20
125.9523483516331
 30
0.0
 70
0
  0
VERTEX
  5
B52
  8
IC_DELIKLER
 10
35.23680661423807
 20
126.14021058755026
 30
0.0
 70
0
  0
VERTEX
  5
B53
  8
IC_DELIKLER
 10
35.26123949750534
 20
126.32822275939884
 30
0.0
 70
0
  0
VERTEX
  5
B54
  8
IC_DELIKLER
 10
35.28474681125586
 20
126.51637994398419
 30
0.0
 70
0
  0
VERTEX
  5
B55
  8
IC_DELIKLER
 10
35.30732787333172
 20
126.7046772153588
 30
0.0
 70
0
  0
VERTEX
  5
B56
  8
IC_DELIKLER
 10
35.328982026005065
 20
126.89310964489968
 30
0.0
 70
0
  0
VERTEX
  5
B57
  8
IC_DELIKLER
 10
35.34970863606598
 20
127.08167230138835
 30
0.0
 70
0
  0
VERTEX
  5
B58
  8
IC_DELIKLER
 10
35.369507094907796
 20
127.2703602510935
 30
0.0
 70
0
  0
VERTEX
  5
B59
  8
IC_DELIKLER
 10
35.38837681860956
 20
127.45916855785586
 30
0.0
 70
0
  0
VERTEX
  5
B5A
  8
IC_DELIKLER
 10
35.40631724801575
 20
127.64809228317534
 30
0.0
 70
0
  0
VERTEX
  5
B5B
  8
IC_DELIKLER
 10
35.42332784881339
 20
127.83712648630049
 30
0.0
 70
0
  0
VERTEX
  5
B5C
  8
IC_DELIKLER
 10
35.43940811160648
 20
128.02626622432027
 30
0.0
 70
0
  0
VERTEX
  5
B5D
  8
IC_DELIKLER
 10
35.45455755198808
 20
128.21550655225735
 30
0.0
 70
0
  0
VERTEX
  5
B5E
  8
IC_DELIKLER
 10
35.46877571060943
 20
128.40484252316406
 30
0.0
 70
0
  0
VERTEX
  5
B5F
  8
IC_DELIKLER
 10
35.4820621532471
 20
128.59426918821947
 30
0.0
 70
0
  0
VERTEX
  5
B60
  8
IC_DELIKLER
 10
35.49441647086733
 20
128.78378159682902
 30
0.0
 70
0
  0
VERTEX
  5
B61
  8
IC_DELIKLER
 10
35.50583827968815
 20
128.97337479672544
 30
0.0
 70
0
  0
VERTEX
  5
B62
  8
IC_DELIKLER
 10
35.516327221238974
 20
129.1630438340715
 30
0.0
 70
0
  0
VERTEX
  5
B63
  8
IC_DELIKLER
 10
35.52588296241809
 20
129.3527837535642
 30
0.0
 70
0
  0
VERTEX
  5
B64
  8
IC_DELIKLER
 10
35.5345051955476
 20
129.54258959854084
 30
0.0
 70
0
  0
VERTEX
  5
B65
  8
IC_DELIKLER
 10
35.54219363842625
 20
129.73245641108625
 30
0.0
 70
0
  0
VERTEX
  5
B66
  8
IC_DELIKLER
 10
35.54894803437996
 20
129.92237923214154
 30
0.0
 70
0
  0
VERTEX
  5
B67
  8
IC_DELIKLER
 10
35.55476815231019
 20
130.11235310161425
 30
0.0
 70
0
  0
VERTEX
  5
B68
  8
IC_DELIKLER
 10
35.559653786740014
 20
130.30237305848965
 30
0.0
 70
0
  0
VERTEX
  5
B69
  8
IC_DELIKLER
 10
35.56360475785817
 20
130.49243414094352
 30
0.0
 70
0
  0
VERTEX
  5
B6A
  8
IC_DELIKLER
 10
35.566620911560925
 20
130.68253138645576
 30
0.0
 70
0
  0
VERTEX
  5
B6B
  8
IC_DELIKLER
 10
35.56870211949176
 20
130.87265983192555
 30
0.0
 70
0
  0
VERTEX
  5
B6C
  8
IC_DELIKLER
 10
35.56984827907909
 20
131.0628145137871
 30
0.0
 70
0
  0
VERTEX
  5
B6D
  8
IC_DELIKLER
 10
35.57005931357186
 20
131.25299046812682
 30
0.0
 70
0
  0
VERTEX
  5
B6E
  8
IC_DELIKLER
 10
35.56933517207309
 20
131.44318273080125
 30
0.0
 70
0
  0
VERTEX
  5
B6F
  8
IC_DELIKLER
 10
35.56767582957141
 20
131.63338633755592
 30
0.0
 70
0
  0
VERTEX
  5
B70
  8
IC_DELIKLER
 10
35.565081286970646
 20
131.82359632414506
 30
0.0
 70
0
  0
VERTEX
  5
B71
  8
IC_DELIKLER
 10
35.561551571117306
 20
132.01380772645226
 30
0.0
 70
0
  0
VERTEX
  5
B72
  8
IC_DELIKLER
 10
35.55708673482623
 20
132.20401558061167
 30
0.0
 70
0
  0
VERTEX
  5
B73
  8
IC_DELIKLER
 10
35.551686856904155
 20
132.39421492313014
 30
0.0
 70
0
  0
VERTEX
  5
B74
  8
IC_DELIKLER
 10
35.545352042171565
 20
132.58440079100984
 30
0.0
 70
0
  0
VERTEX
  5
B75
  8
IC_DELIKLER
 10
35.538082421482294
 20
132.7745682218717
 30
0.0
 70
0
  0
VERTEX
  5
B76
  8
IC_DELIKLER
 10
35.52987815174163
 20
132.96471225407925
 30
0.0
 70
0
  0
VERTEX
  5
B77
  8
IC_DELIKLER
 10
35.52073941592208
 20
133.15482792686302
 30
0.0
 70
0
  0
VERTEX
  5
B78
  8
IC_DELIKLER
 10
35.510666423077716
 20
133.34491028044576
 30
0.0
 70
0
  0
VERTEX
  5
B79
  8
IC_DELIKLER
 10
35.49965940835633
 20
133.5349543561675
 30
0.0
 70
0
  0
VERTEX
  5
B7A
  8
IC_DELIKLER
 10
35.48771863300989
 20
133.7249551966116
 30
0.0
 70
0
  0
VERTEX
  5
B7B
  8
IC_DELIKLER
 10
35.47484438440307
 20
133.91490784573085
 30
0.0
 70
0
  0
VERTEX
  5
B7C
  8
IC_DELIKLER
 10
35.46103697602009
 20
134.10480734897402
 30
0.0
 70
0
  0
VERTEX
  5
B7D
  8
IC_DELIKLER
 10
35.44629674746962
 20
134.2946487534126
 30
0.0
 70
0
  0
VERTEX
  5
B7E
  8
IC_DELIKLER
 10
35.430624064487894
 20
134.4844271078679
 30
0.0
 70
0
  0
VERTEX
  5
B7F
  8
IC_DELIKLER
 10
35.41401931894006
 20
134.67413746303822
 30
0.0
 70
0
  0
VERTEX
  5
B80
  8
IC_DELIKLER
 10
35.39648292881979
 20
134.8637748716264
 30
0.0
 70
0
  0
VERTEX
  5
B81
  8
IC_DELIKLER
 10
35.37801533824701
 20
135.05333438846722
 30
0.0
 70
0
  0
VERTEX
  5
B82
  8
IC_DELIKLER
 10
35.35861701746389
 20
135.24281107065508
 30
0.0
 70
0
  0
VERTEX
  5
B83
  8
IC_DELIKLER
 10
35.33828846282919
 20
135.4321999776718
 30
0.0
 70
0
  0
VERTEX
  5
B84
  8
IC_DELIKLER
 10
35.31703019681062
 20
135.62149617151394
 30
0.0
 70
0
  0
VERTEX
  5
B85
  8
IC_DELIKLER
 10
35.294842767975695
 20
135.81069471682093
 30
0.0
 70
0
  0
VERTEX
  5
B86
  8
IC_DELIKLER
 10
35.27172675098075
 20
135.99979068100237
 30
0.0
 70
0
  0
VERTEX
  5
B87
  8
IC_DELIKLER
 10
35.24768274655808
 20
136.18877913436543
 30
0.0
 70
0
  0
VERTEX
  5
B88
  8
IC_DELIKLER
 10
35.22271138150169
 20
136.3776551502424
 30
0.0
 70
0
  0
VERTEX
  5
B89
  8
IC_DELIKLER
 10
35.19681330865095
 20
136.56641380511772
 30
0.0
 70
0
  0
VERTEX
  5
B8A
  8
IC_DELIKLER
 10
35.169989206872756
 20
136.755050178755
 30
0.0
 70
0
  0
VERTEX
  5
B8B
  8
IC_DELIKLER
 10
35.14223978104199
 20
136.9435593543235
 30
0.0
 70
0
  0
VERTEX
  5
B8C
  8
IC_DELIKLER
 10
35.11356576202007
 20
137.13193641852465
 30
0.0
 70
0
  0
VERTEX
  5
B8D
  8
IC_DELIKLER
 10
35.08396790663206
 20
137.32017646171798
 30
0.0
 70
0
  0
VERTEX
  5
B8E
  8
IC_DELIKLER
 10
35.05344699764182
 20
137.50827457804684
 30
0.0
 70
0
  0
VERTEX
  5
B8F
  8
IC_DELIKLER
 10
35.02200384372569
 20
137.69622586556358
 30
0.0
 70
0
  0
VERTEX
  5
B90
  8
IC_DELIKLER
 10
34.98963927944435
 20
137.88402542635424
 30
0.0
 70
0
  0
VERTEX
  5
B91
  8
IC_DELIKLER
 10
34.956354165212886
 20
138.071668366663
 30
0.0
 70
0
  0
VERTEX
  5
B92
  8
IC_DELIKLER
 10
34.922149387269464
 20
138.2591497970157
 30
0.0
 70
0
  0
VERTEX
  5
B93
  8
IC_DELIKLER
 10
34.88702585764197
 20
138.44646483234325
 30
0.0
 70
0
  0
VERTEX
  5
B94
  8
IC_DELIKLER
 10
34.850984514113236
 20
138.63360859210385
 30
0.0
 70
0
  0
VERTEX
  5
B95
  8
IC_DELIKLER
 10
34.8140263201844
 20
138.82057620040513
 30
0.0
 70
0
  0
VERTEX
  5
B96
  8
IC_DELIKLER
 10
34.77615226503663
 20
139.00736278612516
 30
0.0
 70
0
  0
VERTEX
  5
B97
  8
IC_DELIKLER
 10
34.73736336349119
 20
139.19396348303297
 30
0.0
 70
0
  0
VERTEX
  5
B98
  8
IC_DELIKLER
 10
34.69766065596782
 20
139.3803734299082
 30
0.0
 70
0
  0
VERTEX
  5
B99
  8
IC_DELIKLER
 10
34.657045208441296
 20
139.56658777065985
 30
0.0
 70
0
  0
VERTEX
  5
B9A
  8
IC_DELIKLER
 10
34.61551811239656
 20
139.7526016544442
 30
0.0
 70
0
  0
VERTEX
  5
B9B
  8
IC_DELIKLER
 10
34.573080484781784
 20
139.93841023578196
 30
0.0
 70
0
  0
VERTEX
  5
B9C
  8
IC_DELIKLER
 10
34.529733467960135
 20
140.12400867467426
 30
0.0
 70
0
  0
VERTEX
  5
B9D
  8
IC_DELIKLER
 10
34.48547822965958
 20
140.30939213671755
 30
0.0
 70
0
  0
VERTEX
  5
B9E
  8
IC_DELIKLER
 10
34.44031596292101
 20
140.49455579321793
 30
0.0
 70
0
  0
VERTEX
  5
B9F
  8
IC_DELIKLER
 10
34.39424788604482
 20
140.6794948213037
 30
0.0
 70
0
  0
VERTEX
  5
BA0
  8
IC_DELIKLER
 10
34.34727524253559
 20
140.8642044040373
 30
0.0
 70
0
  0
VERTEX
  5
BA1
  8
IC_DELIKLER
 10
34.29939930104514
 20
141.04867973052586
 30
0.0
 70
0
  0
VERTEX
  5
BA2
  8
IC_DELIKLER
 10
34.25062135531382
 20
141.23291599603024
 30
0.0
 70
0
  0
VERTEX
  5
BA3
  8
IC_DELIKLER
 10
34.20094272411025
 20
141.41690840207332
 30
0.0
 70
0
  0
VERTEX
  5
BA4
  8
IC_DELIKLER
 10
34.15036475116898
 20
141.60065215654646
 30
0.0
 70
0
  0
VERTEX
  5
BA5
  8
IC_DELIKLER
 10
34.098888805126805
 20
141.7841424738147
 30
0.0
 70
0
  0
VERTEX
  5
BA6
  8
IC_DELIKLER
 10
34.046516279457
 20
141.96737457482064
 30
0.0
 70
0
  0
VERTEX
  5
BA7
  8
IC_DELIKLER
 10
33.99324859240202
 20
142.1503436871865
 30
0.0
 70
0
  0
VERTEX
  5
BA8
  8
IC_DELIKLER
 10
33.93908718690435
 20
142.33304504531483
 30
0.0
 70
0
  0
VERTEX
  5
BA9
  8
IC_DELIKLER
 10
33.884033530535575
 20
142.51547389048758
 30
0.0
 70
0
  0
VERTEX
  5
BAA
  8
IC_DELIKLER
 10
33.828089115423666
 20
142.69762547096335
 30
0.0
 70
0
  0
VERTEX
  5
BAB
  8
IC_DELIKLER
 10
33.77125545817855
 20
142.87949504207285
 30
0.0
 70
0
  0
VERTEX
  5
BAC
  8
IC_DELIKLER
 10
33.71353409981575
 20
143.06107786631281
 30
0.0
 70
0
  0
VERTEX
  5
BAD
  8
IC_DELIKLER
 10
33.65492660567827
 20
143.24236921343763
 30
0.0
 70
0
  0
VERTEX
  5
BAE
  8
IC_DELIKLER
 10
33.595434565356676
 20
143.42336436054933
 30
0.0
 70
0
  0
VERTEX
  5
BAF
  8
IC_DELIKLER
 10
33.535059592607226
 20
143.6040585921853
 30
0.0
 70
0
  0
VERTEX
  5
BB0
  8
IC_DELIKLER
 10
33.473803325268285
 20
143.78444720040417
 30
0.0
 70
0
  0
VERTEX
  5
BB1
  8
IC_DELIKLER
 10
33.41166742517477
 20
143.96452548486914
 30
0.0
 70
0
  0
VERTEX
  5
BB2
  8
IC_DELIKLER
 10
33.34865357807065
 20
144.14428875292947
 30
0.0
 70
0
  0
VERTEX
  5
BB3
  8
IC_DELIKLER
 10
33.284763493519655
 20
144.32373231969936
 30
0.0
 70
0
  0
VERTEX
  5
BB4
  8
IC_DELIKLER
 10
33.21999890481393
 20
144.5028515081345
 30
0.0
 70
0
  0
VERTEX
  5
BB5
  8
IC_DELIKLER
 10
33.15436156888088
 20
144.68164164910607
 30
0.0
 70
0
  0
VERTEX
  5
BB6
  8
IC_DELIKLER
 10
33.087853266187814
 20
144.86009808147222
 30
0.0
 70
0
  0
VERTEX
  5
BB7
  8
IC_DELIKLER
 10
33.02047580064483
 20
145.0382161521469
 30
0.0
 70
0
  0
VERTEX
  5
BB8
  8
IC_DELIKLER
 10
32.952230999505545
 20
145.2159912161658
 30
0.0
 70
0
  0
VERTEX
  5
BB9
  8
IC_DELIKLER
 10
32.88312071326577
 20
145.39341863674954
 30
0.0
 70
0
  0
VERTEX
  5
BBA
  8
IC_DELIKLER
 10
32.81314681556013
 20
145.57049378536368
 30
0.0
 70
0
  0
VERTEX
  5
BBB
  8
IC_DELIKLER
 10
32.74231120305659
 20
145.74721204177612
 30
0.0
 70
0
  0
VERTEX
  5
BBC
  8
IC_DELIKLER
 10
32.67061579534881
 20
145.92356879411074
 30
0.0
 70
0
  0
VERTEX
  5
BBD
  8
IC_DELIKLER
 10
32.59806253484637
 20
146.09955943889807
 30
0.0
 70
0
  0
VERTEX
  5
BBE
  8
IC_DELIKLER
 10
32.52465338666276
 20
146.27517938112254
 30
0.0
 70
0
  0
VERTEX
  5
BBF
  8
IC_DELIKLER
 10
32.450390338501066
 20
146.4504240342663
 30
0.0
 70
0
  0
VERTEX
  5
BC0
  8
IC_DELIKLER
 10
32.375275400537475
 20
146.62528882034894
 30
0.0
 70
0
  0
VERTEX
  5
BC1
  8
IC_DELIKLER
 10
32.299310605302516
 20
146.799769169964
 30
0.0
 70
0
  0
VERTEX
  5
BC2
  8
IC_DELIKLER
 10
32.2224980075596
 20
146.9738605223112
 30
0.0
 70
0
  0
VERTEX
  5
BC3
  8
IC_DELIKLER
 10
32.144839684181626
 20
147.1475583252246
 30
0.0
 70
0
  0
VERTEX
  5
BC4
  8
IC_DELIKLER
 10
32.06633773402473
 20
147.32085803519678
 30
0.0
 70
0
  0
VERTEX
  5
BC5
  8
IC_DELIKLER
 10
31.98699427779968
 20
147.49375511739848
 30
0.0
 70
0
  0
VERTEX
  5
BC6
  8
IC_DELIKLER
 10
31.906811457940798
 20
147.66624504569364
 30
0.0
 70
0
  0
VERTEX
  5
BC7
  8
IC_DELIKLER
 10
31.82579143847205
 20
147.83832330265005
 30
0.0
 70
0
  0
VERTEX
  5
BC8
  8
IC_DELIKLER
 10
31.743936404870635
 20
148.00998537954473
 30
0.0
 70
0
  0
VERTEX
  5
BC9
  8
IC_DELIKLER
 10
31.661248563927654
 20
148.18122677636475
 30
0.0
 70
0
  0
VERTEX
  5
BCA
  8
IC_DELIKLER
 10
31.577730143606196
 20
148.35204300180214
 30
0.0
 70
0
  0
VERTEX
  5
BCB
  8
IC_DELIKLER
 10
31.493383392896295
 20
148.5224295732442
 30
0.0
 70
0
  0
VERTEX
  5
BCC
  8
IC_DELIKLER
 10
31.40821058166707
 20
148.69238201675736
 30
0.0
 70
0
  0
VERTEX
  5
BCD
  8
IC_DELIKLER
 10
31.322214000515828
 20
148.8618958670657
 30
0.0
 70
0
  0
VERTEX
  5
BCE
  8
IC_DELIKLER
 10
31.235395960613914
 20
149.03096666752324
 30
0.0
 70
0
  0
VERTEX
  5
BCF
  8
IC_DELIKLER
 10
31.147758793549542
 20
149.19958997007967
 30
0.0
 70
0
  0
VERTEX
  5
BD0
  8
IC_DELIKLER
 10
31.05930485116711
 20
149.36776133524
 30
0.0
 70
0
  0
VERTEX
  5
BD1
  8
IC_DELIKLER
 10
30.97003650540329
 20
149.5354763320167
 30
0.0
 70
0
  0
VERTEX
  5
BD2
  8
IC_DELIKLER
 10
30.879956148119412
 20
149.70273053787554
 30
0.0
 70
0
  0
VERTEX
  5
BD3
  8
IC_DELIKLER
 10
30.789066190930487
 20
149.86951953867305
 30
0.0
 70
0
  0
VERTEX
  5
BD4
  8
IC_DELIKLER
 10
30.69736906503016
 20
150.03583892858714
 30
0.0
 70
0
  0
VERTEX
  5
BD5
  8
IC_DELIKLER
 10
30.604867221012125
 20
150.20168431003927
 30
0.0
 70
0
  0
VERTEX
  5
BD6
  8
IC_DELIKLER
 10
30.51156312868717
 20
150.3670512936082
 30
0.0
 70
0
  0
VERTEX
  5
BD7
  8
IC_DELIKLER
 10
30.417459276896523
 20
150.53193549793528
 30
0.0
 70
0
  0
VERTEX
  5
BD8
  8
IC_DELIKLER
 10
30.322558173320466
 20
150.69633254962042
 30
0.0
 70
0
  0
VERTEX
  5
BD9
  8
IC_DELIKLER
 10
30.226862344282825
 20
150.8602380831087
 30
0.0
 70
0
  0
VERTEX
  5
BDA
  8
IC_DELIKLER
 10
30.13037433455056
 20
151.02364774056707
 30
0.0
 70
0
  0
VERTEX
  5
BDB
  8
IC_DELIKLER
 10
30.033096707128927
 20
151.18655717175085
 30
0.0
 70
0
  0
VERTEX
  5
BDC
  8
IC_DELIKLER
 10
29.93503204305123
 20
151.348962033859
 30
0.0
 70
0
  0
VERTEX
  5
BDD
  8
IC_DELIKLER
 10
29.836182941163667
 20
151.5108579913789
 30
0.0
 70
0
  0
VERTEX
  5
BDE
  8
IC_DELIKLER
 10
29.73655201790475
 20
151.67224071591855
 30
0.0
 70
0
  0
VERTEX
  5
BDF
  8
IC_DELIKLER
 10
29.636141907078944
 20
151.83310588602706
 30
0.0
 70
0
  0
VERTEX
  5
BE0
  8
IC_DELIKLER
 10
29.53495525962462
 20
151.99344918700197
 30
0.0
 70
0
  0
VERTEX
  5
BE1
  8
IC_DELIKLER
 10
29.43299474337575
 20
152.1532663106832
 30
0.0
 70
0
  0
VERTEX
  5
BE2
  8
IC_DELIKLER
 10
29.33026304281726
 20
152.3125529552329
 30
0.0
 70
0
  0
VERTEX
  5
BE3
  8
IC_DELIKLER
 10
29.226762858833705
 20
152.47130482490041
 30
0.0
 70
0
  0
VERTEX
  5
BE4
  8
IC_DELIKLER
 10
29.12249690845092
 20
152.62951762977212
 30
0.0
 70
0
  0
VERTEX
  5
BE5
  8
IC_DELIKLER
 10
29.017467924570372
 20
152.78718708550437
 30
0.0
 70
0
  0
VERTEX
  5
BE6
  8
IC_DELIKLER
 10
28.91167865569573
 20
152.94430891304017
 30
0.0
 70
0
  0
VERTEX
  5
BE7
  8
IC_DELIKLER
 10
28.805131865651628
 20
153.1008788383073
 30
0.0
 70
0
  0
VERTEX
  5
BE8
  8
IC_DELIKLER
 10
28.697830333293645
 20
153.25689259189824
 30
0.0
 70
0
  0
VERTEX
  5
BE9
  8
IC_DELIKLER
 10
28.589776852209717
 20
153.4123459087299
 30
0.0
 70
0
  0
VERTEX
  5
BEA
  8
IC_DELIKLER
 10
28.48097423041197
 20
153.56723452768284
 30
0.0
 70
0
  0
VERTEX
  5
BEB
  8
IC_DELIKLER
 10
28.37142529001894
 20
153.7215541912187
 30
0.0
 70
0
  0
VERTEX
  5
BEC
  8
IC_DELIKLER
 10
28.26113286692729
 20
153.87530064497443
 30
0.0
 70
0
  0
VERTEX
  5
BED
  8
IC_DELIKLER
 10
28.150099810472703
 20
154.02846963733265
 30
0.0
 70
0
  0
VERTEX
  5
BEE
  8
IC_DELIKLER
 10
28.03832898307935
 20
154.1810569189661
 30
0.0
 70
0
  0
VERTEX
  5
BEF
  8
IC_DELIKLER
 10
27.925823259897037
 20
154.33305824235586
 30
0.0
 70
0
  0
VERTEX
  5
BF0
  8
IC_DELIKLER
 10
27.81258552842586
 20
154.48446936128033
 30
0.0
 70
0
  0
VERTEX
  5
BF1
  8
IC_DELIKLER
 10
27.698618688126896
 20
154.6352860302752
 30
0.0
 70
0
  0
VERTEX
  5
BF2
  8
IC_DELIKLER
 10
27.583925650019022
 20
154.78550400406098
 30
0.0
 70
0
  0
VERTEX
  5
BF3
  8
IC_DELIKLER
 10
27.468509336260137
 20
154.93511903693764
 30
0.0
 70
0
  0
VERTEX
  5
BF4
  8
IC_DELIKLER
 10
27.352372679712676
 20
155.08412688214372
 30
0.0
 70
0
  0
VERTEX
  5
BF5
  8
IC_DELIKLER
 10
27.23551862349177
 20
155.23252329117798
 30
0.0
 70
0
  0
VERTEX
  5
BF6
  8
IC_DELIKLER
 10
27.11795012049554
 20
155.38030401308143
 30
0.0
 70
0
  0
VERTEX
  5
BF7
  8
IC_DELIKLER
 10
26.999670132916027
 20
155.52746479367715
 30
0.0
 70
0
  0
VERTEX
  5
BF8
  8
IC_DELIKLER
 10
26.880681631729647
 20
155.67400137476614
 30
0.0
 70
0
  0
VERTEX
  5
BF9
  8
IC_DELIKLER
 10
26.76098759616614
 20
155.819909493275
 30
0.0
 70
0
  0
VERTEX
  5
BFA
  8
IC_DELIKLER
 10
26.640591013153927
 20
155.96518488035403
 30
0.0
 70
0
  0
VERTEX
  5
BFB
  8
IC_DELIKLER
 10
26.51949487674126
 20
156.10982326042176
 30
0.0
 70
0
  0
VERTEX
  5
BFC
  8
IC_DELIKLER
 10
26.397702187490587
 20
156.25382035015235
 30
0.0
 70
0
  0
VERTEX
  5
BFD
  8
IC_DELIKLER
 10
26.275215951845087
 20
156.39717185740284
 30
0.0
 70
0
  0
VERTEX
  5
BFE
  8
IC_DELIKLER
 10
26.152039181465
 20
156.53987348007587
 30
0.0
 70
0
  0
VERTEX
  5
BFF
  8
IC_DELIKLER
 10
26.028174892531773
 20
156.68192090491334
 30
0.0
 70
0
  0
VERTEX
  5
C00
  8
IC_DELIKLER
 10
25.903626105017963
 20
156.8233098062172
 30
0.0
 70
0
  0
VERTEX
  5
C01
  8
IC_DELIKLER
 10
25.778395841919917
 20
156.96403584449143
 30
0.0
 70
0
  0
VERTEX
  5
C02
  8
IC_DELIKLER
 10
25.65248712845123
 20
157.10409466500036
 30
0.0
 70
0
  0
VERTEX
  5
C03
  8
IC_DELIKLER
 10
25.52590299119338
 20
157.24348189623743
 30
0.0
 70
0
  0
VERTEX
  5
C04
  8
IC_DELIKLER
 10
25.39864645720096
 20
157.38219314829757
 30
0.0
 70
0
  0
VERTEX
  5
C05
  8
IC_DELIKLER
 10
25.270720553057572
 20
157.52022401114715
 30
0.0
 70
0
  0
VERTEX
  5
C06
  8
IC_DELIKLER
 10
25.14212830387894
 20
157.65757005278277
 30
0.0
 70
0
  0
VERTEX
  5
C07
  8
IC_DELIKLER
 10
25.012872732258938
 20
157.79422681727175
 30
0.0
 70
0
  0
VERTEX
  5
C08
  8
IC_DELIKLER
 10
24.882956857154046
 20
157.93018982266503
 30
0.0
 70
0
  0
VERTEX
  5
C09
  8
IC_DELIKLER
 10
24.752383692701358
 20
158.06545455877222
 30
0.0
 70
0
  0
VERTEX
  5
C0A
  8
IC_DELIKLER
 10
24.6211562469647
 20
158.20001648478916
 30
0.0
 70
0
  0
VERTEX
  5
C0B
  8
IC_DELIKLER
 10
24.489277520602865
 20
158.33387102676537
 30
0.0
 70
0
  0
VERTEX
  5
C0C
  8
IC_DELIKLER
 10
24.356750505453455
 20
158.4670135748991
 30
0.0
 70
0
  0
VERTEX
  5
C0D
  8
IC_DELIKLER
 10
24.223578183025232
 20
158.59943948064614
 30
0.0
 70
0
  0
VERTEX
  5
C0E
  8
IC_DELIKLER
 10
24.089763522890905
 20
158.73114405362637
 30
0.0
 70
0
  0
VERTEX
  5
C0F
  8
IC_DELIKLER
 10
23.9553094809718
 20
158.8621225583119
 30
0.0
 70
0
  0
VERTEX
  5
C10
  8
IC_DELIKLER
 10
23.8202189977045
 20
158.99237021047762
 30
0.0
 70
0
  0
VERTEX
  5
C11
  8
IC_DELIKLER
 10
23.684494996079025
 20
159.12188217339377
 30
0.0
 70
0
  0
VERTEX
  5
C12
  8
IC_DELIKLER
 10
23.548140379536665
 20
159.25065355373798
 30
0.0
 70
0
  0
VERTEX
  5
C13
  8
IC_DELIKLER
 10
23.41115802971409
 20
159.37867939720144
 30
0.0
 70
0
  0
VERTEX
  5
C14
  8
IC_DELIKLER
 10
23.273550804019475
 20
159.50595468376133
 30
0.0
 70
0
  0
VERTEX
  5
C15
  8
IC_DELIKLER
 10
23.135321533023944
 20
159.63247432258905
 30
0.0
 70
0
  0
VERTEX
  5
C16
  8
IC_DELIKLER
 10
22.99647301765075
 20
159.75823314655906
 30
0.0
 70
0
  0
VERTEX
  5
C17
  8
IC_DELIKLER
 10
22.85700802614108
 20
159.88322590632086
 30
0.0
 70
0
  0
VERTEX
  5
C18
  8
IC_DELIKLER
 10
22.716929290774647
 20
160.00744726389067
 30
0.0
 70
0
  0
VERTEX
  5
C19
  8
IC_DELIKLER
 10
22.576239504318814
 20
160.1308917857155
 30
0.0
 70
0
  0
VERTEX
  5
C1A
  8
IC_DELIKLER
 10
22.434941316178005
 20
160.25355393515565
 30
0.0
 70
0
  0
VERTEX
  5
C1B
  8
IC_DELIKLER
 10
22.293037328211007
 20
160.37542806432552
 30
0.0
 70
0
  0
VERTEX
  5
C1C
  8
IC_DELIKLER
 10
22.150530090179494
 20
160.49650840522514
 30
0.0
 70
0
  0
VERTEX
  5
C1D
  8
IC_DELIKLER
 10
22.007422094786943
 20
160.61678906008572
 30
0.0
 70
0
  0
VERTEX
  5
C1E
  8
IC_DELIKLER
 10
21.863715772260434
 20
160.73626399084318
 30
0.0
 70
0
  0
VERTEX
  5
C1F
  8
IC_DELIKLER
 10
21.719413484423068
 20
160.85492700764124
 30
0.0
 70
0
  0
VERTEX
  5
C20
  8
IC_DELIKLER
 10
21.574517518195364
 20
160.97277175625328
 30
0.0
 70
0
  0
VERTEX
  5
C21
  8
IC_DELIKLER
 10
21.429030078457107
 20
161.0897917042959
 30
0.0
 70
0
  0
VERTEX
  5
C22
  8
IC_DELIKLER
 10
21.28295328018985
 20
161.2059801260895
 30
0.0
 70
0
  0
VERTEX
  5
C23
  8
IC_DELIKLER
 10
21.136289139808753
 20
161.321330086
 30
0.0
 70
0
  0
VERTEX
  5
C24
  8
IC_DELIKLER
 10
20.98903956557914
 20
161.4358344200711
 30
0.0
 70
0
  0
VERTEX
  5
C25
  8
IC_DELIKLER
 10
20.841206346995204
 20
161.54948571572737
 30
0.0
 70
0
  0
VERTEX
  5
C26
  8
IC_DELIKLER
 10
20.692791142981083
 20
161.66227628929423
 30
0.0
 70
0
  0
VERTEX
  5
C27
  8
IC_DELIKLER
 10
20.543795468748975
 20
161.77419816104026
 30
0.0
 70
0
  0
VERTEX
  5
C28
  8
IC_DELIKLER
 10
20.394220681123592
 20
161.8852430273982
 30
0.0
 70
0
  0
VERTEX
  5
C29
  8
IC_DELIKLER
 10
20.24406796210742
 20
161.9954022299644
 30
0.0
 70
0
  0
VERTEX
  5
C2A
  8
IC_DELIKLER
 10
20.093338300423216
 20
162.10466672080543
 30
0.0
 70
0
  0
VERTEX
  5
C2B
  8
IC_DELIKLER
 10
19.94203247072005
 20
162.21302702351775
 30
0.0
 70
0
  0
VERTEX
  5
C2C
  8
IC_DELIKLER
 10
19.790151010073068
 20
162.32047318938453
 30
0.0
 70
0
  0
VERTEX
  5
C2D
  8
IC_DELIKLER
 10
19.63769419133373
 20
162.42699474784936
 30
0.0
 70
0
  0
VERTEX
  5
C2E
  8
IC_DELIKLER
 10
19.484661992800945
 20
162.53258065037556
 30
0.0
 70
0
  0
VERTEX
  5
C2F
  8
IC_DELIKLER
 10
19.33105406357445
 20
162.63721920657233
 30
0.0
 70
0
  0
VERTEX
  5
C30
  8
IC_DELIKLER
 10
19.176869683817735
 20
162.7408980112371
 30
0.0
 70
0
  0
VERTEX
  5
C31
  8
IC_DELIKLER
 10
19.022107718988615
 20
162.8436038606751
 30
0.0
 70
0
  0
VERTEX
  5
C32
  8
IC_DELIKLER
 10
18.866766566884337
 20
162.94532265629175
 30
0.0
 70
0
  0
VERTEX
  5
C33
  8
IC_DELIKLER
 10
18.710844096077654
 20
163.04603929299606
 30
0.0
 70
0
  0
VERTEX
  5
C34
  8
IC_DELIKLER
 10
18.55433757397693
 20
163.14573752936334
 30
0.0
 70
0
  0
VERTEX
  5
C35
  8
IC_DELIKLER
 10
18.397243582298596
 20
163.24439983575274
 30
0.0
 70
0
  0
VERTEX
  5
C36
  8
IC_DELIKLER
 10
18.239557917161743
 20
163.34200721559353
 30
0.0
 70
0
  0
VERTEX
  5
C37
  8
IC_DELIKLER
 10
18.081275470256116
 20
163.43853899376927
 30
0.0
 70
0
  0
VERTEX
  5
C38
  8
IC_DELIKLER
 10
17.922390086524207
 20
163.53397256432865
 30
0.0
 70
0
  0
VERTEX
  5
C39
  8
IC_DELIKLER
 10
17.762894392446093
 20
163.6282830874706
 30
0.0
 70
0
  0
VERTEX
  5
C3A
  8
IC_DELIKLER
 10
17.602779587172243
 20
163.7214431226639
 30
0.0
 70
0
  0
VERTEX
  5
C3B
  8
IC_DELIKLER
 10
17.442035186215957
 20
163.81342218051464
 30
0.0
 70
0
  0
VERTEX
  5
C3C
  8
IC_DELIKLER
 10
17.280648703872362
 20
163.90418617008072
 30
0.0
 70
0
  0
VERTEX
  5
C3D
  8
IC_DELIKLER
 10
17.118605255502224
 20
163.99369670995253
 30
0.0
 70
0
  0
VERTEX
  5
C3E
  8
IC_DELIKLER
 10
16.955887053550384
 20
164.08191025934735
 30
0.0
 70
0
  0
VERTEX
  5
C3F
  8
IC_DELIKLER
 10
16.792472760465692
 20
164.16877700772744
 30
0.0
 70
0
  0
VERTEX
  5
C40
  8
IC_DELIKLER
 10
16.628336645580056
 20
164.2542394348262
 30
0.0
 70
0
  0
VERTEX
  5
C41
  8
IC_DELIKLER
 10
16.463447468169157
 20
164.33823041202265
 30
0.0
 70
0
  0
VERTEX
  5
C42
  8
IC_DELIKLER
 10
16.297766969571136
 20
164.42067065130135
 30
0.0
 70
0
  0
VERTEX
  5
C43
  8
IC_DELIKLER
 10
16.131247792940577
 20
164.5014652025709
 30
0.0
 70
0
  0
VERTEX
  5
C44
  8
IC_DELIKLER
 10
15.963830540326683
 20
164.580498521969
 30
0.0
 70
0
  0
VERTEX
  5
C45
  8
IC_DELIKLER
 10
15.795439484563122
 20
164.65762732014554
 30
0.0
 70
0
  0
VERTEX
  5
C46
  8
IC_DELIKLER
 10
15.625976097230557
 20
164.73266981971696
 30
0.0
 70
0
  0
VERTEX
  5
C47
  8
IC_DELIKLER
 10
15.455308853960798
 20
164.80538891473478
 30
0.0
 70
0
  0
VERTEX
  5
C48
  8
IC_DELIKLER
 10
15.283256300957111
 20
164.8754643329149
 30
0.0
 70
0
  0
VERTEX
  5
C49
  8
IC_DELIKLER
 10
15.10955695580626
 20
164.94244339346892
 30
0.0
 70
0
  0
VERTEX
  5
C4A
  8
IC_DELIKLER
 10
14.933810767168087
 20
165.0056457029421
 30
0.0
 70
0
  0
VERTEX
  5
C4B
  8
IC_DELIKLER
 10
14.755349930136514
 20
165.06395388451972
 30
0.0
 70
0
  0
VERTEX
  5
C4C
  8
IC_DELIKLER
 10
14.572892984524277
 20
165.11525610349904
 30
0.0
 70
0
  0
VERTEX
  5
C4D
  8
IC_DELIKLER
 10
14.383230170991363
 20
165.15433894254744
 30
0.0
 70
0
  0
VERTEX
  5
C4E
  8
IC_DELIKLER
 10
14.158435441555458
 20
165.13669617629958
 30
0.0
 70
0
  0
SEQEND
  5
930
  8
IC_DELIKLER
  0
POLYLINE
  5
C4F
  8
IC_DELIKLER
 66
1
 10
0.0
 20
0.0
 30
0.0
 70
1
  0
VERTEX
  5
C51
  8
IC_DELIKLER
 10
77.11236163209311
 20
165.13669617629958
 30
0.0
 70
0
  0
VERTEX
  5
C52
  8
IC_DELIKLER
 10
76.88741164631422
 20
165.15433894254744
 30
0.0
 70
0
  0
VERTEX
  5
C53
  8
IC_DELIKLER
 10
76.69809276176493
 20
165.11525610349904
 30
0.0
 70
0
  0
VERTEX
  5
C54
  8
IC_DELIKLER
 10
76.51608727567971
 20
165.06395388451972
 30
0.0
 70
0
  0
VERTEX
  5
C55
  8
IC_DELIKLER
 10
76.33813955064602
 20
165.0056457029421
 30
0.0
 70
0
  0
VERTEX
  5
C56
  8
IC_DELIKLER
 10
76.16294954233122
 20
164.94244339346892
 30
0.0
 70
0
  0
VERTEX
  5
C57
  8
IC_DELIKLER
 10
75.98983961291324
 20
164.8754643329149
 30
0.0
 70
0
  0
VERTEX
  5
C58
  8
IC_DELIKLER
 10
75.81840372358954
 20
164.80538891473478
 30
0.0
 70
0
  0
VERTEX
  5
C59
  8
IC_DELIKLER
 10
75.64837640835593
 20
164.73266981971696
 30
0.0
 70
0
  0
VERTEX
  5
C5A
  8
IC_DELIKLER
 10
75.4795733950196
 20
164.65762732014554
 30
0.0
 70
0
  0
VERTEX
  5
C5B
  8
IC_DELIKLER
 10
75.31186107267999
 20
164.580498521969
 30
0.0
 70
0
  0
VERTEX
  5
C5C
  8
IC_DELIKLER
 10
75.1451393132768
 20
164.5014652025709
 30
0.0
 70
0
  0
VERTEX
  5
C5D
  8
IC_DELIKLER
 10
74.97933112869741
 20
164.42067065130135
 30
0.0
 70
0
  0
VERTEX
  5
C5E
  8
IC_DELIKLER
 10
74.81437610420504
 20
164.33823041202265
 30
0.0
 70
0
  0
VERTEX
  5
C5F
  8
IC_DELIKLER
 10
74.65022604739347
 20
164.2542394348262
 30
0.0
 70
0
  0
VERTEX
  5
C60
  8
IC_DELIKLER
 10
74.48684200186631
 20
164.16877700772744
 30
0.0
 70
0
  0
VERTEX
  5
C61
  8
IC_DELIKLER
 10
74.32419213616735
 20
164.08191025934735
 30
0.0
 70
0
  0
VERTEX
  5
C62
  8
IC_DELIKLER
 10
74.16225021345019
 20
163.99369670995253
 30
0.0
 70
0
  0
VERTEX
  5
C63
  8
IC_DELIKLER
 10
74.00099445783093
 20
163.90418617008072
 30
0.0
 70
0
  0
VERTEX
  5
C64
  8
IC_DELIKLER
 10
73.84040669859552
 20
163.81342218051464
 30
0.0
 70
0
  0
VERTEX
  5
C65
  8
IC_DELIKLER
 10
73.68047171334831
 20
163.7214431226639
 30
0.0
 70
0
  0
VERTEX
  5
C66
  8
IC_DELIKLER
 10
73.52117671638416
 20
163.6282830874706
 30
0.0
 70
0
  0
VERTEX
  5
C67
  8
IC_DELIKLER
 10
73.36251095490971
 20
163.53397256432865
 30
0.0
 70
0
  0
VERTEX
  5
C68
  8
IC_DELIKLER
 10
73.20446538659871
 20
163.43853899376927
 30
0.0
 70
0
  0
VERTEX
  5
C69
  8
IC_DELIKLER
 10
73.04703241934104
 20
163.34200721559353
 30
0.0
 70
0
  0
VERTEX
  5
C6A
  8
IC_DELIKLER
 10
72.89020569914678
 20
163.24439983575274
 30
0.0
 70
0
  0
VERTEX
  5
C6B
  8
IC_DELIKLER
 10
72.73397993576467
 20
163.14573752936334
 30
0.0
 70
0
  0
VERTEX
  5
C6C
  8
IC_DELIKLER
 10
72.57835075814398
 20
163.04603929299606
 30
0.0
 70
0
  0
VERTEX
  5
C6D
  8
IC_DELIKLER
 10
72.42331459374029
 20
162.94532265629175
 30
0.0
 70
0
  0
VERTEX
  5
C6E
  8
IC_DELIKLER
 10
72.26886856703744
 20
162.8436038606751
 30
0.0
 70
0
  0
VERTEX
  5
C6F
  8
IC_DELIKLER
 10
72.11501041368338
 20
162.7408980112371
 30
0.0
 70
0
  0
VERTEX
  5
C70
  8
IC_DELIKLER
 10
71.96173840740771
 20
162.63721920657233
 30
0.0
 70
0
  0
VERTEX
  5
C71
  8
IC_DELIKLER
 10
71.80905129747575
 20
162.53258065037556
 30
0.0
 70
0
  0
VERTEX
  5
C72
  8
IC_DELIKLER
 10
71.6569482548852
 20
162.42699474784936
 30
0.0
 70
0
  0
VERTEX
  5
C73
  8
IC_DELIKLER
 10
71.50542882586035
 20
162.32047318938453
 30
0.0
 70
0
  0
VERTEX
  5
C74
  8
IC_DELIKLER
 10
71.35449289147299
 20
162.21302702351775
 30
0.0
 70
0
  0
VERTEX
  5
C75
  8
IC_DELIKLER
 10
71.2041406324337
 20
162.10466672080543
 30
0.0
 70
0
  0
VERTEX
  5
C76
  8
IC_DELIKLER
 10
71.05437249826889
 20
161.9954022299644
 30
0.0
 70
0
  0
VERTEX
  5
C77
  8
IC_DELIKLER
 10
70.90518918023531
 20
161.8852430273982
 30
0.0
 70
0
  0
VERTEX
  5
C78
  8
IC_DELIKLER
 10
70.75659158743386
 20
161.77419816104026
 30
0.0
 70
0
  0
VERTEX
  5
C79
  8
IC_DELIKLER
 10
70.60858082567313
 20
161.66227628929423
 30
0.0
 70
0
  0
VERTEX
  5
C7A
  8
IC_DELIKLER
 10
70.4611581787064
 20
161.54948571572737
 30
0.0
 70
0
  0
VERTEX
  5
C7B
  8
IC_DELIKLER
 10
70.31432509152424
 20
161.4358344200711
 30
0.0
 70
0
  0
VERTEX
  5
C7C
  8
IC_DELIKLER
 10
70.16808315543445
 20
161.321330086
 30
0.0
 70
0
  0
VERTEX
  5
C7D
  8
IC_DELIKLER
 10
70.02243409470057
 20
161.2059801260895
 30
0.0
 70
0
  0
VERTEX
  5
C7E
  8
IC_DELIKLER
 10
69.87737975454509
 20
161.0897917042959
 30
0.0
 70
0
  0
VERTEX
  5
C7F
  8
IC_DELIKLER
 10
69.7329220903496
 20
160.97277175625328
 30
0.0
 70
0
  0
VERTEX
  5
C80
  8
IC_DELIKLER
 10
69.58906315790969
 20
160.85492700764124
 30
0.0
 70
0
  0
VERTEX
  5
C81
  8
IC_DELIKLER
 10
69.44580510462015
 20
160.73626399084318
 30
0.0
 70
0
  0
VERTEX
  5
C82
  8
IC_DELIKLER
 10
69.3031501614843
 20
160.61678906008572
 30
0.0
 70
0
  0
VERTEX
  5
C83
  8
IC_DELIKLER
 10
69.16110063585452
 20
160.49650840522514
 30
0.0
 70
0
  0
VERTEX
  5
C84
  8
IC_DELIKLER
 10
69.01965890482293
 20
160.37542806432552
 30
0.0
 70
0
  0
VERTEX
  5
C85
  8
IC_DELIKLER
 10
68.87882740919262
 20
160.25355393515565
 30
0.0
 70
0
  0
VERTEX
  5
C86
  8
IC_DELIKLER
 10
68.7386086479669
 20
160.1308917857155
 30
0.0
 70
0
  0
VERTEX
  5
C87
  8
IC_DELIKLER
 10
68.59900517330311
 20
160.00744726389067
 30
0.0
 70
0
  0
VERTEX
  5
C88
  8
IC_DELIKLER
 10
68.4600195858833
 20
159.88322590632086
 30
0.0
 70
0
  0
VERTEX
  5
C89
  8
IC_DELIKLER
 10
68.32165453065953
 20
159.75823314655906
 30
0.0
 70
0
  0
VERTEX
  5
C8A
  8
IC_DELIKLER
 10
68.18391269293727
 20
159.63247432258905
 30
0.0
 70
0
  0
VERTEX
  5
C8B
  8
IC_DELIKLER
 10
68.04679679476342
 20
159.50595468376133
 30
0.0
 70
0
  0
VERTEX
  5
C8C
  8
IC_DELIKLER
 10
67.91030959159053
 20
159.37867939720144
 30
0.0
 70
0
  0
VERTEX
  5
C8D
  8
IC_DELIKLER
 10
67.77445386919044
 20
159.25065355373798
 30
0.0
 70
0
  0
VERTEX
  5
C8E
  8
IC_DELIKLER
 10
67.63923244079511
 20
159.12188217339377
 30
0.0
 70
0
  0
VERTEX
  5
C8F
  8
IC_DELIKLER
 10
67.5046481444433
 20
158.99237021047762
 30
0.0
 70
0
  0
VERTEX
  5
C90
  8
IC_DELIKLER
 10
67.37070384051506
 20
158.8621225583119
 30
0.0
 70
0
  0
VERTEX
  5
C91
  8
IC_DELIKLER
 10
67.23740240943718
 20
158.73114405362637
 30
0.0
 70
0
  0
VERTEX
  5
C92
  8
IC_DELIKLER
 10
67.10474674954509
 20
158.59943948064614
 30
0.0
 70
0
  0
VERTEX
  5
C93
  8
IC_DELIKLER
 10
66.97273977508743
 20
158.4670135748991
 30
0.0
 70
0
  0
VERTEX
  5
C94
  8
IC_DELIKLER
 10
66.8413844143616
 20
158.33387102676537
 30
0.0
 70
0
  0
VERTEX
  5
C95
  8
IC_DELIKLER
 10
66.71068360796916
 20
158.20001648478916
 30
0.0
 70
0
  0
VERTEX
  5
C96
  8
IC_DELIKLER
 10
66.58064030718144
 20
158.06545455877222
 30
0.0
 70
0
  0
VERTEX
  5
C97
  8
IC_DELIKLER
 10
66.45125747240651
 20
157.93018982266503
 30
0.0
 70
0
  0
VERTEX
  5
C98
  8
IC_DELIKLER
 10
66.32253807174907
 20
157.79422681727175
 30
0.0
 70
0
  0
VERTEX
  5
C99
  8
IC_DELIKLER
 10
66.19448507965657
 20
157.65757005278277
 30
0.0
 70
0
  0
VERTEX
  5
C9A
  8
IC_DELIKLER
 10
66.06710147564434
 20
157.52022401114715
 30
0.0
 70
0
  0
VERTEX
  5
C9B
  8
IC_DELIKLER
 10
65.94039024309401
 20
157.38219314829757
 30
0.0
 70
0
  0
VERTEX
  5
C9C
  8
IC_DELIKLER
 10
65.81435436811974
 20
157.24348189623743
 30
0.0
 70
0
  0
VERTEX
  5
C9D
  8
IC_DELIKLER
 10
65.68899683849676
 20
157.10409466500036
 30
0.0
 70
0
  0
VERTEX
  5
C9E
  8
IC_DELIKLER
 10
65.56432064264855
 20
156.96403584449143
 30
0.0
 70
0
  0
VERTEX
  5
C9F
  8
IC_DELIKLER
 10
65.44032876868732
 20
156.8233098062172
 30
0.0
 70
0
  0
VERTEX
  5
CA0
  8
IC_DELIKLER
 10
65.31702420350499
 20
156.68192090491334
 30
0.0
 70
0
  0
VERTEX
  5
CA1
  8
IC_DELIKLER
 10
65.19440993191033
 20
156.53987348007587
 30
0.0
 70
0
  0
VERTEX
  5
CA2
  8
IC_DELIKLER
 10
65.07248893580977
 20
156.39717185740284
 30
0.0
 70
0
  0
VERTEX
  5
CA3
  8
IC_DELIKLER
 10
64.95126419342807
 20
156.25382035015235
 30
0.0
 70
0
  0
VERTEX
  5
CA4
  8
IC_DELIKLER
 10
64.83073867856703
 20
156.10982326042176
 30
0.0
 70
0
  0
VERTEX
  5
CA5
  8
IC_DELIKLER
 10
64.71091535989896
 20
155.96518488035403
 30
0.0
 70
0
  0
VERTEX
  5
CA6
  8
IC_DELIKLER
 10
64.59179720029304
 20
155.819909493275
 30
0.0
 70
0
  0
VERTEX
  5
CA7
  8
IC_DELIKLER
 10
64.47338715617241
 20
155.67400137476614
 30
0.0
 70
0
  0
VERTEX
  5
CA8
  8
IC_DELIKLER
 10
64.35568817689962
 20
155.52746479367715
 30
0.0
 70
0
  0
VERTEX
  5
CA9
  8
IC_DELIKLER
 10
64.23870320418935
 20
155.38030401308143
 30
0.0
 70
0
  0
VERTEX
  5
CAA
  8
IC_DELIKLER
 10
64.12243517154586
 20
155.23252329117798
 30
0.0
 70
0
  0
VERTEX
  5
CAB
  8
IC_DELIKLER
 10
64.00688700372446
 20
155.08412688214372
 30
0.0
 70
0
  0
VERTEX
  5
CAC
  8
IC_DELIKLER
 10
63.89206161621481
 20
154.93511903693764
 30
0.0
 70
0
  0
VERTEX
  5
CAD
  8
IC_DELIKLER
 10
63.77796191474524
 20
154.78550400406098
 30
0.0
 70
0
  0
VERTEX
  5
CAE
  8
IC_DELIKLER
 10
63.66459079480668
 20
154.6352860302752
 30
0.0
 70
0
  0
VERTEX
  5
CAF
  8
IC_DELIKLER
 10
63.55195114119488
 20
154.48446936128033
 30
0.0
 70
0
  0
VERTEX
  5
CB0
  8
IC_DELIKLER
 10
63.44004582757022
 20
154.33305824235586
 30
0.0
 70
0
  0
VERTEX
  5
CB1
  8
IC_DELIKLER
 10
63.32887771603375
 20
154.1810569189661
 30
0.0
 70
0
  0
VERTEX
  5
CB2
  8
IC_DELIKLER
 10
63.21844965671877
 20
154.02846963733265
 30
0.0
 70
0
  0
VERTEX
  5
CB3
  8
IC_DELIKLER
 10
63.10876448739693
 20
153.87530064497443
 30
0.0
 70
0
  0
VERTEX
  5
CB4
  8
IC_DELIKLER
 10
62.99982503309833
 20
153.7215541912187
 30
0.0
 70
0
  0
VERTEX
  5
CB5
  8
IC_DELIKLER
 10
62.89163410574442
 20
153.56723452768284
 30
0.0
 70
0
  0
VERTEX
  5
CB6
  8
IC_DELIKLER
 10
62.78419450379346
 20
153.4123459087299
 30
0.0
 70
0
  0
VERTEX
  5
CB7
  8
IC_DELIKLER
 10
62.677509011897655
 20
153.25689259189824
 30
0.0
 70
0
  0
VERTEX
  5
CB8
  8
IC_DELIKLER
 10
62.57158040057127
 20
153.1008788383073
 30
0.0
 70
0
  0
VERTEX
  5
CB9
  8
IC_DELIKLER
 10
62.46641142586951
 20
152.94430891304017
 30
0.0
 70
0
  0
VERTEX
  5
CBA
  8
IC_DELIKLER
 10
62.36200482907719
 20
152.78718708550437
 30
0.0
 70
0
  0
VERTEX
  5
CBB
  8
IC_DELIKLER
 10
62.25836333640708
 20
152.62951762977212
 30
0.0
 70
0
  0
VERTEX
  5
CBC
  8
IC_DELIKLER
 10
62.15548965870717
 20
152.47130482490041
 30
0.0
 70
0
  0
VERTEX
  5
CBD
  8
IC_DELIKLER
 10
62.05338649117668
 20
152.3125529552329
 30
0.0
 70
0
  0
VERTEX
  5
CBE
  8
IC_DELIKLER
 10
61.952056513090234
 20
152.1532663106832
 30
0.0
 70
0
  0
VERTEX
  5
CBF
  8
IC_DELIKLER
 10
61.85150238752976
 20
151.99344918700197
 30
0.0
 70
0
  0
VERTEX
  5
CC0
  8
IC_DELIKLER
 10
61.75172676112402
 20
151.83310588602706
 30
0.0
 70
0
  0
VERTEX
  5
CC1
  8
IC_DELIKLER
 10
61.652732263795166
 20
151.67224071591855
 30
0.0
 70
0
  0
VERTEX
  5
CC2
  8
IC_DELIKLER
 10
61.554521508512195
 20
151.5108579913789
 30
0.0
 70
0
  0
VERTEX
  5
CC3
  8
IC_DELIKLER
 10
61.45709709105081
 20
151.348962033859
 30
0.0
 70
0
  0
VERTEX
  5
CC4
  8
IC_DELIKLER
 10
61.360461589759666
 20
151.18655717175085
 30
0.0
 70
0
  0
VERTEX
  5
CC5
  8
IC_DELIKLER
 10
61.26461756533244
 20
151.02364774056707
 30
0.0
 70
0
  0
VERTEX
  5
CC6
  8
IC_DELIKLER
 10
61.169567560585826
 20
150.8602380831087
 30
0.0
 70
0
  0
VERTEX
  5
CC7
  8
IC_DELIKLER
 10
61.07531410024287
 20
150.69633254962042
 30
0.0
 70
0
  0
VERTEX
  5
CC8
  8
IC_DELIKLER
 10
60.98185969072165
 20
150.53193549793528
 30
0.0
 70
0
  0
VERTEX
  5
CC9
  8
IC_DELIKLER
 10
60.88920681992907
 20
150.3670512936082
 30
0.0
 70
0
  0
VERTEX
  5
CCA
  8
IC_DELIKLER
 10
60.79735795705953
 20
150.20168431003927
 30
0.0
 70
0
  0
VERTEX
  5
CCB
  8
IC_DELIKLER
 10
60.706315552398266
 20
150.03583892858714
 30
0.0
 70
0
  0
VERTEX
  5
CCC
  8
IC_DELIKLER
 10
60.616082037129196
 20
149.86951953867305
 30
0.0
 70
0
  0
VERTEX
  5
CCD
  8
IC_DELIKLER
 10
60.526659823147284
 20
149.70273053787554
 30
0.0
 70
0
  0
VERTEX
  5
CCE
  8
IC_DELIKLER
 10
60.43805130287497
 20
149.5354763320167
 30
0.0
 70
0
  0
VERTEX
  5
CCF
  8
IC_DELIKLER
 10
60.35025884908278
 20
149.36776133524
 30
0.0
 70
0
  0
VERTEX
  5
CD0
  8
IC_DELIKLER
 10
60.26328481471376
 20
149.19958997007967
 30
0.0
 70
0
  0
VERTEX
  5
CD1
  8
IC_DELIKLER
 10
60.17713153271188
 20
149.03096666752324
 30
0.0
 70
0
  0
VERTEX
  5
CD2
  8
IC_DELIKLER
 10
60.09180131585399
 20
148.8618958670657
 30
0.0
 70
0
  0
VERTEX
  5
CD3
  8
IC_DELIKLER
 10
60.00729645658546
 20
148.69238201675736
 30
0.0
 70
0
  0
VERTEX
  5
CD4
  8
IC_DELIKLER
 10
59.92361922685916
 20
148.5224295732442
 30
0.0
 70
0
  0
VERTEX
  5
CD5
  8
IC_DELIKLER
 10
59.84077187797794
 20
148.35204300180214
 30
0.0
 70
0
  0
VERTEX
  5
CD6
  8
IC_DELIKLER
 10
59.75875664044033
 20
148.18122677636475
 30
0.0
 70
0
  0
VERTEX
  5
CD7
  8
IC_DELIKLER
 10
59.67757572378937
 20
148.00998537954473
 30
0.0
 70
0
  0
VERTEX
  5
CD8
  8
IC_DELIKLER
 10
59.59723131646463
 20
147.83832330265005
 30
0.0
 70
0
  0
VERTEX
  5
CD9
  8
IC_DELIKLER
 10
59.517725585657104
 20
147.66624504569364
 30
0.0
 70
0
  0
VERTEX
  5
CDA
  8
IC_DELIKLER
 10
59.439060677167205
 20
147.49375511739848
 30
0.0
 70
0
  0
VERTEX
  5
CDB
  8
IC_DELIKLER
 10
59.36123871526554
 20
147.32085803519678
 30
0.0
 70
0
  0
VERTEX
  5
CDC
  8
IC_DELIKLER
 10
59.2842618025564
 20
147.1475583252246
 30
0.0
 70
0
  0
VERTEX
  5
CDD
  8
IC_DELIKLER
 10
59.20813201984406
 20
146.9738605223112
 30
0.0
 70
0
  0
VERTEX
  5
CDE
  8
IC_DELIKLER
 10
59.1328514260018
 20
146.799769169964
 30
0.0
 70
0
  0
VERTEX
  5
CDF
  8
IC_DELIKLER
 10
59.05842205784345
 20
146.62528882034894
 30
0.0
 70
0
  0
VERTEX
  5
CE0
  8
IC_DELIKLER
 10
58.98484592999739
 20
146.4504240342663
 30
0.0
 70
0
  0
VERTEX
  5
CE1
  8
IC_DELIKLER
 10
58.912125034783365
 20
146.27517938112254
 30
0.0
 70
0
  0
VERTEX
  5
CE2
  8
IC_DELIKLER
 10
58.840261342091324
 20
146.09955943889807
 30
0.0
 70
0
  0
VERTEX
  5
CE3
  8
IC_DELIKLER
 10
58.76925679926302
 20
145.92356879411074
 30
0.0
 70
0
  0
VERTEX
  5
CE4
  8
IC_DELIKLER
 10
58.69911333097578
 20
145.74721204177612
 30
0.0
 70
0
  0
VERTEX
  5
CE5
  8
IC_DELIKLER
 10
58.629832839128674
 20
145.57049378536368
 30
0.0
 70
0
  0
VERTEX
  5
CE6
  8
IC_DELIKLER
 10
58.56141720273083
 20
145.39341863674954
 30
0.0
 70
0
  0
VERTEX
  5
CE7
  8
IC_DELIKLER
 10
58.493868277792195
 20
145.2159912161658
 30
0.0
 70
0
  0
VERTEX
  5
CE8
  8
IC_DELIKLER
 10
58.42718789721628
 20
145.0382161521469
 30
0.0
 70
0
  0
VERTEX
  5
CE9
  8
IC_DELIKLER
 10
58.36137787069523
 20
144.86009808147222
 30
0.0
 70
0
  0
VERTEX
  5
CEA
  8
IC_DELIKLER
 10
58.29643998460699
 20
144.68164164910607
 30
0.0
 70
0
  0
VERTEX
  5
CEB
  8
IC_DELIKLER
 10
58.23237600191449
 20
144.5028515081345
 30
0.0
 70
0
  0
VERTEX
  5
CEC
  8
IC_DELIKLER
 10
58.169187662066996
 20
144.32373231969936
 30
0.0
 70
0
  0
VERTEX
  5
CED
  8
IC_DELIKLER
 10
58.10687668090357
 20
144.14428875292947
 30
0.0
 70
0
  0
VERTEX
  5
CEE
  8
IC_DELIKLER
 10
58.04544475055839
 20
143.96452548486914
 30
0.0
 70
0
  0
VERTEX
  5
CEF
  8
IC_DELIKLER
 10
57.98489353936816
 20
143.78444720040417
 30
0.0
 70
0
  0
VERTEX
  5
CF0
  8
IC_DELIKLER
 10
57.925224691781544
 20
143.6040585921853
 30
0.0
 70
0
  0
VERTEX
  5
CF1
  8
IC_DELIKLER
 10
57.866439828270494
 20
143.42336436054933
 30
0.0
 70
0
  0
VERTEX
  5
CF2
  8
IC_DELIKLER
 10
57.808540545243474
 20
143.24236921343763
 30
0.0
 70
0
  0
VERTEX
  5
CF3
  8
IC_DELIKLER
 10
57.751528414960696
 20
143.06107786631281
 30
0.0
 70
0
  0
VERTEX
  5
CF4
  8
IC_DELIKLER
 10
57.695404985451205
 20
142.87949504207285
 30
0.0
 70
0
  0
VERTEX
  5
CF5
  8
IC_DELIKLER
 10
57.64017178043186
 20
142.69762547096335
 30
0.0
 70
0
  0
VERTEX
  5
CF6
  8
IC_DELIKLER
 10
57.585830299228135
 20
142.51547389048758
 30
0.0
 70
0
  0
VERTEX
  5
CF7
  8
IC_DELIKLER
 10
57.53238201669687
 20
142.33304504531483
 30
0.0
 70
0
  0
VERTEX
  5
CF8
  8
IC_DELIKLER
 10
57.479828383150746
 20
142.1503436871865
 30
0.0
 70
0
  0
VERTEX
  5
CF9
  8
IC_DELIKLER
 10
57.42817082428458
 20
141.96737457482064
 30
0.0
 70
0
  0
VERTEX
  5
CFA
  8
IC_DELIKLER
 10
57.37741074110362
 20
141.7841424738147
 30
0.0
 70
0
  0
VERTEX
  5
CFB
  8
IC_DELIKLER
 10
57.327549509853405
 20
141.60065215654646
 30
0.0
 70
0
  0
VERTEX
  5
CFC
  8
IC_DELIKLER
 10
57.27858848195151
 20
141.41690840207332
 30
0.0
 70
0
  0
VERTEX
  5
CFD
  8
IC_DELIKLER
 10
57.23052898392111
 20
141.23291599603024
 30
0.0
 70
0
  0
VERTEX
  5
CFE
  8
IC_DELIKLER
 10
57.18337231732623
 20
141.04867973052586
 30
0.0
 70
0
  0
VERTEX
  5
CFF
  8
IC_DELIKLER
 10
57.13711975870888
 20
140.8642044040373
 30
0.0
 70
0
  0
VERTEX
  5
D00
  8
IC_DELIKLER
 10
57.091772559527705
 20
140.6794948213037
 30
0.0
 70
0
  0
VERTEX
  5
D01
  8
IC_DELIKLER
 10
57.047331946098666
 20
140.49455579321793
 30
0.0
 70
0
  0
VERTEX
  5
D02
  8
IC_DELIKLER
 10
57.00379911953731
 20
140.30939213671755
 30
0.0
 70
0
  0
VERTEX
  5
D03
  8
IC_DELIKLER
 10
56.961175255702734
 20
140.12400867467426
 30
0.0
 70
0
  0
VERTEX
  5
D04
  8
IC_DELIKLER
 10
56.91946150514334
 20
139.93841023578196
 30
0.0
 70
0
  0
VERTEX
  5
D05
  8
IC_DELIKLER
 10
56.87865899304434
 20
139.7526016544442
 30
0.0
 70
0
  0
VERTEX
  5
D06
  8
IC_DELIKLER
 10
56.83876881917689
 20
139.56658777065985
 30
0.0
 70
0
  0
VERTEX
  5
D07
  8
IC_DELIKLER
 10
56.79979205784899
 20
139.3803734299082
 30
0.0
 70
0
  0
VERTEX
  5
D08
  8
IC_DELIKLER
 10
56.76172975785812
 20
139.19396348303297
 30
0.0
 70
0
  0
VERTEX
  5
D09
  8
IC_DELIKLER
 10
56.72458294244548
 20
139.00736278612516
 30
0.0
 70
0
  0
VERTEX
  5
D0A
  8
IC_DELIKLER
 10
56.68835260925205
 20
138.82057620040513
 30
0.0
 70
0
  0
VERTEX
  5
D0B
  8
IC_DELIKLER
 10
56.65303973027625
 20
138.63360859210385
 30
0.0
 70
0
  0
VERTEX
  5
D0C
  8
IC_DELIKLER
 10
56.618645251833414
 20
138.44646483234325
 30
0.0
 70
0
  0
VERTEX
  5
D0D
  8
IC_DELIKLER
 10
56.5851700945168
 20
138.2591497970157
 30
0.0
 70
0
  0
VERTEX
  5
D0E
  8
IC_DELIKLER
 10
56.55261515316048
 20
138.071668366663
 30
0.0
 70
0
  0
VERTEX
  5
D0F
  8
IC_DELIKLER
 10
56.52098129680373
 20
137.88402542635424
 30
0.0
 70
0
  0
VERTEX
  5
D10
  8
IC_DELIKLER
 10
56.490269368657344
 20
137.69622586556358
 30
0.0
 70
0
  0
VERTEX
  5
D11
  8
IC_DELIKLER
 10
56.460480186071365
 20
137.50827457804684
 30
0.0
 70
0
  0
VERTEX
  5
D12
  8
IC_DELIKLER
 10
56.431614540504825
 20
137.32017646171798
 30
0.0
 70
0
  0
VERTEX
  5
D13
  8
IC_DELIKLER
 10
56.403673197496914
 20
137.13193641852465
 30
0.0
 70
0
  0
VERTEX
  5
D14
  8
IC_DELIKLER
 10
56.376656896639965
 20
136.9435593543235
 30
0.0
 70
0
  0
VERTEX
  5
D15
  8
IC_DELIKLER
 10
56.3505663515542
 20
136.755050178755
 30
0.0
 70
0
  0
VERTEX
  5
D16
  8
IC_DELIKLER
 10
56.32540224986401
 20
136.56641380511772
 30
0.0
 70
0
  0
VERTEX
  5
D17
  8
IC_DELIKLER
 10
56.30116525317618
 20
136.3776551502424
 30
0.0
 70
0
  0
VERTEX
  5
D18
  8
IC_DELIKLER
 10
56.27785599705951
 20
136.18877913436543
 30
0.0
 70
0
  0
VERTEX
  5
D19
  8
IC_DELIKLER
 10
56.25547509102644
 20
135.99979068100237
 30
0.0
 70
0
  0
VERTEX
  5
D1A
  8
IC_DELIKLER
 10
56.234023118516276
 20
135.81069471682093
 30
0.0
 70
0
  0
VERTEX
  5
D1B
  8
IC_DELIKLER
 10
56.21350063688006
 20
135.62149617151394
 30
0.0
 70
0
  0
VERTEX
  5
D1C
  8
IC_DELIKLER
 10
56.193908177367305
 20
135.4321999776718
 30
0.0
 70
0
  0
VERTEX
  5
D1D
  8
IC_DELIKLER
 10
56.17524624511434
 20
135.24281107065508
 30
0.0
 70
0
  0
VERTEX
  5
D1E
  8
IC_DELIKLER
 10
56.15751531913448
 20
135.05333438846722
 30
0.0
 70
0
  0
VERTEX
  5
D1F
  8
IC_DELIKLER
 10
56.140715852309896
 20
134.8637748716264
 30
0.0
 70
0
  0
VERTEX
  5
D20
  8
IC_DELIKLER
 10
56.124848271385204
 20
134.67413746303822
 30
0.0
 70
0
  0
VERTEX
  5
D21
  8
IC_DELIKLER
 10
56.10991297696287
 20
134.4844271078679
 30
0.0
 70
0
  0
VERTEX
  5
D22
  8
IC_DELIKLER
 10
56.09591034350035
 20
134.2946487534126
 30
0.0
 70
0
  0
VERTEX
  5
D23
  8
IC_DELIKLER
 10
56.08284071930893
 20
134.10480734897402
 30
0.0
 70
0
  0
VERTEX
  5
D24
  8
IC_DELIKLER
 10
56.07070442655449
 20
133.91490784573085
 30
0.0
 70
0
  0
VERTEX
  5
D25
  8
IC_DELIKLER
 10
56.05950176125994
 20
133.7249551966116
 30
0.0
 70
0
  0
VERTEX
  5
D26
  8
IC_DELIKLER
 10
56.049232993309396
 20
133.5349543561675
 30
0.0
 70
0
  0
VERTEX
  5
D27
  8
IC_DELIKLER
 10
56.03989836645436
 20
133.34491028044576
 30
0.0
 70
0
  0
VERTEX
  5
D28
  8
IC_DELIKLER
 10
56.03149809832153
 20
133.15482792686302
 30
0.0
 70
0
  0
VERTEX
  5
D29
  8
IC_DELIKLER
 10
56.024032380422476
 20
132.96471225407925
 30
0.0
 70
0
  0
VERTEX
  5
D2A
  8
IC_DELIKLER
 10
56.01750137816523
 20
132.7745682218717
 30
0.0
 70
0
  0
VERTEX
  5
D2B
  8
IC_DELIKLER
 10
56.01190523086755
 20
132.58440079100984
 30
0.0
 70
0
  0
VERTEX
  5
D2C
  8
IC_DELIKLER
 10
56.0072440517723
 20
132.39421492313014
 30
0.0
 70
0
  0
VERTEX
  5
D2D
  8
IC_DELIKLER
 10
56.00351792806439
 20
132.20401558061167
 30
0.0
 70
0
  0
VERTEX
  5
D2E
  8
IC_DELIKLER
 10
56.0007269208899
 20
132.01380772645226
 30
0.0
 70
0
  0
VERTEX
  5
D2F
  8
IC_DELIKLER
 10
55.998871065376875
 20
131.82359632414506
 30
0.0
 70
0
  0
VERTEX
  5
D30
  8
IC_DELIKLER
 10
55.9979503706581
 20
131.63338633755592
 30
0.0
 70
0
  0
VERTEX
  5
D31
  8
IC_DELIKLER
 10
55.997964819895856
 20
131.44318273080125
 30
0.0
 70
0
  0
VERTEX
  5
D32
  8
IC_DELIKLER
 10
55.998914370308626
 20
131.25299046812682
 30
0.0
 70
0
  0
VERTEX
  5
D33
  8
IC_DELIKLER
 10
56.00079895319959
 20
131.0628145137871
 30
0.0
 70
0
  0
VERTEX
  5
D34
  8
IC_DELIKLER
 10
56.003618473987295
 20
130.87265983192555
 30
0.0
 70
0
  0
VERTEX
  5
D35
  8
IC_DELIKLER
 10
56.00737281223826
 20
130.68253138645576
 30
0.0
 70
0
  0
VERTEX
  5
D36
  8
IC_DELIKLER
 10
56.01206182170152
 20
130.49243414094352
 30
0.0
 70
0
  0
VERTEX
  5
D37
  8
IC_DELIKLER
 10
56.01768533034529
 20
130.30237305848965
 30
0.0
 70
0
  0
VERTEX
  5
D38
  8
IC_DELIKLER
 10
56.024243140395605
 20
130.11235310161425
 30
0.0
 70
0
  0
VERTEX
  5
D39
  8
IC_DELIKLER
 10
56.03173502837719
 20
129.92237923214154
 30
0.0
 70
0
  0
VERTEX
  5
D3A
  8
IC_DELIKLER
 10
56.0401607451562
 20
129.73245641108625
 30
0.0
 70
0
  0
VERTEX
  5
D3B
  8
IC_DELIKLER
 10
56.04952001598524
 20
129.54258959854084
 30
0.0
 70
0
  0
VERTEX
  5
D3C
  8
IC_DELIKLER
 10
56.059812540550546
 20
129.3527837535642
 30
0.0
 70
0
  0
VERTEX
  5
D3D
  8
IC_DELIKLER
 10
56.07103799302119
 20
129.1630438340715
 30
0.0
 70
0
  0
VERTEX
  5
D3E
  8
IC_DELIKLER
 10
56.08319602210067
 20
128.97337479672544
 30
0.0
 70
0
  0
VERTEX
  5
D3F
  8
IC_DELIKLER
 10
56.09628625108057
 20
128.78378159682902
 30
0.0
 70
0
  0
VERTEX
  5
D40
  8
IC_DELIKLER
 10
56.11030827789657
 20
128.59426918821947
 30
0.0
 70
0
  0
VERTEX
  5
D41
  8
IC_DELIKLER
 10
56.125261675186735
 20
128.40484252316406
 30
0.0
 70
0
  0
VERTEX
  5
D42
  8
IC_DELIKLER
 10
56.14114599035206
 20
128.21550655225735
 30
0.0
 70
0
  0
VERTEX
  5
D43
  8
IC_DELIKLER
 10
56.15796074561949
 20
128.02626622432027
 30
0.0
 70
0
  0
VERTEX
  5
D44
  8
IC_DELIKLER
 10
56.17570543810716
 20
127.83712648630049
 30
0.0
 70
0
  0
VERTEX
  5
D45
  8
IC_DELIKLER
 10
56.1943795398923
 20
127.64809228317534
 30
0.0
 70
0
  0
VERTEX
  5
D46
  8
IC_DELIKLER
 10
56.21398249808131
 20
127.45916855785586
 30
0.0
 70
0
  0
VERTEX
  5
D47
  8
IC_DELIKLER
 10
56.23451373488258
 20
127.2703602510935
 30
0.0
 70
0
  0
VERTEX
  5
D48
  8
IC_DELIKLER
 10
56.255972647681816
 20
127.08167230138835
 30
0.0
 70
0
  0
VERTEX
  5
D49
  8
IC_DELIKLER
 10
56.27835860911982
 20
126.89310964489968
 30
0.0
 70
0
  0
VERTEX
  5
D4A
  8
IC_DELIKLER
 10
56.301670967173116
 20
126.7046772153588
 30
0.0
 70
0
  0
VERTEX
  5
D4B
  8
IC_DELIKLER
 10
56.32590904523708
 20
126.51637994398419
 30
0.0
 70
0
  0
VERTEX
  5
D4C
  8
IC_DELIKLER
 10
56.35107214221195
 20
126.32822275939884
 30
0.0
 70
0
  0
VERTEX
  5
D4D
  8
IC_DELIKLER
 10
56.377159532591484
 20
126.14021058755026
 30
0.0
 70
0
  0
VERTEX
  5
D4E
  8
IC_DELIKLER
 10
56.40417046655473
 20
125.9523483516331
 30
0.0
 70
0
  0
VERTEX
  5
D4F
  8
IC_DELIKLER
 10
56.43210417006035
 20
125.76464097201426
 30
0.0
 70
0
  0
VERTEX
  5
D50
  8
IC_DELIKLER
 10
56.460959844944185
 20
125.57709336616102
 30
0.0
 70
0
  0
VERTEX
  5
D51
  8
IC_DELIKLER
 10
56.490736669019796
 20
125.38971044857203
 30
0.0
 70
0
  0
VERTEX
  5
D52
  8
IC_DELIKLER
 10
56.52143379618199
 20
125.20249713071101
 30
0.0
 70
0
  0
VERTEX
  5
D53
  8
IC_DELIKLER
 10
56.553050356513744
 20
125.01545832094402
 30
0.0
 70
0
  0
VERTEX
  5
D54
  8
IC_DELIKLER
 10
56.585585456396146
 20
124.82859892447985
 30
0.0
 70
0
  0
VERTEX
  5
D55
  8
IC_DELIKLER
 10
56.61903817862185
 20
124.64192384331349
 30
0.0
 70
0
  0
VERTEX
  5
D56
  8
IC_DELIKLER
 10
56.653407582511775
 20
124.45543797617358
 30
0.0
 70
0
  0
VERTEX
  5
D57
  8
IC_DELIKLER
 10
56.68869270403552
 20
124.26914621847311
 30
0.0
 70
0
  0
VERTEX
  5
D58
  8
IC_DELIKLER
 10
56.72489255593514
 20
124.08305346226416
 30
0.0
 70
0
  0
VERTEX
  5
D59
  8
IC_DELIKLER
 10
56.76200612785275
 20
123.89716459619655
 30
0.0
 70
0
  0
VERTEX
  5
D5A
  8
IC_DELIKLER
 10
56.80003238646191
 20
123.7114845054804
 30
0.0
 70
0
  0
VERTEX
  5
D5B
  8
IC_DELIKLER
 10
56.83897027560282
 20
123.52601807185317
 30
0.0
 70
0
  0
VERTEX
  5
D5C
  8
IC_DELIKLER
 10
56.87881871642164
 20
123.34077017355108
 30
0.0
 70
0
  0
VERTEX
  5
D5D
  8
IC_DELIKLER
 10
56.91957660751383
 20
123.15574568528493
 30
0.0
 70
0
  0
VERTEX
  5
D5E
  8
IC_DELIKLER
 10
56.96124282507175
 20
122.97094947822112
 30
0.0
 70
0
  0
VERTEX
  5
D5F
  8
IC_DELIKLER
 10
57.003816223036736
 20
122.7863864199671
 30
0.0
 70
0
  0
VERTEX
  5
D60
  8
IC_DELIKLER
 10
57.047295633255544
 20
122.6020613745626
 30
0.0
 70
0
  0
VERTEX
  5
D61
  8
IC_DELIKLER
 10
57.091679865641595
 20
122.41797920247566
 30
0.0
 70
0
  0
VERTEX
  5
D62
  8
IC_DELIKLER
 10
57.1369677083409
 20
122.23414476060486
 30
0.0
 70
0
  0
VERTEX
  5
D63
  8
IC_DELIKLER
 10
57.18315792790304
 20
122.05056290228691
 30
0.0
 70
0
  0
VERTEX
  5
D64
  8
IC_DELIKLER
 10
57.2302492694573
 20
121.86723847731051
 30
0.0
 70
0
  0
VERTEX
  5
D65
  8
IC_DELIKLER
 10
57.27824045689404
 20
121.68417633193664
 30
0.0
 70
0
  0
VERTEX
  5
D66
  8
IC_DELIKLER
 10
57.327130193051595
 20
121.50138130892546
 30
0.0
 70
0
  0
VERTEX
  5
D67
  8
IC_DELIKLER
 10
57.37691715990902
 20
121.3188582475698
 30
0.0
 70
0
  0
VERTEX
  5
D68
  8
IC_DELIKLER
 10
57.42760001878455
 20
121.13661198373617
 30
0.0
 70
0
  0
VERTEX
  5
D69
  8
IC_DELIKLER
 10
57.479177410540316
 20
120.95464734991316
 30
0.0
 70
0
  0
VERTEX
  5
D6A
  8
IC_DELIKLER
 10
57.53164795579338
 20
120.77296917526752
 30
0.0
 70
0
  0
VERTEX
  5
D6B
  8
IC_DELIKLER
 10
57.58501025513351
 20
120.59158228570865
 30
0.0
 70
0
  0
VERTEX
  5
D6C
  8
IC_DELIKLER
 10
57.63926288934766
 20
120.4104915039614
 30
0.0
 70
0
  0
VERTEX
  5
D6D
  8
IC_DELIKLER
 10
57.69440441965177
 20
120.22970164964781
 30
0.0
 70
0
  0
VERTEX
  5
D6E
  8
IC_DELIKLER
 10
57.75043338792991
 20
120.04921753937805
 30
0.0
 70
0
  0
VERTEX
  5
D6F
  8
IC_DELIKLER
 10
57.80734831698135
 20
119.86904398685152
 30
0.0
 70
0
  0
VERTEX
  5
D70
  8
IC_DELIKLER
 10
57.86514771077549
 20
119.6891858029673
 30
0.0
 70
0
  0
VERTEX
  5
D71
  8
IC_DELIKLER
 10
57.923830054715474
 20
119.50964779594614
 30
0.0
 70
0
  0
VERTEX
  5
D72
  8
IC_DELIKLER
 10
57.9833938159105
 20
119.33043477146276
 30
0.0
 70
0
  0
VERTEX
  5
D73
  8
IC_DELIKLER
 10
58.04383744345745
 20
119.15155153279028
 30
0.0
 70
0
  0
VERTEX
  5
D74
  8
IC_DELIKLER
 10
58.10515936873194
 20
118.97300288095687
 30
0.0
 70
0
  0
VERTEX
  5
D75
  8
IC_DELIKLER
 10
58.16735800568971
 20
118.79479361491468
 30
0.0
 70
0
  0
VERTEX
  5
D76
  8
IC_DELIKLER
 10
58.23043175117846
 20
118.61692853172272
 30
0.0
 70
0
  0
VERTEX
  5
D77
  8
IC_DELIKLER
 10
58.29437898526064
 20
118.43941242674336
 30
0.0
 70
0
  0
VERTEX
  5
D78
  8
IC_DELIKLER
 10
58.359198071548064
 20
118.26225009385399
 30
0.0
 70
0
  0
VERTEX
  5
D79
  8
IC_DELIKLER
 10
58.42488735754837
 20
118.08544632567373
 30
0.0
 70
0
  0
VERTEX
  5
D7A
  8
IC_DELIKLER
 10
58.49144517502458
 20
117.90900591380654
 30
0.0
 70
0
  0
VERTEX
  5
D7B
  8
IC_DELIKLER
 10
58.5588698403678
 20
117.73293364910145
 30
0.0
 70
0
  0
VERTEX
  5
D7C
  8
IC_DELIKLER
 10
58.62715965498419
 20
117.55723432193088
 30
0.0
 70
0
  0
VERTEX
  5
D7D
  8
IC_DELIKLER
 10
58.696312905696615
 20
117.38191272248736
 30
0.0
 70
0
  0
VERTEX
  5
D7E
  8
IC_DELIKLER
 10
58.766327865162125
 20
117.20697364110077
 30
0.0
 70
0
  0
VERTEX
  5
D7F
  8
IC_DELIKLER
 10
58.837202792305604
 20
117.03242186857588
 30
0.0
 70
0
  0
VERTEX
  5
D80
  8
IC_DELIKLER
 10
58.90893593277106
 20
116.85826219655237
 30
0.0
 70
0
  0
VERTEX
  5
D81
  8
IC_DELIKLER
 10
58.9815255193909
 20
116.68449941788793
 30
0.0
 70
0
  0
VERTEX
  5
D82
  8
IC_DELIKLER
 10
59.054969772674895
 20
116.51113832706605
 30
0.0
 70
0
  0
VERTEX
  5
D83
  8
IC_DELIKLER
 10
59.12926690131921
 20
116.33818372062927
 30
0.0
 70
0
  0
VERTEX
  5
D84
  8
IC_DELIKLER
 10
59.20441510273721
 20
116.16564039764037
 30
0.0
 70
0
  0
VERTEX
  5
D85
  8
IC_DELIKLER
 10
59.28041256361314
 20
115.99351316017186
 30
0.0
 70
0
  0
VERTEX
  5
D86
  8
IC_DELIKLER
 10
59.35725746047984
 20
115.82180681382653
 30
0.0
 70
0
  0
VERTEX
  5
D87
  8
IC_DELIKLER
 10
59.434947960322305
 20
115.65052616829013
 30
0.0
 70
0
  0
VERTEX
  5
D88
  8
IC_DELIKLER
 10
59.513482221208236
 20
115.47967603791795
 30
0.0
 70
0
  0
VERTEX
  5
D89
  8
IC_DELIKLER
 10
59.59285839294764
 20
115.3092612423585
 30
0.0
 70
0
  0
VERTEX
  5
D8A
  8
IC_DELIKLER
 10
59.673074617783
 20
115.13928660721473
 30
0.0
 70
0
  0
VERTEX
  5
D8B
  8
IC_DELIKLER
 10
59.754129031112065
 20
114.96975696474672
 30
0.0
 70
0
  0
VERTEX
  5
D8C
  8
IC_DELIKLER
 10
59.83601976224536
 20
114.80067715461755
 30
0.0
 70
0
  0
VERTEX
  5
D8D
  8
IC_DELIKLER
 10
59.91874493520061
 20
114.63205202468501
 30
0.0
 70
0
  0
VERTEX
  5
D8E
  8
IC_DELIKLER
 10
60.002302669536604
 20
114.46388643184261
 30
0.0
 70
0
  0
VERTEX
  5
D8F
  8
IC_DELIKLER
 10
60.08669108122898
 20
114.2961852429126
 30
0.0
 70
0
  0
VERTEX
  5
D90
  8
IC_DELIKLER
 10
60.17190828359088
 20
114.12895333559442
 30
0.0
 70
0
  0
VERTEX
  5
D91
  8
IC_DELIKLER
 10
60.25795238824162
 20
113.96219559947252
 30
0.0
 70
0
  0
VERTEX
  5
D92
  8
IC_DELIKLER
 10
60.34482150612647
 20
113.79591693708727
 30
0.0
 70
0
  0
VERTEX
  5
D93
  8
IC_DELIKLER
 10
60.432513748591305
 20
113.63012226507314
 30
0.0
 70
0
  0
VERTEX
  5
D94
  8
IC_DELIKLER
 10
60.52102722851621
 20
113.46481651536939
 30
0.0
 70
0
  0
VERTEX
  5
D95
  8
IC_DELIKLER
 10
60.61036006151185
 20
113.30000463650725
 30
0.0
 70
0
  0
VERTEX
  5
D96
  8
IC_DELIKLER
 10
60.70051036718373
 20
113.13569159498013
 30
0.0
 70
0
  0
VERTEX
  5
D97
  8
IC_DELIKLER
 10
60.791476270469126
 20
112.97188237670198
 30
0.0
 70
0
  0
VERTEX
  5
D98
  8
IC_DELIKLER
 10
60.88325590305205
 20
112.8085819885608
 30
0.0
 70
0
  0
VERTEX
  5
D99
  8
IC_DELIKLER
 10
60.97584740486261
 20
112.64579546007363
 30
0.0
 70
0
  0
VERTEX
  5
D9A
  8
IC_DELIKLER
 10
61.06924892566714
 20
112.48352784515129
 30
0.0
 70
0
  0
VERTEX
  5
D9B
  8
IC_DELIKLER
 10
61.163458626756004
 20
112.32178422398096
 30
0.0
 70
0
  0
VERTEX
  5
D9C
  8
IC_DELIKLER
 10
61.258474682737486
 20
112.16056970503527
 30
0.0
 70
0
  0
VERTEX
  5
D9D
  8
IC_DELIKLER
 10
61.35429528344571
 20
111.99988942721873
 30
0.0
 70
0
  0
VERTEX
  5
D9E
  8
IC_DELIKLER
 10
61.4509186359727
 20
111.8397485621611
 30
0.0
 70
0
  0
VERTEX
  5
D9F
  8
IC_DELIKLER
 10
61.54834296683437
 20
111.68015231667101
 30
0.0
 70
0
  0
VERTEX
  5
DA0
  8
IC_DELIKLER
 10
61.64656652428221
 20
111.52110593536165
 30
0.0
 70
0
  0
VERTEX
  5
DA1
  8
IC_DELIKLER
 10
61.74558758077317
 20
111.36261470346386
 30
0.0
 70
0
  0
VERTEX
  5
DA2
  8
IC_DELIKLER
 10
61.845404435611684
 20
111.20468394984172
 30
0.0
 70
0
  0
VERTEX
  5
DA3
  8
IC_DELIKLER
 10
61.94601541777911
 20
111.04731905022874
 30
0.0
 70
0
  0
VERTEX
  5
DA4
  8
IC_DELIKLER
 10
62.047418888967606
 20
110.89052543070306
 30
0.0
 70
0
  0
VERTEX
  5
DA5
  8
IC_DELIKLER
 10
62.149613246837454
 20
110.73430857142424
 30
0.0
 70
0
  0
VERTEX
  5
DA6
  8
IC_DELIKLER
 10
62.25259692851866
 20
110.57867401065366
 30
0.0
 70
0
  0
VERTEX
  5
DA7
  8
IC_DELIKLER
 10
62.356368414380086
 20
110.42362734908619
 30
0.0
 70
0
  0
VERTEX
  5
DA8
  8
IC_DELIKLER
 10
62.46092623209226
 20
110.2691742545212
 30
0.0
 70
0
  0
VERTEX
  5
DA9
  8
IC_DELIKLER
 10
62.56626896101286
 20
110.11532046690613
 30
0.0
 70
0
  0
VERTEX
  5
DAA
  8
IC_DELIKLER
 10
62.67239523692715
 20
109.962071803788
 30
0.0
 70
0
  0
VERTEX
  5
DAB
  8
IC_DELIKLER
 10
62.779303757179946
 20
109.80943416621417
 30
0.0
 70
0
  0
VERTEX
  5
DAC
  8
IC_DELIKLER
 10
62.88699328624
 20
109.65741354512687
 30
0.0
 70
0
  0
VERTEX
  5
DAD
  8
IC_DELIKLER
 10
62.9954626617426
 20
109.5060160283029
 30
0.0
 70
0
  0
VERTEX
  5
DAE
  8
IC_DELIKLER
 10
63.10471080106229
 20
109.35524780789567
 30
0.0
 70
0
  0
VERTEX
  5
DAF
  8
IC_DELIKLER
 10
63.21473670847464
 20
109.20511518864379
 30
0.0
 70
0
  0
VERTEX
  5
DB0
  8
IC_DELIKLER
 10
63.32553948297308
 20
109.05562459681931
 30
0.0
 70
0
  0
VERTEX
  5
DB1
  8
IC_DELIKLER
 10
63.437118326816496
 20
108.90678258999833
 30
0.0
 70
0
  0
VERTEX
  5
DB2
  8
IC_DELIKLER
 10
63.549472554893455
 20
108.7585958677476
 30
0.0
 70
0
  0
VERTEX
  5
DB3
  8
IC_DELIKLER
 10
63.6626016050011
 20
108.61107128333384
 30
0.0
 70
0
  0
VERTEX
  5
DB4
  8
IC_DELIKLER
 10
63.77650504915107
 20
108.46421585657811
 30
0.0
 70
0
  0
VERTEX
  5
DB5
  8
IC_DELIKLER
 10
63.89118260603118
 20
108.31803678799434
 30
0.0
 70
0
  0
VERTEX
  5
DB6
  8
IC_DELIKLER
 10
64.00663415477146
 20
108.17254147437276
 30
0.0
 70
0
  0
VERTEX
  5
DB7
  8
IC_DELIKLER
 10
64.12285975018578
 20
108.02773752599302
 30
0.0
 70
0
  0
VERTEX
  5
DB8
  8
IC_DELIKLER
 10
64.23985963968788
 20
107.88363278567985
 30
0.0
 70
0
  0
VERTEX
  5
DB9
  8
IC_DELIKLER
 10
64.35763428211244
 20
107.74023534995004
 30
0.0
 70
0
  0
VERTEX
  5
DBA
  8
IC_DELIKLER
 10
64.47618436871106
 20
107.5975535925376
 30
0.0
 70
0
  0
VERTEX
  5
DBB
  8
IC_DELIKLER
 10
64.59551084663833
 20
107.4555961906348
 30
0.0
 70
0
  0
VERTEX
  5
DBC
  8
IC_DELIKLER
 10
64.71561494529944
 20
107.31437215424307
 30
0.0
 70
0
  0
VERTEX
  5
DBD
  8
IC_DELIKLER
 10
64.83649820599717
 20
107.17389085909952
 30
0.0
 70
0
  0
VERTEX
  5
DBE
  8
IC_DELIKLER
 10
64.95816251539824
 20
107.03416208372803
 30
0.0
 70
0
  0
VERTEX
  5
DBF
  8
IC_DELIKLER
 10
65.0806101434375
 20
106.89519605126918
 30
0.0
 70
0
  0
VERTEX
  5
DC0
  8
IC_DELIKLER
 10
65.20384378640131
 20
106.75700347686865
 30
0.0
 70
0
  0
VERTEX
  5
DC1
  8
IC_DELIKLER
 10
65.32786661608156
 20
106.61959562156039
 30
0.0
 70
0
  0
VERTEX
  5
DC2
  8
IC_DELIKLER
 10
65.45268233607892
 20
106.48298435377464
 30
0.0
 70
0
  0
VERTEX
  5
DC3
  8
IC_DELIKLER
 10
65.57829524656773
 20
106.34718221984139
 30
0.0
 70
0
  0
VERTEX
  5
DC4
  8
IC_DELIKLER
 10
65.70471031912935
 20
106.21220252516383
 30
0.0
 70
0
  0
VERTEX
  5
DC5
  8
IC_DELIKLER
 10
65.83193328363411
 20
106.07805942811945
 30
0.0
 70
0
  0
VERTEX
  5
DC6
  8
IC_DELIKLER
 10
65.95997072962874
 20
105.94476804923539
 30
0.0
 70
0
  0
VERTEX
  5
DC7
  8
IC_DELIKLER
 10
66.08883022530127
 20
105.81234459881429
 30
0.0
 70
0
  0
VERTEX
  5
DC8
  8
IC_DELIKLER
 10
66.21852045789485
 20
105.68080652700209
 30
0.0
 70
0
  0
VERTEX
  5
DC9
  8
IC_DELIKLER
 10
66.34905140049159
 20
105.550172701359
 30
0.0
 70
0
  0
VERTEX
  5
DCA
  8
IC_DELIKLER
 10
66.48043451148028
 20
105.42046361841034
 30
0.0
 70
0
  0
VERTEX
  5
DCB
  8
IC_DELIKLER
 10
66.61268297489121
 20
105.29170165754834
 30
0.0
 70
0
  0
VERTEX
  5
DCC
  8
IC_DELIKLER
 10
66.74581199231866
 20
105.16391138822465
 30
0.0
 70
0
  0
VERTEX
  5
DCD
  8
IC_DELIKLER
 10
66.87983914064512
 20
105.03711994489896
 30
0.0
 70
0
  0
VERTEX
  5
DCE
  8
IC_DELIKLER
 10
67.01478481465972
 20
104.9113574891224
 30
0.0
 70
0
  0
VERTEX
  5
DCF
  8
IC_DELIKLER
 10
67.15067278058147
 20
104.78665778508852
 30
0.0
 70
0
  0
VERTEX
  5
DD0
  8
IC_DELIKLER
 10
67.2875308764886
 20
104.66305892500142
 30
0.0
 70
0
  0
VERTEX
  5
DD1
  8
IC_DELIKLER
 10
67.42539191035698
 20
104.54060425532012
 30
0.0
 70
0
  0
VERTEX
  5
DD2
  8
IC_DELIKLER
 10
67.5642948285207
 20
104.4193435770108
 30
0.0
 70
0
  0
VERTEX
  5
DD3
  8
IC_DELIKLER
 10
67.70428626143081
 20
104.29933472686452
 30
0.0
 70
0
  0
VERTEX
  5
DD4
  8
IC_DELIKLER
 10
67.84542260751121
 20
104.18064570052812
 30
0.0
 70
0
  0
VERTEX
  5
DD5
  8
IC_DELIKLER
 10
67.9877729039686
 20
104.06335756520812
 30
0.0
 70
0
  0
VERTEX
  5
DD6
  8
IC_DELIKLER
 10
68.13142288242322
 20
103.94756855742429
 30
0.0
 70
0
  0
VERTEX
  5
DD7
  8
IC_DELIKLER
 10
68.27648087005336
 20
103.83340002061396
 30
0.0
 70
0
  0
VERTEX
  5
DD8
  8
IC_DELIKLER
 10
68.4230866837062
 20
103.72100531675056
 30
0.0
 70
0
  0
VERTEX
  5
DD9
  8
IC_DELIKLER
 10
68.57142562020229
 20
103.61058378522267
 30
0.0
 70
0
  0
VERTEX
  5
DDA
  8
IC_DELIKLER
 10
68.72175166178761
 20
103.50240379815199
 30
0.0
 70
0
  0
VERTEX
  5
DDB
  8
IC_DELIKLER
 10
68.87442866577217
 20
103.39684350888515
 30
0.0
 70
0
  0
VERTEX
  5
DDC
  8
IC_DELIKLER
 10
69.03001036158803
 20
103.29446965058554
 30
0.0
 70
0
  0
VERTEX
  5
DDD
  8
IC_DELIKLER
 10
69.18941663284104
 20
103.19621041402854
 30
0.0
 70
0
  0
VERTEX
  5
DDE
  8
IC_DELIKLER
 10
69.35440483254865
 20
103.10381556246983
 30
0.0
 70
0
  0
VERTEX
  5
DDF
  8
IC_DELIKLER
 10
69.5293582615266
 20
103.02159387406627
 30
0.0
 70
0
  0
VERTEX
  5
DE0
  8
IC_DELIKLER
 10
69.75220681336548
 20
102.98620622010546
 30
0.0
 70
0
  0
VERTEX
  5
DE1
  8
IC_DELIKLER
 10
69.72737460467627
 20
103.20999256810248
 30
0.0
 70
0
  0
VERTEX
  5
DE2
  8
IC_DELIKLER
 10
69.65579657371579
 20
103.38803836073521
 30
0.0
 70
0
  0
VERTEX
  5
DE3
  8
IC_DELIKLER
 10
69.57540744262795
 20
103.55699937376741
 30
0.0
 70
0
  0
VERTEX
  5
DE4
  8
IC_DELIKLER
 10
69.49059531715865
 20
103.72117926753725
 30
0.0
 70
0
  0
VERTEX
  5
DE5
  8
IC_DELIKLER
 10
69.40312233256141
 20
103.88232266626957
 30
0.0
 70
0
  0
VERTEX
  5
DE6
  8
IC_DELIKLER
 10
69.31391313189053
 20
104.04135260059718
 30
0.0
 70
0
  0
VERTEX
  5
DE7
  8
IC_DELIKLER
 10
69.22352618114571
 20
104.19883062253027
 30
0.0
 70
0
  0
VERTEX
  5
DE8
  8
IC_DELIKLER
 10
69.13233005123097
 20
104.35512968335303
 30
0.0
 70
0
  0
VERTEX
  5
DE9
  8
IC_DELIKLER
 10
69.04058341492032
 20
104.5105129323176
 30
0.0
 70
0
  0
VERTEX
  5
DEA
  8
IC_DELIKLER
 10
68.94847623640462
 20
104.66517446523795
 30
0.0
 70
0
  0
VERTEX
  5
DEB
  8
IC_DELIKLER
 10
68.85615297665228
 20
104.81926237991038
 30
0.0
 70
0
  0
VERTEX
  5
DEC
  8
IC_DELIKLER
 10
68.76372658362259
 20
104.972892735096
 30
0.0
 70
0
  0
VERTEX
  5
DED
  8
IC_DELIKLER
 10
68.67128738628632
 20
105.1261584622425
 30
0.0
 70
0
  0
VERTEX
  5
DEE
  8
IC_DELIKLER
 10
68.57890899568004
 20
105.27913530319248
 30
0.0
 70
0
  0
VERTEX
  5
DEF
  8
IC_DELIKLER
 10
68.48665236044732
 20
105.43188590804121
 30
0.0
 70
0
  0
VERTEX
  5
DF0
  8
IC_DELIKLER
 10
68.3945686375597
 20
105.58446274794525
 30
0.0
 70
0
  0
VERTEX
  5
DF1
  8
IC_DELIKLER
 10
68.30270127608387
 20
105.73691023825839
 30
0.0
 70
0
  0
VERTEX
  5
DF2
  8
IC_DELIKLER
 10
68.21108756285207
 20
105.88926631995486
 30
0.0
 70
0
  0
VERTEX
  5
DF3
  8
IC_DELIKLER
 10
68.11975979083522
 20
106.04156365998742
 30
0.0
 70
0
  0
VERTEX
  5
DF4
  8
IC_DELIKLER
 10
68.02874615709405
 20
106.19383057763793
 30
0.0
 70
0
  0
VERTEX
  5
DF5
  8
IC_DELIKLER
 10
67.93807146312147
 20
106.34609176999217
 30
0.0
 70
0
  0
VERTEX
  5
DF6
  8
IC_DELIKLER
 10
67.84775766827991
 20
106.49836888759774
 30
0.0
 70
0
  0
VERTEX
  5
DF7
  8
IC_DELIKLER
 10
67.7578243323335
 20
106.65068099665481
 30
0.0
 70
0
  0
VERTEX
  5
DF8
  8
IC_DELIKLER
 10
67.66828897308719
 20
106.80304495407285
 30
0.0
 70
0
  0
VERTEX
  5
DF9
  8
IC_DELIKLER
 10
67.57916735822442
 20
106.95547571477064
 30
0.0
 70
0
  0
VERTEX
  5
DFA
  8
IC_DELIKLER
 10
67.49047374555742
 20
107.10798658568723
 30
0.0
 70
0
  0
VERTEX
  5
DFB
  8
IC_DELIKLER
 10
67.40222108241107
 20
107.26058943744118
 30
0.0
 70
0
  0
VERTEX
  5
DFC
  8
IC_DELIKLER
 10
67.31442117232334
 20
107.41329488201126
 30
0.0
 70
0
  0
VERTEX
  5
DFD
  8
IC_DELIKLER
 10
67.22708481537617
 20
107.56611242291336
 30
0.0
 70
0
  0
VERTEX
  5
DFE
  8
IC_DELIKLER
 10
67.14022192707793
 20
107.71905058293677
 30
0.0
 70
0
  0
VERTEX
  5
DFF
  8
IC_DELIKLER
 10
67.05384163966885
 20
107.87211701342952
 30
0.0
 70
0
  0
VERTEX
  5
E00
  8
IC_DELIKLER
 10
66.96795238892153
 20
108.02531858831048
 30
0.0
 70
0
  0
VERTEX
  5
E01
  8
IC_DELIKLER
 10
66.88256198889326
 20
108.17866148535381
 30
0.0
 70
0
  0
VERTEX
  5
E02
  8
IC_DELIKLER
 10
66.7976776966105
 20
108.33215125680377
 30
0.0
 70
0
  0
VERTEX
  5
E03
  8
IC_DELIKLER
 10
66.71330626829213
 20
108.48579289099456
 30
0.0
 70
0
  0
VERTEX
  5
E04
  8
IC_DELIKLER
 10
66.62945400842382
 20
108.63959086634571
 30
0.0
 70
0
  0
VERTEX
  5
E05
  8
IC_DELIKLER
 10
66.54612681276258
 20
108.79354919886296
 30
0.0
 70
0
  0
VERTEX
  5
E06
  8
IC_DELIKLER
 10
66.46333020616241
 20
108.94767148408079
 30
0.0
 70
0
  0
VERTEX
  5
E07
  8
IC_DELIKLER
 10
66.38106937596257
 20
109.10196093422715
 30
0.0
 70
0
  0
VERTEX
  5
E08
  8
IC_DELIKLER
 10
66.29934920155713
 20
109.25642041126301
 30
0.0
 70
0
  0
VERTEX
  5
E09
  8
IC_DELIKLER
 10
66.21817428066554
 20
109.41105245634759
 30
0.0
 70
0
  0
VERTEX
  5
E0A
  8
IC_DELIKLER
 10
66.13754895274224
 20
109.56585931619321
 30
0.0
 70
0
  0
VERTEX
  5
E0B
  8
IC_DELIKLER
 10
66.05747731989663
 20
109.72084296670542
 30
0.0
 70
0
  0
VERTEX
  5
E0C
  8
IC_DELIKLER
 10
65.97796326563873
 20
109.87600513424437
 30
0.0
 70
0
  0
VERTEX
  5
E0D
  8
IC_DELIKLER
 10
65.89901047172009
 20
110.03134731479611
 30
0.0
 70
0
  0
VERTEX
  5
E0E
  8
IC_DELIKLER
 10
65.82062243330103
 20
110.18687079130112
 30
0.0
 70
0
  0
VERTEX
  5
E0F
  8
IC_DELIKLER
 10
65.74280247264278
 20
110.34257664935342
 30
0.0
 70
0
  0
VERTEX
  5
E10
  8
IC_DELIKLER
 10
65.66555375149568
 20
110.49846579145574
 30
0.0
 70
0
  0
VERTEX
  5
E11
  8
IC_DELIKLER
 10
65.58887928233216
 20
110.65453894998993
 30
0.0
 70
0
  0
VERTEX
  5
E12
  8
IC_DELIKLER
 10
65.51278193855322
 20
110.81079669904346
 30
0.0
 70
0
  0
VERTEX
  5
E13
  8
IC_DELIKLER
 10
65.43726446378079
 20
110.96723946521311
 30
0.0
 70
0
  0
VERTEX
  5
E14
  8
IC_DELIKLER
 10
65.36232948033404
 20
111.12386753749294
 30
0.0
 70
0
  0
VERTEX
  5
E15
  8
IC_DELIKLER
 10
65.28797949697523
 20
111.28068107634041
 30
0.0
 70
0
  0
VERTEX
  5
E16
  8
IC_DELIKLER
 10
65.21421691600119
 20
111.43768012200331
 30
0.0
 70
0
  0
VERTEX
  5
E17
  8
IC_DELIKLER
 10
65.14104403974626
 20
111.59486460217977
 30
0.0
 70
0
  0
VERTEX
  5
E18
  8
IC_DELIKLER
 10
65.06846307655564
 20
111.752234339077
 30
0.0
 70
0
  0
VERTEX
  5
E19
  8
IC_DELIKLER
 10
64.99647614628104
 20
111.90978905592488
 30
0.0
 70
0
  0
VERTEX
  5
E1A
  8
IC_DELIKLER
 10
64.92508528534424
 20
112.06752838299576
 30
0.0
 70
0
  0
VERTEX
  5
E1B
  8
IC_DELIKLER
 10
64.85429245141009
 20
112.22545186317603
 30
0.0
 70
0
  0
VERTEX
  5
E1C
  8
IC_DELIKLER
 10
64.78409952770461
 20
112.38355895712925
 30
0.0
 70
0
  0
VERTEX
  5
E1D
  8
IC_DELIKLER
 10
64.71450832701133
 20
112.54184904808767
 30
0.0
 70
0
  0
VERTEX
  5
E1E
  8
IC_DELIKLER
 10
64.64552059537422
 20
112.70032144630409
 30
0.0
 70
0
  0
VERTEX
  5
E1F
  8
IC_DELIKLER
 10
64.57713801553378
 20
112.85897539319356
 30
0.0
 70
0
  0
VERTEX
  5
E20
  8
IC_DELIKLER
 10
64.50936221011924
 20
113.01781006519084
 30
0.0
 70
0
  0
VERTEX
  5
E21
  8
IC_DELIKLER
 10
64.44219474461804
 20
113.17682457734722
 30
0.0
 70
0
  0
VERTEX
  5
E22
  8
IC_DELIKLER
 10
64.37563713014131
 20
113.33601798668832
 30
0.0
 70
0
  0
VERTEX
  5
E23
  8
IC_DELIKLER
 10
64.30969082600242
 20
113.49538929535163
 30
0.0
 70
0
  0
VERTEX
  5
E24
  8
IC_DELIKLER
 10
64.24435724212397
 20
113.65493745352185
 30
0.0
 70
0
  0
VERTEX
  5
E25
  8
IC_DELIKLER
 10
64.17963774128721
 20
113.81466136217927
 30
0.0
 70
0
  0
VERTEX
  5
E26
  8
IC_DELIKLER
 10
64.11553364123621
 20
113.97455987567571
 30
0.0
 70
0
  0
VERTEX
  5
E27
  8
IC_DELIKLER
 10
64.05204621664866
 20
114.1346318041515
 30
0.0
 70
0
  0
VERTEX
  5
E28
  8
IC_DELIKLER
 10
63.989176700983094
 20
114.29487591580488
 30
0.0
 70
0
  0
VERTEX
  5
E29
  8
IC_DELIKLER
 10
63.926926288212556
 20
114.45529093902493
 30
0.0
 70
0
  0
VERTEX
  5
E2A
  8
IC_DELIKLER
 10
63.86529613445291
 20
114.61587556439781
 30
0.0
 70
0
  0
VERTEX
  5
E2B
  8
IC_DELIKLER
 10
63.80428735949391
 20
114.77662844659565
 30
0.0
 70
0
  0
VERTEX
  5
E2C
  8
IC_DELIKLER
 10
63.743901048239834
 20
114.93754820615612
 30
0.0
 70
0
  0
VERTEX
  5
E2D
  8
IC_DELIKLER
 10
63.68413825206674
 20
115.09863343116038
 30
0.0
 70
0
  0
VERTEX
  5
E2E
  8
IC_DELIKLER
 10
63.6249999901019
 20
115.25988267881652
 30
0.0
 70
0
  0
VERTEX
  5
E2F
  8
IC_DELIKLER
 10
63.56648725043111
 20
115.42129447695464
 30
0.0
 70
0
  0
VERTEX
  5
E30
  8
IC_DELIKLER
 10
63.508600991238964
 20
115.58286732543979
 30
0.0
 70
0
  0
VERTEX
  5
E31
  8
IC_DELIKLER
 10
63.45134214188649
 20
115.74459969750802
 30
0.0
 70
0
  0
VERTEX
  5
E32
  8
IC_DELIKLER
 10
63.3947116039307
 20
115.90649004103068
 30
0.0
 70
0
  0
VERTEX
  5
E33
  8
IC_DELIKLER
 10
63.33871025208985
 20
116.06853677971125
 30
0.0
 70
0
  0
VERTEX
  5
E34
  8
IC_DELIKLER
 10
63.28333893515785
 20
116.23073831421974
 30
0.0
 70
0
  0
VERTEX
  5
E35
  8
IC_DELIKLER
 10
63.22859847687151
 20
116.3930930232676
 30
0.0
 70
0
  0
VERTEX
  5
E36
  8
IC_DELIKLER
 10
63.17448967673338
 20
116.5555992646278
 30
0.0
 70
0
  0
VERTEX
  5
E37
  8
IC_DELIKLER
 10
63.12101331079316
 20
116.71825537610263
 30
0.0
 70
0
  0
VERTEX
  5
E38
  8
IC_DELIKLER
 10
63.068170132390335
 20
116.88105967644304
 30
0.0
 70
0
  0
VERTEX
  5
E39
  8
IC_DELIKLER
 10
63.015960872860454
 20
117.04401046622186
 30
0.0
 70
0
  0
VERTEX
  5
E3A
  8
IC_DELIKLER
 10
62.96438624220716
 20
117.20710602866421
 30
0.0
 70
0
  0
VERTEX
  5
E3B
  8
IC_DELIKLER
 10
62.91344692974226
 20
117.37034463043702
 30
0.0
 70
0
  0
VERTEX
  5
E3C
  8
IC_DELIKLER
 10
62.863143604695736
 20
117.53372452240055
 30
0.0
 70
0
  0
VERTEX
  5
E3D
  8
IC_DELIKLER
 10
62.81347691679734
 20
117.69724394032363
 30
0.0
 70
0
  0
VERTEX
  5
E3E
  8
IC_DELIKLER
 10
62.76444749683168
 20
117.86090110556498
 30
0.0
 70
0
  0
VERTEX
  5
E3F
  8
IC_DELIKLER
 10
62.71605595716808
 20
118.02469422572253
 30
0.0
 70
0
  0
VERTEX
  5
E40
  8
IC_DELIKLER
 10
62.668302892267
 20
118.18862149525214
 30
0.0
 70
0
  0
VERTEX
  5
E41
  8
IC_DELIKLER
 10
62.62118887916407
 20
118.35268109605772
 30
0.0
 70
0
  0
VERTEX
  5
E42
  8
IC_DELIKLER
 10
62.574714477933114
 20
118.51687119805445
 30
0.0
 70
0
  0
VERTEX
  5
E43
  8
IC_DELIKLER
 10
62.528880232129325
 20
118.68118995970588
 30
0.0
 70
0
  0
VERTEX
  5
E44
  8
IC_DELIKLER
 10
62.48368666921372
 20
118.84563552853717
 30
0.0
 70
0
  0
VERTEX
  5
E45
  8
IC_DELIKLER
 10
62.43913430095993
 20
119.01020604162494
 30
0.0
 70
0
  0
VERTEX
  5
E46
  8
IC_DELIKLER
 10
62.395223623844025
 20
119.17489962606538
 30
0.0
 70
0
  0
VERTEX
  5
E47
  8
IC_DELIKLER
 10
62.35195511941875
 20
119.3397143994217
 30
0.0
 70
0
  0
VERTEX
  5
E48
  8
IC_DELIKLER
 10
62.30932925467236
 20
119.5046484701517
 30
0.0
 70
0
  0
VERTEX
  5
E49
  8
IC_DELIKLER
 10
62.26734648237368
 20
119.66969993801695
 30
0.0
 70
0
  0
VERTEX
  5
E4A
  8
IC_DELIKLER
 10
62.22600724140316
 20
119.83486689447389
 30
0.0
 70
0
  0
VERTEX
  5
E4B
  8
IC_DELIKLER
 10
62.185311957071384
 20
120.00014742304816
 30
0.0
 70
0
  0
VERTEX
  5
E4C
  8
IC_DELIKLER
 10
62.145261041425364
 20
120.16553959969309
 30
0.0
 70
0
  0
VERTEX
  5
E4D
  8
IC_DELIKLER
 10
62.10585489354319
 20
120.33104149313246
 30
0.0
 70
0
  0
VERTEX
  5
E4E
  8
IC_DELIKLER
 10
62.067093899817735
 20
120.49665116518906
 30
0.0
 70
0
  0
VERTEX
  5
E4F
  8
IC_DELIKLER
 10
62.02897843422984
 20
120.66236667109916
 30
0.0
 70
0
  0
VERTEX
  5
E50
  8
IC_DELIKLER
 10
61.99150885861154
 20
120.82818605981407
 30
0.0
 70
0
  0
VERTEX
  5
E51
  8
IC_DELIKLER
 10
61.95468552289983
 20
120.9941073742886
 30
0.0
 70
0
  0
VERTEX
  5
E52
  8
IC_DELIKLER
 10
61.918508765381354
 20
121.16012865175799
 30
0.0
 70
0
  0
VERTEX
  5
E53
  8
IC_DELIKLER
 10
61.88297891292844
 20
121.32624792400304
 30
0.0
 70
0
  0
VERTEX
  5
E54
  8
IC_DELIKLER
 10
61.84809628122696
 20
121.49246321760447
 30
0.0
 70
0
  0
VERTEX
  5
E55
  8
IC_DELIKLER
 10
61.81386117499626
 20
121.65877255418667
 30
0.0
 70
0
  0
VERTEX
  5
E56
  8
IC_DELIKLER
 10
61.78027388820161
 20
121.82517395065159
 30
0.0
 70
0
  0
VERTEX
  5
E57
  8
IC_DELIKLER
 10
61.747334704259515
 20
121.99166541940292
 30
0.0
 70
0
  0
VERTEX
  5
E58
  8
IC_DELIKLER
 10
61.715043896236054
 20
122.15824496856123
 30
0.0
 70
0
  0
VERTEX
  5
E59
  8
IC_DELIKLER
 10
61.68340172703877
 20
122.3249106021704
 30
0.0
 70
0
  0
VERTEX
  5
E5A
  8
IC_DELIKLER
 10
61.65240844960208
 20
122.49166032039562
 30
0.0
 70
0
  0
VERTEX
  5
E5B
  8
IC_DELIKLER
 10
61.62206430706694
 20
122.65849211971312
 30
0.0
 70
0
  0
VERTEX
  5
E5C
  8
IC_DELIKLER
 10
61.59236953295444
 20
122.82540399309286
 30
0.0
 70
0
  0
VERTEX
  5
E5D
  8
IC_DELIKLER
 10
61.56332435133404
 20
122.99239393017322
 30
0.0
 70
0
  0
VERTEX
  5
E5E
  8
IC_DELIKLER
 10
61.534928976986336
 20
123.15945991742893
 30
0.0
 70
0
  0
VERTEX
  5
E5F
  8
IC_DELIKLER
 10
61.50718361556089
 20
123.32659993833232
 30
0.0
 70
0
  0
VERTEX
  5
E60
  8
IC_DELIKLER
 10
61.48008846372899
 20
123.49381197350789
 30
0.0
 70
0
  0
VERTEX
  5
E61
  8
IC_DELIKLER
 10
61.45364370933173
 20
123.66109400088075
 30
0.0
 70
0
  0
VERTEX
  5
E62
  8
IC_DELIKLER
 10
61.42784953152365
 20
123.82844399581921
 30
0.0
 70
0
  0
VERTEX
  5
E63
  8
IC_DELIKLER
 10
61.40270610091177
 20
123.99585993127147
 30
0.0
 70
0
  0
VERTEX
  5
E64
  8
IC_DELIKLER
 10
61.378213579690666
 20
124.16333977789685
 30
0.0
 70
0
  0
VERTEX
  5
E65
  8
IC_DELIKLER
 10
61.35437212177336
 20
124.33088150419184
 30
0.0
 70
0
  0
VERTEX
  5
E66
  8
IC_DELIKLER
 10
61.33118187291823
 20
124.49848307661088
 30
0.0
 70
0
  0
VERTEX
  5
E67
  8
IC_DELIKLER
 10
61.30864297085229
 20
124.66614245968267
 30
0.0
 70
0
  0
VERTEX
  5
E68
  8
IC_DELIKLER
 10
61.28675554539067
 20
124.83385761612132
 30
0.0
 70
0
  0
VERTEX
  5
E69
  8
IC_DELIKLER
 10
61.26551971855274
 20
125.00162650693323
 30
0.0
 70
0
  0
VERTEX
  5
E6A
  8
IC_DELIKLER
 10
61.244935604674694
 20
125.16944709151974
 30
0.0
 70
0
  0
VERTEX
  5
E6B
  8
IC_DELIKLER
 10
61.22500331051883
 20
125.33731732777537
 30
0.0
 70
0
  0
VERTEX
  5
E6C
  8
IC_DELIKLER
 10
61.20572293537981
 20
125.50523517218238
 30
0.0
 70
0
  0
VERTEX
  5
E6D
  8
IC_DELIKLER
 10
61.18709457118759
 20
125.67319857990111
 30
0.0
 70
0
  0
VERTEX
  5
E6E
  8
IC_DELIKLER
 10
61.16911830260763
 20
125.84120550485702
 30
0.0
 70
0
  0
VERTEX
  5
E6F
  8
IC_DELIKLER
 10
61.15179420713791
 20
126.0092538998237
 30
0.0
 70
0
  0
VERTEX
  5
E70
  8
IC_DELIKLER
 10
61.13512235520344
 20
126.17734171650301
 30
0.0
 70
0
  0
VERTEX
  5
E71
  8
IC_DELIKLER
 10
61.11910281024782
 20
126.34546690560146
 30
0.0
 70
0
  0
VERTEX
  5
E72
  8
IC_DELIKLER
 10
61.10373562882221
 20
126.51362741690357
 30
0.0
 70
0
  0
VERTEX
  5
E73
  8
IC_DELIKLER
 10
61.0890208606718
 20
126.68182119934232
 30
0.0
 70
0
  0
VERTEX
  5
E74
  8
IC_DELIKLER
 10
61.07495854881965
 20
126.85004620106642
 30
0.0
 70
0
  0
VERTEX
  5
E75
  8
IC_DELIKLER
 10
61.0615487296483
 20
127.01830036950497
 30
0.0
 70
0
  0
VERTEX
  5
E76
  8
IC_DELIKLER
 10
61.04879143297867
 20
127.18658165142918
 30
0.0
 70
0
  0
VERTEX
  5
E77
  8
IC_DELIKLER
 10
61.03668668214711
 20
127.35488799301166
 30
0.0
 70
0
  0
VERTEX
  5
E78
  8
IC_DELIKLER
 10
61.02523449407979
 20
127.52321733988308
 30
0.0
 70
0
  0
VERTEX
  5
E79
  8
IC_DELIKLER
 10
61.014434879365105
 20
127.69156763718655
 30
0.0
 70
0
  0
VERTEX
  5
E7A
  8
IC_DELIKLER
 10
61.00428784232399
 20
127.85993682962928
 30
0.0
 70
0
  0
VERTEX
  5
E7B
  8
IC_DELIKLER
 10
60.994793381077955
 20
128.02832286153256
 30
0.0
 70
0
  0
VERTEX
  5
E7C
  8
IC_DELIKLER
 10
60.98595148761531
 20
128.19672367687912
 30
0.0
 70
0
  0
VERTEX
  5
E7D
  8
IC_DELIKLER
 10
60.97776214785523
 20
128.3651372193585
 30
0.0
 70
0
  0
VERTEX
  5
E7E
  8
IC_DELIKLER
 10
60.97022534170996
 20
128.53356143241075
 30
0.0
 70
0
  0
VERTEX
  5
E7F
  8
IC_DELIKLER
 10
60.96334104314512
 20
128.7019942592676
 30
0.0
 70
0
  0
VERTEX
  5
E80
  8
IC_DELIKLER
 10
60.95710922023809
 20
128.8704336429924
 30
0.0
 70
0
  0
VERTEX
  5
E81
  8
IC_DELIKLER
 10
60.951529835234645
 20
129.0388775265178
 30
0.0
 70
0
  0
VERTEX
  5
E82
  8
IC_DELIKLER
 10
60.94660284460383
 20
129.20732385268218
 30
0.0
 70
0
  0
VERTEX
  5
E83
  8
IC_DELIKLER
 10
60.94232819909089
 20
129.37577056426392
 30
0.0
 70
0
  0
VERTEX
  5
E84
  8
IC_DELIKLER
 10
60.938705843768844
 20
129.54421560401448
 30
0.0
 70
0
  0
VERTEX
  5
E85
  8
IC_DELIKLER
 10
60.93573571808795
 20
129.71265691468992
 30
0.0
 70
0
  0
VERTEX
  5
E86
  8
IC_DELIKLER
 10
60.93341775592389
 20
129.88109243908073
 30
0.0
 70
0
  0
VERTEX
  5
E87
  8
IC_DELIKLER
 10
60.931751885624145
 20
130.04952012004065
 30
0.0
 70
0
  0
VERTEX
  5
E88
  8
IC_DELIKLER
 10
60.930738030052794
 20
130.2179379005139
 30
0.0
 70
0
  0
VERTEX
  5
E89
  8
IC_DELIKLER
 10
60.93037610663375
 20
130.38634372356103
 30
0.0
 70
0
  0
VERTEX
  5
E8A
  8
IC_DELIKLER
 10
60.93066602739259
 20
130.55473553238386
 30
0.0
 70
0
  0
VERTEX
  5
E8B
  8
IC_DELIKLER
 10
60.931607698996615
 20
130.7231112703492
 30
0.0
 70
0
  0
VERTEX
  5
E8C
  8
IC_DELIKLER
 10
60.933201022793654
 20
130.89146888101115
 30
0.0
 70
0
  0
VERTEX
  5
E8D
  8
IC_DELIKLER
 10
60.935445894849316
 20
131.05980630813275
 30
0.0
 70
0
  0
VERTEX
  5
E8E
  8
IC_DELIKLER
 10
60.93834220598276
 20
131.22812149570635
 30
0.0
 70
0
  0
VERTEX
  5
E8F
  8
IC_DELIKLER
 10
60.941889841801085
 20
131.39641238797307
 30
0.0
 70
0
  0
VERTEX
  5
E90
  8
IC_DELIKLER
 10
60.946088682732274
 20
131.56467692944153
 30
0.0
 70
0
  0
VERTEX
  5
E91
  8
IC_DELIKLER
 10
60.950938604056866
 20
131.73291306490538
 30
0.0
 70
0
  0
VERTEX
  5
E92
  8
IC_DELIKLER
 10
60.956439475938076
 20
131.90111873946032
 30
0.0
 70
0
  0
VERTEX
  5
E93
  8
IC_DELIKLER
 10
60.96259116345078
 20
132.0692918985202
 30
0.0
 70
0
  0
VERTEX
  5
E94
  8
IC_DELIKLER
 10
60.969393526608904
 20
132.23743048783234
 30
0.0
 70
0
  0
VERTEX
  5
E95
  8
IC_DELIKLER
 10
60.97684642039178
 20
132.40553245349247
 30
0.0
 70
0
  0
VERTEX
  5
E96
  8
IC_DELIKLER
 10
60.984949694768986
 20
132.5735957419584
 30
0.0
 70
0
  0
VERTEX
  5
E97
  8
IC_DELIKLER
 10
60.99370319472399
 20
132.74161830006395
 30
0.0
 70
0
  0
VERTEX
  5
E98
  8
IC_DELIKLER
 10
61.0031067602765
 20
132.9095980750314
 30
0.0
 70
0
  0
VERTEX
  5
E99
  8
IC_DELIKLER
 10
61.01316022650359
 20
133.07753301448426
 30
0.0
 70
0
  0
VERTEX
  5
E9A
  8
IC_DELIKLER
 10
61.02386342355944
 20
133.2454210664589
 30
0.0
 70
0
  0
VERTEX
  5
E9B
  8
IC_DELIKLER
 10
61.0352161766941
 20
133.41326017941623
 30
0.0
 70
0
  0
VERTEX
  5
E9C
  8
IC_DELIKLER
 10
61.0472183062707
 20
133.58104830225247
 30
0.0
 70
0
  0
VERTEX
  5
E9D
  8
IC_DELIKLER
 10
61.0598696277817
 20
133.74878338431023
 30
0.0
 70
0
  0
VERTEX
  5
E9E
  8
IC_DELIKLER
 10
61.07316995186388
 20
133.91646337538867
 30
0.0
 70
0
  0
VERTEX
  5
E9F
  8
IC_DELIKLER
 10
61.08711908431201
 20
134.08408622575342
 30
0.0
 70
0
  0
VERTEX
  5
EA0
  8
IC_DELIKLER
 10
61.101716826091454
 20
134.25164988614688
 30
0.0
 70
0
  0
VERTEX
  5
EA1
  8
IC_DELIKLER
 10
61.116962973349644
 20
134.41915230779736
 30
0.0
 70
0
  0
VERTEX
  5
EA2
  8
IC_DELIKLER
 10
61.13285731742617
 20
134.58659144242895
 30
0.0
 70
0
  0
VERTEX
  5
EA3
  8
IC_DELIKLER
 10
61.149399644861965
 20
134.7539652422705
 30
0.0
 70
0
  0
VERTEX
  5
EA4
  8
IC_DELIKLER
 10
61.166589737407136
 20
134.92127166006512
 30
0.0
 70
0
  0
VERTEX
  5
EA5
  8
IC_DELIKLER
 10
61.18442737202779
 20
135.08850864907907
 30
0.0
 70
0
  0
VERTEX
  5
EA6
  8
IC_DELIKLER
 10
61.20291232091161
 20
135.25567416311105
 30
0.0
 70
0
  0
VERTEX
  5
EA7
  8
IC_DELIKLER
 10
61.2220443514723
 20
135.42276615650135
 30
0.0
 70
0
  0
VERTEX
  5
EA8
  8
IC_DELIKLER
 10
61.24182322635306
 20
135.5897825841409
 30
0.0
 70
0
  0
VERTEX
  5
EA9
  8
IC_DELIKLER
 10
61.26224870342874
 20
135.7567214014805
 30
0.0
 70
0
  0
VERTEX
  5
EAA
  8
IC_DELIKLER
 10
61.28332053580688
 20
135.92358056454037
 30
0.0
 70
0
  0
VERTEX
  5
EAB
  8
IC_DELIKLER
 10
61.30503847182786
 20
136.0903580299195
 30
0.0
 70
0
  0
VERTEX
  5
EAC
  8
IC_DELIKLER
 10
61.32740225506366
 20
136.25705175480547
 30
0.0
 70
0
  0
VERTEX
  5
EAD
  8
IC_DELIKLER
 10
61.35041162431569
 20
136.4236596969842
 30
0.0
 70
0
  0
VERTEX
  5
EAE
  8
IC_DELIKLER
 10
61.37406631361138
 20
136.59017981485022
 30
0.0
 70
0
  0
VERTEX
  5
EAF
  8
IC_DELIKLER
 10
61.398366052199854
 20
136.75661006741728
 30
0.0
 70
0
  0
VERTEX
  5
EB0
  8
IC_DELIKLER
 10
61.42331056454632
 20
136.92294841432894
 30
0.0
 70
0
  0
VERTEX
  5
EB1
  8
IC_DELIKLER
 10
61.44889957032542
 20
137.0891928158699
 30
0.0
 70
0
  0
VERTEX
  5
EB2
  8
IC_DELIKLER
 10
61.47513278441355
 20
137.25534123297743
 30
0.0
 70
0
  0
VERTEX
  5
EB3
  8
IC_DELIKLER
 10
61.50200991688
 20
137.42139162725363
 30
0.0
 70
0
  0
VERTEX
  5
EB4
  8
IC_DELIKLER
 10
61.52953067297699
 20
137.58734196097777
 30
0.0
 70
0
  0
VERTEX
  5
EB5
  8
IC_DELIKLER
 10
61.55769475312873
 20
137.7531901971192
 30
0.0
 70
0
  0
VERTEX
  5
EB6
  8
IC_DELIKLER
 10
61.58650185291922
 20
137.91893429935132
 30
0.0
 70
0
  0
VERTEX
  5
EB7
  8
IC_DELIKLER
 10
61.61595166307909
 20
138.08457223206528
 30
0.0
 70
0
  0
VERTEX
  5
EB8
  8
IC_DELIKLER
 10
61.646043869471285
 20
138.25010196038522
 30
0.0
 70
0
  0
VERTEX
  5
EB9
  8
IC_DELIKLER
 10
61.67677815307557
 20
138.41552145018346
 30
0.0
 70
0
  0
VERTEX
  5
EBA
  8
IC_DELIKLER
 10
61.70815418997215
 20
138.58082866809696
 30
0.0
 70
0
  0
VERTEX
  5
EBB
  8
IC_DELIKLER
 10
61.740171651323976
 20
138.74602158154397
 30
0.0
 70
0
  0
VERTEX
  5
EBC
  8
IC_DELIKLER
 10
61.77283020335801
 20
138.91109815874213
 30
0.0
 70
0
  0
VERTEX
  5
EBD
  8
IC_DELIKLER
 10
61.806129507345474
 20
139.0760563687269
 30
0.0
 70
0
  0
VERTEX
  5
EBE
  8
IC_DELIKLER
 10
61.840069219580826
 20
139.24089418137106
 30
0.0
 70
0
  0
VERTEX
  5
EBF
  8
IC_DELIKLER
 10
61.87464899135974
 20
139.40560956740526
 30
0.0
 70
0
  0
VERTEX
  5
EC0
  8
IC_DELIKLER
 10
61.909868468955935
 20
139.57020049843914
 30
0.0
 70
0
  0
VERTEX
  5
EC1
  8
IC_DELIKLER
 10
61.94572729359688
 20
139.7346649469841
 30
0.0
 70
0
  0
VERTEX
  5
EC2
  8
IC_DELIKLER
 10
61.9822251014383
 20
139.8990008864766
 30
0.0
 70
0
  0
VERTEX
  5
EC3
  8
IC_DELIKLER
 10
62.01936152353765
 20
140.0632062913028
 30
0.0
 70
0
  0
VERTEX
  5
EC4
  8
IC_DELIKLER
 10
62.057136185826366
 20
140.22727913682422
 30
0.0
 70
0
  0
VERTEX
  5
EC5
  8
IC_DELIKLER
 10
62.09554870908103
 20
140.39121739940495
 30
0.0
 70
0
  0
VERTEX
  5
EC6
  8
IC_DELIKLER
 10
62.13459870889328
 20
140.55501905643973
 30
0.0
 70
0
  0
VERTEX
  5
EC7
  8
IC_DELIKLER
 10
62.174285795638674
 20
140.71868208638358
 30
0.0
 70
0
  0
VERTEX
  5
EC8
  8
IC_DELIKLER
 10
62.2146095744442
 20
140.88220446878273
 30
0.0
 70
0
  0
VERTEX
  5
EC9
  8
IC_DELIKLER
 10
62.25556964515481
 20
141.04558418430696
 30
0.0
 70
0
  0
VERTEX
  5
ECA
  8
IC_DELIKLER
 10
62.297165602298584
 20
141.20881921478357
 30
0.0
 70
0
  0
VERTEX
  5
ECB
  8
IC_DELIKLER
 10
62.339397035050794
 20
141.37190754323265
 30
0.0
 70
0
  0
VERTEX
  5
ECC
  8
IC_DELIKLER
 10
62.38226352719664
 20
141.53484715390408
 30
0.0
 70
0
  0
VERTEX
  5
ECD
  8
IC_DELIKLER
 10
62.42576465709281
 20
141.69763603231632
 30
0.0
 70
0
  0
VERTEX
  5
ECE
  8
IC_DELIKLER
 10
62.46989999762784
 20
141.8602721652967
 30
0.0
 70
0
  0
VERTEX
  5
ECF
  8
IC_DELIKLER
 10
62.51466911618112
 20
142.0227535410236
 30
0.0
 70
0
  0
VERTEX
  5
ED0
  8
IC_DELIKLER
 10
62.56007157458059
 20
142.1850781490706
 30
0.0
 70
0
  0
VERTEX
  5
ED1
  8
IC_DELIKLER
 10
62.60610692905932
 20
142.34724398045236
 30
0.0
 70
0
  0
VERTEX
  5
ED2
  8
IC_DELIKLER
 10
62.65277473021054
 20
142.50924902767264
 30
0.0
 70
0
  0
VERTEX
  5
ED3
  8
IC_DELIKLER
 10
62.700074522941506
 20
142.67109128477435
 30
0.0
 70
0
  0
VERTEX
  5
ED4
  8
IC_DELIKLER
 10
62.74800584642596
 20
142.83276874739178
 30
0.0
 70
0
  0
VERTEX
  5
ED5
  8
IC_DELIKLER
 10
62.79656823405518
 20
142.99427941280504
 30
0.0
 70
0
  0
VERTEX
  5
ED6
  8
IC_DELIKLER
 10
62.84576121338764
 20
143.15562127999684
 30
0.0
 70
0
  0
VERTEX
  5
ED7
  8
IC_DELIKLER
 10
62.89558430609729
 20
143.31679234971156
 30
0.0
 70
0
  0
VERTEX
  5
ED8
  8
IC_DELIKLER
 10
62.94603702792043
 20
143.477790624517
 30
0.0
 70
0
  0
VERTEX
  5
ED9
  8
IC_DELIKLER
 10
62.9971188886009
 20
143.63861410886864
 30
0.0
 70
0
  0
VERTEX
  5
EDA
  8
IC_DELIKLER
 10
63.04882939183407
 20
143.7992608091763
 30
0.0
 70
0
  0
VERTEX
  5
EDB
  8
IC_DELIKLER
 10
63.101168035209
 20
143.95972873387413
 30
0.0
 70
0
  0
VERTEX
  5
EDC
  8
IC_DELIKLER
 10
63.15413431014933
 20
144.12001589349288
 30
0.0
 70
0
  0
VERTEX
  5
EDD
  8
IC_DELIKLER
 10
63.207727701852335
 20
144.2801203007356
 30
0.0
 70
0
  0
VERTEX
  5
EDE
  8
IC_DELIKLER
 10
63.26194768922642
 20
144.44003997055614
 30
0.0
 70
0
  0
VERTEX
  5
EDF
  8
IC_DELIKLER
 10
63.31679374482703
 20
144.599772920241
 30
0.0
 70
0
  0
VERTEX
  5
EE0
  8
IC_DELIKLER
 10
63.37226533479084
 20
144.7593171694944
 30
0.0
 70
0
  0
VERTEX
  5
EE1
  8
IC_DELIKLER
 10
63.42836191876804
 20
144.91867074052692
 30
0.0
 70
0
  0
VERTEX
  5
EE2
  8
IC_DELIKLER
 10
63.48508294985304
 20
145.07783165814755
 30
0.0
 70
0
  0
VERTEX
  5
EE3
  8
IC_DELIKLER
 10
63.54242787451322
 20
145.23679794985964
 30
0.0
 70
0
  0
VERTEX
  5
EE4
  8
IC_DELIKLER
 10
63.600396132515826
 20
145.39556764596043
 30
0.0
 70
0
  0
VERTEX
  5
EE5
  8
IC_DELIKLER
 10
63.65898715685292
 20
145.55413877964486
 30
0.0
 70
0
  0
VERTEX
  5
EE6
  8
IC_DELIKLER
 10
63.71820037366442
 20
145.71250938711336
 30
0.0
 70
0
  0
VERTEX
  5
EE7
  8
IC_DELIKLER
 10
63.77803520215898
 20
145.87067750768378
 30
0.0
 70
0
  0
VERTEX
  5
EE8
  8
IC_DELIKLER
 10
63.838491054532824
 20
146.02864118390818
 30
0.0
 70
0
  0
VERTEX
  5
EE9
  8
IC_DELIKLER
 10
63.899567335886445
 20
146.1863984616939
 30
0.0
 70
0
  0
VERTEX
  5
EEA
  8
IC_DELIKLER
 10
63.96126344413908
 20
146.34394739042966
 30
0.0
 70
0
  0
VERTEX
  5
EEB
  8
IC_DELIKLER
 10
64.02357876994074
 20
146.50128602311645
 30
0.0
 70
0
  0
VERTEX
  5
EEC
  8
IC_DELIKLER
 10
64.08651269658206
 20
146.65841241650384
 30
0.0
 70
0
  0
VERTEX
  5
EED
  8
IC_DELIKLER
 10
64.15006459990158
 20
146.81532463123156
 30
0.0
 70
0
  0
VERTEX
  5
EEE
  8
IC_DELIKLER
 10
64.21423384819055
 20
146.9720207319767
 30
0.0
 70
0
  0
VERTEX
  5
EEF
  8
IC_DELIKLER
 10
64.27901980209498
 20
147.1284987876069
 30
0.0
 70
0
  0
VERTEX
  5
EF0
  8
IC_DELIKLER
 10
64.34442181451523
 20
147.28475687133934
 30
0.0
 70
0
  0
VERTEX
  5
EF1
  8
IC_DELIKLER
 10
64.41043923050245
 20
147.4407930609063
 30
0.0
 70
0
  0
VERTEX
  5
EF2
  8
IC_DELIKLER
 10
64.47707138715244
 20
147.59660543872732
 30
0.0
 70
0
  0
VERTEX
  5
EF3
  8
IC_DELIKLER
 10
64.54431761349625
 20
147.75219209208802
 30
0.0
 70
0
  0
VERTEX
  5
EF4
  8
IC_DELIKLER
 10
64.61217723038766
 20
147.90755111332618
 30
0.0
 70
0
  0
VERTEX
  5
EF5
  8
IC_DELIKLER
 10
64.68064955038759
 20
148.06268060002532
 30
0.0
 70
0
  0
VERTEX
  5
EF6
  8
IC_DELIKLER
 10
64.74973387764483
 20
148.217578655216
 30
0.0
 70
0
  0
VERTEX
  5
EF7
  8
IC_DELIKLER
 10
64.81942950777349
 20
148.3722433875852
 30
0.0
 70
0
  0
VERTEX
  5
EF8
  8
IC_DELIKLER
 10
64.88973572772666
 20
148.5266729116941
 30
0.0
 70
0
  0
VERTEX
  5
EF9
  8
IC_DELIKLER
 10
64.96065181566614
 20
148.68086534820478
 30
0.0
 70
0
  0
VERTEX
  5
EFA
  8
IC_DELIKLER
 10
65.03217704082843
 20
148.8348188241161
 30
0.0
 70
0
  0
VERTEX
  5
EFB
  8
IC_DELIKLER
 10
65.10431066338636
 20
148.98853147300912
 30
0.0
 70
0
  0
VERTEX
  5
EFC
  8
IC_DELIKLER
 10
65.17705193430638
 20
149.14200143530263
 30
0.0
 70
0
  0
VERTEX
  5
EFD
  8
IC_DELIKLER
 10
65.25040009520139
 20
149.29522685851913
 30
0.0
 70
0
  0
VERTEX
  5
EFE
  8
IC_DELIKLER
 10
65.32435437817882
 20
149.44820589756176
 30
0.0
 70
0
  0
VERTEX
  5
EFF
  8
IC_DELIKLER
 10
65.39891400568365
 20
149.6009367150029
 30
0.0
 70
0
  0
VERTEX
  5
F00
  8
IC_DELIKLER
 10
65.47407819033629
 20
149.75341748138445
 30
0.0
 70
0
  0
VERTEX
  5
F01
  8
IC_DELIKLER
 10
65.54984613476498
 20
149.905646375531
 30
0.0
 70
0
  0
VERTEX
  5
F02
  8
IC_DELIKLER
 10
65.62621703143256
 20
150.05762158487602
 30
0.0
 70
0
  0
VERTEX
  5
F03
  8
IC_DELIKLER
 10
65.7031900624572
 20
150.20934130580184
 30
0.0
 70
0
  0
VERTEX
  5
F04
  8
IC_DELIKLER
 10
65.78076439942669
 20
150.36080374399418
 30
0.0
 70
0
  0
VERTEX
  5
F05
  8
IC_DELIKLER
 10
65.85893920320648
 20
150.5120071148119
 30
0.0
 70
0
  0
VERTEX
  5
F06
  8
IC_DELIKLER
 10
65.93771362374036
 20
150.66294964367242
 30
0.0
 70
0
  0
VERTEX
  5
F07
  8
IC_DELIKLER
 10
66.01708679984424
 20
150.81362956645427
 30
0.0
 70
0
  0
VERTEX
  5
F08
  8
IC_DELIKLER
 10
66.09705785899179
 20
150.96404512991683
 30
0.0
 70
0
  0
VERTEX
  5
F09
  8
IC_DELIKLER
 10
66.17762591709251
 20
151.1141945921389
 30
0.0
 70
0
  0
VERTEX
  5
F0A
  8
IC_DELIKLER
 10
66.25879007826089
 20
151.2640762229762
 30
0.0
 70
0
  0
VERTEX
  5
F0B
  8
IC_DELIKLER
 10
66.34054943457662
 20
151.41368830453993
 30
0.0
 70
0
  0
VERTEX
  5
F0C
  8
IC_DELIKLER
 10
66.42290306583543
 20
151.56302913169628
 30
0.0
 70
0
  0
VERTEX
  5
F0D
  8
IC_DELIKLER
 10
66.50585003928994
 20
151.71209701258883
 30
0.0
 70
0
  0
VERTEX
  5
F0E
  8
IC_DELIKLER
 10
66.58938940937972
 20
151.86089026918495
 30
0.0
 70
0
  0
VERTEX
  5
F0F
  8
IC_DELIKLER
 10
66.67352021745027
 20
152.00940723784691
 30
0.0
 70
0
  0
VERTEX
  5
F10
  8
IC_DELIKLER
 10
66.75824149146021
 20
152.15764626993027
 30
0.0
 70
0
  0
VERTEX
  5
F11
  8
IC_DELIKLER
 10
66.8435522456758
 20
152.30560573240945
 30
0.0
 70
0
  0
VERTEX
  5
F12
  8
IC_DELIKLER
 10
66.92945148035221
 20
152.45328400853367
 30
0.0
 70
0
  0
VERTEX
  5
F13
  8
IC_DELIKLER
 10
67.01593818140076
 20
152.60067949851364
 30
0.0
 70
0
  0
VERTEX
  5
F14
  8
IC_DELIKLER
 10
67.10301132004109
 20
152.74779062024166
 30
0.0
 70
0
  0
VERTEX
  5
F15
  8
IC_DELIKLER
 10
67.1906698524375
 20
152.89461581004656
 30
0.0
 70
0
  0
VERTEX
  5
F16
  8
IC_DELIKLER
 10
67.27891271931847
 20
153.0411535234859
 30
0.0
 70
0
  0
VERTEX
  5
F17
  8
IC_DELIKLER
 10
67.36773884557809
 20
153.18740223617738
 30
0.0
 70
0
  0
VERTEX
  5
F18
  8
IC_DELIKLER
 10
67.45714713985858
 20
153.33336044467177
 30
0.0
 70
0
  0
VERTEX
  5
F19
  8
IC_DELIKLER
 10
67.54713649411231
 20
153.4790266673704
 30
0.0
 70
0
  0
VERTEX
  5
F1A
  8
IC_DELIKLER
 10
67.6377057831422
 20
153.62439944548936
 30
0.0
 70
0
  0
VERTEX
  5
F1B
  8
IC_DELIKLER
 10
67.7288538641191
 20
153.7694773440737
 30
0.0
 70
0
  0
VERTEX
  5
F1C
  8
IC_DELIKLER
 10
67.82057957607432
 20
153.91425895306458
 30
0.0
 70
0
  0
VERTEX
  5
F1D
  8
IC_DELIKLER
 10
67.91288173936604
 20
154.0587428884231
 30
0.0
 70
0
  0
VERTEX
  5
F1E
  8
IC_DELIKLER
 10
68.00575915511722
 20
154.20292779331407
 30
0.0
 70
0
  0
VERTEX
  5
F1F
  8
IC_DELIKLER
 10
68.0992106046237
 20
154.34681233935405
 30
0.0
 70
0
  0
VERTEX
  5
F20
  8
IC_DELIKLER
 10
68.19323484872989
 20
154.49039522792762
 30
0.0
 70
0
  0
VERTEX
  5
F21
  8
IC_DELIKLER
 10
68.28783062716975
 20
154.6336751915768
 30
0.0
 70
0
  0
VERTEX
  5
F22
  8
IC_DELIKLER
 10
68.3829966578709
 20
154.77665099546851
 30
0.0
 70
0
  0
VERTEX
  5
F23
  8
IC_DELIKLER
 10
68.47873163621867
 20
154.9193214389453
 30
0.0
 70
0
  0
VERTEX
  5
F24
  8
IC_DELIKLER
 10
68.57503423427747
 20
155.06168535716546
 30
0.0
 70
0
  0
VERTEX
  5
F25
  8
IC_DELIKLER
 10
68.67190309996616
 20
155.20374162283898
 30
0.0
 70
0
  0
VERTEX
  5
F26
  8
IC_DELIKLER
 10
68.76933685618368
 20
155.34548914806578
 30
0.0
 70
0
  0
VERTEX
  5
F27
  8
IC_DELIKLER
 10
68.86733409988152
 20
155.48692688628446
 30
0.0
 70
0
  0
VERTEX
  5
F28
  8
IC_DELIKLER
 10
68.96589340107832
 20
155.62805383433903
 30
0.0
 70
0
  0
VERTEX
  5
F29
  8
IC_DELIKLER
 10
69.06501330181256
 20
155.76886903467326
 30
0.0
 70
0
  0
VERTEX
  5
F2A
  8
IC_DELIKLER
 10
69.16469231502768
 20
155.90937157766152
 30
0.0
 70
0
  0
VERTEX
  5
F2B
  8
IC_DELIKLER
 10
69.26492892338486
 20
156.04956060408801
 30
0.0
 70
0
  0
VERTEX
  5
F2C
  8
IC_DELIKLER
 10
69.3657215779967
 20
156.18943530778466
 30
0.0
 70
0
  0
VERTEX
  5
F2D
  8
IC_DELIKLER
 10
69.46706869707556
 20
156.32899493844144
 30
0.0
 70
0
  0
VERTEX
  5
F2E
  8
IC_DELIKLER
 10
69.56896866448932
 20
156.4682388046027
 30
0.0
 70
0
  0
VERTEX
  5
F2F
  8
IC_DELIKLER
 10
69.6714198282161
 20
156.60716627686512
 30
0.0
 70
0
  0
VERTEX
  5
F30
  8
IC_DELIKLER
 10
69.77442049868941
 20
156.74577679129354
 30
0.0
 70
0
  0
VERTEX
  5
F31
  8
IC_DELIKLER
 10
69.87796894702387
 20
156.88406985307455
 30
0.0
 70
0
  0
VERTEX
  5
F32
  8
IC_DELIKLER
 10
69.98206340311044
 20
157.02204504042703
 30
0.0
 70
0
  0
VERTEX
  5
F33
  8
IC_DELIKLER
 10
70.08670205356921
 20
157.159702008793
 30
0.0
 70
0
  0
VERTEX
  5
F34
  8
IC_DELIKLER
 10
70.19188303954657
 20
157.29704049533444
 30
0.0
 70
0
  0
VERTEX
  5
F35
  8
IC_DELIKLER
 10
70.29760445434148
 20
157.43406032376242
 30
0.0
 70
0
  0
VERTEX
  5
F36
  8
IC_DELIKLER
 10
70.40386434084485
 20
157.57076140953123
 30
0.0
 70
0
  0
VERTEX
  5
F37
  8
IC_DELIKLER
 10
70.51066068877284
 20
157.7071437654304
 30
0.0
 70
0
  0
VERTEX
  5
F38
  8
IC_DELIKLER
 10
70.61799143167431
 20
157.84320750761398
 30
0.0
 70
0
  0
VERTEX
  5
F39
  8
IC_DELIKLER
 10
70.72585444368835
 20
157.9789528621092
 30
0.0
 70
0
  0
VERTEX
  5
F3A
  8
IC_DELIKLER
 10
70.83424753602682
 20
158.11438017185247
 30
0.0
 70
0
  0
VERTEX
  5
F3B
  8
IC_DELIKLER
 10
70.94316845315227
 20
158.24948990430684
 30
0.0
 70
0
  0
VERTEX
  5
F3C
  8
IC_DELIKLER
 10
71.05261486861832
 20
158.38428265972004
 30
0.0
 70
0
  0
VERTEX
  5
F3D
  8
IC_DELIKLER
 10
71.16258438053603
 20
158.5187591800922
 30
0.0
 70
0
  0
VERTEX
  5
F3E
  8
IC_DELIKLER
 10
71.27307450662339
 20
158.65292035892827
 30
0.0
 70
0
  0
VERTEX
  5
F3F
  8
IC_DELIKLER
 10
71.38408267879133
 20
158.786767251863
 30
0.0
 70
0
  0
VERTEX
  5
F40
  8
IC_DELIKLER
 10
71.4956062372114
 20
158.92030108825506
 30
0.0
 70
0
  0
VERTEX
  5
F41
  8
IC_DELIKLER
 10
71.6076424238041
 20
159.05352328386238
 30
0.0
 70
0
  0
VERTEX
  5
F42
  8
IC_DELIKLER
 10
71.72018837507682
 20
159.1864354547253
 30
0.0
 70
0
  0
VERTEX
  5
F43
  8
IC_DELIKLER
 10
71.83324111423138
 20
159.31903943240238
 30
0.0
 70
0
  0
VERTEX
  5
F44
  8
IC_DELIKLER
 10
71.94679754244791
 20
159.45133728072432
 30
0.0
 70
0
  0
VERTEX
  5
F45
  8
IC_DELIKLER
 10
72.0608544292384
 20
159.5833313142573
 30
0.0
 70
0
  0
VERTEX
  5
F46
  8
IC_DELIKLER
 10
72.1754084017467
 20
159.71502411869466
 30
0.0
 70
0
  0
VERTEX
  5
F47
  8
IC_DELIKLER
 10
72.290455932851
 20
159.84641857343155
 30
0.0
 70
0
  0
VERTEX
  5
F48
  8
IC_DELIKLER
 10
72.40599332790308
 20
159.9775178766167
 30
0.0
 70
0
  0
VERTEX
  5
F49
  8
IC_DELIKLER
 10
72.52201670990853
 20
160.10832557302498
 30
0.0
 70
0
  0
VERTEX
  5
F4A
  8
IC_DELIKLER
 10
72.63852200292064
 20
160.23884558515124
 30
0.0
 70
0
  0
VERTEX
  5
F4B
  8
IC_DELIKLER
 10
72.75550491337864
 20
160.36908224799632
 30
0.0
 70
0
  0
VERTEX
  5
F4C
  8
IC_DELIKLER
 10
72.87296090907338
 20
160.49904034809975
 30
0.0
 70
0
  0
VERTEX
  5
F4D
  8
IC_DELIKLER
 10
72.99088519536323
 20
160.62872516747478
 30
0.0
 70
0
  0
VERTEX
  5
F4E
  8
IC_DELIKLER
 10
73.10927268819134
 20
160.75814253322596
 30
0.0
 70
0
  0
VERTEX
  5
F4F
  8
IC_DELIKLER
 10
73.22811798336576
 20
160.88729887378085
 30
0.0
 70
0
  0
VERTEX
  5
F50
  8
IC_DELIKLER
 10
73.34741532145433
 20
161.01620128285427
 30
0.0
 70
0
  0
VERTEX
  5
F51
  8
IC_DELIKLER
 10
73.46715854750926
 20
161.14485759249598
 30
0.0
 70
0
  0
VERTEX
  5
F52
  8
IC_DELIKLER
 10
73.58734106466589
 20
161.27327645686083
 30
0.0
 70
0
  0
VERTEX
  5
F53
  8
IC_DELIKLER
 10
73.70795578044378
 20
161.40146744870498
 30
0.0
 70
0
  0
VERTEX
  5
F54
  8
IC_DELIKLER
 10
73.82899504430611
 20
161.52944117107177
 30
0.0
 70
0
  0
VERTEX
  5
F55
  8
IC_DELIKLER
 10
73.95045057468256
 20
161.65720938721668
 30
0.0
 70
0
  0
VERTEX
  5
F56
  8
IC_DELIKLER
 10
74.07231337321099
 20
161.78478517257767
 30
0.0
 70
0
  0
VERTEX
  5
F57
  8
IC_DELIKLER
 10
74.19457362336577
 20
161.91218309357623
 30
0.0
 70
0
  0
VERTEX
  5
F58
  8
IC_DELIKLER
 10
74.31722056986989
 20
162.0394194193195
 30
0.0
 70
0
  0
VERTEX
  5
F59
  8
IC_DELIKLER
 10
74.44024237426433
 20
162.16651237397636
 30
0.0
 70
0
  0
VERTEX
  5
F5A
  8
IC_DELIKLER
 10
74.56362594063344
 20
162.29348243987766
 30
0.0
 70
0
  0
VERTEX
  5
F5B
  8
IC_DELIKLER
 10
74.68735670361721
 20
162.42035272448214
 30
0.0
 70
0
  0
VERTEX
  5
F5C
  8
IC_DELIKLER
 10
74.8114183682679
 20
162.5471494085936
 30
0.0
 70
0
  0
VERTEX
  5
F5D
  8
IC_DELIKLER
 10
74.93579258771447
 20
162.67390229913104
 30
0.0
 70
0
  0
VERTEX
  5
F5E
  8
IC_DELIKLER
 10
75.06045855949245
 20
162.80064551813183
 30
0.0
 70
0
  0
VERTEX
  5
F5F
  8
IC_DELIKLER
 10
75.18539251402531
 20
162.92741837174046
 30
0.0
 70
0
  0
VERTEX
  5
F60
  8
IC_DELIKLER
 10
75.31056705788279
 20
163.05426646067377
 30
0.0
 70
0
  0
VERTEX
  5
F61
  8
IC_DELIKLER
 10
75.43595031809795
 20
163.18124312027672
 30
0.0
 70
0
  0
VERTEX
  5
F62
  8
IC_DELIKLER
 10
75.56150480863066
 20
163.30841131923034
 30
0.0
 70
0
  0
VERTEX
  5
F63
  8
IC_DELIKLER
 10
75.68718590014763
 20
163.4358462106731
 30
0.0
 70
0
  0
VERTEX
  5
F64
  8
IC_DELIKLER
 10
75.81293970906401
 20
163.5636386349633
 30
0.0
 70
0
  0
VERTEX
  5
F65
  8
IC_DELIKLER
 10
75.93870011133389
 20
163.69190005145444
 30
0.0
 70
0
  0
VERTEX
  5
F66
  8
IC_DELIKLER
 10
76.06438439151714
 20
163.82076969029237
 30
0.0
 70
0
  0
VERTEX
  5
F67
  8
IC_DELIKLER
 10
76.18988667631943
 20
163.95042529504008
 30
0.0
 70
0
  0
VERTEX
  5
F68
  8
IC_DELIKLER
 10
76.3150675918124
 20
164.08109996328858
 30
0.0
 70
0
  0
VERTEX
  5
F69
  8
IC_DELIKLER
 10
76.43973708509432
 20
164.21310998450568
 30
0.0
 70
0
  0
VERTEX
  5
F6A
  8
IC_DELIKLER
 10
76.56362389188415
 20
164.34690408228278
 30
0.0
 70
0
  0
VERTEX
  5
F6B
  8
IC_DELIKLER
 10
76.68631615764829
 20
164.48315871857457
 30
0.0
 70
0
  0
VERTEX
  5
F6C
  8
IC_DELIKLER
 10
76.80713041149322
 20
164.62298736446945
 30
0.0
 70
0
  0
VERTEX
  5
F6D
  8
IC_DELIKLER
 10
76.9247607587886
 20
164.7684979747943
 30
0.0
 70
0
  0
VERTEX
  5
F6E
  8
IC_DELIKLER
 10
77.03594569471241
 20
164.92490011293188
 30
0.0
 70
0
  0
SEQEND
  5
C50
  8
IC_DELIKLER
  0
POLYLINE
  5
F6F
  8
IC_DELIKLER
 66
1
 10
0.0
 20
0.0
 30
0.0
 70
1
  0
VERTEX
  5
F71
  8
IC_DELIKLER
 10
126.81974029541016
 20
111.67481994628906
 30
0.0
 70
0
  0
VERTEX
  5
F72
  8
IC_DELIKLER
 10
126.64351654052734
 20
112.00514221191406
 30
0.0
 70
0
  0
VERTEX
  5
F73
  8
IC_DELIKLER
 10
126.4876480102539
 20
112.41233825683594
 30
0.0
 70
0
  0
VERTEX
  5
F74
  8
IC_DELIKLER
 10
126.322265625
 20
112.9830322265625
 30
0.0
 70
0
  0
VERTEX
  5
F75
  8
IC_DELIKLER
 10
126.13475036621094
 20
113.75956726074219
 30
0.0
 70
0
  0
VERTEX
  5
F76
  8
IC_DELIKLER
 10
125.82614135742188
 20
115.17620849609375
 30
0.0
 70
0
  0
VERTEX
  5
F77
  8
IC_DELIKLER
 10
125.49976348876953
 20
116.79354858398438
 30
0.0
 70
0
  0
VERTEX
  5
F78
  8
IC_DELIKLER
 10
125.18519592285156
 20
118.46415710449219
 30
0.0
 70
0
  0
VERTEX
  5
F79
  8
IC_DELIKLER
 10
124.91028594970703
 20
120.04029846191406
 30
0.0
 70
0
  0
VERTEX
  5
F7A
  8
IC_DELIKLER
 10
124.66505432128906
 20
121.6212158203125
 30
0.0
 70
0
  0
VERTEX
  5
F7B
  8
IC_DELIKLER
 10
124.49122619628906
 20
123.01008605957031
 30
0.0
 70
0
  0
VERTEX
  5
F7C
  8
IC_DELIKLER
 10
124.08002471923828
 20
127.03907775878906
 30
0.0
 70
0
  0
VERTEX
  5
F7D
  8
IC_DELIKLER
 10
123.87960052490234
 20
129.33021545410156
 30
0.0
 70
0
  0
VERTEX
  5
F7E
  8
IC_DELIKLER
 10
123.787109375
 20
130.82711791992188
 30
0.0
 70
0
  0
VERTEX
  5
F7F
  8
IC_DELIKLER
 10
123.75276184082031
 20
132.0761260986328
 30
0.0
 70
0
  0
VERTEX
  5
F80
  8
IC_DELIKLER
 10
123.77265930175781
 20
133.175048828125
 30
0.0
 70
0
  0
VERTEX
  5
F81
  8
IC_DELIKLER
 10
123.84635925292969
 20
134.17103576660156
 30
0.0
 70
0
  0
VERTEX
  5
F82
  8
IC_DELIKLER
 10
123.90641021728516
 20
134.6667022705078
 30
0.0
 70
0
  0
VERTEX
  5
F83
  8
IC_DELIKLER
 10
123.9826431274414
 20
135.16014099121094
 30
0.0
 70
0
  0
VERTEX
  5
F84
  8
IC_DELIKLER
 10
124.07474517822266
 20
135.65090942382812
 30
0.0
 70
0
  0
VERTEX
  5
F85
  8
IC_DELIKLER
 10
124.19322967529297
 20
136.18736267089844
 30
0.0
 70
0
  0
VERTEX
  5
F86
  8
IC_DELIKLER
 10
124.47774505615234
 20
137.24879455566406
 30
0.0
 70
0
  0
VERTEX
  5
F87
  8
IC_DELIKLER
 10
124.82144165039062
 20
138.2925567626953
 30
0.0
 70
0
  0
VERTEX
  5
F88
  8
IC_DELIKLER
 10
125.08853912353516
 20
138.99278259277344
 30
0.0
 70
0
  0
VERTEX
  5
F89
  8
IC_DELIKLER
 10
125.4166259765625
 20
139.77650451660156
 30
0.0
 70
0
  0
VERTEX
  5
F8A
  8
IC_DELIKLER
 10
125.82684326171875
 20
140.68824768066406
 30
0.0
 70
0
  0
VERTEX
  5
F8B
  8
IC_DELIKLER
 10
126.27755737304688
 20
141.63645935058594
 30
0.0
 70
0
  0
VERTEX
  5
F8C
  8
IC_DELIKLER
 10
126.78895568847656
 20
142.66639709472656
 30
0.0
 70
0
  0
VERTEX
  5
F8D
  8
IC_DELIKLER
 10
127.36180877685547
 20
143.77734375
 30
0.0
 70
0
  0
VERTEX
  5
F8E
  8
IC_DELIKLER
 10
127.97358703613281
 20
144.92433166503906
 30
0.0
 70
0
  0
VERTEX
  5
F8F
  8
IC_DELIKLER
 10
128.60008239746094
 20
146.0633544921875
 30
0.0
 70
0
  0
VERTEX
  5
F90
  8
IC_DELIKLER
 10
129.26551818847656
 20
147.23789978027344
 30
0.0
 70
0
  0
VERTEX
  5
F91
  8
IC_DELIKLER
 10
129.9207000732422
 20
148.3606719970703
 30
0.0
 70
0
  0
VERTEX
  5
F92
  8
IC_DELIKLER
 10
130.59092712402344
 20
149.47451782226562
 30
0.0
 70
0
  0
VERTEX
  5
F93
  8
IC_DELIKLER
 10
131.22462463378906
 20
150.4934539794922
 30
0.0
 70
0
  0
VERTEX
  5
F94
  8
IC_DELIKLER
 10
131.8206787109375
 20
151.4178466796875
 30
0.0
 70
0
  0
VERTEX
  5
F95
  8
IC_DELIKLER
 10
132.40687561035156
 20
152.2887420654297
 30
0.0
 70
0
  0
VERTEX
  5
F96
  8
IC_DELIKLER
 10
132.92774963378906
 20
153.02227783203125
 30
0.0
 70
0
  0
VERTEX
  5
F97
  8
IC_DELIKLER
 10
133.38099670410156
 20
153.6189727783203
 30
0.0
 70
0
  0
VERTEX
  5
F98
  8
IC_DELIKLER
 10
133.86016845703125
 20
154.19407653808594
 30
0.0
 70
0
  0
VERTEX
  5
F99
  8
IC_DELIKLER
 10
134.30299377441406
 20
154.6672821044922
 30
0.0
 70
0
  0
VERTEX
  5
F9A
  8
IC_DELIKLER
 10
134.77464294433594
 20
155.1111602783203
 30
0.0
 70
0
  0
VERTEX
  5
F9B
  8
IC_DELIKLER
 10
135.2754364013672
 20
155.5215301513672
 30
0.0
 70
0
  0
VERTEX
  5
F9C
  8
IC_DELIKLER
 10
135.8031768798828
 20
155.89715576171875
 30
0.0
 70
0
  0
VERTEX
  5
F9D
  8
IC_DELIKLER
 10
136.43824768066406
 20
156.29315185546875
 30
0.0
 70
0
  0
VERTEX
  5
F9E
  8
IC_DELIKLER
 10
137.13462829589844
 20
156.68565368652344
 30
0.0
 70
0
  0
VERTEX
  5
F9F
  8
IC_DELIKLER
 10
139.24853515625
 20
157.82077026367188
 30
0.0
 70
0
  0
VERTEX
  5
FA0
  8
IC_DELIKLER
 10
139.85101318359375
 20
158.17539978027344
 30
0.0
 70
0
  0
VERTEX
  5
FA1
  8
IC_DELIKLER
 10
140.35223388671875
 20
158.50218200683594
 30
0.0
 70
0
  0
VERTEX
  5
FA2
  8
IC_DELIKLER
 10
140.90896606445312
 20
158.92066955566406
 30
0.0
 70
0
  0
VERTEX
  5
FA3
  8
IC_DELIKLER
 10
141.38836669921875
 20
159.35281372070312
 30
0.0
 70
0
  0
VERTEX
  5
FA4
  8
IC_DELIKLER
 10
141.82382202148438
 20
159.8287811279297
 30
0.0
 70
0
  0
VERTEX
  5
FA5
  8
IC_DELIKLER
 10
142.21385192871094
 20
160.34371948242188
 30
0.0
 70
0
  0
VERTEX
  5
FA6
  8
IC_DELIKLER
 10
142.48594665527344
 20
160.76072692871094
 30
0.0
 70
0
  0
VERTEX
  5
FA7
  8
IC_DELIKLER
 10
142.73805236816406
 20
161.19102478027344
 30
0.0
 70
0
  0
VERTEX
  5
FA8
  8
IC_DELIKLER
 10
142.99749755859375
 20
161.67507934570312
 30
0.0
 70
0
  0
VERTEX
  5
FA9
  8
IC_DELIKLER
 10
143.28692626953125
 20
162.25660705566406
 30
0.0
 70
0
  0
VERTEX
  5
FAA
  8
IC_DELIKLER
 10
143.75186157226562
 20
163.25326538085938
 30
0.0
 70
0
  0
VERTEX
  5
FAB
  8
IC_DELIKLER
 10
145.18753051757812
 20
166.4452362060547
 30
0.0
 70
0
  0
VERTEX
  5
FAC
  8
IC_DELIKLER
 10
146.08335876464844
 20
168.39967346191406
 30
0.0
 70
0
  0
VERTEX
  5
FAD
  8
IC_DELIKLER
 10
146.8342742919922
 20
169.9802703857422
 30
0.0
 70
0
  0
VERTEX
  5
FAE
  8
IC_DELIKLER
 10
147.44273376464844
 20
171.1849822998047
 30
0.0
 70
0
  0
VERTEX
  5
FAF
  8
IC_DELIKLER
 10
147.9303436279297
 20
172.05614471435547
 30
0.0
 70
0
  0
VERTEX
  5
FB0
  8
IC_DELIKLER
 10
148.14263916015625
 20
172.39254760742188
 30
0.0
 70
0
  0
VERTEX
  5
FB1
  8
IC_DELIKLER
 10
148.34136962890625
 20
172.67584228515625
 30
0.0
 70
0
  0
VERTEX
  5
FB2
  8
IC_DELIKLER
 10
148.55618286132812
 20
172.94307708740234
 30
0.0
 70
0
  0
VERTEX
  5
FB3
  8
IC_DELIKLER
 10
148.7560272216797
 20
173.15384674072266
 30
0.0
 70
0
  0
VERTEX
  5
FB4
  8
IC_DELIKLER
 10
148.97244262695312
 20
173.3422622680664
 30
0.0
 70
0
  0
VERTEX
  5
FB5
  8
IC_DELIKLER
 10
149.16615295410156
 20
173.47864532470703
 30
0.0
 70
0
  0
VERTEX
  5
FB6
  8
IC_DELIKLER
 10
149.37179565429688
 20
173.59393310546875
 30
0.0
 70
0
  0
VERTEX
  5
FB7
  8
IC_DELIKLER
 10
149.63296508789062
 20
173.7028045654297
 30
0.0
 70
0
  0
VERTEX
  5
FB8
  8
IC_DELIKLER
 10
149.9072265625
 20
173.77964782714844
 30
0.0
 70
0
  0
VERTEX
  5
FB9
  8
IC_DELIKLER
 10
150.19122314453125
 20
173.82659149169922
 30
0.0
 70
0
  0
VERTEX
  5
FBA
  8
IC_DELIKLER
 10
150.48153686523438
 20
173.84709930419922
 30
0.0
 70
0
  0
VERTEX
  5
FBB
  8
IC_DELIKLER
 10
150.82440185546875
 20
173.84276580810547
 30
0.0
 70
0
  0
VERTEX
  5
FBC
  8
IC_DELIKLER
 10
151.16851806640625
 20
173.8132553100586
 30
0.0
 70
0
  0
VERTEX
  5
FBD
  8
IC_DELIKLER
 10
151.5116729736328
 20
173.76283264160156
 30
0.0
 70
0
  0
VERTEX
  5
FBE
  8
IC_DELIKLER
 10
151.9010772705078
 20
173.68360137939453
 30
0.0
 70
0
  0
VERTEX
  5
FBF
  8
IC_DELIKLER
 10
152.28684997558594
 20
173.58531188964844
 30
0.0
 70
0
  0
VERTEX
  5
FC0
  8
IC_DELIKLER
 10
153.81491088867188
 20
173.13007354736328
 30
0.0
 70
0
  0
VERTEX
  5
FC1
  8
IC_DELIKLER
 10
154.97476196289062
 20
172.86415100097656
 30
0.0
 70
0
  0
VERTEX
  5
FC2
  8
IC_DELIKLER
 10
155.35206604003906
 20
172.75949096679688
 30
0.0
 70
0
  0
VERTEX
  5
FC3
  8
IC_DELIKLER
 10
155.6259307861328
 20
172.66027069091797
 30
0.0
 70
0
  0
VERTEX
  5
FC4
  8
IC_DELIKLER
 10
155.88966369628906
 20
172.53893280029297
 30
0.0
 70
0
  0
VERTEX
  5
FC5
  8
IC_DELIKLER
 10
156.14236450195312
 20
172.3948211669922
 30
0.0
 70
0
  0
VERTEX
  5
FC6
  8
IC_DELIKLER
 10
156.42367553710938
 20
172.20083618164062
 30
0.0
 70
0
  0
VERTEX
  5
FC7
  8
IC_DELIKLER
 10
156.76759338378906
 20
171.92037963867188
 30
0.0
 70
0
  0
VERTEX
  5
FC8
  8
IC_DELIKLER
 10
157.1696014404297
 20
171.5491943359375
 30
0.0
 70
0
  0
VERTEX
  5
FC9
  8
IC_DELIKLER
 10
157.6658477783203
 20
171.05657958984375
 30
0.0
 70
0
  0
VERTEX
  5
FCA
  8
IC_DELIKLER
 10
158.32620239257812
 20
170.3738250732422
 30
0.0
 70
0
  0
VERTEX
  5
FCB
  8
IC_DELIKLER
 10
159.48403930664062
 20
169.12925720214844
 30
0.0
 70
0
  0
VERTEX
  5
FCC
  8
IC_DELIKLER
 10
161.4459991455078
 20
166.9264678955078
 30
0.0
 70
0
  0
VERTEX
  5
FCD
  8
IC_DELIKLER
 10
162.59530639648438
 20
165.6739501953125
 30
0.0
 70
0
  0
VERTEX
  5
FCE
  8
IC_DELIKLER
 10
164.21388244628906
 20
163.97030639648438
 30
0.0
 70
0
  0
VERTEX
  5
FCF
  8
IC_DELIKLER
 10
165.9985809326172
 20
162.14901733398438
 30
0.0
 70
0
  0
VERTEX
  5
FD0
  8
IC_DELIKLER
 10
167.9862518310547
 20
160.17698669433594
 30
0.0
 70
0
  0
VERTEX
  5
FD1
  8
IC_DELIKLER
 10
169.89358520507812
 20
158.33734130859375
 30
0.0
 70
0
  0
VERTEX
  5
FD2
  8
IC_DELIKLER
 10
171.75645446777344
 20
156.5961151123047
 30
0.0
 70
0
  0
VERTEX
  5
FD3
  8
IC_DELIKLER
 10
173.35569763183594
 20
155.15931701660156
 30
0.0
 70
0
  0
VERTEX
  5
FD4
  8
IC_DELIKLER
 10
174.22662353515625
 20
154.408447265625
 30
0.0
 70
0
  0
VERTEX
  5
FD5
  8
IC_DELIKLER
 10
176.67221069335938
 20
152.34487915039062
 30
0.0
 70
0
  0
VERTEX
  5
FD6
  8
IC_DELIKLER
 10
180.93338012695312
 20
148.6348114013672
 30
0.0
 70
0
  0
VERTEX
  5
FD7
  8
IC_DELIKLER
 10
183.48031616210938
 20
146.45883178710938
 30
0.0
 70
0
  0
VERTEX
  5
FD8
  8
IC_DELIKLER
 10
186.39259338378906
 20
143.86544799804688
 30
0.0
 70
0
  0
VERTEX
  5
FD9
  8
IC_DELIKLER
 10
187.00473022460938
 20
143.35101318359375
 30
0.0
 70
0
  0
VERTEX
  5
FDA
  8
IC_DELIKLER
 10
187.5148468017578
 20
142.9494171142578
 30
0.0
 70
0
  0
VERTEX
  5
FDB
  8
IC_DELIKLER
 10
188.04153442382812
 20
142.5714874267578
 30
0.0
 70
0
  0
VERTEX
  5
FDC
  8
IC_DELIKLER
 10
188.54739379882812
 20
142.25502014160156
 30
0.0
 70
0
  0
VERTEX
  5
FDD
  8
IC_DELIKLER
 10
188.98643493652344
 20
142.02549743652344
 30
0.0
 70
0
  0
VERTEX
  5
FDE
  8
IC_DELIKLER
 10
189.44247436523438
 20
141.83680725097656
 30
0.0
 70
0
  0
VERTEX
  5
FDF
  8
IC_DELIKLER
 10
189.91432189941406
 20
141.69668579101562
 30
0.0
 70
0
  0
VERTEX
  5
FE0
  8
IC_DELIKLER
 10
190.349609375
 20
141.61572265625
 30
0.0
 70
0
  0
VERTEX
  5
FE1
  8
IC_DELIKLER
 10
190.84042358398438
 20
141.57638549804688
 30
0.0
 70
0
  0
VERTEX
  5
FE2
  8
IC_DELIKLER
 10
191.33338928222656
 20
141.5885772705078
 30
0.0
 70
0
  0
VERTEX
  5
FE3
  8
IC_DELIKLER
 10
191.7746124267578
 20
141.6415252685547
 30
0.0
 70
0
  0
VERTEX
  5
FE4
  8
IC_DELIKLER
 10
192.25828552246094
 20
141.74420166015625
 30
0.0
 70
0
  0
VERTEX
  5
FE5
  8
IC_DELIKLER
 10
192.73223876953125
 20
141.8887176513672
 30
0.0
 70
0
  0
VERTEX
  5
FE6
  8
IC_DELIKLER
 10
193.2406768798828
 20
142.08880615234375
 30
0.0
 70
0
  0
VERTEX
  5
FE7
  8
IC_DELIKLER
 10
193.77978515625
 20
142.34629821777344
 30
0.0
 70
0
  0
VERTEX
  5
FE8
  8
IC_DELIKLER
 10
194.3040313720703
 20
142.63497924804688
 30
0.0
 70
0
  0
VERTEX
  5
FE9
  8
IC_DELIKLER
 10
194.8995819091797
 20
143.0009002685547
 30
0.0
 70
0
  0
VERTEX
  5
FEA
  8
IC_DELIKLER
 10
195.52195739746094
 20
143.41830444335938
 30
0.0
 70
0
  0
VERTEX
  5
FEB
  8
IC_DELIKLER
 10
196.1314239501953
 20
143.85479736328125
 30
0.0
 70
0
  0
VERTEX
  5
FEC
  8
IC_DELIKLER
 10
196.80996704101562
 20
144.3663787841797
 30
0.0
 70
0
  0
VERTEX
  5
FED
  8
IC_DELIKLER
 10
198.3714599609375
 20
145.61566162109375
 30
0.0
 70
0
  0
VERTEX
  5
FEE
  8
IC_DELIKLER
 10
201.87879943847656
 20
148.513916015625
 30
0.0
 70
0
  0
VERTEX
  5
FEF
  8
IC_DELIKLER
 10
202.86195373535156
 20
149.36427307128906
 30
0.0
 70
0
  0
VERTEX
  5
FF0
  8
IC_DELIKLER
 10
203.9788818359375
 20
150.36541748046875
 30
0.0
 70
0
  0
VERTEX
  5
FF1
  8
IC_DELIKLER
 10
205.30303955078125
 20
151.58462524414062
 30
0.0
 70
0
  0
VERTEX
  5
FF2
  8
IC_DELIKLER
 10
206.7233428955078
 20
152.92071533203125
 30
0.0
 70
0
  0
VERTEX
  5
FF3
  8
IC_DELIKLER
 10
208.20370483398438
 20
154.3387908935547
 30
0.0
 70
0
  0
VERTEX
  5
FF4
  8
IC_DELIKLER
 10
209.7436981201172
 20
155.83908081054688
 30
0.0
 70
0
  0
VERTEX
  5
FF5
  8
IC_DELIKLER
 10
211.27090454101562
 20
157.3523712158203
 30
0.0
 70
0
  0
VERTEX
  5
FF6
  8
IC_DELIKLER
 10
212.67892456054688
 20
158.77272033691406
 30
0.0
 70
0
  0
VERTEX
  5
FF7
  8
IC_DELIKLER
 10
213.9681396484375
 20
160.09950256347656
 30
0.0
 70
0
  0
VERTEX
  5
FF8
  8
IC_DELIKLER
 10
215.1035614013672
 20
161.296630859375
 30
0.0
 70
0
  0
VERTEX
  5
FF9
  8
IC_DELIKLER
 10
217.26051330566406
 20
163.66029357910156
 30
0.0
 70
0
  0
VERTEX
  5
FFA
  8
IC_DELIKLER
 10
220.1538543701172
 20
166.90850830078125
 30
0.0
 70
0
  0
VERTEX
  5
FFB
  8
IC_DELIKLER
 10
221.76260375976562
 20
168.75625610351562
 30
0.0
 70
0
  0
VERTEX
  5
FFC
  8
IC_DELIKLER
 10
223.79470825195312
 20
171.1629638671875
 30
0.0
 70
0
  0
VERTEX
  5
FFD
  8
IC_DELIKLER
 10
227.70289611816406
 20
175.71548461914062
 30
0.0
 70
0
  0
VERTEX
  5
FFE
  8
IC_DELIKLER
 10
228.8343048095703
 20
176.9840087890625
 30
0.0
 70
0
  0
VERTEX
  5
FFF
  8
IC_DELIKLER
 10
229.80111694335938
 20
177.99586486816406
 30
0.0
 70
0
  0
VERTEX
  5
1000
  8
IC_DELIKLER
 10
230.44931030273438
 20
178.61907196044922
 30
0.0
 70
0
  0
VERTEX
  5
1001
  8
IC_DELIKLER
 10
231.0524139404297
 20
179.14163970947266
 30
0.0
 70
0
  0
VERTEX
  5
1002
  8
IC_DELIKLER
 10
231.56912231445312
 20
179.5277328491211
 30
0.0
 70
0
  0
VERTEX
  5
1003
  8
IC_DELIKLER
 10
231.8174285888672
 20
179.68657684326172
 30
0.0
 70
0
  0
VERTEX
  5
1004
  8
IC_DELIKLER
 10
232.0717010498047
 20
179.8270263671875
 30
0.0
 70
0
  0
VERTEX
  5
1005
  8
IC_DELIKLER
 10
232.2867431640625
 20
179.9253387451172
 30
0.0
 70
0
  0
VERTEX
  5
1006
  8
IC_DELIKLER
 10
232.5019989013672
 20
180.00164031982422
 30
0.0
 70
0
  0
VERTEX
  5
1007
  8
IC_DELIKLER
 10
232.7131805419922
 20
180.05067443847656
 30
0.0
 70
0
  0
VERTEX
  5
1008
  8
IC_DELIKLER
 10
232.91416931152344
 20
180.0672607421875
 30
0.0
 70
0
  0
VERTEX
  5
1009
  8
IC_DELIKLER
 10
233.09730529785156
 20
180.04713439941406
 30
0.0
 70
0
  0
VERTEX
  5
100A
  8
IC_DELIKLER
 10
233.22540283203125
 20
180.0029067993164
 30
0.0
 70
0
  0
VERTEX
  5
100B
  8
IC_DELIKLER
 10
233.33285522460938
 20
179.9335708618164
 30
0.0
 70
0
  0
VERTEX
  5
100C
  8
IC_DELIKLER
 10
233.41653442382812
 20
179.84027862548828
 30
0.0
 70
0
  0
VERTEX
  5
100D
  8
IC_DELIKLER
 10
233.47457885742188
 20
179.7252655029297
 30
0.0
 70
0
  0
VERTEX
  5
100E
  8
IC_DELIKLER
 10
233.50665283203125
 20
179.5915985107422
 30
0.0
 70
0
  0
VERTEX
  5
100F
  8
IC_DELIKLER
 10
233.51388549804688
 20
179.44280242919922
 30
0.0
 70
0
  0
VERTEX
  5
1010
  8
IC_DELIKLER
 10
233.4987335205078
 20
179.2824478149414
 30
0.0
 70
0
  0
VERTEX
  5
1011
  8
IC_DELIKLER
 10
233.4534149169922
 20
179.07066345214844
 30
0.0
 70
0
  0
VERTEX
  5
1012
  8
IC_DELIKLER
 10
233.38555908203125
 20
178.8510513305664
 30
0.0
 70
0
  0
VERTEX
  5
1013
  8
IC_DELIKLER
 10
233.1693115234375
 20
178.31087493896484
 30
0.0
 70
0
  0
VERTEX
  5
1014
  8
IC_DELIKLER
 10
231.44349670410156
 20
174.5951919555664
 30
0.0
 70
0
  0
VERTEX
  5
1015
  8
IC_DELIKLER
 10
227.0640411376953
 20
165.27261352539062
 30
0.0
 70
0
  0
VERTEX
  5
1016
  8
IC_DELIKLER
 10
214.4095001220703
 20
138.45872497558594
 30
0.0
 70
0
  0
VERTEX
  5
1017
  8
IC_DELIKLER
 10
209.27159118652344
 20
127.61428833007812
 30
0.0
 70
0
  0
VERTEX
  5
1018
  8
IC_DELIKLER
 10
206.15280151367188
 20
121.0694580078125
 30
0.0
 70
0
  0
VERTEX
  5
1019
  8
IC_DELIKLER
 10
205.68858337402344
 20
120.13114929199219
 30
0.0
 70
0
  0
VERTEX
  5
101A
  8
IC_DELIKLER
 10
205.39573669433594
 20
119.62321472167969
 30
0.0
 70
0
  0
VERTEX
  5
101B
  8
IC_DELIKLER
 10
205.258544921875
 20
119.42892456054688
 30
0.0
 70
0
  0
VERTEX
  5
101C
  8
IC_DELIKLER
 10
205.10821533203125
 20
119.25088500976562
 30
0.0
 70
0
  0
VERTEX
  5
101D
  8
IC_DELIKLER
 10
204.9424591064453
 20
119.09303283691406
 30
0.0
 70
0
  0
VERTEX
  5
101E
  8
IC_DELIKLER
 10
204.76014709472656
 20
118.95832824707031
 30
0.0
 70
0
  0
VERTEX
  5
101F
  8
IC_DELIKLER
 10
204.60247802734375
 20
118.86813354492188
 30
0.0
 70
0
  0
VERTEX
  5
1020
  8
IC_DELIKLER
 10
204.3919219970703
 20
118.7769775390625
 30
0.0
 70
0
  0
VERTEX
  5
1021
  8
IC_DELIKLER
 10
204.2141876220703
 20
118.72004699707031
 30
0.0
 70
0
  0
VERTEX
  5
1022
  8
IC_DELIKLER
 10
203.98287963867188
 20
118.66615295410156
 30
0.0
 70
0
  0
VERTEX
  5
1023
  8
IC_DELIKLER
 10
203.4512939453125
 20
118.5972900390625
 30
0.0
 70
0
  0
VERTEX
  5
1024
  8
IC_DELIKLER
 10
202.75619506835938
 20
118.56336975097656
 30
0.0
 70
0
  0
VERTEX
  5
1025
  8
IC_DELIKLER
 10
200.9068145751953
 20
118.55070495605469
 30
0.0
 70
0
  0
VERTEX
  5
1026
  8
IC_DELIKLER
 10
194.75694274902344
 20
118.58786010742188
 30
0.0
 70
0
  0
VERTEX
  5
1027
  8
IC_DELIKLER
 10
191.60694885253906
 20
118.592529296875
 30
0.0
 70
0
  0
VERTEX
  5
1028
  8
IC_DELIKLER
 10
189.25709533691406
 20
118.57270812988281
 30
0.0
 70
0
  0
VERTEX
  5
1029
  8
IC_DELIKLER
 10
187.65802001953125
 20
118.52536010742188
 30
0.0
 70
0
  0
VERTEX
  5
102A
  8
IC_DELIKLER
 10
184.76199340820312
 20
118.37551879882812
 30
0.0
 70
0
  0
VERTEX
  5
102B
  8
IC_DELIKLER
 10
181.31561279296875
 20
118.21839904785156
 30
0.0
 70
0
  0
VERTEX
  5
102C
  8
IC_DELIKLER
 10
179.56858825683594
 20
118.1171875
 30
0.0
 70
0
  0
VERTEX
  5
102D
  8
IC_DELIKLER
 10
175.82904052734375
 20
117.83839416503906
 30
0.0
 70
0
  0
VERTEX
  5
102E
  8
IC_DELIKLER
 10
171.7938232421875
 20
117.49308776855469
 30
0.0
 70
0
  0
VERTEX
  5
102F
  8
IC_DELIKLER
 10
168.85928344726562
 20
117.19235229492188
 30
0.0
 70
0
  0
VERTEX
  5
1030
  8
IC_DELIKLER
 10
162.8007354736328
 20
116.48265075683594
 30
0.0
 70
0
  0
VERTEX
  5
1031
  8
IC_DELIKLER
 10
159.7271728515625
 20
116.0792236328125
 30
0.0
 70
0
  0
VERTEX
  5
1032
  8
IC_DELIKLER
 10
157.20550537109375
 20
115.70100402832031
 30
0.0
 70
0
  0
VERTEX
  5
1033
  8
IC_DELIKLER
 10
152.42018127441406
 20
114.912353515625
 30
0.0
 70
0
  0
VERTEX
  5
1034
  8
IC_DELIKLER
 10
144.20509338378906
 20
113.41783142089844
 30
0.0
 70
0
  0
VERTEX
  5
1035
  8
IC_DELIKLER
 10
141.16342163085938
 20
112.81977844238281
 30
0.0
 70
0
  0
VERTEX
  5
1036
  8
IC_DELIKLER
 10
134.75462341308594
 20
111.46945190429688
 30
0.0
 70
0
  0
VERTEX
  5
1037
  8
IC_DELIKLER
 10
133.57339477539062
 20
111.260986328125
 30
0.0
 70
0
  0
VERTEX
  5
1038
  8
IC_DELIKLER
 10
131.89285278320312
 20
111.01177978515625
 30
0.0
 70
0
  0
VERTEX
  5
1039
  8
IC_DELIKLER
 10
131.0493927001953
 20
110.9237060546875
 30
0.0
 70
0
  0
VERTEX
  5
103A
  8
IC_DELIKLER
 10
130.10203552246094
 20
110.87709045410156
 30
0.0
 70
0
  0
VERTEX
  5
103B
  8
IC_DELIKLER
 10
128.85545349121094
 20
110.86590576171875
 30
0.0
 70
0
  0
VERTEX
  5
103C
  8
IC_DELIKLER
 10
128.46238708496094
 20
110.87969970703125
 30
0.0
 70
0
  0
VERTEX
  5
103D
  8
IC_DELIKLER
 10
128.12701416015625
 20
110.9102783203125
 30
0.0
 70
0
  0
VERTEX
  5
103E
  8
IC_DELIKLER
 10
127.89598846435547
 20
110.94911193847656
 30
0.0
 70
0
  0
VERTEX
  5
103F
  8
IC_DELIKLER
 10
127.71851348876953
 20
110.99388122558594
 30
0.0
 70
0
  0
VERTEX
  5
1040
  8
IC_DELIKLER
 10
127.50846099853516
 20
111.07044982910156
 30
0.0
 70
0
  0
VERTEX
  5
1041
  8
IC_DELIKLER
 10
127.35169982910156
 20
111.15013122558594
 30
0.0
 70
0
  0
VERTEX
  5
1042
  8
IC_DELIKLER
 10
127.20634460449219
 20
111.24710083007812
 30
0.0
 70
0
  0
VERTEX
  5
1043
  8
IC_DELIKLER
 10
127.07324981689453
 20
111.36122131347656
 30
0.0
 70
0
  0
VERTEX
  5
1044
  8
IC_DELIKLER
 10
126.95280456542969
 20
111.49156188964844
 30
0.0
 70
0
  0
SEQEND
  5
F70
  8
IC_DELIKLER
  0
POLYLINE
  5
1045
  8
IC_DELIKLER
 66
1
 10
0.0
 20
0.0
 30
0.0
 70
1
  0
VERTEX
  5
1047
  8
IC_DELIKLER
 10
7.818602085113525
 20
155.56533813476562
 30
0.0
 70
0
  0
VERTEX
  5
1048
  8
IC_DELIKLER
 10
7.742693901062012
 20
155.67587280273438
 30
0.0
 70
0
  0
VERTEX
  5
1049
  8
IC_DELIKLER
 10
7.684591770172119
 20
155.8553924560547
 30
0.0
 70
0
  0
VERTEX
  5
104A
  8
IC_DELIKLER
 10
7.6438093185424805
 20
156.08615112304688
 30
0.0
 70
0
  0
VERTEX
  5
104B
  8
IC_DELIKLER
 10
7.613692760467529
 20
156.39659118652344
 30
0.0
 70
0
  0
VERTEX
  5
104C
  8
IC_DELIKLER
 10
7.577033042907715
 20
157.42373657226562
 30
0.0
 70
0
  0
VERTEX
  5
104D
  8
IC_DELIKLER
 10
7.540533542633057
 20
160.07302856445312
 30
0.0
 70
0
  0
VERTEX
  5
104E
  8
IC_DELIKLER
 10
7.5
 20
160.12303161621094
 30
0.0
 70
0
  0
VERTEX
  5
104F
  8
IC_DELIKLER
 10
7.5
 20
167.972412109375
 30
0.0
 70
0
  0
VERTEX
  5
1050
  8
IC_DELIKLER
 10
7.54762601852417
 20
168.02133178710938
 30
0.0
 70
0
  0
VERTEX
  5
1051
  8
IC_DELIKLER
 10
7.651975631713867
 20
168.70542907714844
 30
0.0
 70
0
  0
VERTEX
  5
1052
  8
IC_DELIKLER
 10
7.701603412628174
 20
169.193115234375
 30
0.0
 70
0
  0
VERTEX
  5
1053
  8
IC_DELIKLER
 10
7.715816497802734
 20
169.6326446533203
 30
0.0
 70
0
  0
VERTEX
  5
1054
  8
IC_DELIKLER
 10
7.647459983825684
 20
171.2646026611328
 30
0.0
 70
0
  0
VERTEX
  5
1055
  8
IC_DELIKLER
 10
7.622107982635498
 20
172.41362762451172
 30
0.0
 70
0
  0
VERTEX
  5
1056
  8
IC_DELIKLER
 10
7.577730655670166
 20
176.76337432861328
 30
0.0
 70
0
  0
VERTEX
  5
1057
  8
IC_DELIKLER
 10
7.540050983428955
 20
183.51326751708984
 30
0.0
 70
0
  0
VERTEX
  5
1058
  8
IC_DELIKLER
 10
7.5
 20
183.56327056884766
 30
0.0
 70
0
  0
VERTEX
  5
1059
  8
IC_DELIKLER
 10
7.5
 20
262.76314544677734
 30
0.0
 70
0
  0
VERTEX
  5
105A
  8
IC_DELIKLER
 10
7.540057182312012
 20
262.8131446838379
 30
0.0
 70
0
  0
VERTEX
  5
105B
  8
IC_DELIKLER
 10
7.612900733947754
 20
280.1129856109619
 30
0.0
 70
0
  0
VERTEX
  5
105C
  8
IC_DELIKLER
 10
7.656881809234619
 20
286.062819480896
 30
0.0
 70
0
  0
VERTEX
  5
105D
  8
IC_DELIKLER
 10
7.7038421630859375
 20
289.91222286224365
 30
0.0
 70
0
  0
VERTEX
  5
105E
  8
IC_DELIKLER
 10
7.733333110809326
 20
290.80280113220215
 30
0.0
 70
0
  0
VERTEX
  5
105F
  8
IC_DELIKLER
 10
7.79067850112915
 20
291.31646823883057
 30
0.0
 70
0
  0
VERTEX
  5
1060
  8
IC_DELIKLER
 10
7.841070175170898
 20
291.529239654541
 30
0.0
 70
0
  0
VERTEX
  5
1061
  8
IC_DELIKLER
 10
7.897493362426758
 20
291.6850690841675
 30
0.0
 70
0
  0
VERTEX
  5
1062
  8
IC_DELIKLER
 10
7.970866680145264
 20
291.8252830505371
 30
0.0
 70
0
  0
VERTEX
  5
1063
  8
IC_DELIKLER
 10
8.062838554382324
 20
291.94786167144775
 30
0.0
 70
0
  0
VERTEX
  5
1064
  8
IC_DELIKLER
 10
8.17402458190918
 20
292.0516848564148
 30
0.0
 70
0
  0
VERTEX
  5
1065
  8
IC_DELIKLER
 10
8.339113235473633
 20
292.15512895584106
 30
0.0
 70
0
  0
VERTEX
  5
1066
  8
IC_DELIKLER
 10
8.530027389526367
 20
292.2315216064453
 30
0.0
 70
0
  0
VERTEX
  5
1067
  8
IC_DELIKLER
 10
8.74178409576416
 20
292.28508281707764
 30
0.0
 70
0
  0
VERTEX
  5
1068
  8
IC_DELIKLER
 10
9.015625953674316
 20
292.32651472091675
 30
0.0
 70
0
  0
VERTEX
  5
1069
  8
IC_DELIKLER
 10
9.302950859069824
 20
292.35117864608765
 30
0.0
 70
0
  0
VERTEX
  5
106A
  8
IC_DELIKLER
 10
10.194629669189453
 20
292.38186407089233
 30
0.0
 70
0
  0
VERTEX
  5
106B
  8
IC_DELIKLER
 10
13.044200897216797
 20
292.4121661186218
 30
0.0
 70
0
  0
VERTEX
  5
106C
  8
IC_DELIKLER
 10
17.944149017333984
 20
292.43387365341187
 30
0.0
 70
0
  0
VERTEX
  5
106D
  8
IC_DELIKLER
 10
36.44412612915039
 20
292.4599657058716
 30
0.0
 70
0
  0
VERTEX
  5
106E
  8
IC_DELIKLER
 10
36.49412536621094
 20
292.5
 30
0.0
 70
0
  0
VERTEX
  5
106F
  8
IC_DELIKLER
 10
119.54409790039062
 20
292.5
 30
0.0
 70
0
  0
VERTEX
  5
1070
  8
IC_DELIKLER
 10
119.5940933227539
 20
292.45989894866943
 30
0.0
 70
0
  0
VERTEX
  5
1071
  8
IC_DELIKLER
 10
123.24396514892578
 20
292.4342837333679
 30
0.0
 70
0
  0
VERTEX
  5
1072
  8
IC_DELIKLER
 10
124.04252624511719
 20
292.4197793006897
 30
0.0
 70
0
  0
VERTEX
  5
1073
  8
IC_DELIKLER
 10
124.5354995727539
 20
292.39773178100586
 30
0.0
 70
0
  0
VERTEX
  5
1074
  8
IC_DELIKLER
 10
124.91565704345703
 20
292.3590703010559
 30
0.0
 70
0
  0
VERTEX
  5
1075
  8
IC_DELIKLER
 10
125.2231674194336
 20
292.29647493362427
 30
0.0
 70
0
  0
VERTEX
  5
1076
  8
IC_DELIKLER
 10
125.4532470703125
 20
292.2121949195862
 30
0.0
 70
0
  0
VERTEX
  5
1077
  8
IC_DELIKLER
 10
125.63739776611328
 20
292.094331741333
 30
0.0
 70
0
  0
VERTEX
  5
1078
  8
IC_DELIKLER
 10
125.72807312011719
 20
291.99661445617676
 30
0.0
 70
0
  0
VERTEX
  5
1079
  8
IC_DELIKLER
 10
125.78987121582031
 20
291.8846683502197
 30
0.0
 70
0
  0
VERTEX
  5
107A
  8
IC_DELIKLER
 10
125.82188415527344
 20
291.76032066345215
 30
0.0
 70
0
  0
VERTEX
  5
107B
  8
IC_DELIKLER
 10
125.82527160644531
 20
291.6258182525635
 30
0.0
 70
0
  0
VERTEX
  5
107C
  8
IC_DELIKLER
 10
125.77354431152344
 20
291.3725280761719
 30
0.0
 70
0
  0
VERTEX
  5
107D
  8
IC_DELIKLER
 10
125.57354736328125
 20
290.82164096832275
 30
0.0
 70
0
  0
VERTEX
  5
107E
  8
IC_DELIKLER
 10
125.50753021240234
 20
290.5701904296875
 30
0.0
 70
0
  0
VERTEX
  5
107F
  8
IC_DELIKLER
 10
125.47623443603516
 20
290.26575660705566
 30
0.0
 70
0
  0
VERTEX
  5
1080
  8
IC_DELIKLER
 10
125.49347686767578
 20
289.99732780456543
 30
0.0
 70
0
  0
VERTEX
  5
1081
  8
IC_DELIKLER
 10
125.55985260009766
 20
289.67922496795654
 30
0.0
 70
0
  0
VERTEX
  5
1082
  8
IC_DELIKLER
 10
125.69905853271484
 20
289.26856422424316
 30
0.0
 70
0
  0
VERTEX
  5
1083
  8
IC_DELIKLER
 10
125.89544677734375
 20
288.8154420852661
 30
0.0
 70
0
  0
VERTEX
  5
1084
  8
IC_DELIKLER
 10
126.18148803710938
 20
288.23369121551514
 30
0.0
 70
0
  0
VERTEX
  5
1085
  8
IC_DELIKLER
 10
126.80256652832031
 20
287.0925235748291
 30
0.0
 70
0
  0
VERTEX
  5
1086
  8
IC_DELIKLER
 10
127.13319396972656
 20
286.53324604034424
 30
0.0
 70
0
  0
VERTEX
  5
1087
  8
IC_DELIKLER
 10
127.47769165039062
 20
285.9824628829956
 30
0.0
 70
0
  0
VERTEX
  5
1088
  8
IC_DELIKLER
 10
127.8088150024414
 20
285.48258113861084
 30
0.0
 70
0
  0
VERTEX
  5
1089
  8
IC_DELIKLER
 10
128.15371704101562
 20
284.99223136901855
 30
0.0
 70
0
  0
VERTEX
  5
108A
  8
IC_DELIKLER
 10
128.48338317871094
 20
284.5527753829956
 30
0.0
 70
0
  0
VERTEX
  5
108B
  8
IC_DELIKLER
 10
128.8279571533203
 20
284.12530422210693
 30
0.0
 70
0
  0
VERTEX
  5
108C
  8
IC_DELIKLER
 10
129.32713317871094
 20
283.5688247680664
 30
0.0
 70
0
  0
VERTEX
  5
108D
  8
IC_DELIKLER
 10
129.8316192626953
 20
283.08970832824707
 30
0.0
 70
0
  0
VERTEX
  5
108E
  8
IC_DELIKLER
 10
130.3382110595703
 20
282.6907730102539
 30
0.0
 70
0
  0
VERTEX
  5
108F
  8
IC_DELIKLER
 10
131.37893676757812
 20
281.9792175292969
 30
0.0
 70
0
  0
VERTEX
  5
1090
  8
IC_DELIKLER
 10
131.60696411132812
 20
281.7804126739502
 30
0.0
 70
0
  0
VERTEX
  5
1091
  8
IC_DELIKLER
 10
131.75552368164062
 20
281.60085105895996
 30
0.0
 70
0
  0
VERTEX
  5
1092
  8
IC_DELIKLER
 10
131.8495330810547
 20
281.412052154541
 30
0.0
 70
0
  0
VERTEX
  5
1093
  8
IC_DELIKLER
 10
131.88722229003906
 20
281.21392250061035
 30
0.0
 70
0
  0
VERTEX
  5
1094
  8
IC_DELIKLER
 10
131.8825225830078
 20
281.041467666626
 30
0.0
 70
0
  0
VERTEX
  5
1095
  8
IC_DELIKLER
 10
131.81568908691406
 20
280.5974826812744
 30
0.0
 70
0
  0
VERTEX
  5
1096
  8
IC_DELIKLER
 10
131.80067443847656
 20
280.3995780944824
 30
0.0
 70
0
  0
VERTEX
  5
1097
  8
IC_DELIKLER
 10
131.8094940185547
 20
280.1952705383301
 30
0.0
 70
0
  0
VERTEX
  5
1098
  8
IC_DELIKLER
 10
131.84678649902344
 20
279.98645401000977
 30
0.0
 70
0
  0
VERTEX
  5
1099
  8
IC_DELIKLER
 10
131.92880249023438
 20
279.73311042785645
 30
0.0
 70
0
  0
VERTEX
  5
109A
  8
IC_DELIKLER
 10
132.0455322265625
 20
279.48010635375977
 30
0.0
 70
0
  0
VERTEX
  5
109B
  8
IC_DELIKLER
 10
132.2139434814453
 20
279.1885070800781
 30
0.0
 70
0
  0
VERTEX
  5
109C
  8
IC_DELIKLER
 10
132.43345642089844
 20
278.8616600036621
 30
0.0
 70
0
  0
VERTEX
  5
109D
  8
IC_DELIKLER
 10
133.038818359375
 20
278.06951904296875
 30
0.0
 70
0
  0
VERTEX
  5
109E
  8
IC_DELIKLER
 10
133.96432495117188
 20
276.9536647796631
 30
0.0
 70
0
  0
VERTEX
  5
109F
  8
IC_DELIKLER
 10
136.63523864746094
 20
273.8431854248047
 30
0.0
 70
0
  0
VERTEX
  5
10A0
  8
IC_DELIKLER
 10
137.44085693359375
 20
272.9554100036621
 30
0.0
 70
0
  0
VERTEX
  5
10A1
  8
IC_DELIKLER
 10
137.93972778320312
 20
272.4669418334961
 30
0.0
 70
0
  0
VERTEX
  5
10A2
  8
IC_DELIKLER
 10
138.4306182861328
 20
272.044828414917
 30
0.0
 70
0
  0
VERTEX
  5
10A3
  8
IC_DELIKLER
 10
138.95008850097656
 20
271.6591968536377
 30
0.0
 70
0
  0
VERTEX
  5
10A4
  8
IC_DELIKLER
 10
140.0164337158203
 20
270.9529800415039
 30
0.0
 70
0
  0
VERTEX
  5
10A5
  8
IC_DELIKLER
 10
140.26951599121094
 20
270.7471981048584
 30
0.0
 70
0
  0
VERTEX
  5
10A6
  8
IC_DELIKLER
 10
140.4551544189453
 20
270.55376052856445
 30
0.0
 70
0
  0
VERTEX
  5
10A7
  8
IC_DELIKLER
 10
140.60476684570312
 20
270.3414478302002
 30
0.0
 70
0
  0
VERTEX
  5
10A8
  8
IC_DELIKLER
 10
140.71778869628906
 20
270.1102104187012
 30
0.0
 70
0
  0
VERTEX
  5
10A9
  8
IC_DELIKLER
 10
140.80157470703125
 20
269.8629665374756
 30
0.0
 70
0
  0
VERTEX
  5
10AA
  8
IC_DELIKLER
 10
140.98121643066406
 20
269.21036529541016
 30
0.0
 70
0
  0
VERTEX
  5
10AB
  8
IC_DELIKLER
 10
141.117431640625
 20
268.86455154418945
 30
0.0
 70
0
  0
VERTEX
  5
10AC
  8
IC_DELIKLER
 10
141.29891967773438
 20
268.5303649902344
 30
0.0
 70
0
  0
VERTEX
  5
10AD
  8
IC_DELIKLER
 10
141.54771423339844
 20
268.16965103149414
 30
0.0
 70
0
  0
VERTEX
  5
10AE
  8
IC_DELIKLER
 10
141.98817443847656
 20
267.6328430175781
 30
0.0
 70
0
  0
VERTEX
  5
10AF
  8
IC_DELIKLER
 10
142.65869140625
 20
266.8921585083008
 30
0.0
 70
0
  0
VERTEX
  5
10B0
  8
IC_DELIKLER
 10
146.48812866210938
 20
262.8751411437988
 30
0.0
 70
0
  0
VERTEX
  5
10B1
  8
IC_DELIKLER
 10
147.0661163330078
 20
262.2528953552246
 30
0.0
 70
0
  0
VERTEX
  5
10B2
  8
IC_DELIKLER
 10
147.42613220214844
 20
261.84347915649414
 30
0.0
 70
0
  0
VERTEX
  5
10B3
  8
IC_DELIKLER
 10
147.774658203125
 20
261.3914108276367
 30
0.0
 70
0
  0
VERTEX
  5
10B4
  8
IC_DELIKLER
 10
147.8899383544922
 20
261.2052421569824
 30
0.0
 70
0
  0
VERTEX
  5
10B5
  8
IC_DELIKLER
 10
147.9617462158203
 20
261.0603256225586
 30
0.0
 70
0
  0
VERTEX
  5
10B6
  8
IC_DELIKLER
 10
148.0188446044922
 20
260.8882713317871
 30
0.0
 70
0
  0
VERTEX
  5
10B7
  8
IC_DELIKLER
 10
148.03367614746094
 20
260.7614440917969
 30
0.0
 70
0
  0
VERTEX
  5
10B8
  8
IC_DELIKLER
 10
148.01809692382812
 20
260.64742279052734
 30
0.0
 70
0
  0
VERTEX
  5
10B9
  8
IC_DELIKLER
 10
147.97103881835938
 20
260.54877853393555
 30
0.0
 70
0
  0
VERTEX
  5
10BA
  8
IC_DELIKLER
 10
147.8931427001953
 20
260.46734619140625
 30
0.0
 70
0
  0
VERTEX
  5
10BB
  8
IC_DELIKLER
 10
147.7867889404297
 20
260.4039878845215
 30
0.0
 70
0
  0
VERTEX
  5
10BC
  8
IC_DELIKLER
 10
147.65570068359375
 20
260.35853576660156
 30
0.0
 70
0
  0
VERTEX
  5
10BD
  8
IC_DELIKLER
 10
147.50437927246094
 20
260.32994842529297
 30
0.0
 70
0
  0
VERTEX
  5
10BE
  8
IC_DELIKLER
 10
147.2939910888672
 20
260.31543350219727
 30
0.0
 70
0
  0
VERTEX
  5
10BF
  8
IC_DELIKLER
 10
147.06797790527344
 20
260.3212013244629
 30
0.0
 70
0
  0
VERTEX
  5
10C0
  8
IC_DELIKLER
 10
146.5956573486328
 20
260.38256454467773
 30
0.0
 70
0
  0
VERTEX
  5
10C1
  8
IC_DELIKLER
 10
146.17135620117188
 20
260.48868560791016
 30
0.0
 70
0
  0
VERTEX
  5
10C2
  8
IC_DELIKLER
 10
145.7641143798828
 20
260.64531326293945
 30
0.0
 70
0
  0
VERTEX
  5
10C3
  8
IC_DELIKLER
 10
145.42459106445312
 20
260.82998275756836
 30
0.0
 70
0
  0
VERTEX
  5
10C4
  8
IC_DELIKLER
 10
145.07315063476562
 20
261.0875473022461
 30
0.0
 70
0
  0
VERTEX
  5
10C5
  8
IC_DELIKLER
 10
144.7207794189453
 20
261.4258689880371
 30
0.0
 70
0
  0
VERTEX
  5
10C6
  8
IC_DELIKLER
 10
144.34109497070312
 20
261.8814926147461
 30
0.0
 70
0
  0
VERTEX
  5
10C7
  8
IC_DELIKLER
 10
143.99049377441406
 20
262.36572265625
 30
0.0
 70
0
  0
VERTEX
  5
10C8
  8
IC_DELIKLER
 10
142.94268798828125
 20
263.88957595825195
 30
0.0
 70
0
  0
VERTEX
  5
10C9
  8
IC_DELIKLER
 10
142.32815551757812
 20
264.74070739746094
 30
0.0
 70
0
  0
VERTEX
  5
10CA
  8
IC_DELIKLER
 10
141.56890869140625
 20
265.73332595825195
 30
0.0
 70
0
  0
VERTEX
  5
10CB
  8
IC_DELIKLER
 10
140.74659729003906
 20
266.73979568481445
 30
0.0
 70
0
  0
VERTEX
  5
10CC
  8
IC_DELIKLER
 10
139.82644653320312
 20
267.79455184936523
 30
0.0
 70
0
  0
VERTEX
  5
10CD
  8
IC_DELIKLER
 10
138.84185791015625
 20
268.85874366760254
 30
0.0
 70
0
  0
VERTEX
  5
10CE
  8
IC_DELIKLER
 10
137.7263641357422
 20
270.00555992126465
 30
0.0
 70
0
  0
VERTEX
  5
10CF
  8
IC_DELIKLER
 10
136.6549530029297
 20
271.0550956726074
 30
0.0
 70
0
  0
VERTEX
  5
10D0
  8
IC_DELIKLER
 10
135.62876892089844
 20
272.0070858001709
 30
0.0
 70
0
  0
VERTEX
  5
10D1
  8
IC_DELIKLER
 10
134.64947509765625
 20
272.8615894317627
 30
0.0
 70
0
  0
VERTEX
  5
10D2
  8
IC_DELIKLER
 10
133.64199829101562
 20
273.6825637817383
 30
0.0
 70
0
  0
VERTEX
  5
10D3
  8
IC_DELIKLER
 10
132.6454620361328
 20
274.436487197876
 30
0.0
 70
0
  0
VERTEX
  5
10D4
  8
IC_DELIKLER
 10
131.62197875976562
 20
275.1533851623535
 30
0.0
 70
0
  0
VERTEX
  5
10D5
  8
IC_DELIKLER
 10
130.5308837890625
 20
275.85942459106445
 30
0.0
 70
0
  0
VERTEX
  5
10D6
  8
IC_DELIKLER
 10
129.4158477783203
 20
276.527135848999
 30
0.0
 70
0
  0
VERTEX
  5
10D7
  8
IC_DELIKLER
 10
128.19253540039062
 20
277.2073268890381
 30
0.0
 70
0
  0
VERTEX
  5
10D8
  8
IC_DELIKLER
 10
127.30484008789062
 20
277.66504669189453
 30
0.0
 70
0
  0
VERTEX
  5
10D9
  8
IC_DELIKLER
 10
126.67560577392578
 20
277.948278427124
 30
0.0
 70
0
  0
VERTEX
  5
10DA
  8
IC_DELIKLER
 10
126.40666961669922
 20
278.04508209228516
 30
0.0
 70
0
  0
VERTEX
  5
10DB
  8
IC_DELIKLER
 10
126.18628692626953
 20
278.1055793762207
 30
0.0
 70
0
  0
VERTEX
  5
10DC
  8
IC_DELIKLER
 10
125.97308349609375
 20
278.14092445373535
 30
0.0
 70
0
  0
VERTEX
  5
10DD
  8
IC_DELIKLER
 10
125.81078338623047
 20
278.1467590332031
 30
0.0
 70
0
  0
VERTEX
  5
10DE
  8
IC_DELIKLER
 10
125.6585693359375
 20
278.1296558380127
 30
0.0
 70
0
  0
VERTEX
  5
10DF
  8
IC_DELIKLER
 10
125.55242156982422
 20
278.10072135925293
 30
0.0
 70
0
  0
VERTEX
  5
10E0
  8
IC_DELIKLER
 10
125.4229507446289
 20
278.0403652191162
 30
0.0
 70
0
  0
VERTEX
  5
10E1
  8
IC_DELIKLER
 10
125.3078842163086
 20
277.9563217163086
 30
0.0
 70
0
  0
VERTEX
  5
10E2
  8
IC_DELIKLER
 10
125.13853454589844
 20
277.762752532959
 30
0.0
 70
0
  0
VERTEX
  5
10E3
  8
IC_DELIKLER
 10
124.84233093261719
 20
277.2937812805176
 30
0.0
 70
0
  0
VERTEX
  5
10E4
  8
IC_DELIKLER
 10
124.7580795288086
 20
277.19706535339355
 30
0.0
 70
0
  0
VERTEX
  5
10E5
  8
IC_DELIKLER
 10
124.68975830078125
 20
277.1411781311035
 30
0.0
 70
0
  0
VERTEX
  5
10E6
  8
IC_DELIKLER
 10
124.59101867675781
 20
277.0928382873535
 30
0.0
 70
0
  0
VERTEX
  5
10E7
  8
IC_DELIKLER
 10
124.5113296508789
 20
277.07786560058594
 30
0.0
 70
0
  0
VERTEX
  5
10E8
  8
IC_DELIKLER
 10
124.42736053466797
 20
277.08165740966797
 30
0.0
 70
0
  0
VERTEX
  5
10E9
  8
IC_DELIKLER
 10
124.31008911132812
 20
277.11526679992676
 30
0.0
 70
0
  0
VERTEX
  5
10EA
  8
IC_DELIKLER
 10
124.18872833251953
 20
277.1791687011719
 30
0.0
 70
0
  0
VERTEX
  5
10EB
  8
IC_DELIKLER
 10
124.06542205810547
 20
277.269495010376
 30
0.0
 70
0
  0
VERTEX
  5
10EC
  8
IC_DELIKLER
 10
123.91120910644531
 20
277.4124584197998
 30
0.0
 70
0
  0
VERTEX
  5
10ED
  8
IC_DELIKLER
 10
123.75897216796875
 20
277.58019828796387
 30
0.0
 70
0
  0
VERTEX
  5
10EE
  8
IC_DELIKLER
 10
123.49199676513672
 20
277.9195442199707
 30
0.0
 70
0
  0
VERTEX
  5
10EF
  8
IC_DELIKLER
 10
122.7908706665039
 20
278.88372230529785
 30
0.0
 70
0
  0
VERTEX
  5
10F0
  8
IC_DELIKLER
 10
122.41160583496094
 20
279.3405876159668
 30
0.0
 70
0
  0
VERTEX
  5
10F1
  8
IC_DELIKLER
 10
122.06169128417969
 20
279.6834716796875
 30
0.0
 70
0
  0
VERTEX
  5
10F2
  8
IC_DELIKLER
 10
121.87246704101562
 20
279.83729362487793
 30
0.0
 70
0
  0
VERTEX
  5
10F3
  8
IC_DELIKLER
 10
121.67346954345703
 20
279.9780750274658
 30
0.0
 70
0
  0
VERTEX
  5
10F4
  8
IC_DELIKLER
 10
121.42261505126953
 20
280.12987327575684
 30
0.0
 70
0
  0
VERTEX
  5
10F5
  8
IC_DELIKLER
 10
121.11585998535156
 20
280.28535652160645
 30
0.0
 70
0
  0
VERTEX
  5
10F6
  8
IC_DELIKLER
 10
120.79768371582031
 20
280.4216079711914
 30
0.0
 70
0
  0
VERTEX
  5
10F7
  8
IC_DELIKLER
 10
120.42481231689453
 20
280.5598316192627
 30
0.0
 70
0
  0
VERTEX
  5
10F8
  8
IC_DELIKLER
 10
119.95072174072266
 20
280.714879989624
 30
0.0
 70
0
  0
VERTEX
  5
10F9
  8
IC_DELIKLER
 10
119.37564086914062
 20
280.8842430114746
 30
0.0
 70
0
  0
VERTEX
  5
10FA
  8
IC_DELIKLER
 10
118.06932830810547
 20
281.22306632995605
 30
0.0
 70
0
  0
VERTEX
  5
10FB
  8
IC_DELIKLER
 10
116.65380859375
 20
281.5356502532959
 30
0.0
 70
0
  0
VERTEX
  5
10FC
  8
IC_DELIKLER
 10
115.37511444091797
 20
281.76708030700684
 30
0.0
 70
0
  0
VERTEX
  5
10FD
  8
IC_DELIKLER
 10
114.18667602539062
 20
281.92879486083984
 30
0.0
 70
0
  0
VERTEX
  5
10FE
  8
IC_DELIKLER
 10
112.69417572021484
 20
282.0758514404297
 30
0.0
 70
0
  0
VERTEX
  5
10FF
  8
IC_DELIKLER
 10
110.79949188232422
 20
282.2147674560547
 30
0.0
 70
0
  0
VERTEX
  5
1100
  8
IC_DELIKLER
 10
110.00059509277344
 20
282.2524604797363
 30
0.0
 70
0
  0
VERTEX
  5
1101
  8
IC_DELIKLER
 10
109.35124969482422
 20
282.2677803039551
 30
0.0
 70
0
  0
VERTEX
  5
1102
  8
IC_DELIKLER
 10
108.80287170410156
 20
282.263614654541
 30
0.0
 70
0
  0
VERTEX
  5
1103
  8
IC_DELIKLER
 10
108.35846710205078
 20
282.2406120300293
 30
0.0
 70
0
  0
VERTEX
  5
1104
  8
IC_DELIKLER
 10
107.97444152832031
 20
282.19550132751465
 30
0.0
 70
0
  0
VERTEX
  5
1105
  8
IC_DELIKLER
 10
107.65882110595703
 20
282.12699127197266
 30
0.0
 70
0
  0
VERTEX
  5
1106
  8
IC_DELIKLER
 10
107.37944793701172
 20
282.021520614624
 30
0.0
 70
0
  0
VERTEX
  5
1107
  8
IC_DELIKLER
 10
107.244140625
 20
281.94163703918457
 30
0.0
 70
0
  0
VERTEX
  5
1108
  8
IC_DELIKLER
 10
107.15736389160156
 20
281.8717613220215
 30
0.0
 70
0
  0
VERTEX
  5
1109
  8
IC_DELIKLER
 10
107.06407165527344
 20
281.7653694152832
 30
0.0
 70
0
  0
VERTEX
  5
110A
  8
IC_DELIKLER
 10
107.0123519897461
 20
281.6761054992676
 30
0.0
 70
0
  0
VERTEX
  5
110B
  8
IC_DELIKLER
 10
106.97701263427734
 20
281.5794143676758
 30
0.0
 70
0
  0
VERTEX
  5
110C
  8
IC_DELIKLER
 10
106.95818328857422
 20
281.4761505126953
 30
0.0
 70
0
  0
VERTEX
  5
110D
  8
IC_DELIKLER
 10
106.95552062988281
 20
281.36731719970703
 30
0.0
 70
0
  0
VERTEX
  5
110E
  8
IC_DELIKLER
 10
106.97569274902344
 20
281.2154064178467
 30
0.0
 70
0
  0
VERTEX
  5
110F
  8
IC_DELIKLER
 10
107.06755065917969
 20
280.9378185272217
 30
0.0
 70
0
  0
VERTEX
  5
1110
  8
IC_DELIKLER
 10
107.23853302001953
 20
280.61413955688477
 30
0.0
 70
0
  0
VERTEX
  5
1111
  8
IC_DELIKLER
 10
107.4819107055664
 20
280.25305938720703
 30
0.0
 70
0
  0
VERTEX
  5
1112
  8
IC_DELIKLER
 10
107.91061401367188
 20
279.7061519622803
 30
0.0
 70
0
  0
VERTEX
  5
1113
  8
IC_DELIKLER
 10
108.49734497070312
 20
279.02474212646484
 30
0.0
 70
0
  0
VERTEX
  5
1114
  8
IC_DELIKLER
 10
109.23938751220703
 20
278.2130432128906
 30
0.0
 70
0
  0
VERTEX
  5
1115
  8
IC_DELIKLER
 10
110.0678482055664
 20
277.3450622558594
 30
0.0
 70
0
  0
VERTEX
  5
1116
  8
IC_DELIKLER
 10
111.1573257446289
 20
276.24265480041504
 30
0.0
 70
0
  0
VERTEX
  5
1117
  8
IC_DELIKLER
 10
112.2278823852539
 20
275.1921272277832
 30
0.0
 70
0
  0
VERTEX
  5
1118
  8
IC_DELIKLER
 10
112.99381256103516
 20
274.4745330810547
 30
0.0
 70
0
  0
VERTEX
  5
1119
  8
IC_DELIKLER
 10
113.59796905517578
 20
273.9522132873535
 30
0.0
 70
0
  0
VERTEX
  5
111A
  8
IC_DELIKLER
 10
113.9112319946289
 20
273.7058734893799
 30
0.0
 70
0
  0
VERTEX
  5
111B
  8
IC_DELIKLER
 10
114.23455810546875
 20
273.4743881225586
 30
0.0
 70
0
  0
VERTEX
  5
111C
  8
IC_DELIKLER
 10
114.52704620361328
 20
273.28734588623047
 30
0.0
 70
0
  0
VERTEX
  5
111D
  8
IC_DELIKLER
 10
114.82911682128906
 20
273.11733627319336
 30
0.0
 70
0
  0
VERTEX
  5
111E
  8
IC_DELIKLER
 10
115.36795806884766
 20
272.8679885864258
 30
0.0
 70
0
  0
VERTEX
  5
111F
  8
IC_DELIKLER
 10
116.46800231933594
 20
272.453950881958
 30
0.0
 70
0
  0
VERTEX
  5
1120
  8
IC_DELIKLER
 10
116.72140502929688
 20
272.3310432434082
 30
0.0
 70
0
  0
VERTEX
  5
1121
  8
IC_DELIKLER
 10
116.95354461669922
 20
272.1846561431885
 30
0.0
 70
0
  0
VERTEX
  5
1122
  8
IC_DELIKLER
 10
117.16039276123047
 20
272.0105609893799
 30
0.0
 70
0
  0
VERTEX
  5
1123
  8
IC_DELIKLER
 10
117.3424301147461
 20
271.80930519104004
 30
0.0
 70
0
  0
VERTEX
  5
1124
  8
IC_DELIKLER
 10
117.50545501708984
 20
271.58629608154297
 30
0.0
 70
0
  0
VERTEX
  5
1125
  8
IC_DELIKLER
 10
117.8971939086914
 20
270.9928684234619
 30
0.0
 70
0
  0
VERTEX
  5
1126
  8
IC_DELIKLER
 10
118.13439178466797
 20
270.6890678405762
 30
0.0
 70
0
  0
VERTEX
  5
1127
  8
IC_DELIKLER
 10
118.43743133544922
 20
270.3725280761719
 30
0.0
 70
0
  0
VERTEX
  5
1128
  8
IC_DELIKLER
 10
118.77168273925781
 20
270.0808868408203
 30
0.0
 70
0
  0
VERTEX
  5
1129
  8
IC_DELIKLER
 10
119.44843292236328
 20
269.5724697113037
 30
0.0
 70
0
  0
VERTEX
  5
112A
  8
IC_DELIKLER
 10
120.64302062988281
 20
268.7513179779053
 30
0.0
 70
0
  0
VERTEX
  5
112B
  8
IC_DELIKLER
 10
122.06067657470703
 20
267.81325912475586
 30
0.0
 70
0
  0
VERTEX
  5
112C
  8
IC_DELIKLER
 10
123.2449722290039
 20
267.0670738220215
 30
0.0
 70
0
  0
VERTEX
  5
112D
  8
IC_DELIKLER
 10
123.93269348144531
 20
266.65892028808594
 30
0.0
 70
0
  0
VERTEX
  5
112E
  8
IC_DELIKLER
 10
124.58773040771484
 20
266.2946357727051
 30
0.0
 70
0
  0
VERTEX
  5
112F
  8
IC_DELIKLER
 10
125.16554260253906
 20
265.9984474182129
 30
0.0
 70
0
  0
VERTEX
  5
1130
  8
IC_DELIKLER
 10
125.75438690185547
 20
265.72560119628906
 30
0.0
 70
0
  0
VERTEX
  5
1131
  8
IC_DELIKLER
 10
126.26191711425781
 20
265.5164222717285
 30
0.0
 70
0
  0
VERTEX
  5
1132
  8
IC_DELIKLER
 10
126.77775573730469
 20
265.328800201416
 30
0.0
 70
0
  0
VERTEX
  5
1133
  8
IC_DELIKLER
 10
128.207275390625
 20
264.89219665527344
 30
0.0
 70
0
  0
VERTEX
  5
1134
  8
IC_DELIKLER
 10
128.5326385498047
 20
264.7824363708496
 30
0.0
 70
0
  0
VERTEX
  5
1135
  8
IC_DELIKLER
 10
128.88613891601562
 20
264.63319396972656
 30
0.0
 70
0
  0
VERTEX
  5
1136
  8
IC_DELIKLER
 10
129.16925048828125
 20
264.4712104797363
 30
0.0
 70
0
  0
VERTEX
  5
1137
  8
IC_DELIKLER
 10
129.38648986816406
 20
264.3039741516113
 30
0.0
 70
0
  0
VERTEX
  5
1138
  8
IC_DELIKLER
 10
129.60911560058594
 20
264.0759048461914
 30
0.0
 70
0
  0
VERTEX
  5
1139
  8
IC_DELIKLER
 10
129.7788543701172
 20
263.8577575683594
 30
0.0
 70
0
  0
VERTEX
  5
113A
  8
IC_DELIKLER
 10
130.15762329101562
 20
263.31993103027344
 30
0.0
 70
0
  0
VERTEX
  5
113B
  8
IC_DELIKLER
 10
130.4011993408203
 20
263.0279998779297
 30
0.0
 70
0
  0
VERTEX
  5
113C
  8
IC_DELIKLER
 10
130.67788696289062
 20
262.7608184814453
 30
0.0
 70
0
  0
VERTEX
  5
113D
  8
IC_DELIKLER
 10
131.02293395996094
 20
262.4879722595215
 30
0.0
 70
0
  0
VERTEX
  5
113E
  8
IC_DELIKLER
 10
131.60015869140625
 20
262.1011657714844
 30
0.0
 70
0
  0
VERTEX
  5
113F
  8
IC_DELIKLER
 10
132.36959838867188
 20
261.6361503601074
 30
0.0
 70
0
  0
VERTEX
  5
1140
  8
IC_DELIKLER
 10
133.02194213867188
 20
261.2667236328125
 30
0.0
 70
0
  0
VERTEX
  5
1141
  8
IC_DELIKLER
 10
134.33987426757812
 20
260.5516242980957
 30
0.0
 70
0
  0
VERTEX
  5
1142
  8
IC_DELIKLER
 10
134.8593292236328
 20
260.2538719177246
 30
0.0
 70
0
  0
VERTEX
  5
1143
  8
IC_DELIKLER
 10
135.31948852539062
 20
259.96428298950195
 30
0.0
 70
0
  0
VERTEX
  5
1144
  8
IC_DELIKLER
 10
135.66665649414062
 20
259.70977783203125
 30
0.0
 70
0
  0
VERTEX
  5
1145
  8
IC_DELIKLER
 10
135.92672729492188
 20
259.4668769836426
 30
0.0
 70
0
  0
VERTEX
  5
1146
  8
IC_DELIKLER
 10
136.0292205810547
 20
259.339599609375
 30
0.0
 70
0
  0
VERTEX
  5
1147
  8
IC_DELIKLER
 10
136.10751342773438
 20
259.20927810668945
 30
0.0
 70
0
  0
VERTEX
  5
1148
  8
IC_DELIKLER
 10
136.15768432617188
 20
259.07719802856445
 30
0.0
 70
0
  0
VERTEX
  5
1149
  8
IC_DELIKLER
 10
136.17507934570312
 20
258.9780502319336
 30
0.0
 70
0
  0
VERTEX
  5
114A
  8
IC_DELIKLER
 10
136.17433166503906
 20
258.87986755371094
 30
0.0
 70
0
  0
VERTEX
  5
114B
  8
IC_DELIKLER
 10
136.1448974609375
 20
258.75228118896484
 30
0.0
 70
0
  0
VERTEX
  5
114C
  8
IC_DELIKLER
 10
136.1021270751953
 20
258.6605567932129
 30
0.0
 70
0
  0
VERTEX
  5
114D
  8
IC_DELIKLER
 10
136.04269409179688
 20
258.5735321044922
 30
0.0
 70
0
  0
VERTEX
  5
114E
  8
IC_DELIKLER
 10
135.8799285888672
 20
258.41814041137695
 30
0.0
 70
0
  0
VERTEX
  5
114F
  8
IC_DELIKLER
 10
135.67059326171875
 20
258.2946014404297
 30
0.0
 70
0
  0
VERTEX
  5
1150
  8
IC_DELIKLER
 10
135.42959594726562
 20
258.2098846435547
 30
0.0
 70
0
  0
VERTEX
  5
1151
  8
IC_DELIKLER
 10
135.21409606933594
 20
258.1724433898926
 30
0.0
 70
0
  0
VERTEX
  5
1152
  8
IC_DELIKLER
 10
134.9469757080078
 20
258.16906356811523
 30
0.0
 70
0
  0
VERTEX
  5
1153
  8
IC_DELIKLER
 10
134.67762756347656
 20
258.20985412597656
 30
0.0
 70
0
  0
VERTEX
  5
1154
  8
IC_DELIKLER
 10
134.41082763671875
 20
258.29034423828125
 30
0.0
 70
0
  0
VERTEX
  5
1155
  8
IC_DELIKLER
 10
134.0629425048828
 20
258.4470634460449
 30
0.0
 70
0
  0
VERTEX
  5
1156
  8
IC_DELIKLER
 10
133.6826934814453
 20
258.66887283325195
 30
0.0
 70
0
  0
VERTEX
  5
1157
  8
IC_DELIKLER
 10
132.03976440429688
 20
259.801212310791
 30
0.0
 70
0
  0
VERTEX
  5
1158
  8
IC_DELIKLER
 10
131.2488555908203
 20
260.32714080810547
 30
0.0
 70
0
  0
VERTEX
  5
1159
  8
IC_DELIKLER
 10
130.23329162597656
 20
260.9658966064453
 30
0.0
 70
0
  0
VERTEX
  5
115A
  8
IC_DELIKLER
 10
129.20016479492188
 20
261.5758590698242
 30
0.0
 70
0
  0
VERTEX
  5
115B
  8
IC_DELIKLER
 10
128.15048217773438
 20
262.1568794250488
 30
0.0
 70
0
  0
VERTEX
  5
115C
  8
IC_DELIKLER
 10
127.08521270751953
 20
262.7088203430176
 30
0.0
 70
0
  0
VERTEX
  5
115D
  8
IC_DELIKLER
 10
126.00530242919922
 20
263.23152923583984
 30
0.0
 70
0
  0
VERTEX
  5
115E
  8
IC_DELIKLER
 10
124.9116439819336
 20
263.724853515625
 30
0.0
 70
0
  0
VERTEX
  5
115F
  8
IC_DELIKLER
 10
123.71237182617188
 20
264.2259292602539
 30
0.0
 70
0
  0
VERTEX
  5
1160
  8
IC_DELIKLER
 10
122.49909210205078
 20
264.6920928955078
 30
0.0
 70
0
  0
VERTEX
  5
1161
  8
IC_DELIKLER
 10
121.27288055419922
 20
265.1230926513672
 30
0.0
 70
0
  0
VERTEX
  5
1162
  8
IC_DELIKLER
 10
120.03478240966797
 20
265.5186538696289
 30
0.0
 70
0
  0
VERTEX
  5
1163
  8
IC_DELIKLER
 10
118.78583526611328
 20
265.87849044799805
 30
0.0
 70
0
  0
VERTEX
  5
1164
  8
IC_DELIKLER
 10
117.52706146240234
 20
266.20228576660156
 30
0.0
 70
0
  0
VERTEX
  5
1165
  8
IC_DELIKLER
 10
116.21058654785156
 20
266.50007247924805
 30
0.0
 70
0
  0
VERTEX
  5
1166
  8
IC_DELIKLER
 10
114.98429107666016
 20
266.7385711669922
 30
0.0
 70
0
  0
VERTEX
  5
1167
  8
IC_DELIKLER
 10
114.29768371582031
 20
266.8422088623047
 30
0.0
 70
0
  0
VERTEX
  5
1168
  8
IC_DELIKLER
 10
113.81855773925781
 20
266.87745666503906
 30
0.0
 70
0
  0
VERTEX
  5
1169
  8
IC_DELIKLER
 10
113.45954895019531
 20
266.85791015625
 30
0.0
 70
0
  0
VERTEX
  5
116A
  8
IC_DELIKLER
 10
113.29528045654297
 20
266.8250427246094
 30
0.0
 70
0
  0
VERTEX
  5
116B
  8
IC_DELIKLER
 10
113.14524841308594
 20
266.7737579345703
 30
0.0
 70
0
  0
VERTEX
  5
116C
  8
IC_DELIKLER
 10
112.95262908935547
 20
266.6597557067871
 30
0.0
 70
0
  0
VERTEX
  5
116D
  8
IC_DELIKLER
 10
112.87235260009766
 20
266.5862350463867
 30
0.0
 70
0
  0
VERTEX
  5
116E
  8
IC_DELIKLER
 10
112.78189849853516
 20
266.4727592468262
 30
0.0
 70
0
  0
VERTEX
  5
116F
  8
IC_DELIKLER
 10
112.67716979980469
 20
266.2768096923828
 30
0.0
 70
0
  0
VERTEX
  5
1170
  8
IC_DELIKLER
 10
112.49139404296875
 20
265.79873275756836
 30
0.0
 70
0
  0
VERTEX
  5
1171
  8
IC_DELIKLER
 10
112.38899993896484
 20
265.6385154724121
 30
0.0
 70
0
  0
VERTEX
  5
1172
  8
IC_DELIKLER
 10
112.30211639404297
 20
265.56103897094727
 30
0.0
 70
0
  0
VERTEX
  5
1173
  8
IC_DELIKLER
 10
112.22611999511719
 20
265.5208396911621
 30
0.0
 70
0
  0
VERTEX
  5
1174
  8
IC_DELIKLER
 10
112.1409912109375
 20
265.49676513671875
 30
0.0
 70
0
  0
VERTEX
  5
1175
  8
IC_DELIKLER
 10
112.01451110839844
 20
265.4897003173828
 30
0.0
 70
0
  0
VERTEX
  5
1176
  8
IC_DELIKLER
 10
111.87553405761719
 20
265.50977325439453
 30
0.0
 70
0
  0
VERTEX
  5
1177
  8
IC_DELIKLER
 10
111.72702026367188
 20
265.55407333374023
 30
0.0
 70
0
  0
VERTEX
  5
1178
  8
IC_DELIKLER
 10
111.37237548828125
 20
265.72211837768555
 30
0.0
 70
0
  0
VERTEX
  5
1179
  8
IC_DELIKLER
 10
111.04766082763672
 20
265.9215278625488
 30
0.0
 70
0
  0
VERTEX
  5
117A
  8
IC_DELIKLER
 10
110.10206604003906
 20
266.5570411682129
 30
0.0
 70
0
  0
VERTEX
  5
117B
  8
IC_DELIKLER
 10
109.58760833740234
 20
266.85095596313477
 30
0.0
 70
0
  0
VERTEX
  5
117C
  8
IC_DELIKLER
 10
109.13782501220703
 20
267.0450248718262
 30
0.0
 70
0
  0
VERTEX
  5
117D
  8
IC_DELIKLER
 10
108.66816711425781
 20
267.18213653564453
 30
0.0
 70
0
  0
VERTEX
  5
117E
  8
IC_DELIKLER
 10
108.32987976074219
 20
267.24548721313477
 30
0.0
 70
0
  0
VERTEX
  5
117F
  8
IC_DELIKLER
 10
107.98627471923828
 20
267.2867202758789
 30
0.0
 70
0
  0
VERTEX
  5
1180
  8
IC_DELIKLER
 10
107.14104461669922
 20
267.3281784057617
 30
0.0
 70
0
  0
VERTEX
  5
1181
  8
IC_DELIKLER
 10
105.49169921875
 20
267.3231086730957
 30
0.0
 70
0
  0
VERTEX
  5
1182
  8
IC_DELIKLER
 10
104.04302978515625
 20
267.2711715698242
 30
0.0
 70
0
  0
VERTEX
  5
1183
  8
IC_DELIKLER
 10
103.09589385986328
 20
267.20304107666016
 30
0.0
 70
0
  0
VERTEX
  5
1184
  8
IC_DELIKLER
 10
102.2015380859375
 20
267.10718154907227
 30
0.0
 70
0
  0
VERTEX
  5
1185
  8
IC_DELIKLER
 10
101.31136322021484
 20
266.9783172607422
 30
0.0
 70
0
  0
VERTEX
  5
1186
  8
IC_DELIKLER
 10
100.4263687133789
 20
266.8172912597656
 30
0.0
 70
0
  0
VERTEX
  5
1187
  8
IC_DELIKLER
 10
99.4494857788086
 20
266.6053161621094
 30
0.0
 70
0
  0
VERTEX
  5
1188
  8
IC_DELIKLER
 10
98.33372497558594
 20
266.32785415649414
 30
0.0
 70
0
  0
VERTEX
  5
1189
  8
IC_DELIKLER
 10
97.08076477050781
 20
265.9821014404297
 30
0.0
 70
0
  0
VERTEX
  5
118A
  8
IC_DELIKLER
 10
96.12600708007812
 20
265.68836212158203
 30
0.0
 70
0
  0
VERTEX
  5
118B
  8
IC_DELIKLER
 10
95.47589111328125
 20
265.44929122924805
 30
0.0
 70
0
  0
VERTEX
  5
118C
  8
IC_DELIKLER
 10
95.04579162597656
 20
265.2422866821289
 30
0.0
 70
0
  0
VERTEX
  5
118D
  8
IC_DELIKLER
 10
94.85457611083984
 20
265.1216583251953
 30
0.0
 70
0
  0
VERTEX
  5
118E
  8
IC_DELIKLER
 10
94.71943664550781
 20
265.01544189453125
 30
0.0
 70
0
  0
VERTEX
  5
118F
  8
IC_DELIKLER
 10
94.60462188720703
 20
264.90027236938477
 30
0.0
 70
0
  0
VERTEX
  5
1190
  8
IC_DELIKLER
 10
94.51415252685547
 20
264.7764701843262
 30
0.0
 70
0
  0
VERTEX
  5
1191
  8
IC_DELIKLER
 10
94.45147705078125
 20
264.64502334594727
 30
0.0
 70
0
  0
VERTEX
  5
1192
  8
IC_DELIKLER
 10
94.41895294189453
 20
264.50750732421875
 30
0.0
 70
0
  0
VERTEX
  5
1193
  8
IC_DELIKLER
 10
94.41756439208984
 20
264.3659362792969
 30
0.0
 70
0
  0
VERTEX
  5
1194
  8
IC_DELIKLER
 10
94.44672393798828
 20
264.2225151062012
 30
0.0
 70
0
  0
VERTEX
  5
1195
  8
IC_DELIKLER
 10
94.50440216064453
 20
264.0793685913086
 30
0.0
 70
0
  0
VERTEX
  5
1196
  8
IC_DELIKLER
 10
94.58744812011719
 20
263.9382972717285
 30
0.0
 70
0
  0
VERTEX
  5
1197
  8
IC_DELIKLER
 10
94.6919937133789
 20
263.80060958862305
 30
0.0
 70
0
  0
VERTEX
  5
1198
  8
IC_DELIKLER
 10
94.84674072265625
 20
263.63441467285156
 30
0.0
 70
0
  0
VERTEX
  5
1199
  8
IC_DELIKLER
 10
95.02133178710938
 20
263.47519302368164
 30
0.0
 70
0
  0
VERTEX
  5
119A
  8
IC_DELIKLER
 10
95.24846649169922
 20
263.2927780151367
 30
0.0
 70
0
  0
VERTEX
  5
119B
  8
IC_DELIKLER
 10
95.81749725341797
 20
262.89570236206055
 30
0.0
 70
0
  0
VERTEX
  5
119C
  8
IC_DELIKLER
 10
96.58133697509766
 20
262.4217224121094
 30
0.0
 70
0
  0
VERTEX
  5
119D
  8
IC_DELIKLER
 10
97.53462219238281
 20
261.8734359741211
 30
0.0
 70
0
  0
VERTEX
  5
119E
  8
IC_DELIKLER
 10
98.720703125
 20
261.22896575927734
 30
0.0
 70
0
  0
VERTEX
  5
119F
  8
IC_DELIKLER
 10
100.09617614746094
 20
260.51458740234375
 30
0.0
 70
0
  0
VERTEX
  5
11A0
  8
IC_DELIKLER
 10
101.66133880615234
 20
259.73196029663086
 30
0.0
 70
0
  0
VERTEX
  5
11A1
  8
IC_DELIKLER
 10
102.790283203125
 20
259.19640350341797
 30
0.0
 70
0
  0
VERTEX
  5
11A2
  8
IC_DELIKLER
 10
103.52550506591797
 20
258.8857612609863
 30
0.0
 70
0
  0
VERTEX
  5
11A3
  8
IC_DELIKLER
 10
104.13642883300781
 20
258.67566680908203
 30
0.0
 70
0
  0
VERTEX
  5
11A4
  8
IC_DELIKLER
 10
104.66423797607422
 20
258.54024505615234
 30
0.0
 70
0
  0
VERTEX
  5
11A5
  8
IC_DELIKLER
 10
105.67709350585938
 20
258.3421936035156
 30
0.0
 70
0
  0
VERTEX
  5
11A6
  8
IC_DELIKLER
 10
106.1398696899414
 20
258.20937728881836
 30
0.0
 70
0
  0
VERTEX
  5
11A7
  8
IC_DELIKLER
 10
106.57972717285156
 20
258.0174789428711
 30
0.0
 70
0
  0
VERTEX
  5
11A8
  8
IC_DELIKLER
 10
107.59917449951172
 20
257.4335403442383
 30
0.0
 70
0
  0
VERTEX
  5
11A9
  8
IC_DELIKLER
 10
107.90790557861328
 20
257.2777404785156
 30
0.0
 70
0
  0
VERTEX
  5
11AA
  8
IC_DELIKLER
 10
108.22509002685547
 20
257.1375427246094
 30
0.0
 70
0
  0
VERTEX
  5
11AB
  8
IC_DELIKLER
 10
108.5959701538086
 20
256.9939651489258
 30
0.0
 70
0
  0
VERTEX
  5
11AC
  8
IC_DELIKLER
 10
109.06767272949219
 20
256.8320617675781
 30
0.0
 70
0
  0
VERTEX
  5
11AD
  8
IC_DELIKLER
 10
110.40733337402344
 20
256.4277801513672
 30
0.0
 70
0
  0
VERTEX
  5
11AE
  8
IC_DELIKLER
 10
111.56415557861328
 20
256.10912322998047
 30
0.0
 70
0
  0
VERTEX
  5
11AF
  8
IC_DELIKLER
 10
112.82240295410156
 20
255.78251266479492
 30
0.0
 70
0
  0
VERTEX
  5
11B0
  8
IC_DELIKLER
 10
114.13334655761719
 20
255.46033096313477
 30
0.0
 70
0
  0
VERTEX
  5
11B1
  8
IC_DELIKLER
 10
115.39956665039062
 20
255.16614532470703
 30
0.0
 70
0
  0
VERTEX
  5
11B2
  8
IC_DELIKLER
 10
117.25799560546875
 20
254.77186584472656
 30
0.0
 70
0
  0
VERTEX
  5
11B3
  8
IC_DELIKLER
 10
119.37352752685547
 20
254.39804077148438
 30
0.0
 70
0
  0
VERTEX
  5
11B4
  8
IC_DELIKLER
 10
120.00621795654297
 20
254.2623405456543
 30
0.0
 70
0
  0
VERTEX
  5
11B5
  8
IC_DELIKLER
 10
120.5799560546875
 20
254.09892654418945
 30
0.0
 70
0
  0
VERTEX
  5
11B6
  8
IC_DELIKLER
 10
121.80570220947266
 20
253.67813873291016
 30
0.0
 70
0
  0
VERTEX
  5
11B7
  8
IC_DELIKLER
 10
122.47405242919922
 20
253.4749412536621
 30
0.0
 70
0
  0
VERTEX
  5
11B8
  8
IC_DELIKLER
 10
125.48091888427734
 20
252.7253646850586
 30
0.0
 70
0
  0
VERTEX
  5
11B9
  8
IC_DELIKLER
 10
126.6812515258789
 20
252.3965301513672
 30
0.0
 70
0
  0
VERTEX
  5
11BA
  8
IC_DELIKLER
 10
127.00300598144531
 20
252.28718948364258
 30
0.0
 70
0
  0
VERTEX
  5
11BB
  8
IC_DELIKLER
 10
127.26242065429688
 20
252.17860412597656
 30
0.0
 70
0
  0
VERTEX
  5
11BC
  8
IC_DELIKLER
 10
127.49583435058594
 20
252.05054092407227
 30
0.0
 70
0
  0
VERTEX
  5
11BD
  8
IC_DELIKLER
 10
127.6611328125
 20
251.92594528198242
 30
0.0
 70
0
  0
VERTEX
  5
11BE
  8
IC_DELIKLER
 10
127.79137420654297
 20
251.7845687866211
 30
0.0
 70
0
  0
VERTEX
  5
11BF
  8
IC_DELIKLER
 10
127.87940216064453
 20
251.62865829467773
 30
0.0
 70
0
  0
VERTEX
  5
11C0
  8
IC_DELIKLER
 10
127.91588592529297
 20
251.49685668945312
 30
0.0
 70
0
  0
VERTEX
  5
11C1
  8
IC_DELIKLER
 10
127.9168701171875
 20
251.3295669555664
 30
0.0
 70
0
  0
VERTEX
  5
11C2
  8
IC_DELIKLER
 10
127.88213348388672
 20
251.19935989379883
 30
0.0
 70
0
  0
VERTEX
  5
11C3
  8
IC_DELIKLER
 10
127.79684448242188
 20
251.04904556274414
 30
0.0
 70
0
  0
VERTEX
  5
11C4
  8
IC_DELIKLER
 10
127.67003631591797
 20
250.9205207824707
 30
0.0
 70
0
  0
VERTEX
  5
11C5
  8
IC_DELIKLER
 10
127.5085678100586
 20
250.8201904296875
 30
0.0
 70
0
  0
VERTEX
  5
11C6
  8
IC_DELIKLER
 10
127.31993865966797
 20
250.7514419555664
 30
0.0
 70
0
  0
VERTEX
  5
11C7
  8
IC_DELIKLER
 10
127.11136627197266
 20
250.71441650390625
 30
0.0
 70
0
  0
VERTEX
  5
11C8
  8
IC_DELIKLER
 10
126.88915252685547
 20
250.7064437866211
 30
0.0
 70
0
  0
VERTEX
  5
11C9
  8
IC_DELIKLER
 10
126.6583023071289
 20
250.72290802001953
 30
0.0
 70
0
  0
VERTEX
  5
11CA
  8
IC_DELIKLER
 10
126.27960205078125
 20
250.7864875793457
 30
0.0
 70
0
  0
VERTEX
  5
11CB
  8
IC_DELIKLER
 10
125.84849548339844
 20
250.8907585144043
 30
0.0
 70
0
  0
VERTEX
  5
11CC
  8
IC_DELIKLER
 10
123.7361831665039
 20
251.4979362487793
 30
0.0
 70
0
  0
VERTEX
  5
11CD
  8
IC_DELIKLER
 10
122.72272491455078
 20
251.7717742919922
 30
0.0
 70
0
  0
VERTEX
  5
11CE
  8
IC_DELIKLER
 10
121.8971939086914
 20
251.97307968139648
 30
0.0
 70
0
  0
VERTEX
  5
11CF
  8
IC_DELIKLER
 10
121.16435241699219
 20
252.13086700439453
 30
0.0
 70
0
  0
VERTEX
  5
11D0
  8
IC_DELIKLER
 10
120.22994995117188
 20
252.2988739013672
 30
0.0
 70
0
  0
VERTEX
  5
11D1
  8
IC_DELIKLER
 10
119.33907318115234
 20
252.4223289489746
 30
0.0
 70
0
  0
VERTEX
  5
11D2
  8
IC_DELIKLER
 10
118.39424133300781
 20
252.515869140625
 30
0.0
 70
0
  0
VERTEX
  5
11D3
  8
IC_DELIKLER
 10
117.3966293334961
 20
252.57905197143555
 30
0.0
 70
0
  0
VERTEX
  5
11D4
  8
IC_DELIKLER
 10
116.24752044677734
 20
252.61767196655273
 30
0.0
 70
0
  0
VERTEX
  5
11D5
  8
IC_DELIKLER
 10
114.89772033691406
 20
252.63214492797852
 30
0.0
 70
0
  0
VERTEX
  5
11D6
  8
IC_DELIKLER
 10
113.34783172607422
 20
252.6219482421875
 30
0.0
 70
0
  0
VERTEX
  5
11D7
  8
IC_DELIKLER
 10
112.04842376708984
 20
252.58861541748047
 30
0.0
 70
0
  0
VERTEX
  5
11D8
  8
IC_DELIKLER
 10
111.04999542236328
 20
252.53802490234375
 30
0.0
 70
0
  0
VERTEX
  5
11D9
  8
IC_DELIKLER
 10
110.20333862304688
 20
252.46875381469727
 30
0.0
 70
0
  0
VERTEX
  5
11DA
  8
IC_DELIKLER
 10
109.41006469726562
 20
252.37247848510742
 30
0.0
 70
0
  0
VERTEX
  5
11DB
  8
IC_DELIKLER
 10
108.72232818603516
 20
252.2548599243164
 30
0.0
 70
0
  0
VERTEX
  5
11DC
  8
IC_DELIKLER
 10
108.24159240722656
 20
252.14319610595703
 30
0.0
 70
0
  0
VERTEX
  5
11DD
  8
IC_DELIKLER
 10
107.87432098388672
 20
252.02772903442383
 30
0.0
 70
0
  0
VERTEX
  5
11DE
  8
IC_DELIKLER
 10
107.57889556884766
 20
251.8986930847168
 30
0.0
 70
0
  0
VERTEX
  5
11DF
  8
IC_DELIKLER
 10
107.3226089477539
 20
251.7359161376953
 30
0.0
 70
0
  0
VERTEX
  5
11E0
  8
IC_DELIKLER
 10
107.1705551147461
 20
251.59691619873047
 30
0.0
 70
0
  0
VERTEX
  5
11E1
  8
IC_DELIKLER
 10
107.02469635009766
 20
251.40705490112305
 30
0.0
 70
0
  0
VERTEX
  5
11E2
  8
IC_DELIKLER
 10
106.92990112304688
 20
251.23479080200195
 30
0.0
 70
0
  0
VERTEX
  5
11E3
  8
IC_DELIKLER
 10
106.74410247802734
 20
250.81922149658203
 30
0.0
 70
0
  0
VERTEX
  5
11E4
  8
IC_DELIKLER
 10
106.63304138183594
 20
250.64252471923828
 30
0.0
 70
0
  0
VERTEX
  5
11E5
  8
IC_DELIKLER
 10
106.487060546875
 20
250.50601959228516
 30
0.0
 70
0
  0
VERTEX
  5
11E6
  8
IC_DELIKLER
 10
106.3000717163086
 20
250.4171028137207
 30
0.0
 70
0
  0
VERTEX
  5
11E7
  8
IC_DELIKLER
 10
106.19194030761719
 20
250.39073181152344
 30
0.0
 70
0
  0
VERTEX
  5
11E8
  8
IC_DELIKLER
 10
106.03477478027344
 20
250.37300491333008
 30
0.0
 70
0
  0
VERTEX
  5
11E9
  8
IC_DELIKLER
 10
105.6873779296875
 20
250.38743591308594
 30
0.0
 70
0
  0
VERTEX
  5
11EA
  8
IC_DELIKLER
 10
105.31448364257812
 20
250.44705963134766
 30
0.0
 70
0
  0
VERTEX
  5
11EB
  8
IC_DELIKLER
 10
104.39678192138672
 20
250.63352584838867
 30
0.0
 70
0
  0
VERTEX
  5
11EC
  8
IC_DELIKLER
 10
103.85840606689453
 20
250.7021598815918
 30
0.0
 70
0
  0
VERTEX
  5
11ED
  8
IC_DELIKLER
 10
103.3674545288086
 20
250.71171951293945
 30
0.0
 70
0
  0
VERTEX
  5
11EE
  8
IC_DELIKLER
 10
102.87847137451172
 20
250.66485214233398
 30
0.0
 70
0
  0
VERTEX
  5
11EF
  8
IC_DELIKLER
 10
102.53912353515625
 20
250.60104751586914
 30
0.0
 70
0
  0
VERTEX
  5
11F0
  8
IC_DELIKLER
 10
102.2029800415039
 20
250.51614379882812
 30
0.0
 70
0
  0
VERTEX
  5
11F1
  8
IC_DELIKLER
 10
101.8228988647461
 20
250.39905166625977
 30
0.0
 70
0
  0
VERTEX
  5
11F2
  8
IC_DELIKLER
 10
101.40018463134766
 20
250.24871444702148
 30
0.0
 70
0
  0
VERTEX
  5
11F3
  8
IC_DELIKLER
 10
100.43065643310547
 20
249.84903717041016
 30
0.0
 70
0
  0
VERTEX
  5
11F4
  8
IC_DELIKLER
 10
99.34658813476562
 20
249.33611297607422
 30
0.0
 70
0
  0
VERTEX
  5
11F5
  8
IC_DELIKLER
 10
98.7247543334961
 20
249.01526260375977
 30
0.0
 70
0
  0
VERTEX
  5
11F6
  8
IC_DELIKLER
 10
98.06668090820312
 20
248.65601348876953
 30
0.0
 70
0
  0
VERTEX
  5
11F7
  8
IC_DELIKLER
 10
96.818359375
 20
247.91937255859375
 30
0.0
 70
0
  0
VERTEX
  5
11F8
  8
IC_DELIKLER
 10
96.185791015625
 20
247.51691055297852
 30
0.0
 70
0
  0
VERTEX
  5
11F9
  8
IC_DELIKLER
 10
95.60453796386719
 20
247.12736892700195
 30
0.0
 70
0
  0
VERTEX
  5
11FA
  8
IC_DELIKLER
 10
95.07403564453125
 20
246.7523956298828
 30
0.0
 70
0
  0
VERTEX
  5
11FB
  8
IC_DELIKLER
 10
94.55461120605469
 20
246.36257553100586
 30
0.0
 70
0
  0
VERTEX
  5
11FC
  8
IC_DELIKLER
 10
94.12694549560547
 20
246.01841735839844
 30
0.0
 70
0
  0
VERTEX
  5
11FD
  8
IC_DELIKLER
 10
93.78966522216797
 20
245.72430419921875
 30
0.0
 70
0
  0
VERTEX
  5
11FE
  8
IC_DELIKLER
 10
93.47279357910156
 20
245.4159164428711
 30
0.0
 70
0
  0
VERTEX
  5
11FF
  8
IC_DELIKLER
 10
93.25193786621094
 20
245.1649627685547
 30
0.0
 70
0
  0
VERTEX
  5
1200
  8
IC_DELIKLER
 10
93.09234619140625
 20
244.9429702758789
 30
0.0
 70
0
  0
VERTEX
  5
1201
  8
IC_DELIKLER
 10
92.97293853759766
 20
244.71762466430664
 30
0.0
 70
0
  0
VERTEX
  5
1202
  8
IC_DELIKLER
 10
92.9066390991211
 20
244.49430465698242
 30
0.0
 70
0
  0
VERTEX
  5
1203
  8
IC_DELIKLER
 10
92.899658203125
 20
244.31500625610352
 30
0.0
 70
0
  0
VERTEX
  5
1204
  8
IC_DELIKLER
 10
92.92813873291016
 20
244.17929077148438
 30
0.0
 70
0
  0
VERTEX
  5
1205
  8
IC_DELIKLER
 10
93.0062026977539
 20
244.0226173400879
 30
0.0
 70
0
  0
VERTEX
  5
1206
  8
IC_DELIKLER
 10
93.10044860839844
 20
243.90936279296875
 30
0.0
 70
0
  0
VERTEX
  5
1207
  8
IC_DELIKLER
 10
93.2528305053711
 20
243.78380966186523
 30
0.0
 70
0
  0
VERTEX
  5
1208
  8
IC_DELIKLER
 10
93.43628692626953
 20
243.67544555664062
 30
0.0
 70
0
  0
VERTEX
  5
1209
  8
IC_DELIKLER
 10
93.68603515625
 20
243.56517028808594
 30
0.0
 70
0
  0
VERTEX
  5
120A
  8
IC_DELIKLER
 10
93.95649719238281
 20
243.4717559814453
 30
0.0
 70
0
  0
VERTEX
  5
120B
  8
IC_DELIKLER
 10
94.28634643554688
 20
243.3774070739746
 30
0.0
 70
0
  0
VERTEX
  5
120C
  8
IC_DELIKLER
 10
94.96376037597656
 20
243.21384048461914
 30
0.0
 70
0
  0
VERTEX
  5
120D
  8
IC_DELIKLER
 10
95.94104766845703
 20
243.00322723388672
 30
0.0
 70
0
  0
VERTEX
  5
120E
  8
IC_DELIKLER
 10
96.97056579589844
 20
242.79724884033203
 30
0.0
 70
0
  0
VERTEX
  5
120F
  8
IC_DELIKLER
 10
97.90486907958984
 20
242.62599182128906
 30
0.0
 70
0
  0
VERTEX
  5
1210
  8
IC_DELIKLER
 10
98.69420623779297
 20
242.4969940185547
 30
0.0
 70
0
  0
VERTEX
  5
1211
  8
IC_DELIKLER
 10
99.38710021972656
 20
242.39974975585938
 30
0.0
 70
0
  0
VERTEX
  5
1212
  8
IC_DELIKLER
 10
100.03250122070312
 20
242.32726669311523
 30
0.0
 70
0
  0
VERTEX
  5
1213
  8
IC_DELIKLER
 10
100.57996368408203
 20
242.28412246704102
 30
0.0
 70
0
  0
VERTEX
  5
1214
  8
IC_DELIKLER
 10
101.32721710205078
 20
242.2633285522461
 30
0.0
 70
0
  0
VERTEX
  5
1215
  8
IC_DELIKLER
 10
101.97224426269531
 20
242.29522705078125
 30
0.0
 70
0
  0
VERTEX
  5
1216
  8
IC_DELIKLER
 10
102.51228332519531
 20
242.36648559570312
 30
0.0
 70
0
  0
VERTEX
  5
1217
  8
IC_DELIKLER
 10
103.47334289550781
 20
242.54629135131836
 30
0.0
 70
0
  0
VERTEX
  5
1218
  8
IC_DELIKLER
 10
103.70918273925781
 20
242.5748062133789
 30
0.0
 70
0
  0
VERTEX
  5
1219
  8
IC_DELIKLER
 10
103.94322204589844
 20
242.58610153198242
 30
0.0
 70
0
  0
VERTEX
  5
121A
  8
IC_DELIKLER
 10
104.17554473876953
 20
242.57747650146484
 30
0.0
 70
0
  0
VERTEX
  5
121B
  8
IC_DELIKLER
 10
104.4064712524414
 20
242.5494155883789
 30
0.0
 70
0
  0
VERTEX
  5
121C
  8
IC_DELIKLER
 10
105.33372497558594
 20
242.3484649658203
 30
0.0
 70
0
  0
VERTEX
  5
121D
  8
IC_DELIKLER
 10
105.8121566772461
 20
242.2814483642578
 30
0.0
 70
0
  0
VERTEX
  5
121E
  8
IC_DELIKLER
 10
106.40049743652344
 20
242.2632293701172
 30
0.0
 70
0
  0
VERTEX
  5
121F
  8
IC_DELIKLER
 10
107.1956558227539
 20
242.30171585083008
 30
0.0
 70
0
  0
VERTEX
  5
1220
  8
IC_DELIKLER
 10
108.34130096435547
 20
242.39678955078125
 30
0.0
 70
0
  0
VERTEX
  5
1221
  8
IC_DELIKLER
 10
109.58480072021484
 20
242.52306747436523
 30
0.0
 70
0
  0
VERTEX
  5
1222
  8
IC_DELIKLER
 10
111.67025756835938
 20
242.76905822753906
 30
0.0
 70
0
  0
VERTEX
  5
1223
  8
IC_DELIKLER
 10
112.71014404296875
 20
242.91019439697266
 30
0.0
 70
0
  0
VERTEX
  5
1224
  8
IC_DELIKLER
 10
113.25128173828125
 20
243.00329971313477
 30
0.0
 70
0
  0
VERTEX
  5
1225
  8
IC_DELIKLER
 10
113.7392349243164
 20
243.10685348510742
 30
0.0
 70
0
  0
VERTEX
  5
1226
  8
IC_DELIKLER
 10
114.27058410644531
 20
243.2432746887207
 30
0.0
 70
0
  0
VERTEX
  5
1227
  8
IC_DELIKLER
 10
115.36763000488281
 20
243.55819702148438
 30
0.0
 70
0
  0
VERTEX
  5
1228
  8
IC_DELIKLER
 10
115.700927734375
 20
243.63198852539062
 30
0.0
 70
0
  0
VERTEX
  5
1229
  8
IC_DELIKLER
 10
115.98748779296875
 20
243.67366409301758
 30
0.0
 70
0
  0
VERTEX
  5
122A
  8
IC_DELIKLER
 10
116.27513885498047
 20
243.69132614135742
 30
0.0
 70
0
  0
VERTEX
  5
122B
  8
IC_DELIKLER
 10
116.6122817993164
 20
243.6820945739746
 30
0.0
 70
0
  0
VERTEX
  5
122C
  8
IC_DELIKLER
 10
117.98050689697266
 20
243.5174446105957
 30
0.0
 70
0
  0
VERTEX
  5
122D
  8
IC_DELIKLER
 10
118.37710571289062
 20
243.4911651611328
 30
0.0
 70
0
  0
VERTEX
  5
122E
  8
IC_DELIKLER
 10
118.82476806640625
 20
243.48455047607422
 30
0.0
 70
0
  0
VERTEX
  5
122F
  8
IC_DELIKLER
 10
119.22290802001953
 20
243.49802017211914
 30
0.0
 70
0
  0
VERTEX
  5
1230
  8
IC_DELIKLER
 10
119.66999053955078
 20
243.53295516967773
 30
0.0
 70
0
  0
VERTEX
  5
1231
  8
IC_DELIKLER
 10
121.04891204833984
 20
243.71682357788086
 30
0.0
 70
0
  0
VERTEX
  5
1232
  8
IC_DELIKLER
 10
121.531982421875
 20
243.74964141845703
 30
0.0
 70
0
  0
VERTEX
  5
1233
  8
IC_DELIKLER
 10
121.76823425292969
 20
243.74158096313477
 30
0.0
 70
0
  0
VERTEX
  5
1234
  8
IC_DELIKLER
 10
121.953369140625
 20
243.71976470947266
 30
0.0
 70
0
  0
VERTEX
  5
1235
  8
IC_DELIKLER
 10
122.13436889648438
 20
243.68310165405273
 30
0.0
 70
0
  0
VERTEX
  5
1236
  8
IC_DELIKLER
 10
122.35437774658203
 20
243.6164894104004
 30
0.0
 70
0
  0
VERTEX
  5
1237
  8
IC_DELIKLER
 10
122.6100082397461
 20
243.50992584228516
 30
0.0
 70
0
  0
VERTEX
  5
1238
  8
IC_DELIKLER
 10
123.27699279785156
 20
243.1656150817871
 30
0.0
 70
0
  0
VERTEX
  5
1239
  8
IC_DELIKLER
 10
123.6246109008789
 20
243.01515579223633
 30
0.0
 70
0
  0
VERTEX
  5
123A
  8
IC_DELIKLER
 10
123.98845672607422
 20
242.89799118041992
 30
0.0
 70
0
  0
VERTEX
  5
123B
  8
IC_DELIKLER
 10
124.73416900634766
 20
242.70769119262695
 30
0.0
 70
0
  0
VERTEX
  5
123C
  8
IC_DELIKLER
 10
125.0452651977539
 20
242.6000099182129
 30
0.0
 70
0
  0
VERTEX
  5
123D
  8
IC_DELIKLER
 10
125.33226776123047
 20
242.45441436767578
 30
0.0
 70
0
  0
VERTEX
  5
123E
  8
IC_DELIKLER
 10
125.5526351928711
 20
242.29356384277344
 30
0.0
 70
0
  0
VERTEX
  5
123F
  8
IC_DELIKLER
 10
125.71575927734375
 20
242.13396453857422
 30
0.0
 70
0
  0
VERTEX
  5
1240
  8
IC_DELIKLER
 10
125.85981750488281
 20
241.95328521728516
 30
0.0
 70
0
  0
VERTEX
  5
1241
  8
IC_DELIKLER
 10
125.98577880859375
 20
241.75481033325195
 30
0.0
 70
0
  0
VERTEX
  5
1242
  8
IC_DELIKLER
 10
126.11592102050781
 20
241.4984359741211
 30
0.0
 70
0
  0
VERTEX
  5
1243
  8
IC_DELIKLER
 10
126.32571411132812
 20
240.94881057739258
 30
0.0
 70
0
  0
VERTEX
  5
1244
  8
IC_DELIKLER
 10
126.78280639648438
 20
239.41970825195312
 30
0.0
 70
0
  0
VERTEX
  5
1245
  8
IC_DELIKLER
 10
127.02946472167969
 20
238.71503067016602
 30
0.0
 70
0
  0
VERTEX
  5
1246
  8
IC_DELIKLER
 10
127.16485595703125
 20
238.39702224731445
 30
0.0
 70
0
  0
VERTEX
  5
1247
  8
IC_DELIKLER
 10
127.31938934326172
 20
238.09251403808594
 30
0.0
 70
0
  0
VERTEX
  5
1248
  8
IC_DELIKLER
 10
127.4711685180664
 20
237.84836959838867
 30
0.0
 70
0
  0
VERTEX
  5
1249
  8
IC_DELIKLER
 10
127.6441650390625
 20
237.62680053710938
 30
0.0
 70
0
  0
VERTEX
  5
124A
  8
IC_DELIKLER
 10
127.8061752319336
 20
237.46467971801758
 30
0.0
 70
0
  0
VERTEX
  5
124B
  8
IC_DELIKLER
 10
127.98487854003906
 20
237.32708740234375
 30
0.0
 70
0
  0
VERTEX
  5
124C
  8
IC_DELIKLER
 10
128.1796417236328
 20
237.21653366088867
 30
0.0
 70
0
  0
VERTEX
  5
124D
  8
IC_DELIKLER
 10
128.38882446289062
 20
237.13347244262695
 30
0.0
 70
0
  0
VERTEX
  5
124E
  8
IC_DELIKLER
 10
128.56491088867188
 20
237.08553314208984
 30
0.0
 70
0
  0
VERTEX
  5
124F
  8
IC_DELIKLER
 10
128.79339599609375
 20
237.0450553894043
 30
0.0
 70
0
  0
VERTEX
  5
1250
  8
IC_DELIKLER
 10
129.73541259765625
 20
236.95487594604492
 30
0.0
 70
0
  0
VERTEX
  5
1251
  8
IC_DELIKLER
 10
129.95989990234375
 20
236.9083366394043
 30
0.0
 70
0
  0
VERTEX
  5
1252
  8
IC_DELIKLER
 10
130.1719970703125
 20
236.83835220336914
 30
0.0
 70
0
  0
VERTEX
  5
1253
  8
IC_DELIKLER
 10
130.3672332763672
 20
236.74157333374023
 30
0.0
 70
0
  0
VERTEX
  5
1254
  8
IC_DELIKLER
 10
130.54087829589844
 20
236.61736297607422
 30
0.0
 70
0
  0
VERTEX
  5
1255
  8
IC_DELIKLER
 10
130.68804931640625
 20
236.46767044067383
 30
0.0
 70
0
  0
VERTEX
  5
1256
  8
IC_DELIKLER
 10
130.8037872314453
 20
236.29656219482422
 30
0.0
 70
0
  0
VERTEX
  5
1257
  8
IC_DELIKLER
 10
130.8948516845703
 20
236.07067489624023
 30
0.0
 70
0
  0
VERTEX
  5
1258
  8
IC_DELIKLER
 10
130.92689514160156
 20
235.87235260009766
 30
0.0
 70
0
  0
VERTEX
  5
1259
  8
IC_DELIKLER
 10
130.91757202148438
 20
235.67088317871094
 30
0.0
 70
0
  0
VERTEX
  5
125A
  8
IC_DELIKLER
 10
130.8538055419922
 20
235.4312286376953
 30
0.0
 70
0
  0
VERTEX
  5
125B
  8
IC_DELIKLER
 10
130.7829132080078
 20
235.2749786376953
 30
0.0
 70
0
  0
VERTEX
  5
125C
  8
IC_DELIKLER
 10
130.66868591308594
 20
235.08438873291016
 30
0.0
 70
0
  0
VERTEX
  5
125D
  8
IC_DELIKLER
 10
130.21884155273438
 20
234.49028778076172
 30
0.0
 70
0
  0
VERTEX
  5
125E
  8
IC_DELIKLER
 10
130.0650634765625
 20
234.25942993164062
 30
0.0
 70
0
  0
VERTEX
  5
125F
  8
IC_DELIKLER
 10
129.9263916015625
 20
233.97582244873047
 30
0.0
 70
0
  0
VERTEX
  5
1260
  8
IC_DELIKLER
 10
129.85293579101562
 20
233.71961975097656
 30
0.0
 70
0
  0
VERTEX
  5
1261
  8
IC_DELIKLER
 10
129.82513427734375
 20
233.45338439941406
 30
0.0
 70
0
  0
VERTEX
  5
1262
  8
IC_DELIKLER
 10
129.84767150878906
 20
233.1349105834961
 30
0.0
 70
0
  0
VERTEX
  5
1263
  8
IC_DELIKLER
 10
129.92039489746094
 20
232.81369018554688
 30
0.0
 70
0
  0
VERTEX
  5
1264
  8
IC_DELIKLER
 10
130.03134155273438
 20
232.494384765625
 30
0.0
 70
0
  0
VERTEX
  5
1265
  8
IC_DELIKLER
 10
130.21287536621094
 20
232.0908203125
 30
0.0
 70
0
  0
VERTEX
  5
1266
  8
IC_DELIKLER
 10
130.47386169433594
 20
231.61106872558594
 30
0.0
 70
0
  0
VERTEX
  5
1267
  8
IC_DELIKLER
 10
130.792724609375
 20
231.1053695678711
 30
0.0
 70
0
  0
VERTEX
  5
1268
  8
IC_DELIKLER
 10
131.13888549804688
 20
230.61698150634766
 30
0.0
 70
0
  0
VERTEX
  5
1269
  8
IC_DELIKLER
 10
131.82232666015625
 20
229.75666046142578
 30
0.0
 70
0
  0
VERTEX
  5
126A
  8
IC_DELIKLER
 10
133.22508239746094
 20
228.12777709960938
 30
0.0
 70
0
  0
VERTEX
  5
126B
  8
IC_DELIKLER
 10
133.769287109375
 20
227.47520446777344
 30
0.0
 70
0
  0
VERTEX
  5
126C
  8
IC_DELIKLER
 10
134.29202270507812
 20
226.805908203125
 30
0.0
 70
0
  0
VERTEX
  5
126D
  8
IC_DELIKLER
 10
134.7239532470703
 20
226.1946563720703
 30
0.0
 70
0
  0
VERTEX
  5
126E
  8
IC_DELIKLER
 10
135.113525390625
 20
225.55723571777344
 30
0.0
 70
0
  0
VERTEX
  5
126F
  8
IC_DELIKLER
 10
135.27601623535156
 20
225.2493896484375
 30
0.0
 70
0
  0
VERTEX
  5
1270
  8
IC_DELIKLER
 10
135.42369079589844
 20
224.93463897705078
 30
0.0
 70
0
  0
VERTEX
  5
1271
  8
IC_DELIKLER
 10
135.55465698242188
 20
224.6131134033203
 30
0.0
 70
0
  0
VERTEX
  5
1272
  8
IC_DELIKLER
 10
135.65211486816406
 20
224.3323974609375
 30
0.0
 70
0
  0
VERTEX
  5
1273
  8
IC_DELIKLER
 10
135.7345428466797
 20
224.0473403930664
 30
0.0
 70
0
  0
VERTEX
  5
1274
  8
IC_DELIKLER
 10
135.8008270263672
 20
223.7584457397461
 30
0.0
 70
0
  0
VERTEX
  5
1275
  8
IC_DELIKLER
 10
135.87838745117188
 20
223.220947265625
 30
0.0
 70
0
  0
VERTEX
  5
1276
  8
IC_DELIKLER
 10
135.9005889892578
 20
222.6275634765625
 30
0.0
 70
0
  0
VERTEX
  5
1277
  8
IC_DELIKLER
 10
135.86390686035156
 20
221.98268127441406
 30
0.0
 70
0
  0
VERTEX
  5
1278
  8
IC_DELIKLER
 10
135.76483154296875
 20
221.24160766601562
 30
0.0
 70
0
  0
VERTEX
  5
1279
  8
IC_DELIKLER
 10
135.60113525390625
 20
220.40888214111328
 30
0.0
 70
0
  0
VERTEX
  5
127A
  8
IC_DELIKLER
 10
135.38352966308594
 20
219.53646850585938
 30
0.0
 70
0
  0
VERTEX
  5
127B
  8
IC_DELIKLER
 10
135.11366271972656
 20
218.62630462646484
 30
0.0
 70
0
  0
VERTEX
  5
127C
  8
IC_DELIKLER
 10
134.80735778808594
 20
217.72764587402344
 30
0.0
 70
0
  0
VERTEX
  5
127D
  8
IC_DELIKLER
 10
134.46653747558594
 20
216.84149932861328
 30
0.0
 70
0
  0
VERTEX
  5
127E
  8
IC_DELIKLER
 10
134.1114501953125
 20
216.0151596069336
 30
0.0
 70
0
  0
VERTEX
  5
127F
  8
IC_DELIKLER
 10
133.7454071044922
 20
215.24878692626953
 30
0.0
 70
0
  0
VERTEX
  5
1280
  8
IC_DELIKLER
 10
133.34616088867188
 20
214.49944305419922
 30
0.0
 70
0
  0
VERTEX
  5
1281
  8
IC_DELIKLER
 10
132.93661499023438
 20
213.8134536743164
 30
0.0
 70
0
  0
VERTEX
  5
1282
  8
IC_DELIKLER
 10
132.4937744140625
 20
213.14842987060547
 30
0.0
 70
0
  0
VERTEX
  5
1283
  8
IC_DELIKLER
 10
131.9896697998047
 20
212.46530151367188
 30
0.0
 70
0
  0
VERTEX
  5
1284
  8
IC_DELIKLER
 10
131.48374938964844
 20
211.84717559814453
 30
0.0
 70
0
  0
VERTEX
  5
1285
  8
IC_DELIKLER
 10
130.94276428222656
 20
211.26048278808594
 30
0.0
 70
0
  0
VERTEX
  5
1286
  8
IC_DELIKLER
 10
130.39816284179688
 20
210.7489471435547
 30
0.0
 70
0
  0
VERTEX
  5
1287
  8
IC_DELIKLER
 10
129.85313415527344
 20
210.31568145751953
 30
0.0
 70
0
  0
VERTEX
  5
1288
  8
IC_DELIKLER
 10
129.313720703125
 20
209.96109008789062
 30
0.0
 70
0
  0
VERTEX
  5
1289
  8
IC_DELIKLER
 10
129.01022338867188
 20
209.79219818115234
 30
0.0
 70
0
  0
VERTEX
  5
128A
  8
IC_DELIKLER
 10
128.7432098388672
 20
209.66082000732422
 30
0.0
 70
0
  0
VERTEX
  5
128B
  8
IC_DELIKLER
 10
128.1920166015625
 20
209.43726348876953
 30
0.0
 70
0
  0
VERTEX
  5
128C
  8
IC_DELIKLER
 10
127.90894317626953
 20
209.3456802368164
 30
0.0
 70
0
  0
VERTEX
  5
128D
  8
IC_DELIKLER
 10
127.57353210449219
 20
209.25595092773438
 30
0.0
 70
0
  0
VERTEX
  5
128E
  8
IC_DELIKLER
 10
126.93939208984375
 20
209.13707733154297
 30
0.0
 70
0
  0
VERTEX
  5
128F
  8
IC_DELIKLER
 10
126.39544677734375
 20
209.08208465576172
 30
0.0
 70
0
  0
VERTEX
  5
1290
  8
IC_DELIKLER
 10
125.79849243164062
 20
209.06482696533203
 30
0.0
 70
0
  0
VERTEX
  5
1291
  8
IC_DELIKLER
 10
125.15117645263672
 20
209.0896987915039
 30
0.0
 70
0
  0
VERTEX
  5
1292
  8
IC_DELIKLER
 10
124.50574493408203
 20
209.15254974365234
 30
0.0
 70
0
  0
VERTEX
  5
1293
  8
IC_DELIKLER
 10
123.86360168457031
 20
209.2465057373047
 30
0.0
 70
0
  0
VERTEX
  5
1294
  8
IC_DELIKLER
 10
123.22522735595703
 20
209.36540985107422
 30
0.0
 70
0
  0
VERTEX
  5
1295
  8
IC_DELIKLER
 10
120.30142974853516
 20
210.03347778320312
 30
0.0
 70
0
  0
VERTEX
  5
1296
  8
IC_DELIKLER
 10
119.4682846069336
 20
210.20049285888672
 30
0.0
 70
0
  0
VERTEX
  5
1297
  8
IC_DELIKLER
 10
118.68021392822266
 20
210.33580780029297
 30
0.0
 70
0
  0
VERTEX
  5
1298
  8
IC_DELIKLER
 10
117.83866882324219
 20
210.4508285522461
 30
0.0
 70
0
  0
VERTEX
  5
1299
  8
IC_DELIKLER
 10
117.04307556152344
 20
210.52647399902344
 30
0.0
 70
0
  0
VERTEX
  5
129A
  8
IC_DELIKLER
 10
116.24507904052734
 20
210.56515502929688
 30
0.0
 70
0
  0
VERTEX
  5
129B
  8
IC_DELIKLER
 10
115.49626159667969
 20
210.5637969970703
 30
0.0
 70
0
  0
VERTEX
  5
129C
  8
IC_DELIKLER
 10
114.64916229248047
 20
210.51505279541016
 30
0.0
 70
0
  0
VERTEX
  5
129D
  8
IC_DELIKLER
 10
113.80652618408203
 20
210.41527557373047
 30
0.0
 70
0
  0
VERTEX
  5
129E
  8
IC_DELIKLER
 10
112.92207336425781
 20
210.2563934326172
 30
0.0
 70
0
  0
VERTEX
  5
129F
  8
IC_DELIKLER
 10
112.04754638671875
 20
210.0483856201172
 30
0.0
 70
0
  0
VERTEX
  5
12A0
  8
IC_DELIKLER
 10
111.08826446533203
 20
209.7688980102539
 30
0.0
 70
0
  0
VERTEX
  5
12A1
  8
IC_DELIKLER
 10
110.04750061035156
 20
209.41466522216797
 30
0.0
 70
0
  0
VERTEX
  5
12A2
  8
IC_DELIKLER
 10
109.02201843261719
 20
209.01834869384766
 30
0.0
 70
0
  0
VERTEX
  5
12A3
  8
IC_DELIKLER
 10
108.10701751708984
 20
208.61700439453125
 30
0.0
 70
0
  0
VERTEX
  5
12A4
  8
IC_DELIKLER
 10
107.56869506835938
 20
208.35353088378906
 30
0.0
 70
0
  0
VERTEX
  5
12A5
  8
IC_DELIKLER
 10
107.08380126953125
 20
208.0954132080078
 30
0.0
 70
0
  0
VERTEX
  5
12A6
  8
IC_DELIKLER
 10
106.60804748535156
 20
207.82088470458984
 30
0.0
 70
0
  0
VERTEX
  5
12A7
  8
IC_DELIKLER
 10
106.14202117919922
 20
207.53012084960938
 30
0.0
 70
0
  0
VERTEX
  5
12A8
  8
IC_DELIKLER
 10
105.6859359741211
 20
207.2238998413086
 30
0.0
 70
0
  0
VERTEX
  5
12A9
  8
IC_DELIKLER
 10
105.19950103759766
 20
206.87367248535156
 30
0.0
 70
0
  0
VERTEX
  5
12AA
  8
IC_DELIKLER
 10
104.72401428222656
 20
206.5085220336914
 30
0.0
 70
0
  0
VERTEX
  5
12AB
  8
IC_DELIKLER
 10
104.22013092041016
 20
206.09852600097656
 30
0.0
 70
0
  0
VERTEX
  5
12AC
  8
IC_DELIKLER
 10
103.20470428466797
 20
205.2097625732422
 30
0.0
 70
0
  0
VERTEX
  5
12AD
  8
IC_DELIKLER
 10
102.11309814453125
 20
204.18136596679688
 30
0.0
 70
0
  0
VERTEX
  5
12AE
  8
IC_DELIKLER
 10
100.94136810302734
 20
203.01983642578125
 30
0.0
 70
0
  0
VERTEX
  5
12AF
  8
IC_DELIKLER
 10
99.1227798461914
 20
201.16193389892578
 30
0.0
 70
0
  0
VERTEX
  5
12B0
  8
IC_DELIKLER
 10
98.55077362060547
 20
200.6036148071289
 30
0.0
 70
0
  0
VERTEX
  5
12B1
  8
IC_DELIKLER
 10
97.87667846679688
 20
200.01045989990234
 30
0.0
 70
0
  0
VERTEX
  5
12B2
  8
IC_DELIKLER
 10
97.56302642822266
 20
199.7640838623047
 30
0.0
 70
0
  0
VERTEX
  5
12B3
  8
IC_DELIKLER
 10
97.19953918457031
 20
199.50092315673828
 30
0.0
 70
0
  0
VERTEX
  5
12B4
  8
IC_DELIKLER
 10
96.572509765625
 20
199.0921401977539
 30
0.0
 70
0
  0
VERTEX
  5
12B5
  8
IC_DELIKLER
 10
95.75375366210938
 20
198.6117172241211
 30
0.0
 70
0
  0
VERTEX
  5
12B6
  8
IC_DELIKLER
 10
91.98444366455078
 20
196.5426788330078
 30
0.0
 70
0
  0
VERTEX
  5
12B7
  8
IC_DELIKLER
 10
89.67350769042969
 20
195.24586486816406
 30
0.0
 70
0
  0
VERTEX
  5
12B8
  8
IC_DELIKLER
 10
88.55233001708984
 20
194.588134765625
 30
0.0
 70
0
  0
VERTEX
  5
12B9
  8
IC_DELIKLER
 10
87.44583129882812
 20
193.90599060058594
 30
0.0
 70
0
  0
VERTEX
  5
12BA
  8
IC_DELIKLER
 10
86.10039520263672
 20
193.04022979736328
 30
0.0
 70
0
  0
VERTEX
  5
12BB
  8
IC_DELIKLER
 10
84.55955505371094
 20
192.0164337158203
 30
0.0
 70
0
  0
VERTEX
  5
12BC
  8
IC_DELIKLER
 10
82.74028778076172
 20
190.77944946289062
 30
0.0
 70
0
  0
VERTEX
  5
12BD
  8
IC_DELIKLER
 10
81.43033599853516
 20
189.86090850830078
 30
0.0
 70
0
  0
VERTEX
  5
12BE
  8
IC_DELIKLER
 10
80.29871368408203
 20
189.03675079345703
 30
0.0
 70
0
  0
VERTEX
  5
12BF
  8
IC_DELIKLER
 10
79.05834197998047
 20
188.10731506347656
 30
0.0
 70
0
  0
VERTEX
  5
12C0
  8
IC_DELIKLER
 10
77.67070770263672
 20
187.0410919189453
 30
0.0
 70
0
  0
VERTEX
  5
12C1
  8
IC_DELIKLER
 10
75.78308868408203
 20
185.5597152709961
 30
0.0
 70
0
  0
VERTEX
  5
12C2
  8
IC_DELIKLER
 10
75.14266967773438
 20
185.09182739257812
 30
0.0
 70
0
  0
VERTEX
  5
12C3
  8
IC_DELIKLER
 10
74.7309341430664
 20
184.84608459472656
 30
0.0
 70
0
  0
VERTEX
  5
12C4
  8
IC_DELIKLER
 10
74.52202606201172
 20
184.75157165527344
 30
0.0
 70
0
  0
VERTEX
  5
12C5
  8
IC_DELIKLER
 10
74.35453796386719
 20
184.69549560546875
 30
0.0
 70
0
  0
VERTEX
  5
12C6
  8
IC_DELIKLER
 10
74.18791961669922
 20
184.66036987304688
 30
0.0
 70
0
  0
VERTEX
  5
12C7
  8
IC_DELIKLER
 10
74.02362060546875
 20
184.64896392822266
 30
0.0
 70
0
  0
VERTEX
  5
12C8
  8
IC_DELIKLER
 10
73.86320495605469
 20
184.66313934326172
 30
0.0
 70
0
  0
VERTEX
  5
12C9
  8
IC_DELIKLER
 10
73.70818328857422
 20
184.7035903930664
 30
0.0
 70
0
  0
VERTEX
  5
12CA
  8
IC_DELIKLER
 10
73.48839569091797
 20
184.81182861328125
 30
0.0
 70
0
  0
VERTEX
  5
12CB
  8
IC_DELIKLER
 10
73.25365447998047
 20
185.00110626220703
 30
0.0
 70
0
  0
VERTEX
  5
12CC
  8
IC_DELIKLER
 10
73.04116821289062
 20
185.24148559570312
 30
0.0
 70
0
  0
VERTEX
  5
12CD
  8
IC_DELIKLER
 10
72.8194580078125
 20
185.55530548095703
 30
0.0
 70
0
  0
VERTEX
  5
12CE
  8
IC_DELIKLER
 10
72.51066589355469
 20
186.06190490722656
 30
0.0
 70
0
  0
VERTEX
  5
12CF
  8
IC_DELIKLER
 10
70.75640869140625
 20
189.08935546875
 30
0.0
 70
0
  0
VERTEX
  5
12D0
  8
IC_DELIKLER
 10
69.3100814819336
 20
191.48680114746094
 30
0.0
 70
0
  0
VERTEX
  5
12D1
  8
IC_DELIKLER
 10
67.73772430419922
 20
193.98270416259766
 30
0.0
 70
0
  0
VERTEX
  5
12D2
  8
IC_DELIKLER
 10
66.99945068359375
 20
195.11290740966797
 30
0.0
 70
0
  0
VERTEX
  5
12D3
  8
IC_DELIKLER
 10
66.247802734375
 20
196.23424530029297
 30
0.0
 70
0
  0
VERTEX
  5
12D4
  8
IC_DELIKLER
 10
65.279541015625
 20
197.6314468383789
 30
0.0
 70
0
  0
VERTEX
  5
12D5
  8
IC_DELIKLER
 10
64.3419189453125
 20
198.92777252197266
 30
0.0
 70
0
  0
VERTEX
  5
12D6
  8
IC_DELIKLER
 10
63.55900573730469
 20
199.96546173095703
 30
0.0
 70
0
  0
VERTEX
  5
12D7
  8
IC_DELIKLER
 10
61.695335388183594
 20
202.3797607421875
 30
0.0
 70
0
  0
VERTEX
  5
12D8
  8
IC_DELIKLER
 10
60.759521484375
 20
203.55188751220703
 30
0.0
 70
0
  0
VERTEX
  5
12D9
  8
IC_DELIKLER
 10
59.73566436767578
 20
204.7812728881836
 30
0.0
 70
0
  0
VERTEX
  5
12DA
  8
IC_DELIKLER
 10
58.62428665161133
 20
206.0675811767578
 30
0.0
 70
0
  0
VERTEX
  5
12DB
  8
IC_DELIKLER
 10
57.4261589050293
 20
207.41082000732422
 30
0.0
 70
0
  0
VERTEX
  5
12DC
  8
IC_DELIKLER
 10
55.937255859375
 20
209.03036499023438
 30
0.0
 70
0
  0
VERTEX
  5
12DD
  8
IC_DELIKLER
 10
54.321990966796875
 20
210.73717498779297
 30
0.0
 70
0
  0
VERTEX
  5
12DE
  8
IC_DELIKLER
 10
52.86007308959961
 20
212.24472045898438
 30
0.0
 70
0
  0
VERTEX
  5
12DF
  8
IC_DELIKLER
 10
50.29726028442383
 20
214.84361267089844
 30
0.0
 70
0
  0
VERTEX
  5
12E0
  8
IC_DELIKLER
 10
49.50043869018555
 20
215.67208099365234
 30
0.0
 70
0
  0
VERTEX
  5
12E1
  8
IC_DELIKLER
 10
49.13241195678711
 20
216.07757568359375
 30
0.0
 70
0
  0
VERTEX
  5
12E2
  8
IC_DELIKLER
 10
48.88090896606445
 20
216.38182067871094
 30
0.0
 70
0
  0
VERTEX
  5
12E3
  8
IC_DELIKLER
 10
48.68162536621094
 20
216.65862274169922
 30
0.0
 70
0
  0
VERTEX
  5
12E4
  8
IC_DELIKLER
 10
48.51076889038086
 20
216.94863891601562
 30
0.0
 70
0
  0
VERTEX
  5
12E5
  8
IC_DELIKLER
 10
48.409996032714844
 20
217.16500091552734
 30
0.0
 70
0
  0
VERTEX
  5
12E6
  8
IC_DELIKLER
 10
48.34305953979492
 20
217.34368896484375
 30
0.0
 70
0
  0
VERTEX
  5
12E7
  8
IC_DELIKLER
 10
48.234840393066406
 20
217.76206970214844
 30
0.0
 70
0
  0
VERTEX
  5
12E8
  8
IC_DELIKLER
 10
48.169063568115234
 20
218.24634552001953
 30
0.0
 70
0
  0
VERTEX
  5
12E9
  8
IC_DELIKLER
 10
48.130165100097656
 20
218.89055633544922
 30
0.0
 70
0
  0
VERTEX
  5
12EA
  8
IC_DELIKLER
 10
48.0584831237793
 20
222.38903045654297
 30
0.0
 70
0
  0
VERTEX
  5
12EB
  8
IC_DELIKLER
 10
47.94886016845703
 20
231.88838958740234
 30
0.0
 70
0
  0
VERTEX
  5
12EC
  8
IC_DELIKLER
 10
47.89448928833008
 20
235.0378875732422
 30
0.0
 70
0
  0
VERTEX
  5
12ED
  8
IC_DELIKLER
 10
47.85332107543945
 20
236.38719177246094
 30
0.0
 70
0
  0
VERTEX
  5
12EE
  8
IC_DELIKLER
 10
47.801292419433594
 20
237.43561172485352
 30
0.0
 70
0
  0
VERTEX
  5
12EF
  8
IC_DELIKLER
 10
47.73529052734375
 20
238.2317123413086
 30
0.0
 70
0
  0
VERTEX
  5
12F0
  8
IC_DELIKLER
 10
47.64573669433594
 20
238.87177658081055
 30
0.0
 70
0
  0
VERTEX
  5
12F1
  8
IC_DELIKLER
 10
47.56264877319336
 20
239.25785064697266
 30
0.0
 70
0
  0
VERTEX
  5
12F2
  8
IC_DELIKLER
 10
47.465065002441406
 20
239.58663940429688
 30
0.0
 70
0
  0
VERTEX
  5
12F3
  8
IC_DELIKLER
 10
47.33919143676758
 20
239.90300369262695
 30
0.0
 70
0
  0
VERTEX
  5
12F4
  8
IC_DELIKLER
 10
47.20631408691406
 20
240.16115951538086
 30
0.0
 70
0
  0
VERTEX
  5
12F5
  8
IC_DELIKLER
 10
47.0212287902832
 20
240.44364166259766
 30
0.0
 70
0
  0
VERTEX
  5
12F6
  8
IC_DELIKLER
 10
46.83757781982422
 20
240.6670684814453
 30
0.0
 70
0
  0
VERTEX
  5
12F7
  8
IC_DELIKLER
 10
46.59638214111328
 20
240.90275955200195
 30
0.0
 70
0
  0
VERTEX
  5
12F8
  8
IC_DELIKLER
 10
46.368927001953125
 20
241.08079528808594
 30
0.0
 70
0
  0
VERTEX
  5
12F9
  8
IC_DELIKLER
 10
46.082611083984375
 20
241.25725555419922
 30
0.0
 70
0
  0
VERTEX
  5
12FA
  8
IC_DELIKLER
 10
45.777503967285156
 20
241.3965835571289
 30
0.0
 70
0
  0
VERTEX
  5
12FB
  8
IC_DELIKLER
 10
45.45811462402344
 20
241.49535751342773
 30
0.0
 70
0
  0
VERTEX
  5
12FC
  8
IC_DELIKLER
 10
45.17694854736328
 20
241.5454216003418
 30
0.0
 70
0
  0
VERTEX
  5
12FD
  8
IC_DELIKLER
 10
44.845664978027344
 20
241.56116485595703
 30
0.0
 70
0
  0
VERTEX
  5
12FE
  8
IC_DELIKLER
 10
44.56388854980469
 20
241.5365982055664
 30
0.0
 70
0
  0
VERTEX
  5
12FF
  8
IC_DELIKLER
 10
44.28919219970703
 20
241.47601699829102
 30
0.0
 70
0
  0
VERTEX
  5
1300
  8
IC_DELIKLER
 10
44.02671432495117
 20
241.3792381286621
 30
0.0
 70
0
  0
VERTEX
  5
1301
  8
IC_DELIKLER
 10
43.742828369140625
 20
241.22156143188477
 30
0.0
 70
0
  0
VERTEX
  5
1302
  8
IC_DELIKLER
 10
43.490230560302734
 20
241.01851272583008
 30
0.0
 70
0
  0
VERTEX
  5
1303
  8
IC_DELIKLER
 10
43.27488708496094
 20
240.77502059936523
 30
0.0
 70
0
  0
VERTEX
  5
1304
  8
IC_DELIKLER
 10
43.16994857788086
 20
240.6202163696289
 30
0.0
 70
0
  0
VERTEX
  5
1305
  8
IC_DELIKLER
 10
43.078407287597656
 20
240.4557342529297
 30
0.0
 70
0
  0
VERTEX
  5
1306
  8
IC_DELIKLER
 10
42.94940948486328
 20
240.14888763427734
 30
0.0
 70
0
  0
VERTEX
  5
1307
  8
IC_DELIKLER
 10
42.84555435180664
 20
239.77661895751953
 30
0.0
 70
0
  0
VERTEX
  5
1308
  8
IC_DELIKLER
 10
42.77228546142578
 20
239.34115600585938
 30
0.0
 70
0
  0
VERTEX
  5
1309
  8
IC_DELIKLER
 10
42.726829528808594
 20
238.8471221923828
 30
0.0
 70
0
  0
VERTEX
  5
130A
  8
IC_DELIKLER
 10
42.6868782043457
 20
237.69945907592773
 30
0.0
 70
0
  0
VERTEX
  5
130B
  8
IC_DELIKLER
 10
42.674686431884766
 20
235.64959716796875
 30
0.0
 70
0
  0
VERTEX
  5
130C
  8
IC_DELIKLER
 10
42.735321044921875
 20
223.74977111816406
 30
0.0
 70
0
  0
VERTEX
  5
130D
  8
IC_DELIKLER
 10
42.730804443359375
 20
218.90007781982422
 30
0.0
 70
0
  0
VERTEX
  5
130E
  8
IC_DELIKLER
 10
42.70905685424805
 20
218.15328979492188
 30
0.0
 70
0
  0
VERTEX
  5
130F
  8
IC_DELIKLER
 10
42.658573150634766
 20
217.61421966552734
 30
0.0
 70
0
  0
VERTEX
  5
1310
  8
IC_DELIKLER
 10
42.572296142578125
 20
217.1864471435547
 30
0.0
 70
0
  0
VERTEX
  5
1311
  8
IC_DELIKLER
 10
42.43060302734375
 20
216.77755737304688
 30
0.0
 70
0
  0
VERTEX
  5
1312
  8
IC_DELIKLER
 10
42.256229400634766
 20
216.4329376220703
 30
0.0
 70
0
  0
VERTEX
  5
1313
  8
IC_DELIKLER
 10
42.04335021972656
 20
216.1054916381836
 30
0.0
 70
0
  0
VERTEX
  5
1314
  8
IC_DELIKLER
 10
41.7714958190918
 20
215.75381469726562
 30
0.0
 70
0
  0
VERTEX
  5
1315
  8
IC_DELIKLER
 10
41.379127502441406
 20
215.30313873291016
 30
0.0
 70
0
  0
VERTEX
  5
1316
  8
IC_DELIKLER
 10
40.62591552734375
 20
214.5023193359375
 30
0.0
 70
0
  0
VERTEX
  5
1317
  8
IC_DELIKLER
 10
38.21897888183594
 20
212.03072357177734
 30
0.0
 70
0
  0
VERTEX
  5
1318
  8
IC_DELIKLER
 10
36.700164794921875
 20
210.43917846679688
 30
0.0
 70
0
  0
VERTEX
  5
1319
  8
IC_DELIKLER
 10
35.10277557373047
 20
208.71564483642578
 30
0.0
 70
0
  0
VERTEX
  5
131A
  8
IC_DELIKLER
 10
33.63492965698242
 20
207.07701873779297
 30
0.0
 70
0
  0
VERTEX
  5
131B
  8
IC_DELIKLER
 10
32.55406188964844
 20
205.83040618896484
 30
0.0
 70
0
  0
VERTEX
  5
131C
  8
IC_DELIKLER
 10
31.4921875
 20
204.56758880615234
 30
0.0
 70
0
  0
VERTEX
  5
131D
  8
IC_DELIKLER
 10
30.482023239135742
 20
203.3268814086914
 30
0.0
 70
0
  0
VERTEX
  5
131E
  8
IC_DELIKLER
 10
29.492189407348633
 20
202.06990814208984
 30
0.0
 70
0
  0
VERTEX
  5
131F
  8
IC_DELIKLER
 10
28.40384292602539
 20
200.63631439208984
 30
0.0
 70
0
  0
VERTEX
  5
1320
  8
IC_DELIKLER
 10
27.342599868774414
 20
199.18254852294922
 30
0.0
 70
0
  0
VERTEX
  5
1321
  8
IC_DELIKLER
 10
26.279827117919922
 20
197.6683807373047
 30
0.0
 70
0
  0
VERTEX
  5
1322
  8
IC_DELIKLER
 10
25.24432945251465
 20
196.1354217529297
 30
0.0
 70
0
  0
VERTEX
  5
1323
  8
IC_DELIKLER
 10
24.07264518737793
 20
194.33283233642578
 30
0.0
 70
0
  0
VERTEX
  5
1324
  8
IC_DELIKLER
 10
21.66575050354004
 20
190.53065490722656
 30
0.0
 70
0
  0
VERTEX
  5
1325
  8
IC_DELIKLER
 10
20.856935501098633
 20
189.20856475830078
 30
0.0
 70
0
  0
VERTEX
  5
1326
  8
IC_DELIKLER
 10
20.129051208496094
 20
187.95468139648438
 30
0.0
 70
0
  0
VERTEX
  5
1327
  8
IC_DELIKLER
 10
19.288578033447266
 20
186.41991424560547
 30
0.0
 70
0
  0
VERTEX
  5
1328
  8
IC_DELIKLER
 10
18.41567611694336
 20
184.732421875
 30
0.0
 70
0
  0
VERTEX
  5
1329
  8
IC_DELIKLER
 10
17.39744758605957
 20
182.670166015625
 30
0.0
 70
0
  0
VERTEX
  5
132A
  8
IC_DELIKLER
 10
16.30035400390625
 20
180.36827850341797
 30
0.0
 70
0
  0
VERTEX
  5
132B
  8
IC_DELIKLER
 10
15.465755462646484
 20
178.5508041381836
 30
0.0
 70
0
  0
VERTEX
  5
132C
  8
IC_DELIKLER
 10
14.742952346801758
 20
176.90240478515625
 30
0.0
 70
0
  0
VERTEX
  5
132D
  8
IC_DELIKLER
 10
14.072219848632812
 20
175.28616333007812
 30
0.0
 70
0
  0
VERTEX
  5
132E
  8
IC_DELIKLER
 10
13.434815406799316
 20
173.65647888183594
 30
0.0
 70
0
  0
VERTEX
  5
132F
  8
IC_DELIKLER
 10
12.178583145141602
 20
170.2296142578125
 30
0.0
 70
0
  0
VERTEX
  5
1330
  8
IC_DELIKLER
 10
11.476831436157227
 20
168.35704040527344
 30
0.0
 70
0
  0
VERTEX
  5
1331
  8
IC_DELIKLER
 10
11.091646194458008
 20
167.22142028808594
 30
0.0
 70
0
  0
VERTEX
  5
1332
  8
IC_DELIKLER
 10
10.720159530639648
 20
165.9241485595703
 30
0.0
 70
0
  0
VERTEX
  5
1333
  8
IC_DELIKLER
 10
10.168915748596191
 20
163.79441833496094
 30
0.0
 70
0
  0
VERTEX
  5
1334
  8
IC_DELIKLER
 10
9.573184967041016
 20
161.366455078125
 30
0.0
 70
0
  0
VERTEX
  5
1335
  8
IC_DELIKLER
 10
8.623274803161621
 20
157.3782958984375
 30
0.0
 70
0
  0
VERTEX
  5
1336
  8
IC_DELIKLER
 10
8.402844429016113
 20
156.51641845703125
 30
0.0
 70
0
  0
VERTEX
  5
1337
  8
IC_DELIKLER
 10
8.249990463256836
 20
156.0352783203125
 30
0.0
 70
0
  0
VERTEX
  5
1338
  8
IC_DELIKLER
 10
8.173003196716309
 20
155.84959411621094
 30
0.0
 70
0
  0
VERTEX
  5
1339
  8
IC_DELIKLER
 10
8.091681480407715
 20
155.6983642578125
 30
0.0
 70
0
  0
VERTEX
  5
133A
  8
IC_DELIKLER
 10
8.007973670959473
 20
155.59222412109375
 30
0.0
 70
0
  0
VERTEX
  5
133B
  8
IC_DELIKLER
 10
7.941478252410889
 20
155.54574584960938
 30
0.0
 70
0
  0
VERTEX
  5
133C
  8
IC_DELIKLER
 10
7.877651691436768
 20
155.53656005859375
 30
0.0
 70
0
  0
SEQEND
  5
1046
  8
IC_DELIKLER
  0
POLYLINE
  5
133D
  8
IC_DELIKLER
 66
1
 10
0.0
 20
0.0
 30
0.0
 70
1
  0
VERTEX
  5
133F
  8
IC_DELIKLER
 10
286.445068359375
 20
291.3860740661621
 30
0.0
 70
0
  0
VERTEX
  5
1340
  8
IC_DELIKLER
 10
286.7303161621094
 20
291.16529083251953
 30
0.0
 70
0
  0
VERTEX
  5
1341
  8
IC_DELIKLER
 10
286.92999267578125
 20
290.9518690109253
 30
0.0
 70
0
  0
VERTEX
  5
1342
  8
IC_DELIKLER
 10
287.014404296875
 20
290.8183364868164
 30
0.0
 70
0
  0
VERTEX
  5
1343
  8
IC_DELIKLER
 10
287.06121826171875
 20
290.71235847473145
 30
0.0
 70
0
  0
VERTEX
  5
1344
  8
IC_DELIKLER
 10
287.10968017578125
 20
290.4866600036621
 30
0.0
 70
0
  0
VERTEX
  5
1345
  8
IC_DELIKLER
 10
287.111328125
 20
290.3680944442749
 30
0.0
 70
0
  0
VERTEX
  5
1346
  8
IC_DELIKLER
 10
287.0914306640625
 20
290.205771446228
 30
0.0
 70
0
  0
VERTEX
  5
1347
  8
IC_DELIKLER
 10
287.0032043457031
 20
289.915265083313
 30
0.0
 70
0
  0
VERTEX
  5
1348
  8
IC_DELIKLER
 10
286.8389587402344
 20
289.5821371078491
 30
0.0
 70
0
  0
VERTEX
  5
1349
  8
IC_DELIKLER
 10
286.6036071777344
 20
289.21381759643555
 30
0.0
 70
0
  0
VERTEX
  5
134A
  8
IC_DELIKLER
 10
286.2175598144531
 20
288.69671058654785
 30
0.0
 70
0
  0
VERTEX
  5
134B
  8
IC_DELIKLER
 10
285.6490783691406
 20
287.99997329711914
 30
0.0
 70
0
  0
VERTEX
  5
134C
  8
IC_DELIKLER
 10
281.3324279785156
 20
282.9415473937988
 30
0.0
 70
0
  0
VERTEX
  5
134D
  8
IC_DELIKLER
 10
279.822998046875
 20
281.1404285430908
 30
0.0
 70
0
  0
VERTEX
  5
134E
  8
IC_DELIKLER
 10
278.3914489746094
 20
279.4045944213867
 30
0.0
 70
0
  0
VERTEX
  5
134F
  8
IC_DELIKLER
 10
276.75347900390625
 20
277.38544273376465
 30
0.0
 70
0
  0
VERTEX
  5
1350
  8
IC_DELIKLER
 10
274.87994384765625
 20
275.0424098968506
 30
0.0
 70
0
  0
VERTEX
  5
1351
  8
IC_DELIKLER
 10
272.9252624511719
 20
272.5722599029541
 30
0.0
 70
0
  0
VERTEX
  5
1352
  8
IC_DELIKLER
 10
271.8867492675781
 20
271.2264595031738
 30
0.0
 70
0
  0
VERTEX
  5
1353
  8
IC_DELIKLER
 10
271.1441650390625
 20
270.2211380004883
 30
0.0
 70
0
  0
VERTEX
  5
1354
  8
IC_DELIKLER
 10
270.45379638671875
 20
269.23984146118164
 30
0.0
 70
0
  0
VERTEX
  5
1355
  8
IC_DELIKLER
 10
269.7596130371094
 20
268.2005214691162
 30
0.0
 70
0
  0
VERTEX
  5
1356
  8
IC_DELIKLER
 10
269.0617370605469
 20
267.1038703918457
 30
0.0
 70
0
  0
VERTEX
  5
1357
  8
IC_DELIKLER
 10
268.20269775390625
 20
265.6952323913574
 30
0.0
 70
0
  0
VERTEX
  5
1358
  8
IC_DELIKLER
 10
267.472412109375
 20
264.4427490234375
 30
0.0
 70
0
  0
VERTEX
  5
1359
  8
IC_DELIKLER
 10
266.921142578125
 20
263.43391036987305
 30
0.0
 70
0
  0
VERTEX
  5
135A
  8
IC_DELIKLER
 10
266.47515869140625
 20
262.5396423339844
 30
0.0
 70
0
  0
VERTEX
  5
135B
  8
IC_DELIKLER
 10
266.22857666015625
 20
261.99333572387695
 30
0.0
 70
0
  0
VERTEX
  5
135C
  8
IC_DELIKLER
 10
266.0019226074219
 20
261.438720703125
 30
0.0
 70
0
  0
VERTEX
  5
135D
  8
IC_DELIKLER
 10
265.8143310546875
 20
260.9227104187012
 30
0.0
 70
0
  0
VERTEX
  5
135E
  8
IC_DELIKLER
 10
265.6480407714844
 20
260.39957427978516
 30
0.0
 70
0
  0
VERTEX
  5
135F
  8
IC_DELIKLER
 10
265.5162353515625
 20
259.9182891845703
 30
0.0
 70
0
  0
VERTEX
  5
1360
  8
IC_DELIKLER
 10
265.3925476074219
 20
259.3834342956543
 30
0.0
 70
0
  0
VERTEX
  5
1361
  8
IC_DELIKLER
 10
265.2901611328125
 20
258.8439483642578
 30
0.0
 70
0
  0
VERTEX
  5
1362
  8
IC_DELIKLER
 10
265.2005310058594
 20
258.25144958496094
 30
0.0
 70
0
  0
VERTEX
  5
1363
  8
IC_DELIKLER
 10
265.10662841796875
 20
257.40738677978516
 30
0.0
 70
0
  0
VERTEX
  5
1364
  8
IC_DELIKLER
 10
265.0332946777344
 20
256.41050720214844
 30
0.0
 70
0
  0
VERTEX
  5
1365
  8
IC_DELIKLER
 10
264.8610534667969
 20
252.46445083618164
 30
0.0
 70
0
  0
VERTEX
  5
1366
  8
IC_DELIKLER
 10
264.77459716796875
 20
250.91705703735352
 30
0.0
 70
0
  0
VERTEX
  5
1367
  8
IC_DELIKLER
 10
264.7090148925781
 20
250.12040328979492
 30
0.0
 70
0
  0
VERTEX
  5
1368
  8
IC_DELIKLER
 10
264.5682373046875
 20
248.88287353515625
 30
0.0
 70
0
  0
VERTEX
  5
1369
  8
IC_DELIKLER
 10
264.52685546875
 20
248.38888931274414
 30
0.0
 70
0
  0
VERTEX
  5
136A
  8
IC_DELIKLER
 10
264.5111999511719
 20
247.89373016357422
 30
0.0
 70
0
  0
VERTEX
  5
136B
  8
IC_DELIKLER
 10
264.51318359375
 20
246.69998931884766
 30
0.0
 70
0
  0
VERTEX
  5
136C
  8
IC_DELIKLER
 10
264.4737548828125
 20
245.95326232910156
 30
0.0
 70
0
  0
VERTEX
  5
136D
  8
IC_DELIKLER
 10
264.3902587890625
 20
245.20947265625
 30
0.0
 70
0
  0
VERTEX
  5
136E
  8
IC_DELIKLER
 10
264.263916015625
 20
244.4722785949707
 30
0.0
 70
0
  0
VERTEX
  5
136F
  8
IC_DELIKLER
 10
264.1112976074219
 20
243.84366989135742
 30
0.0
 70
0
  0
VERTEX
  5
1370
  8
IC_DELIKLER
 10
263.9278259277344
 20
243.27593231201172
 30
0.0
 70
0
  0
VERTEX
  5
1371
  8
IC_DELIKLER
 10
263.7657165527344
 20
242.85809326171875
 30
0.0
 70
0
  0
VERTEX
  5
1372
  8
IC_DELIKLER
 10
263.528076171875
 20
242.30839920043945
 30
0.0
 70
0
  0
VERTEX
  5
1373
  8
IC_DELIKLER
 10
262.5184326171875
 20
240.13147735595703
 30
0.0
 70
0
  0
VERTEX
  5
1374
  8
IC_DELIKLER
 10
258.77490234375
 20
232.1674346923828
 30
0.0
 70
0
  0
VERTEX
  5
1375
  8
IC_DELIKLER
 10
254.11817932128906
 20
222.31224060058594
 30
0.0
 70
0
  0
VERTEX
  5
1376
  8
IC_DELIKLER
 10
246.47425842285156
 20
206.18179321289062
 30
0.0
 70
0
  0
VERTEX
  5
1377
  8
IC_DELIKLER
 10
245.91513061523438
 20
205.066162109375
 30
0.0
 70
0
  0
VERTEX
  5
1378
  8
IC_DELIKLER
 10
245.7188262939453
 20
204.72232818603516
 30
0.0
 70
0
  0
VERTEX
  5
1379
  8
IC_DELIKLER
 10
245.5318145751953
 20
204.43592834472656
 30
0.0
 70
0
  0
VERTEX
  5
137A
  8
IC_DELIKLER
 10
245.35545349121094
 20
204.20789337158203
 30
0.0
 70
0
  0
VERTEX
  5
137B
  8
IC_DELIKLER
 10
245.1605987548828
 20
204.00242614746094
 30
0.0
 70
0
  0
VERTEX
  5
137C
  8
IC_DELIKLER
 10
244.9450225830078
 20
203.82482147216797
 30
0.0
 70
0
  0
VERTEX
  5
137D
  8
IC_DELIKLER
 10
244.74945068359375
 20
203.70005798339844
 30
0.0
 70
0
  0
VERTEX
  5
137E
  8
IC_DELIKLER
 10
244.54067993164062
 20
203.59573364257812
 30
0.0
 70
0
  0
VERTEX
  5
137F
  8
IC_DELIKLER
 10
244.32118225097656
 20
203.50872039794922
 30
0.0
 70
0
  0
VERTEX
  5
1380
  8
IC_DELIKLER
 10
243.5868377685547
 20
203.27812957763672
 30
0.0
 70
0
  0
VERTEX
  5
1381
  8
IC_DELIKLER
 10
243.31625366210938
 20
203.17843627929688
 30
0.0
 70
0
  0
VERTEX
  5
1382
  8
IC_DELIKLER
 10
243.01429748535156
 20
203.0347137451172
 30
0.0
 70
0
  0
VERTEX
  5
1383
  8
IC_DELIKLER
 10
242.77020263671875
 20
202.88421630859375
 30
0.0
 70
0
  0
VERTEX
  5
1384
  8
IC_DELIKLER
 10
242.50302124023438
 20
202.6784439086914
 30
0.0
 70
0
  0
VERTEX
  5
1385
  8
IC_DELIKLER
 10
242.25177001953125
 20
202.44696807861328
 30
0.0
 70
0
  0
VERTEX
  5
1386
  8
IC_DELIKLER
 10
241.33096313476562
 20
201.47142028808594
 30
0.0
 70
0
  0
VERTEX
  5
1387
  8
IC_DELIKLER
 10
240.8309326171875
 20
200.98395538330078
 30
0.0
 70
0
  0
VERTEX
  5
1388
  8
IC_DELIKLER
 10
240.30406188964844
 20
200.52542877197266
 30
0.0
 70
0
  0
VERTEX
  5
1389
  8
IC_DELIKLER
 10
239.7530059814453
 20
200.09590911865234
 30
0.0
 70
0
  0
VERTEX
  5
138A
  8
IC_DELIKLER
 10
239.13931274414062
 20
199.66695404052734
 30
0.0
 70
0
  0
VERTEX
  5
138B
  8
IC_DELIKLER
 10
238.50479125976562
 20
199.26905822753906
 30
0.0
 70
0
  0
VERTEX
  5
138C
  8
IC_DELIKLER
 10
237.8976593017578
 20
198.9219512939453
 30
0.0
 70
0
  0
VERTEX
  5
138D
  8
IC_DELIKLER
 10
236.40577697753906
 20
198.1083755493164
 30
0.0
 70
0
  0
VERTEX
  5
138E
  8
IC_DELIKLER
 10
235.50743103027344
 20
197.56729125976562
 30
0.0
 70
0
  0
VERTEX
  5
138F
  8
IC_DELIKLER
 10
235.05282592773438
 20
197.2599334716797
 30
0.0
 70
0
  0
VERTEX
  5
1390
  8
IC_DELIKLER
 10
234.65365600585938
 20
196.96179962158203
 30
0.0
 70
0
  0
VERTEX
  5
1391
  8
IC_DELIKLER
 10
234.30972290039062
 20
196.67532348632812
 30
0.0
 70
0
  0
VERTEX
  5
1392
  8
IC_DELIKLER
 10
233.98446655273438
 20
196.36913299560547
 30
0.0
 70
0
  0
VERTEX
  5
1393
  8
IC_DELIKLER
 10
233.68222045898438
 20
196.0414047241211
 30
0.0
 70
0
  0
VERTEX
  5
1394
  8
IC_DELIKLER
 10
233.43568420410156
 20
195.7315902709961
 30
0.0
 70
0
  0
VERTEX
  5
1395
  8
IC_DELIKLER
 10
233.2107391357422
 20
195.4054183959961
 30
0.0
 70
0
  0
VERTEX
  5
1396
  8
IC_DELIKLER
 10
232.9812469482422
 20
195.02206420898438
 30
0.0
 70
0
  0
VERTEX
  5
1397
  8
IC_DELIKLER
 10
232.77114868164062
 20
194.6261978149414
 30
0.0
 70
0
  0
VERTEX
  5
1398
  8
IC_DELIKLER
 10
232.53042602539062
 20
194.13265228271484
 30
0.0
 70
0
  0
VERTEX
  5
1399
  8
IC_DELIKLER
 10
231.15658569335938
 20
191.1328125
 30
0.0
 70
0
  0
VERTEX
  5
139A
  8
IC_DELIKLER
 10
230.7374725341797
 20
190.28182220458984
 30
0.0
 70
0
  0
VERTEX
  5
139B
  8
IC_DELIKLER
 10
230.44581604003906
 20
189.7589340209961
 30
0.0
 70
0
  0
VERTEX
  5
139C
  8
IC_DELIKLER
 10
230.13160705566406
 20
189.24893951416016
 30
0.0
 70
0
  0
VERTEX
  5
139D
  8
IC_DELIKLER
 10
229.7421417236328
 20
188.66814422607422
 30
0.0
 70
0
  0
VERTEX
  5
139E
  8
IC_DELIKLER
 10
229.33279418945312
 20
188.1009979248047
 30
0.0
 70
0
  0
VERTEX
  5
139F
  8
IC_DELIKLER
 10
228.872802734375
 20
187.50951385498047
 30
0.0
 70
0
  0
VERTEX
  5
13A0
  8
IC_DELIKLER
 10
228.3895721435547
 20
186.93692779541016
 30
0.0
 70
0
  0
VERTEX
  5
13A1
  8
IC_DELIKLER
 10
227.85154724121094
 20
186.3455810546875
 30
0.0
 70
0
  0
VERTEX
  5
13A2
  8
IC_DELIKLER
 10
227.15789794921875
 20
185.62560272216797
 30
0.0
 70
0
  0
VERTEX
  5
13A3
  8
IC_DELIKLER
 10
226.2018585205078
 20
184.67259979248047
 30
0.0
 70
0
  0
VERTEX
  5
13A4
  8
IC_DELIKLER
 10
225.12306213378906
 20
183.63047790527344
 30
0.0
 70
0
  0
VERTEX
  5
13A5
  8
IC_DELIKLER
 10
224.02931213378906
 20
182.60405731201172
 30
0.0
 70
0
  0
VERTEX
  5
13A6
  8
IC_DELIKLER
 10
223.03018188476562
 20
181.6963348388672
 30
0.0
 70
0
  0
VERTEX
  5
13A7
  8
IC_DELIKLER
 10
221.93505859375
 20
180.74628448486328
 30
0.0
 70
0
  0
VERTEX
  5
13A8
  8
IC_DELIKLER
 10
218.4099884033203
 20
177.7912139892578
 30
0.0
 70
0
  0
VERTEX
  5
13A9
  8
IC_DELIKLER
 10
217.0858612060547
 20
176.7252655029297
 30
0.0
 70
0
  0
VERTEX
  5
13AA
  8
IC_DELIKLER
 10
215.6988067626953
 20
175.65841674804688
 30
0.0
 70
0
  0
VERTEX
  5
13AB
  8
IC_DELIKLER
 10
214.37136840820312
 20
174.67855072021484
 30
0.0
 70
0
  0
VERTEX
  5
13AC
  8
IC_DELIKLER
 10
212.9051971435547
 20
173.6344757080078
 30
0.0
 70
0
  0
VERTEX
  5
13AD
  8
IC_DELIKLER
 10
206.44296264648438
 20
169.17794799804688
 30
0.0
 70
0
  0
VERTEX
  5
13AE
  8
IC_DELIKLER
 10
205.543212890625
 20
168.54534912109375
 30
0.0
 70
0
  0
VERTEX
  5
13AF
  8
IC_DELIKLER
 10
204.73724365234375
 20
167.9536895751953
 30
0.0
 70
0
  0
VERTEX
  5
13B0
  8
IC_DELIKLER
 10
203.1465606689453
 20
166.74169921875
 30
0.0
 70
0
  0
VERTEX
  5
13B1
  8
IC_DELIKLER
 10
201.6636505126953
 20
165.63589477539062
 30
0.0
 70
0
  0
VERTEX
  5
13B2
  8
IC_DELIKLER
 10
200.7168426513672
 20
164.89910888671875
 30
0.0
 70
0
  0
VERTEX
  5
13B3
  8
IC_DELIKLER
 10
200.0599365234375
 20
164.3599853515625
 30
0.0
 70
0
  0
VERTEX
  5
13B4
  8
IC_DELIKLER
 10
199.37644958496094
 20
163.7747039794922
 30
0.0
 70
0
  0
VERTEX
  5
13B5
  8
IC_DELIKLER
 10
198.70445251464844
 20
163.1762237548828
 30
0.0
 70
0
  0
VERTEX
  5
13B6
  8
IC_DELIKLER
 10
198.0064697265625
 20
162.5319366455078
 30
0.0
 70
0
  0
VERTEX
  5
13B7
  8
IC_DELIKLER
 10
197.1754608154297
 20
161.73715209960938
 30
0.0
 70
0
  0
VERTEX
  5
13B8
  8
IC_DELIKLER
 10
196.32247924804688
 20
160.89321899414062
 30
0.0
 70
0
  0
VERTEX
  5
13B9
  8
IC_DELIKLER
 10
194.16151428222656
 20
158.67079162597656
 30
0.0
 70
0
  0
VERTEX
  5
13BA
  8
IC_DELIKLER
 10
193.59658813476562
 20
158.10531616210938
 30
0.0
 70
0
  0
VERTEX
  5
13BB
  8
IC_DELIKLER
 10
193.0452880859375
 20
157.60324096679688
 30
0.0
 70
0
  0
VERTEX
  5
13BC
  8
IC_DELIKLER
 10
192.81370544433594
 20
157.41952514648438
 30
0.0
 70
0
  0
VERTEX
  5
13BD
  8
IC_DELIKLER
 10
192.5732421875
 20
157.2519989013672
 30
0.0
 70
0
  0
VERTEX
  5
13BE
  8
IC_DELIKLER
 10
192.32254028320312
 20
157.10569763183594
 30
0.0
 70
0
  0
VERTEX
  5
13BF
  8
IC_DELIKLER
 10
192.10543823242188
 20
157.0033416748047
 30
0.0
 70
0
  0
VERTEX
  5
13C0
  8
IC_DELIKLER
 10
191.88116455078125
 20
156.9210205078125
 30
0.0
 70
0
  0
VERTEX
  5
13C1
  8
IC_DELIKLER
 10
191.65061950683594
 20
156.85997009277344
 30
0.0
 70
0
  0
VERTEX
  5
13C2
  8
IC_DELIKLER
 10
191.4152069091797
 20
156.82066345214844
 30
0.0
 70
0
  0
VERTEX
  5
13C3
  8
IC_DELIKLER
 10
191.17672729492188
 20
156.80299377441406
 30
0.0
 70
0
  0
VERTEX
  5
13C4
  8
IC_DELIKLER
 10
190.93722534179688
 20
156.8065948486328
 30
0.0
 70
0
  0
VERTEX
  5
13C5
  8
IC_DELIKLER
 10
190.6988067626953
 20
156.8311309814453
 30
0.0
 70
0
  0
VERTEX
  5
13C6
  8
IC_DELIKLER
 10
190.46353149414062
 20
156.87637329101562
 30
0.0
 70
0
  0
VERTEX
  5
13C7
  8
IC_DELIKLER
 10
190.23318481445312
 20
156.9420623779297
 30
0.0
 70
0
  0
VERTEX
  5
13C8
  8
IC_DELIKLER
 10
190.00927734375
 20
157.0277862548828
 30
0.0
 70
0
  0
VERTEX
  5
13C9
  8
IC_DELIKLER
 10
189.79286193847656
 20
157.13259887695312
 30
0.0
 70
0
  0
VERTEX
  5
13CA
  8
IC_DELIKLER
 10
189.58453369140625
 20
157.25503540039062
 30
0.0
 70
0
  0
VERTEX
  5
13CB
  8
IC_DELIKLER
 10
189.3453369140625
 20
157.4224395751953
 30
0.0
 70
0
  0
VERTEX
  5
13CC
  8
IC_DELIKLER
 10
189.1173858642578
 20
157.60842895507812
 30
0.0
 70
0
  0
VERTEX
  5
13CD
  8
IC_DELIKLER
 10
188.8995819091797
 20
157.80905151367188
 30
0.0
 70
0
  0
VERTEX
  5
13CE
  8
IC_DELIKLER
 10
188.52191162109375
 20
158.20364379882812
 30
0.0
 70
0
  0
VERTEX
  5
13CF
  8
IC_DELIKLER
 10
188.10195922851562
 20
158.6975860595703
 30
0.0
 70
0
  0
VERTEX
  5
13D0
  8
IC_DELIKLER
 10
187.60987854003906
 20
159.32754516601562
 30
0.0
 70
0
  0
VERTEX
  5
13D1
  8
IC_DELIKLER
 10
187.01742553710938
 20
160.1328582763672
 30
0.0
 70
0
  0
VERTEX
  5
13D2
  8
IC_DELIKLER
 10
185.758056640625
 20
161.93655395507812
 30
0.0
 70
0
  0
VERTEX
  5
13D3
  8
IC_DELIKLER
 10
183.09524536132812
 20
165.86988830566406
 30
0.0
 70
0
  0
VERTEX
  5
13D4
  8
IC_DELIKLER
 10
182.37725830078125
 20
166.89303588867188
 30
0.0
 70
0
  0
VERTEX
  5
13D5
  8
IC_DELIKLER
 10
181.70204162597656
 20
167.82382202148438
 30
0.0
 70
0
  0
VERTEX
  5
13D6
  8
IC_DELIKLER
 10
181.07034301757812
 20
168.66238403320312
 30
0.0
 70
0
  0
VERTEX
  5
13D7
  8
IC_DELIKLER
 10
180.45272827148438
 20
169.4486541748047
 30
0.0
 70
0
  0
VERTEX
  5
13D8
  8
IC_DELIKLER
 10
179.8495635986328
 20
170.18235778808594
 30
0.0
 70
0
  0
VERTEX
  5
13D9
  8
IC_DELIKLER
 10
179.2289276123047
 20
170.9012908935547
 30
0.0
 70
0
  0
VERTEX
  5
13DA
  8
IC_DELIKLER
 10
178.58999633789062
 20
171.6039581298828
 30
0.0
 70
0
  0
VERTEX
  5
13DB
  8
IC_DELIKLER
 10
177.93267822265625
 20
172.28948974609375
 30
0.0
 70
0
  0
VERTEX
  5
13DC
  8
IC_DELIKLER
 10
177.2217559814453
 20
172.99239349365234
 30
0.0
 70
0
  0
VERTEX
  5
13DD
  8
IC_DELIKLER
 10
176.49301147460938
 20
173.6768569946289
 30
0.0
 70
0
  0
VERTEX
  5
13DE
  8
IC_DELIKLER
 10
175.67347717285156
 20
174.41031646728516
 30
0.0
 70
0
  0
VERTEX
  5
13DF
  8
IC_DELIKLER
 10
174.8001251220703
 20
175.15826416015625
 30
0.0
 70
0
  0
VERTEX
  5
13E0
  8
IC_DELIKLER
 10
172.0088653564453
 20
177.43142700195312
 30
0.0
 70
0
  0
VERTEX
  5
13E1
  8
IC_DELIKLER
 10
170.98048400878906
 20
178.30548858642578
 30
0.0
 70
0
  0
VERTEX
  5
13E2
  8
IC_DELIKLER
 10
170.4248504638672
 20
178.8087158203125
 30
0.0
 70
0
  0
VERTEX
  5
13E3
  8
IC_DELIKLER
 10
169.88502502441406
 20
179.32859802246094
 30
0.0
 70
0
  0
VERTEX
  5
13E4
  8
IC_DELIKLER
 10
169.39859008789062
 20
179.83108520507812
 30
0.0
 70
0
  0
VERTEX
  5
13E5
  8
IC_DELIKLER
 10
168.96401977539062
 20
180.3135757446289
 30
0.0
 70
0
  0
VERTEX
  5
13E6
  8
IC_DELIKLER
 10
168.32974243164062
 20
181.0853042602539
 30
0.0
 70
0
  0
VERTEX
  5
13E7
  8
IC_DELIKLER
 10
167.73590087890625
 20
181.8888397216797
 30
0.0
 70
0
  0
VERTEX
  5
13E8
  8
IC_DELIKLER
 10
167.12307739257812
 20
182.80159759521484
 30
0.0
 70
0
  0
VERTEX
  5
13E9
  8
IC_DELIKLER
 10
166.46609497070312
 20
183.8646011352539
 30
0.0
 70
0
  0
VERTEX
  5
13EA
  8
IC_DELIKLER
 10
165.8382110595703
 20
184.94528198242188
 30
0.0
 70
0
  0
VERTEX
  5
13EB
  8
IC_DELIKLER
 10
165.1329803466797
 20
186.21215057373047
 30
0.0
 70
0
  0
VERTEX
  5
13EC
  8
IC_DELIKLER
 10
162.38491821289062
 20
191.31964111328125
 30
0.0
 70
0
  0
VERTEX
  5
13ED
  8
IC_DELIKLER
 10
161.9151153564453
 20
192.14501953125
 30
0.0
 70
0
  0
VERTEX
  5
13EE
  8
IC_DELIKLER
 10
161.49940490722656
 20
192.82799530029297
 30
0.0
 70
0
  0
VERTEX
  5
13EF
  8
IC_DELIKLER
 10
160.9453125
 20
193.65928649902344
 30
0.0
 70
0
  0
VERTEX
  5
13F0
  8
IC_DELIKLER
 10
160.40716552734375
 20
194.3790740966797
 30
0.0
 70
0
  0
VERTEX
  5
13F1
  8
IC_DELIKLER
 10
159.8595733642578
 20
195.02708435058594
 30
0.0
 70
0
  0
VERTEX
  5
13F2
  8
IC_DELIKLER
 10
159.27085876464844
 20
195.63750457763672
 30
0.0
 70
0
  0
VERTEX
  5
13F3
  8
IC_DELIKLER
 10
158.90509033203125
 20
195.97666931152344
 30
0.0
 70
0
  0
VERTEX
  5
13F4
  8
IC_DELIKLER
 10
158.5252685546875
 20
196.29998779296875
 30
0.0
 70
0
  0
VERTEX
  5
13F5
  8
IC_DELIKLER
 10
158.13206481933594
 20
196.60693359375
 30
0.0
 70
0
  0
VERTEX
  5
13F6
  8
IC_DELIKLER
 10
157.72637939453125
 20
196.89732360839844
 30
0.0
 70
0
  0
VERTEX
  5
13F7
  8
IC_DELIKLER
 10
157.30935668945312
 20
197.17132568359375
 30
0.0
 70
0
  0
VERTEX
  5
13F8
  8
IC_DELIKLER
 10
156.83892822265625
 20
197.45439910888672
 30
0.0
 70
0
  0
VERTEX
  5
13F9
  8
IC_DELIKLER
 10
156.35784912109375
 20
197.7192611694336
 30
0.0
 70
0
  0
VERTEX
  5
13FA
  8
IC_DELIKLER
 10
155.86767578125
 20
197.9672088623047
 30
0.0
 70
0
  0
VERTEX
  5
13FB
  8
IC_DELIKLER
 10
155.278564453125
 20
198.24040985107422
 30
0.0
 70
0
  0
VERTEX
  5
13FC
  8
IC_DELIKLER
 10
154.634521484375
 20
198.5133285522461
 30
0.0
 70
0
  0
VERTEX
  5
13FD
  8
IC_DELIKLER
 10
153.9357147216797
 20
198.7845916748047
 30
0.0
 70
0
  0
VERTEX
  5
13FE
  8
IC_DELIKLER
 10
153.22987365722656
 20
199.0373306274414
 30
0.0
 70
0
  0
VERTEX
  5
13FF
  8
IC_DELIKLER
 10
151.8031005859375
 20
199.4990692138672
 30
0.0
 70
0
  0
VERTEX
  5
1400
  8
IC_DELIKLER
 10
149.16610717773438
 20
200.2775115966797
 30
0.0
 70
0
  0
VERTEX
  5
1401
  8
IC_DELIKLER
 10
148.59779357910156
 20
200.46592712402344
 30
0.0
 70
0
  0
VERTEX
  5
1402
  8
IC_DELIKLER
 10
148.179931640625
 20
200.6250762939453
 30
0.0
 70
0
  0
VERTEX
  5
1403
  8
IC_DELIKLER
 10
147.69007873535156
 20
200.8551025390625
 30
0.0
 70
0
  0
VERTEX
  5
1404
  8
IC_DELIKLER
 10
147.48001098632812
 20
200.97767639160156
 30
0.0
 70
0
  0
VERTEX
  5
1405
  8
IC_DELIKLER
 10
147.28115844726562
 20
201.11402130126953
 30
0.0
 70
0
  0
VERTEX
  5
1406
  8
IC_DELIKLER
 10
147.09603881835938
 20
201.26538848876953
 30
0.0
 70
0
  0
VERTEX
  5
1407
  8
IC_DELIKLER
 10
146.95950317382812
 20
201.39772033691406
 30
0.0
 70
0
  0
VERTEX
  5
1408
  8
IC_DELIKLER
 10
146.8051300048828
 20
201.57705688476562
 30
0.0
 70
0
  0
VERTEX
  5
1409
  8
IC_DELIKLER
 10
146.69580078125
 20
201.73113250732422
 30
0.0
 70
0
  0
VERTEX
  5
140A
  8
IC_DELIKLER
 10
146.51779174804688
 20
202.064208984375
 30
0.0
 70
0
  0
VERTEX
  5
140B
  8
IC_DELIKLER
 10
146.39639282226562
 20
202.42347717285156
 30
0.0
 70
0
  0
VERTEX
  5
140C
  8
IC_DELIKLER
 10
146.3318328857422
 20
202.79971313476562
 30
0.0
 70
0
  0
VERTEX
  5
140D
  8
IC_DELIKLER
 10
146.32020568847656
 20
202.99144744873047
 30
0.0
 70
0
  0
VERTEX
  5
140E
  8
IC_DELIKLER
 10
146.32395935058594
 20
203.2326202392578
 30
0.0
 70
0
  0
VERTEX
  5
140F
  8
IC_DELIKLER
 10
146.3777313232422
 20
203.66638946533203
 30
0.0
 70
0
  0
VERTEX
  5
1410
  8
IC_DELIKLER
 10
146.48367309570312
 20
204.09439086914062
 30
0.0
 70
0
  0
VERTEX
  5
1411
  8
IC_DELIKLER
 10
146.65042114257812
 20
204.5587921142578
 30
0.0
 70
0
  0
VERTEX
  5
1412
  8
IC_DELIKLER
 10
146.87928771972656
 20
205.05416870117188
 30
0.0
 70
0
  0
VERTEX
  5
1413
  8
IC_DELIKLER
 10
147.0684356689453
 20
205.40447235107422
 30
0.0
 70
0
  0
VERTEX
  5
1414
  8
IC_DELIKLER
 10
147.2987823486328
 20
205.7894058227539
 30
0.0
 70
0
  0
VERTEX
  5
1415
  8
IC_DELIKLER
 10
147.82998657226562
 20
206.57492065429688
 30
0.0
 70
0
  0
VERTEX
  5
1416
  8
IC_DELIKLER
 10
148.40274047851562
 20
207.33192443847656
 30
0.0
 70
0
  0
VERTEX
  5
1417
  8
IC_DELIKLER
 10
149.77525329589844
 20
209.05040740966797
 30
0.0
 70
0
  0
VERTEX
  5
1418
  8
IC_DELIKLER
 10
150.16168212890625
 20
209.57225036621094
 30
0.0
 70
0
  0
VERTEX
  5
1419
  8
IC_DELIKLER
 10
150.49977111816406
 20
210.0667495727539
 30
0.0
 70
0
  0
VERTEX
  5
141A
  8
IC_DELIKLER
 10
150.8660888671875
 20
210.6615753173828
 30
0.0
 70
0
  0
VERTEX
  5
141B
  8
IC_DELIKLER
 10
151.22279357910156
 20
211.31970977783203
 30
0.0
 70
0
  0
VERTEX
  5
141C
  8
IC_DELIKLER
 10
151.52682495117188
 20
211.9493408203125
 30
0.0
 70
0
  0
VERTEX
  5
141D
  8
IC_DELIKLER
 10
152.14459228515625
 20
213.3146743774414
 30
0.0
 70
0
  0
VERTEX
  5
141E
  8
IC_DELIKLER
 10
152.48866271972656
 20
213.9756088256836
 30
0.0
 70
0
  0
VERTEX
  5
141F
  8
IC_DELIKLER
 10
152.69937133789062
 20
214.30794525146484
 30
0.0
 70
0
  0
VERTEX
  5
1420
  8
IC_DELIKLER
 10
152.9371795654297
 20
214.61538696289062
 30
0.0
 70
0
  0
VERTEX
  5
1421
  8
IC_DELIKLER
 10
153.17156982421875
 20
214.85529327392578
 30
0.0
 70
0
  0
VERTEX
  5
1422
  8
IC_DELIKLER
 10
153.43215942382812
 20
215.0599822998047
 30
0.0
 70
0
  0
VERTEX
  5
1423
  8
IC_DELIKLER
 10
153.5925750732422
 20
215.1586151123047
 30
0.0
 70
0
  0
VERTEX
  5
1424
  8
IC_DELIKLER
 10
153.80389404296875
 20
215.26165008544922
 30
0.0
 70
0
  0
VERTEX
  5
1425
  8
IC_DELIKLER
 10
154.0256805419922
 20
215.34166717529297
 30
0.0
 70
0
  0
VERTEX
  5
1426
  8
IC_DELIKLER
 10
154.25596618652344
 20
215.39911651611328
 30
0.0
 70
0
  0
VERTEX
  5
1427
  8
IC_DELIKLER
 10
154.49270629882812
 20
215.4354248046875
 30
0.0
 70
0
  0
VERTEX
  5
1428
  8
IC_DELIKLER
 10
154.7339324951172
 20
215.45279693603516
 30
0.0
 70
0
  0
VERTEX
  5
1429
  8
IC_DELIKLER
 10
155.27285766601562
 20
215.4379119873047
 30
0.0
 70
0
  0
VERTEX
  5
142A
  8
IC_DELIKLER
 10
155.96302795410156
 20
215.35271453857422
 30
0.0
 70
0
  0
VERTEX
  5
142B
  8
IC_DELIKLER
 10
157.3927001953125
 20
215.11688995361328
 30
0.0
 70
0
  0
VERTEX
  5
142C
  8
IC_DELIKLER
 10
159.02313232421875
 20
214.865478515625
 30
0.0
 70
0
  0
VERTEX
  5
142D
  8
IC_DELIKLER
 10
161.18890380859375
 20
214.48157501220703
 30
0.0
 70
0
  0
VERTEX
  5
142E
  8
IC_DELIKLER
 10
161.97866821289062
 20
214.35668182373047
 30
0.0
 70
0
  0
VERTEX
  5
142F
  8
IC_DELIKLER
 10
162.57333374023438
 20
214.28133392333984
 30
0.0
 70
0
  0
VERTEX
  5
1430
  8
IC_DELIKLER
 10
163.12014770507812
 20
214.2305908203125
 30
0.0
 70
0
  0
VERTEX
  5
1431
  8
IC_DELIKLER
 10
163.6182098388672
 20
214.20368194580078
 30
0.0
 70
0
  0
VERTEX
  5
1432
  8
IC_DELIKLER
 10
164.06646728515625
 20
214.1991424560547
 30
0.0
 70
0
  0
VERTEX
  5
1433
  8
IC_DELIKLER
 10
164.5627899169922
 20
214.22176361083984
 30
0.0
 70
0
  0
VERTEX
  5
1434
  8
IC_DELIKLER
 10
165.0050506591797
 20
214.27356719970703
 30
0.0
 70
0
  0
VERTEX
  5
1435
  8
IC_DELIKLER
 10
165.39093017578125
 20
214.35076141357422
 30
0.0
 70
0
  0
VERTEX
  5
1436
  8
IC_DELIKLER
 10
165.76487731933594
 20
214.46315002441406
 30
0.0
 70
0
  0
VERTEX
  5
1437
  8
IC_DELIKLER
 10
166.12013244628906
 20
214.61608123779297
 30
0.0
 70
0
  0
VERTEX
  5
1438
  8
IC_DELIKLER
 10
166.4092559814453
 20
214.78619384765625
 30
0.0
 70
0
  0
VERTEX
  5
1439
  8
IC_DELIKLER
 10
166.67222595214844
 20
214.99112701416016
 30
0.0
 70
0
  0
VERTEX
  5
143A
  8
IC_DELIKLER
 10
166.90452575683594
 20
215.2295684814453
 30
0.0
 70
0
  0
VERTEX
  5
143B
  8
IC_DELIKLER
 10
167.05030822753906
 20
215.41851043701172
 30
0.0
 70
0
  0
VERTEX
  5
143C
  8
IC_DELIKLER
 10
167.20321655273438
 20
215.66283416748047
 30
0.0
 70
0
  0
VERTEX
  5
143D
  8
IC_DELIKLER
 10
167.3134765625
 20
215.8785400390625
 30
0.0
 70
0
  0
VERTEX
  5
143E
  8
IC_DELIKLER
 10
167.42771911621094
 20
216.1485824584961
 30
0.0
 70
0
  0
VERTEX
  5
143F
  8
IC_DELIKLER
 10
167.52560424804688
 20
216.4274673461914
 30
0.0
 70
0
  0
VERTEX
  5
1440
  8
IC_DELIKLER
 10
167.6239013671875
 20
216.76006317138672
 30
0.0
 70
0
  0
VERTEX
  5
1441
  8
IC_DELIKLER
 10
167.93869018554688
 20
218.00376892089844
 30
0.0
 70
0
  0
VERTEX
  5
1442
  8
IC_DELIKLER
 10
168.05029296875
 20
218.32044982910156
 30
0.0
 70
0
  0
VERTEX
  5
1443
  8
IC_DELIKLER
 10
168.19406127929688
 20
218.61823272705078
 30
0.0
 70
0
  0
VERTEX
  5
1444
  8
IC_DELIKLER
 10
168.37547302246094
 20
218.89310455322266
 30
0.0
 70
0
  0
VERTEX
  5
1445
  8
IC_DELIKLER
 10
168.59242248535156
 20
219.14522552490234
 30
0.0
 70
0
  0
VERTEX
  5
1446
  8
IC_DELIKLER
 10
168.80001831054688
 20
219.34697723388672
 30
0.0
 70
0
  0
VERTEX
  5
1447
  8
IC_DELIKLER
 10
169.4203643798828
 20
219.90000915527344
 30
0.0
 70
0
  0
VERTEX
  5
1448
  8
IC_DELIKLER
 10
169.5911407470703
 20
220.07239532470703
 30
0.0
 70
0
  0
VERTEX
  5
1449
  8
IC_DELIKLER
 10
169.74844360351562
 20
220.2541961669922
 30
0.0
 70
0
  0
VERTEX
  5
144A
  8
IC_DELIKLER
 10
169.91415405273438
 20
220.48657989501953
 30
0.0
 70
0
  0
VERTEX
  5
144B
  8
IC_DELIKLER
 10
170.02957153320312
 20
220.69235229492188
 30
0.0
 70
0
  0
VERTEX
  5
144C
  8
IC_DELIKLER
 10
170.1221923828125
 20
220.90839385986328
 30
0.0
 70
0
  0
VERTEX
  5
144D
  8
IC_DELIKLER
 10
170.19122314453125
 20
221.13331604003906
 30
0.0
 70
0
  0
VERTEX
  5
144E
  8
IC_DELIKLER
 10
170.23733520507812
 20
221.36529541015625
 30
0.0
 70
0
  0
VERTEX
  5
144F
  8
IC_DELIKLER
 10
170.2657012939453
 20
221.6502685546875
 30
0.0
 70
0
  0
VERTEX
  5
1450
  8
IC_DELIKLER
 10
170.25918579101562
 20
222.90933227539062
 30
0.0
 70
0
  0
VERTEX
  5
1451
  8
IC_DELIKLER
 10
170.28977966308594
 20
223.2950210571289
 30
0.0
 70
0
  0
VERTEX
  5
1452
  8
IC_DELIKLER
 10
170.4162139892578
 20
224.2572021484375
 30
0.0
 70
0
  0
VERTEX
  5
1453
  8
IC_DELIKLER
 10
170.42800903320312
 20
224.54519653320312
 30
0.0
 70
0
  0
VERTEX
  5
1454
  8
IC_DELIKLER
 10
170.41232299804688
 20
224.8309097290039
 30
0.0
 70
0
  0
VERTEX
  5
1455
  8
IC_DELIKLER
 10
170.34263610839844
 20
225.2047576904297
 30
0.0
 70
0
  0
VERTEX
  5
1456
  8
IC_DELIKLER
 10
170.21873474121094
 20
225.56649780273438
 30
0.0
 70
0
  0
VERTEX
  5
1457
  8
IC_DELIKLER
 10
170.07473754882812
 20
225.8716812133789
 30
0.0
 70
0
  0
VERTEX
  5
1458
  8
IC_DELIKLER
 10
169.7088623046875
 20
226.5405731201172
 30
0.0
 70
0
  0
VERTEX
  5
1459
  8
IC_DELIKLER
 10
169.60052490234375
 20
226.78753662109375
 30
0.0
 70
0
  0
VERTEX
  5
145A
  8
IC_DELIKLER
 10
169.5319061279297
 20
227.03426361083984
 30
0.0
 70
0
  0
VERTEX
  5
145B
  8
IC_DELIKLER
 10
169.5143280029297
 20
227.27989196777344
 30
0.0
 70
0
  0
VERTEX
  5
145C
  8
IC_DELIKLER
 10
169.55221557617188
 20
227.52259826660156
 30
0.0
 70
0
  0
VERTEX
  5
145D
  8
IC_DELIKLER
 10
169.66110229492188
 20
227.80020904541016
 30
0.0
 70
0
  0
VERTEX
  5
145E
  8
IC_DELIKLER
 10
169.82237243652344
 20
228.07244873046875
 30
0.0
 70
0
  0
VERTEX
  5
145F
  8
IC_DELIKLER
 10
170.28053283691406
 20
228.7412338256836
 30
0.0
 70
0
  0
VERTEX
  5
1460
  8
IC_DELIKLER
 10
170.41981506347656
 20
228.9915008544922
 30
0.0
 70
0
  0
VERTEX
  5
1461
  8
IC_DELIKLER
 10
170.5147705078125
 20
229.20806121826172
 30
0.0
 70
0
  0
VERTEX
  5
1462
  8
IC_DELIKLER
 10
170.5980224609375
 20
229.47689056396484
 30
0.0
 70
0
  0
VERTEX
  5
1463
  8
IC_DELIKLER
 10
170.6392822265625
 20
229.70677947998047
 30
0.0
 70
0
  0
VERTEX
  5
1464
  8
IC_DELIKLER
 10
170.65394592285156
 20
229.93987274169922
 30
0.0
 70
0
  0
VERTEX
  5
1465
  8
IC_DELIKLER
 10
170.63661193847656
 20
230.22055053710938
 30
0.0
 70
0
  0
VERTEX
  5
1466
  8
IC_DELIKLER
 10
170.57046508789062
 20
230.54439544677734
 30
0.0
 70
0
  0
VERTEX
  5
1467
  8
IC_DELIKLER
 10
170.45956420898438
 20
230.8595199584961
 30
0.0
 70
0
  0
VERTEX
  5
1468
  8
IC_DELIKLER
 10
170.2864990234375
 20
231.2051773071289
 30
0.0
 70
0
  0
VERTEX
  5
1469
  8
IC_DELIKLER
 10
170.0750732421875
 20
231.53470611572266
 30
0.0
 70
0
  0
VERTEX
  5
146A
  8
IC_DELIKLER
 10
169.83694458007812
 20
231.8504409790039
 30
0.0
 70
0
  0
VERTEX
  5
146B
  8
IC_DELIKLER
 10
169.5166778564453
 20
232.2313690185547
 30
0.0
 70
0
  0
VERTEX
  5
146C
  8
IC_DELIKLER
 10
167.8953857421875
 20
233.9992218017578
 30
0.0
 70
0
  0
VERTEX
  5
146D
  8
IC_DELIKLER
 10
167.28323364257812
 20
234.72264099121094
 30
0.0
 70
0
  0
VERTEX
  5
146E
  8
IC_DELIKLER
 10
166.9896240234375
 20
235.1230239868164
 30
0.0
 70
0
  0
VERTEX
  5
146F
  8
IC_DELIKLER
 10
166.7543487548828
 20
235.49989318847656
 30
0.0
 70
0
  0
VERTEX
  5
1470
  8
IC_DELIKLER
 10
166.5768585205078
 20
235.84986114501953
 30
0.0
 70
0
  0
VERTEX
  5
1471
  8
IC_DELIKLER
 10
166.43637084960938
 20
236.2139778137207
 30
0.0
 70
0
  0
VERTEX
  5
1472
  8
IC_DELIKLER
 10
166.3583221435547
 20
236.49538803100586
 30
0.0
 70
0
  0
VERTEX
  5
1473
  8
IC_DELIKLER
 10
166.29806518554688
 20
236.83086395263672
 30
0.0
 70
0
  0
VERTEX
  5
1474
  8
IC_DELIKLER
 10
166.27207946777344
 20
237.12279891967773
 30
0.0
 70
0
  0
VERTEX
  5
1475
  8
IC_DELIKLER
 10
166.2688446044922
 20
237.46636581420898
 30
0.0
 70
0
  0
VERTEX
  5
1476
  8
IC_DELIKLER
 10
166.29002380371094
 20
237.8113021850586
 30
0.0
 70
0
  0
VERTEX
  5
1477
  8
IC_DELIKLER
 10
166.32957458496094
 20
238.1563949584961
 30
0.0
 70
0
  0
VERTEX
  5
1478
  8
IC_DELIKLER
 10
166.6122589111328
 20
239.9809913635254
 30
0.0
 70
0
  0
VERTEX
  5
1479
  8
IC_DELIKLER
 10
166.69387817382812
 20
240.87556838989258
 30
0.0
 70
0
  0
VERTEX
  5
147A
  8
IC_DELIKLER
 10
166.71450805664062
 20
241.47399520874023
 30
0.0
 70
0
  0
VERTEX
  5
147B
  8
IC_DELIKLER
 10
166.7068328857422
 20
242.0726661682129
 30
0.0
 70
0
  0
VERTEX
  5
147C
  8
IC_DELIKLER
 10
166.67440795898438
 20
242.62050247192383
 30
0.0
 70
0
  0
VERTEX
  5
147D
  8
IC_DELIKLER
 10
166.61109924316406
 20
243.21580505371094
 30
0.0
 70
0
  0
VERTEX
  5
147E
  8
IC_DELIKLER
 10
166.50967407226562
 20
243.85636138916016
 30
0.0
 70
0
  0
VERTEX
  5
147F
  8
IC_DELIKLER
 10
166.37460327148438
 20
244.4907112121582
 30
0.0
 70
0
  0
VERTEX
  5
1480
  8
IC_DELIKLER
 10
166.20680236816406
 20
245.11726760864258
 30
0.0
 70
0
  0
VERTEX
  5
1481
  8
IC_DELIKLER
 10
166.00759887695312
 20
245.73464584350586
 30
0.0
 70
0
  0
VERTEX
  5
1482
  8
IC_DELIKLER
 10
165.778564453125
 20
246.34170150756836
 30
0.0
 70
0
  0
VERTEX
  5
1483
  8
IC_DELIKLER
 10
165.50067138671875
 20
246.98291015625
 30
0.0
 70
0
  0
VERTEX
  5
1484
  8
IC_DELIKLER
 10
165.1927032470703
 20
247.61038208007812
 30
0.0
 70
0
  0
VERTEX
  5
1485
  8
IC_DELIKLER
 10
164.83218383789062
 20
248.26694869995117
 30
0.0
 70
0
  0
VERTEX
  5
1486
  8
IC_DELIKLER
 10
164.54940795898438
 20
248.73798370361328
 30
0.0
 70
0
  0
VERTEX
  5
1487
  8
IC_DELIKLER
 10
164.22454833984375
 20
249.24169921875
 30
0.0
 70
0
  0
VERTEX
  5
1488
  8
IC_DELIKLER
 10
163.91226196289062
 20
249.69364166259766
 30
0.0
 70
0
  0
VERTEX
  5
1489
  8
IC_DELIKLER
 10
163.58480834960938
 20
250.13367462158203
 30
0.0
 70
0
  0
VERTEX
  5
148A
  8
IC_DELIKLER
 10
163.30203247070312
 20
250.47904205322266
 30
0.0
 70
0
  0
VERTEX
  5
148B
  8
IC_DELIKLER
 10
163.06910705566406
 20
250.73128128051758
 30
0.0
 70
0
  0
VERTEX
  5
148C
  8
IC_DELIKLER
 10
162.82119750976562
 20
250.95972442626953
 30
0.0
 70
0
  0
VERTEX
  5
148D
  8
IC_DELIKLER
 10
162.59463500976562
 20
251.12775802612305
 30
0.0
 70
0
  0
VERTEX
  5
148E
  8
IC_DELIKLER
 10
162.395263671875
 20
251.2421646118164
 30
0.0
 70
0
  0
VERTEX
  5
148F
  8
IC_DELIKLER
 10
162.1865997314453
 20
251.32910919189453
 30
0.0
 70
0
  0
VERTEX
  5
1490
  8
IC_DELIKLER
 10
162.013671875
 20
251.3773078918457
 30
0.0
 70
0
  0
VERTEX
  5
1491
  8
IC_DELIKLER
 10
161.79132080078125
 20
251.41080474853516
 30
0.0
 70
0
  0
VERTEX
  5
1492
  8
IC_DELIKLER
 10
161.425537109375
 20
251.41007614135742
 30
0.0
 70
0
  0
VERTEX
  5
1493
  8
IC_DELIKLER
 10
160.72793579101562
 20
251.32442474365234
 30
0.0
 70
0
  0
VERTEX
  5
1494
  8
IC_DELIKLER
 10
160.49774169921875
 20
251.30816268920898
 30
0.0
 70
0
  0
VERTEX
  5
1495
  8
IC_DELIKLER
 10
160.22738647460938
 20
251.31784057617188
 30
0.0
 70
0
  0
VERTEX
  5
1496
  8
IC_DELIKLER
 10
160.0099639892578
 20
251.35734939575195
 30
0.0
 70
0
  0
VERTEX
  5
1497
  8
IC_DELIKLER
 10
159.76266479492188
 20
251.4467887878418
 30
0.0
 70
0
  0
VERTEX
  5
1498
  8
IC_DELIKLER
 10
159.53465270996094
 20
251.5815658569336
 30
0.0
 70
0
  0
VERTEX
  5
1499
  8
IC_DELIKLER
 10
159.3300323486328
 20
251.7568817138672
 30
0.0
 70
0
  0
VERTEX
  5
149A
  8
IC_DELIKLER
 10
159.12576293945312
 20
252.0029067993164
 30
0.0
 70
0
  0
VERTEX
  5
149B
  8
IC_DELIKLER
 10
158.98446655273438
 20
252.24035263061523
 30
0.0
 70
0
  0
VERTEX
  5
149C
  8
IC_DELIKLER
 10
158.89366149902344
 20
252.4514617919922
 30
0.0
 70
0
  0
VERTEX
  5
149D
  8
IC_DELIKLER
 10
158.8297576904297
 20
252.6708221435547
 30
0.0
 70
0
  0
VERTEX
  5
149E
  8
IC_DELIKLER
 10
158.7941436767578
 20
252.8955307006836
 30
0.0
 70
0
  0
VERTEX
  5
149F
  8
IC_DELIKLER
 10
158.78648376464844
 20
253.12328720092773
 30
0.0
 70
0
  0
VERTEX
  5
14A0
  8
IC_DELIKLER
 10
158.80392456054688
 20
253.35247802734375
 30
0.0
 70
0
  0
VERTEX
  5
14A1
  8
IC_DELIKLER
 10
158.97323608398438
 20
254.22686386108398
 30
0.0
 70
0
  0
VERTEX
  5
14A2
  8
IC_DELIKLER
 10
159.00904846191406
 20
254.59571838378906
 30
0.0
 70
0
  0
VERTEX
  5
14A3
  8
IC_DELIKLER
 10
159.0000762939453
 20
254.82474517822266
 30
0.0
 70
0
  0
VERTEX
  5
14A4
  8
IC_DELIKLER
 10
158.97288513183594
 20
255.00587463378906
 30
0.0
 70
0
  0
VERTEX
  5
14A5
  8
IC_DELIKLER
 10
158.9276123046875
 20
255.18414306640625
 30
0.0
 70
0
  0
VERTEX
  5
14A6
  8
IC_DELIKLER
 10
158.8466339111328
 20
255.40159606933594
 30
0.0
 70
0
  0
VERTEX
  5
14A7
  8
IC_DELIKLER
 10
158.74098205566406
 20
255.61176681518555
 30
0.0
 70
0
  0
VERTEX
  5
14A8
  8
IC_DELIKLER
 10
158.58639526367188
 20
255.85311126708984
 30
0.0
 70
0
  0
VERTEX
  5
14A9
  8
IC_DELIKLER
 10
158.40728759765625
 20
256.08216094970703
 30
0.0
 70
0
  0
VERTEX
  5
14AA
  8
IC_DELIKLER
 10
158.209228515625
 20
256.29935455322266
 30
0.0
 70
0
  0
VERTEX
  5
14AB
  8
IC_DELIKLER
 10
157.96035766601562
 20
256.53919982910156
 30
0.0
 70
0
  0
VERTEX
  5
14AC
  8
IC_DELIKLER
 10
157.6592559814453
 20
256.7982368469238
 30
0.0
 70
0
  0
VERTEX
  5
14AD
  8
IC_DELIKLER
 10
156.46920776367188
 20
257.7022132873535
 30
0.0
 70
0
  0
VERTEX
  5
14AE
  8
IC_DELIKLER
 10
156.0199432373047
 20
258.0870246887207
 30
0.0
 70
0
  0
VERTEX
  5
14AF
  8
IC_DELIKLER
 10
155.7835693359375
 20
258.33359146118164
 30
0.0
 70
0
  0
VERTEX
  5
14B0
  8
IC_DELIKLER
 10
155.601318359375
 20
258.56088638305664
 30
0.0
 70
0
  0
VERTEX
  5
14B1
  8
IC_DELIKLER
 10
155.4398651123047
 20
258.8031539916992
 30
0.0
 70
0
  0
VERTEX
  5
14B2
  8
IC_DELIKLER
 10
155.2991943359375
 20
259.05916595458984
 30
0.0
 70
0
  0
VERTEX
  5
14B3
  8
IC_DELIKLER
 10
155.12277221679688
 20
259.46384048461914
 30
0.0
 70
0
  0
VERTEX
  5
14B4
  8
IC_DELIKLER
 10
154.94850158691406
 20
259.9802474975586
 30
0.0
 70
0
  0
VERTEX
  5
14B5
  8
IC_DELIKLER
 10
154.13006591796875
 20
262.9681396484375
 30
0.0
 70
0
  0
VERTEX
  5
14B6
  8
IC_DELIKLER
 10
153.7735137939453
 20
264.1661186218262
 30
0.0
 70
0
  0
VERTEX
  5
14B7
  8
IC_DELIKLER
 10
153.38230895996094
 20
265.40577697753906
 30
0.0
 70
0
  0
VERTEX
  5
14B8
  8
IC_DELIKLER
 10
153.0194091796875
 20
266.49694442749023
 30
0.0
 70
0
  0
VERTEX
  5
14B9
  8
IC_DELIKLER
 10
152.640380859375
 20
267.5826072692871
 30
0.0
 70
0
  0
VERTEX
  5
14BA
  8
IC_DELIKLER
 10
152.26173400878906
 20
268.61528968811035
 30
0.0
 70
0
  0
VERTEX
  5
14BB
  8
IC_DELIKLER
 10
151.88356018066406
 20
269.59468841552734
 30
0.0
 70
0
  0
VERTEX
  5
14BC
  8
IC_DELIKLER
 10
151.5428466796875
 20
270.42750549316406
 30
0.0
 70
0
  0
VERTEX
  5
14BD
  8
IC_DELIKLER
 10
151.18276977539062
 20
271.25207138061523
 30
0.0
 70
0
  0
VERTEX
  5
14BE
  8
IC_DELIKLER
 10
150.80255126953125
 20
272.0675621032715
 30
0.0
 70
0
  0
VERTEX
  5
14BF
  8
IC_DELIKLER
 10
150.38160705566406
 20
272.9190101623535
 30
0.0
 70
0
  0
VERTEX
  5
14C0
  8
IC_DELIKLER
 10
149.91957092285156
 20
273.80569648742676
 30
0.0
 70
0
  0
VERTEX
  5
14C1
  8
IC_DELIKLER
 10
149.4401397705078
 20
274.6831283569336
 30
0.0
 70
0
  0
VERTEX
  5
14C2
  8
IC_DELIKLER
 10
148.91943359375
 20
275.5947723388672
 30
0.0
 70
0
  0
VERTEX
  5
14C3
  8
IC_DELIKLER
 10
148.3817596435547
 20
276.4965286254883
 30
0.0
 70
0
  0
VERTEX
  5
14C4
  8
IC_DELIKLER
 10
147.69287109375
 20
277.5987968444824
 30
0.0
 70
0
  0
VERTEX
  5
14C5
  8
IC_DELIKLER
 10
146.9774932861328
 20
278.68403816223145
 30
0.0
 70
0
  0
VERTEX
  5
14C6
  8
IC_DELIKLER
 10
146.26255798339844
 20
279.70910453796387
 30
0.0
 70
0
  0
VERTEX
  5
14C7
  8
IC_DELIKLER
 10
145.57772827148438
 20
280.63255310058594
 30
0.0
 70
0
  0
VERTEX
  5
14C8
  8
IC_DELIKLER
 10
144.9556121826172
 20
281.4148578643799
 30
0.0
 70
0
  0
VERTEX
  5
14C9
  8
IC_DELIKLER
 10
144.3369140625
 20
282.1350402832031
 30
0.0
 70
0
  0
VERTEX
  5
14CA
  8
IC_DELIKLER
 10
143.65830993652344
 20
282.868953704834
 30
0.0
 70
0
  0
VERTEX
  5
14CB
  8
IC_DELIKLER
 10
142.920654296875
 20
283.61560440063477
 30
0.0
 70
0
  0
VERTEX
  5
14CC
  8
IC_DELIKLER
 10
142.3777313232422
 20
284.1308879852295
 30
0.0
 70
0
  0
VERTEX
  5
14CD
  8
IC_DELIKLER
 10
141.9685821533203
 20
284.48766708374023
 30
0.0
 70
0
  0
VERTEX
  5
14CE
  8
IC_DELIKLER
 10
141.6250457763672
 20
284.74553298950195
 30
0.0
 70
0
  0
VERTEX
  5
14CF
  8
IC_DELIKLER
 10
141.31285095214844
 20
284.92382621765137
 30
0.0
 70
0
  0
VERTEX
  5
14D0
  8
IC_DELIKLER
 10
141.0754852294922
 20
285.0115785598755
 30
0.0
 70
0
  0
VERTEX
  5
14D1
  8
IC_DELIKLER
 10
140.79701232910156
 20
285.05713844299316
 30
0.0
 70
0
  0
VERTEX
  5
14D2
  8
IC_DELIKLER
 10
140.55909729003906
 20
285.0537214279175
 30
0.0
 70
0
  0
VERTEX
  5
14D3
  8
IC_DELIKLER
 10
140.09576416015625
 20
285.0074739456177
 30
0.0
 70
0
  0
VERTEX
  5
14D4
  8
IC_DELIKLER
 10
139.84231567382812
 20
285.02134704589844
 30
0.0
 70
0
  0
VERTEX
  5
14D5
  8
IC_DELIKLER
 10
139.70643615722656
 20
285.059326171875
 30
0.0
 70
0
  0
VERTEX
  5
14D6
  8
IC_DELIKLER
 10
139.6097412109375
 20
285.1045274734497
 30
0.0
 70
0
  0
VERTEX
  5
14D7
  8
IC_DELIKLER
 10
139.48843383789062
 20
285.18742179870605
 30
0.0
 70
0
  0
VERTEX
  5
14D8
  8
IC_DELIKLER
 10
139.37619018554688
 20
285.29476737976074
 30
0.0
 70
0
  0
VERTEX
  5
14D9
  8
IC_DELIKLER
 10
139.22427368164062
 20
285.49488735198975
 30
0.0
 70
0
  0
VERTEX
  5
14DA
  8
IC_DELIKLER
 10
139.0892333984375
 20
285.7300958633423
 30
0.0
 70
0
  0
VERTEX
  5
14DB
  8
IC_DELIKLER
 10
138.6293487548828
 20
286.753529548645
 30
0.0
 70
0
  0
VERTEX
  5
14DC
  8
IC_DELIKLER
 10
138.40440368652344
 20
287.1938180923462
 30
0.0
 70
0
  0
VERTEX
  5
14DD
  8
IC_DELIKLER
 10
138.1693115234375
 20
287.56987476348877
 30
0.0
 70
0
  0
VERTEX
  5
14DE
  8
IC_DELIKLER
 10
137.90008544921875
 20
287.9220600128174
 30
0.0
 70
0
  0
VERTEX
  5
14DF
  8
IC_DELIKLER
 10
137.56451416015625
 20
288.28464794158936
 30
0.0
 70
0
  0
VERTEX
  5
14E0
  8
IC_DELIKLER
 10
137.16160583496094
 20
288.6532783508301
 30
0.0
 70
0
  0
VERTEX
  5
14E1
  8
IC_DELIKLER
 10
136.73638916015625
 20
288.9994421005249
 30
0.0
 70
0
  0
VERTEX
  5
14E2
  8
IC_DELIKLER
 10
135.8269805908203
 20
289.6989059448242
 30
0.0
 70
0
  0
VERTEX
  5
14E3
  8
IC_DELIKLER
 10
135.4495086669922
 20
290.0135135650635
 30
0.0
 70
0
  0
VERTEX
  5
14E4
  8
IC_DELIKLER
 10
135.17845153808594
 20
290.2772550582886
 30
0.0
 70
0
  0
VERTEX
  5
14E5
  8
IC_DELIKLER
 10
134.9849853515625
 20
290.5167474746704
 30
0.0
 70
0
  0
VERTEX
  5
14E6
  8
IC_DELIKLER
 10
134.9016876220703
 20
290.65550899505615
 30
0.0
 70
0
  0
VERTEX
  5
14E7
  8
IC_DELIKLER
 10
134.84352111816406
 20
290.7936325073242
 30
0.0
 70
0
  0
VERTEX
  5
14E8
  8
IC_DELIKLER
 10
134.81419372558594
 20
290.92888259887695
 30
0.0
 70
0
  0
VERTEX
  5
14E9
  8
IC_DELIKLER
 10
134.8162384033203
 20
291.05873012542725
 30
0.0
 70
0
  0
VERTEX
  5
14EA
  8
IC_DELIKLER
 10
134.8390655517578
 20
291.1510429382324
 30
0.0
 70
0
  0
VERTEX
  5
14EB
  8
IC_DELIKLER
 10
134.89755249023438
 20
291.2655668258667
 30
0.0
 70
0
  0
VERTEX
  5
14EC
  8
IC_DELIKLER
 10
134.98629760742188
 20
291.36877822875977
 30
0.0
 70
0
  0
VERTEX
  5
14ED
  8
IC_DELIKLER
 10
135.10203552246094
 20
291.45978355407715
 30
0.0
 70
0
  0
VERTEX
  5
14EE
  8
IC_DELIKLER
 10
135.2405548095703
 20
291.5385904312134
 30
0.0
 70
0
  0
VERTEX
  5
14EF
  8
IC_DELIKLER
 10
135.4388427734375
 20
291.6213083267212
 30
0.0
 70
0
  0
VERTEX
  5
14F0
  8
IC_DELIKLER
 10
135.93545532226562
 20
291.757363319397
 30
0.0
 70
0
  0
VERTEX
  5
14F1
  8
IC_DELIKLER
 10
138.1258544921875
 20
292.2046055793762
 30
0.0
 70
0
  0
VERTEX
  5
14F2
  8
IC_DELIKLER
 10
138.61721801757812
 20
292.28092193603516
 30
0.0
 70
0
  0
VERTEX
  5
14F3
  8
IC_DELIKLER
 10
139.1123809814453
 20
292.3321385383606
 30
0.0
 70
0
  0
VERTEX
  5
14F4
  8
IC_DELIKLER
 10
140.0595245361328
 20
292.3811631202698
 30
0.0
 70
0
  0
VERTEX
  5
14F5
  8
IC_DELIKLER
 10
141.60899353027344
 20
292.4137992858887
 30
0.0
 70
0
  0
VERTEX
  5
14F6
  8
IC_DELIKLER
 10
147.9587860107422
 20
292.45994091033936
 30
0.0
 70
0
  0
VERTEX
  5
14F7
  8
IC_DELIKLER
 10
148.0087890625
 20
292.5
 30
0.0
 70
0
  0
VERTEX
  5
14F8
  8
IC_DELIKLER
 10
256.05877685546875
 20
292.5
 30
0.0
 70
0
  0
VERTEX
  5
14F9
  8
IC_DELIKLER
 10
256.1087646484375
 20
292.4599895477295
 30
0.0
 70
0
  0
VERTEX
  5
14FA
  8
IC_DELIKLER
 10
282.5587158203125
 20
292.45078229904175
 30
0.0
 70
0
  0
VERTEX
  5
14FB
  8
IC_DELIKLER
 10
283.803466796875
 20
292.4378991127014
 30
0.0
 70
0
  0
VERTEX
  5
14FC
  8
IC_DELIKLER
 10
284.193115234375
 20
292.41308403015137
 30
0.0
 70
0
  0
VERTEX
  5
14FD
  8
IC_DELIKLER
 10
284.5242919921875
 20
292.367648601532
 30
0.0
 70
0
  0
VERTEX
  5
14FE
  8
IC_DELIKLER
 10
284.7980041503906
 20
292.3033437728882
 30
0.0
 70
0
  0
VERTEX
  5
14FF
  8
IC_DELIKLER
 10
285.06121826171875
 20
292.21183252334595
 30
0.0
 70
0
  0
VERTEX
  5
1500
  8
IC_DELIKLER
 10
285.3149719238281
 20
292.09405851364136
 30
0.0
 70
0
  0
VERTEX
  5
1501
  8
IC_DELIKLER
 10
285.5621337890625
 20
291.9555835723877
 30
0.0
 70
0
  0
SEQEND
  5
133E
  8
IC_DELIKLER
  0
POLYLINE
  5
1502
  8
IC_DELIKLER
 66
1
 10
0.0
 20
0.0
 30
0.0
 70
1
  0
VERTEX
  5
1504
  8
IC_DELIKLER
 10
40.53848
 20
169.5
 30
0.0
 70
0
  0
VERTEX
  5
1505
  8
IC_DELIKLER
 10
40.64814094845353
 20
169.49726522668163
 30
0.0
 70
0
  0
VERTEX
  5
1506
  8
IC_DELIKLER
 10
40.7575292625108
 20
169.48906770580388
 30
0.0
 70
0
  0
VERTEX
  5
1507
  8
IC_DELIKLER
 10
40.86637298558758
 20
169.47542781769528
 30
0.0
 70
0
  0
VERTEX
  5
1508
  8
IC_DELIKLER
 10
40.97440151503868
 20
169.4563794732668
 30
0.0
 70
0
  0
VERTEX
  5
1509
  8
IC_DELIKLER
 10
41.081346274918644
 20
169.43197002970396
 30
0.0
 70
0
  0
VERTEX
  5
150A
  8
IC_DELIKLER
 10
41.18694138370399
 20
169.4022601727295
 30
0.0
 70
0
  0
VERTEX
  5
150B
  8
IC_DELIKLER
 10
41.290924315316474
 20
169.367323765729
 30
0.0
 70
0
  0
VERTEX
  5
150C
  8
IC_DELIKLER
 10
41.39303655180433
 20
169.32724766611489
 30
0.0
 70
0
  0
VERTEX
  5
150D
  8
IC_DELIKLER
 10
41.49302422605863
 20
169.28213150938532
 30
0.0
 70
0
  0
VERTEX
  5
150E
  8
IC_DELIKLER
 10
41.590638752966896
 20
169.2320874614145
 30
0.0
 70
0
  0
VERTEX
  5
150F
  8
IC_DELIKLER
 10
41.6856374474349
 20
169.17723993959072
 30
0.0
 70
0
  0
VERTEX
  5
1510
  8
IC_DELIKLER
 10
41.77778412773996
 20
169.1177253034952
 30
0.0
 70
0
  0
VERTEX
  5
1511
  8
IC_DELIKLER
 10
41.866849702716046
 20
169.05369151589042
 30
0.0
 70
0
  0
VERTEX
  5
1512
  8
IC_DELIKLER
 10
41.95261274131038
 20
168.98529777486175
 30
0.0
 70
0
  0
VERTEX
  5
1513
  8
IC_DELIKLER
 10
42.034860023096016
 20
168.9127141180256
 30
0.0
 70
0
  0
VERTEX
  5
1514
  8
IC_DELIKLER
 10
42.11338706837138
 20
168.83612099978936
 30
0.0
 70
0
  0
VERTEX
  5
1515
  8
IC_DELIKLER
 10
42.18799864652901
 20
168.7557088427131
 30
0.0
 70
0
  0
VERTEX
  5
1516
  8
IC_DELIKLER
 10
42.258509261429666
 20
168.6716775640892
 30
0.0
 70
0
  0
VERTEX
  5
1517
  8
IC_DELIKLER
 10
42.324743612574885
 20
168.58423607891655
 30
0.0
 70
0
  0
VERTEX
  5
1518
  8
IC_DELIKLER
 10
42.3865370309317
 20
168.49360178050466
 30
0.0
 70
0
  0
VERTEX
  5
1519
  8
IC_DELIKLER
 10
42.44373588832576
 20
168.4
 30
0.0
 70
0
  0
VERTEX
  5
151A
  8
IC_DELIKLER
 10
42.49619797938523
 20
168.30366344617696
 30
0.0
 70
0
  0
VERTEX
  5
151B
  8
IC_DELIKLER
 10
42.54379287508568
 20
168.20483162688734
 30
0.0
 70
0
  0
VERTEX
  5
151C
  8
IC_DELIKLER
 10
42.58640224701725
 20
168.10375025360605
 30
0.0
 70
0
  0
VERTEX
  5
151D
  8
IC_DELIKLER
 10
42.62392016156769
 20
168.0006706305537
 30
0.0
 70
0
  0
VERTEX
  5
151E
  8
IC_DELIKLER
 10
42.656253343290025
 20
167.89584902991461
 30
0.0
 70
0
  0
VERTEX
  5
151F
  8
IC_DELIKLER
 10
42.683321406800005
 20
167.7895460547039
 30
0.0
 70
0
  0
VERTEX
  5
1520
  8
IC_DELIKLER
 10
42.705057056626856
 20
167.68202599086723
 30
0.0
 70
0
  0
VERTEX
  5
1521
  8
IC_DELIKLER
 10
42.721406254520375
 20
167.57355615022448
 30
0.0
 70
0
  0
VERTEX
  5
1522
  8
IC_DELIKLER
 10
42.73232835379859
 20
167.46440620589013
 30
0.0
 70
0
  0
VERTEX
  5
1523
  8
IC_DELIKLER
 10
42.737796200401796
 20
167.35484752182376
 30
0.0
 70
0
  0
VERTEX
  5
1524
  8
IC_DELIKLER
 10
42.737796200401796
 20
167.24515247817624
 30
0.0
 70
0
  0
VERTEX
  5
1525
  8
IC_DELIKLER
 10
42.73232835379859
 20
167.13559379410987
 30
0.0
 70
0
  0
VERTEX
  5
1526
  8
IC_DELIKLER
 10
42.721406254520375
 20
167.02644384977552
 30
0.0
 70
0
  0
VERTEX
  5
1527
  8
IC_DELIKLER
 10
42.705057056626856
 20
166.91797400913276
 30
0.0
 70
0
  0
VERTEX
  5
1528
  8
IC_DELIKLER
 10
42.683321406800005
 20
166.8104539452961
 30
0.0
 70
0
  0
VERTEX
  5
1529
  8
IC_DELIKLER
 10
42.656253343290025
 20
166.70415097008538
 30
0.0
 70
0
  0
VERTEX
  5
152A
  8
IC_DELIKLER
 10
42.62392016156769
 20
166.59932936944628
 30
0.0
 70
0
  0
VERTEX
  5
152B
  8
IC_DELIKLER
 10
42.58640224701725
 20
166.49624974639394
 30
0.0
 70
0
  0
VERTEX
  5
152C
  8
IC_DELIKLER
 10
42.54379287508568
 20
166.39516837311265
 30
0.0
 70
0
  0
VERTEX
  5
152D
  8
IC_DELIKLER
 10
42.49619797938523
 20
166.29633655382304
 30
0.0
 70
0
  0
VERTEX
  5
152E
  8
IC_DELIKLER
 10
42.44373588832576
 20
166.2
 30
0.0
 70
0
  0
VERTEX
  5
152F
  8
IC_DELIKLER
 10
42.3865370309317
 20
166.10639821949533
 30
0.0
 70
0
  0
VERTEX
  5
1530
  8
IC_DELIKLER
 10
42.324743612574885
 20
166.01576392108345
 30
0.0
 70
0
  0
VERTEX
  5
1531
  8
IC_DELIKLER
 10
42.258509261429666
 20
165.9283224359108
 30
0.0
 70
0
  0
VERTEX
  5
1532
  8
IC_DELIKLER
 10
42.18799864652901
 20
165.8442911572869
 30
0.0
 70
0
  0
VERTEX
  5
1533
  8
IC_DELIKLER
 10
42.11338706837138
 20
165.76387900021064
 30
0.0
 70
0
  0
VERTEX
  5
1534
  8
IC_DELIKLER
 10
42.034860023096016
 20
165.6872858819744
 30
0.0
 70
0
  0
VERTEX
  5
1535
  8
IC_DELIKLER
 10
41.95261274131038
 20
165.61470222513825
 30
0.0
 70
0
  0
VERTEX
  5
1536
  8
IC_DELIKLER
 10
41.866849702716046
 20
165.54630848410957
 30
0.0
 70
0
  0
VERTEX
  5
1537
  8
IC_DELIKLER
 10
41.77778412773996
 20
165.48227469650482
 30
0.0
 70
0
  0
VERTEX
  5
1538
  8
IC_DELIKLER
 10
41.6856374474349
 20
165.42276006040927
 30
0.0
 70
0
  0
VERTEX
  5
1539
  8
IC_DELIKLER
 10
41.590638752966896
 20
165.3679125385855
 30
0.0
 70
0
  0
VERTEX
  5
153A
  8
IC_DELIKLER
 10
41.49302422605863
 20
165.31786849061467
 30
0.0
 70
0
  0
VERTEX
  5
153B
  8
IC_DELIKLER
 10
41.39303655180433
 20
165.27275233388508
 30
0.0
 70
0
  0
VERTEX
  5
153C
  8
IC_DELIKLER
 10
41.290924315316474
 20
165.232676234271
 30
0.0
 70
0
  0
VERTEX
  5
153D
  8
IC_DELIKLER
 10
41.18694138370399
 20
165.19773982727048
 30
0.0
 70
0
  0
VERTEX
  5
153E
  8
IC_DELIKLER
 10
41.081346274918644
 20
165.16802997029603
 30
0.0
 70
0
  0
VERTEX
  5
153F
  8
IC_DELIKLER
 10
40.97440151503868
 20
165.1436205267332
 30
0.0
 70
0
  0
VERTEX
  5
1540
  8
IC_DELIKLER
 10
40.86637298558758
 20
165.12457218230472
 30
0.0
 70
0
  0
VERTEX
  5
1541
  8
IC_DELIKLER
 10
40.7575292625108
 20
165.11093229419612
 30
0.0
 70
0
  0
VERTEX
  5
1542
  8
IC_DELIKLER
 10
40.64814094845353
 20
165.10273477331836
 30
0.0
 70
0
  0
VERTEX
  5
1543
  8
IC_DELIKLER
 10
40.53848
 20
165.1
 30
0.0
 70
0
  0
VERTEX
  5
1544
  8
IC_DELIKLER
 10
29.93848
 20
165.1
 30
0.0
 70
0
  0
VERTEX
  5
1545
  8
IC_DELIKLER
 10
29.828819051546464
 20
165.10273477331836
 30
0.0
 70
0
  0
VERTEX
  5
1546
  8
IC_DELIKLER
 10
29.719430737489198
 20
165.11093229419612
 30
0.0
 70
0
  0
VERTEX
  5
1547
  8
IC_DELIKLER
 10
29.610587014412413
 20
165.12457218230472
 30
0.0
 70
0
  0
VERTEX
  5
1548
  8
IC_DELIKLER
 10
29.50255848496132
 20
165.1436205267332
 30
0.0
 70
0
  0
VERTEX
  5
1549
  8
IC_DELIKLER
 10
29.395613725081354
 20
165.16802997029603
 30
0.0
 70
0
  0
VERTEX
  5
154A
  8
IC_DELIKLER
 10
29.29001861629601
 20
165.19773982727048
 30
0.0
 70
0
  0
VERTEX
  5
154B
  8
IC_DELIKLER
 10
29.186035684683524
 20
165.232676234271
 30
0.0
 70
0
  0
VERTEX
  5
154C
  8
IC_DELIKLER
 10
29.08392344819567
 20
165.2727523338851
 30
0.0
 70
0
  0
VERTEX
  5
154D
  8
IC_DELIKLER
 10
28.98393577394137
 20
165.31786849061467
 30
0.0
 70
0
  0
VERTEX
  5
154E
  8
IC_DELIKLER
 10
28.886321247033102
 20
165.3679125385855
 30
0.0
 70
0
  0
VERTEX
  5
154F
  8
IC_DELIKLER
 10
28.7913225525651
 20
165.42276006040927
 30
0.0
 70
0
  0
VERTEX
  5
1550
  8
IC_DELIKLER
 10
28.69917587226003
 20
165.48227469650482
 30
0.0
 70
0
  0
VERTEX
  5
1551
  8
IC_DELIKLER
 10
28.61011029728395
 20
165.54630848410957
 30
0.0
 70
0
  0
VERTEX
  5
1552
  8
IC_DELIKLER
 10
28.524347258689613
 20
165.61470222513825
 30
0.0
 70
0
  0
VERTEX
  5
1553
  8
IC_DELIKLER
 10
28.44209997690398
 20
165.6872858819744
 30
0.0
 70
0
  0
VERTEX
  5
1554
  8
IC_DELIKLER
 10
28.363572931628617
 20
165.76387900021064
 30
0.0
 70
0
  0
VERTEX
  5
1555
  8
IC_DELIKLER
 10
28.288961353470985
 20
165.8442911572869
 30
0.0
 70
0
  0
VERTEX
  5
1556
  8
IC_DELIKLER
 10
28.218450738570333
 20
165.9283224359108
 30
0.0
 70
0
  0
VERTEX
  5
1557
  8
IC_DELIKLER
 10
28.152216387425113
 20
166.01576392108345
 30
0.0
 70
0
  0
VERTEX
  5
1558
  8
IC_DELIKLER
 10
28.0904229690683
 20
166.10639821949533
 30
0.0
 70
0
  0
VERTEX
  5
1559
  8
IC_DELIKLER
 10
28.033224111674237
 20
166.2
 30
0.0
 70
0
  0
VERTEX
  5
155A
  8
IC_DELIKLER
 10
27.98076202061477
 20
166.29633655382304
 30
0.0
 70
0
  0
VERTEX
  5
155B
  8
IC_DELIKLER
 10
27.93316712491432
 20
166.39516837311265
 30
0.0
 70
0
  0
VERTEX
  5
155C
  8
IC_DELIKLER
 10
27.89055775298275
 20
166.49624974639394
 30
0.0
 70
0
  0
VERTEX
  5
155D
  8
IC_DELIKLER
 10
27.853039838432306
 20
166.59932936944628
 30
0.0
 70
0
  0
VERTEX
  5
155E
  8
IC_DELIKLER
 10
27.820706656709973
 20
166.70415097008538
 30
0.0
 70
0
  0
VERTEX
  5
155F
  8
IC_DELIKLER
 10
27.79363859319999
 20
166.8104539452961
 30
0.0
 70
0
  0
VERTEX
  5
1560
  8
IC_DELIKLER
 10
27.771902943373142
 20
166.91797400913276
 30
0.0
 70
0
  0
VERTEX
  5
1561
  8
IC_DELIKLER
 10
27.75555374547962
 20
167.02644384977552
 30
0.0
 70
0
  0
VERTEX
  5
1562
  8
IC_DELIKLER
 10
27.7446316462014
 20
167.13559379410987
 30
0.0
 70
0
  0
VERTEX
  5
1563
  8
IC_DELIKLER
 10
27.739163799598202
 20
167.24515247817624
 30
0.0
 70
0
  0
VERTEX
  5
1564
  8
IC_DELIKLER
 10
27.739163799598202
 20
167.35484752182376
 30
0.0
 70
0
  0
VERTEX
  5
1565
  8
IC_DELIKLER
 10
27.7446316462014
 20
167.46440620589013
 30
0.0
 70
0
  0
VERTEX
  5
1566
  8
IC_DELIKLER
 10
27.75555374547962
 20
167.57355615022448
 30
0.0
 70
0
  0
VERTEX
  5
1567
  8
IC_DELIKLER
 10
27.771902943373142
 20
167.68202599086723
 30
0.0
 70
0
  0
VERTEX
  5
1568
  8
IC_DELIKLER
 10
27.79363859319999
 20
167.7895460547039
 30
0.0
 70
0
  0
VERTEX
  5
1569
  8
IC_DELIKLER
 10
27.820706656709973
 20
167.89584902991461
 30
0.0
 70
0
  0
VERTEX
  5
156A
  8
IC_DELIKLER
 10
27.853039838432306
 20
168.0006706305537
 30
0.0
 70
0
  0
VERTEX
  5
156B
  8
IC_DELIKLER
 10
27.89055775298275
 20
168.10375025360605
 30
0.0
 70
0
  0
VERTEX
  5
156C
  8
IC_DELIKLER
 10
27.93316712491432
 20
168.20483162688734
 30
0.0
 70
0
  0
VERTEX
  5
156D
  8
IC_DELIKLER
 10
27.98076202061477
 20
168.30366344617696
 30
0.0
 70
0
  0
VERTEX
  5
156E
  8
IC_DELIKLER
 10
28.033224111674237
 20
168.4
 30
0.0
 70
0
  0
VERTEX
  5
156F
  8
IC_DELIKLER
 10
28.0904229690683
 20
168.49360178050466
 30
0.0
 70
0
  0
VERTEX
  5
1570
  8
IC_DELIKLER
 10
28.152216387425113
 20
168.58423607891655
 30
0.0
 70
0
  0
VERTEX
  5
1571
  8
IC_DELIKLER
 10
28.218450738570333
 20
168.6716775640892
 30
0.0
 70
0
  0
VERTEX
  5
1572
  8
IC_DELIKLER
 10
28.288961353470985
 20
168.7557088427131
 30
0.0
 70
0
  0
VERTEX
  5
1573
  8
IC_DELIKLER
 10
28.363572931628617
 20
168.83612099978936
 30
0.0
 70
0
  0
VERTEX
  5
1574
  8
IC_DELIKLER
 10
28.44209997690398
 20
168.9127141180256
 30
0.0
 70
0
  0
VERTEX
  5
1575
  8
IC_DELIKLER
 10
28.524347258689613
 20
168.98529777486175
 30
0.0
 70
0
  0
VERTEX
  5
1576
  8
IC_DELIKLER
 10
28.61011029728395
 20
169.05369151589042
 30
0.0
 70
0
  0
VERTEX
  5
1577
  8
IC_DELIKLER
 10
28.69917587226003
 20
169.1177253034952
 30
0.0
 70
0
  0
VERTEX
  5
1578
  8
IC_DELIKLER
 10
28.7913225525651
 20
169.17723993959072
 30
0.0
 70
0
  0
VERTEX
  5
1579
  8
IC_DELIKLER
 10
28.886321247033102
 20
169.2320874614145
 30
0.0
 70
0
  0
VERTEX
  5
157A
  8
IC_DELIKLER
 10
28.98393577394137
 20
169.28213150938532
 30
0.0
 70
0
  0
VERTEX
  5
157B
  8
IC_DELIKLER
 10
29.08392344819567
 20
169.3272476661149
 30
0.0
 70
0
  0
VERTEX
  5
157C
  8
IC_DELIKLER
 10
29.186035684683524
 20
169.367323765729
 30
0.0
 70
0
  0
VERTEX
  5
157D
  8
IC_DELIKLER
 10
29.29001861629601
 20
169.4022601727295
 30
0.0
 70
0
  0
VERTEX
  5
157E
  8
IC_DELIKLER
 10
29.395613725081354
 20
169.43197002970396
 30
0.0
 70
0
  0
VERTEX
  5
157F
  8
IC_DELIKLER
 10
29.50255848496132
 20
169.4563794732668
 30
0.0
 70
0
  0
VERTEX
  5
1580
  8
IC_DELIKLER
 10
29.610587014412413
 20
169.47542781769528
 30
0.0
 70
0
  0
VERTEX
  5
1581
  8
IC_DELIKLER
 10
29.719430737489198
 20
169.48906770580388
 30
0.0
 70
0
  0
VERTEX
  5
1582
  8
IC_DELIKLER
 10
29.828819051546464
 20
169.49726522668163
 30
0.0
 70
0
  0
VERTEX
  5
1583
  8
IC_DELIKLER
 10
29.93848
 20
169.5
 30
0.0
 70
0
  0
SEQEND
  5
1503
  8
IC_DELIKLER
  0
POLYLINE
  5
1584
  8
IC_DELIKLER
 66
1
 10
0.0
 20
0.0
 30
0.0
 70
1
  0
VERTEX
  5
1586
  8
IC_DELIKLER
 10
61.23848
 20
169.5
 30
0.0
 70
0
  0
VERTEX
  5
1587
  8
IC_DELIKLER
 10
61.34814094845353
 20
169.49726522668163
 30
0.0
 70
0
  0
VERTEX
  5
1588
  8
IC_DELIKLER
 10
61.457529262510796
 20
169.48906770580388
 30
0.0
 70
0
  0
VERTEX
  5
1589
  8
IC_DELIKLER
 10
61.56637298558759
 20
169.47542781769528
 30
0.0
 70
0
  0
VERTEX
  5
158A
  8
IC_DELIKLER
 10
61.674401515038674
 20
169.4563794732668
 30
0.0
 70
0
  0
VERTEX
  5
158B
  8
IC_DELIKLER
 10
61.781346274918654
 20
169.43197002970396
 30
0.0
 70
0
  0
VERTEX
  5
158C
  8
IC_DELIKLER
 10
61.88694138370399
 20
169.4022601727295
 30
0.0
 70
0
  0
VERTEX
  5
158D
  8
IC_DELIKLER
 10
61.99092431531648
 20
169.367323765729
 30
0.0
 70
0
  0
VERTEX
  5
158E
  8
IC_DELIKLER
 10
62.09303655180433
 20
169.32724766611489
 30
0.0
 70
0
  0
VERTEX
  5
158F
  8
IC_DELIKLER
 10
62.193024226058625
 20
169.28213150938532
 30
0.0
 70
0
  0
VERTEX
  5
1590
  8
IC_DELIKLER
 10
62.2906387529669
 20
169.2320874614145
 30
0.0
 70
0
  0
VERTEX
  5
1591
  8
IC_DELIKLER
 10
62.385637447434895
 20
169.17723993959072
 30
0.0
 70
0
  0
VERTEX
  5
1592
  8
IC_DELIKLER
 10
62.47778412773997
 20
169.1177253034952
 30
0.0
 70
0
  0
VERTEX
  5
1593
  8
IC_DELIKLER
 10
62.566849702716056
 20
169.05369151589042
 30
0.0
 70
0
  0
VERTEX
  5
1594
  8
IC_DELIKLER
 10
62.65261274131039
 20
168.98529777486175
 30
0.0
 70
0
  0
VERTEX
  5
1595
  8
IC_DELIKLER
 10
62.73486002309603
 20
168.9127141180256
 30
0.0
 70
0
  0
VERTEX
  5
1596
  8
IC_DELIKLER
 10
62.81338706837139
 20
168.83612099978936
 30
0.0
 70
0
  0
VERTEX
  5
1597
  8
IC_DELIKLER
 10
62.88799864652903
 20
168.7557088427131
 30
0.0
 70
0
  0
VERTEX
  5
1598
  8
IC_DELIKLER
 10
62.958509261429676
 20
168.6716775640892
 30
0.0
 70
0
  0
VERTEX
  5
1599
  8
IC_DELIKLER
 10
63.02474361257489
 20
168.58423607891655
 30
0.0
 70
0
  0
VERTEX
  5
159A
  8
IC_DELIKLER
 10
63.086537030931694
 20
168.49360178050466
 30
0.0
 70
0
  0
VERTEX
  5
159B
  8
IC_DELIKLER
 10
63.14373588832577
 20
168.4
 30
0.0
 70
0
  0
VERTEX
  5
159C
  8
IC_DELIKLER
 10
63.19619797938524
 20
168.30366344617696
 30
0.0
 70
0
  0
VERTEX
  5
159D
  8
IC_DELIKLER
 10
63.24379287508568
 20
168.20483162688734
 30
0.0
 70
0
  0
VERTEX
  5
159E
  8
IC_DELIKLER
 10
63.28640224701726
 20
168.10375025360605
 30
0.0
 70
0
  0
VERTEX
  5
159F
  8
IC_DELIKLER
 10
63.3239201615677
 20
168.0006706305537
 30
0.0
 70
0
  0
VERTEX
  5
15A0
  8
IC_DELIKLER
 10
63.35625334329003
 20
167.89584902991461
 30
0.0
 70
0
  0
VERTEX
  5
15A1
  8
IC_DELIKLER
 10
63.38332140680002
 20
167.7895460547039
 30
0.0
 70
0
  0
VERTEX
  5
15A2
  8
IC_DELIKLER
 10
63.40505705662686
 20
167.68202599086723
 30
0.0
 70
0
  0
VERTEX
  5
15A3
  8
IC_DELIKLER
 10
63.42140625452038
 20
167.57355615022448
 30
0.0
 70
0
  0
VERTEX
  5
15A4
  8
IC_DELIKLER
 10
63.432328353798596
 20
167.46440620589013
 30
0.0
 70
0
  0
VERTEX
  5
15A5
  8
IC_DELIKLER
 10
63.43779620040179
 20
167.35484752182376
 30
0.0
 70
0
  0
VERTEX
  5
15A6
  8
IC_DELIKLER
 10
63.43779620040179
 20
167.24515247817624
 30
0.0
 70
0
  0
VERTEX
  5
15A7
  8
IC_DELIKLER
 10
63.432328353798596
 20
167.13559379410987
 30
0.0
 70
0
  0
VERTEX
  5
15A8
  8
IC_DELIKLER
 10
63.42140625452038
 20
167.02644384977552
 30
0.0
 70
0
  0
VERTEX
  5
15A9
  8
IC_DELIKLER
 10
63.40505705662686
 20
166.91797400913276
 30
0.0
 70
0
  0
VERTEX
  5
15AA
  8
IC_DELIKLER
 10
63.38332140680002
 20
166.8104539452961
 30
0.0
 70
0
  0
VERTEX
  5
15AB
  8
IC_DELIKLER
 10
63.35625334329003
 20
166.70415097008538
 30
0.0
 70
0
  0
VERTEX
  5
15AC
  8
IC_DELIKLER
 10
63.3239201615677
 20
166.59932936944628
 30
0.0
 70
0
  0
VERTEX
  5
15AD
  8
IC_DELIKLER
 10
63.28640224701726
 20
166.49624974639394
 30
0.0
 70
0
  0
VERTEX
  5
15AE
  8
IC_DELIKLER
 10
63.24379287508568
 20
166.39516837311265
 30
0.0
 70
0
  0
VERTEX
  5
15AF
  8
IC_DELIKLER
 10
63.19619797938524
 20
166.29633655382304
 30
0.0
 70
0
  0
VERTEX
  5
15B0
  8
IC_DELIKLER
 10
63.14373588832577
 20
166.2
 30
0.0
 70
0
  0
VERTEX
  5
15B1
  8
IC_DELIKLER
 10
63.086537030931694
 20
166.10639821949533
 30
0.0
 70
0
  0
VERTEX
  5
15B2
  8
IC_DELIKLER
 10
63.02474361257489
 20
166.01576392108345
 30
0.0
 70
0
  0
VERTEX
  5
15B3
  8
IC_DELIKLER
 10
62.958509261429676
 20
165.9283224359108
 30
0.0
 70
0
  0
VERTEX
  5
15B4
  8
IC_DELIKLER
 10
62.88799864652903
 20
165.8442911572869
 30
0.0
 70
0
  0
VERTEX
  5
15B5
  8
IC_DELIKLER
 10
62.81338706837139
 20
165.76387900021064
 30
0.0
 70
0
  0
VERTEX
  5
15B6
  8
IC_DELIKLER
 10
62.73486002309603
 20
165.6872858819744
 30
0.0
 70
0
  0
VERTEX
  5
15B7
  8
IC_DELIKLER
 10
62.65261274131039
 20
165.61470222513825
 30
0.0
 70
0
  0
VERTEX
  5
15B8
  8
IC_DELIKLER
 10
62.566849702716056
 20
165.54630848410957
 30
0.0
 70
0
  0
VERTEX
  5
15B9
  8
IC_DELIKLER
 10
62.47778412773997
 20
165.48227469650482
 30
0.0
 70
0
  0
VERTEX
  5
15BA
  8
IC_DELIKLER
 10
62.385637447434895
 20
165.42276006040927
 30
0.0
 70
0
  0
VERTEX
  5
15BB
  8
IC_DELIKLER
 10
62.2906387529669
 20
165.3679125385855
 30
0.0
 70
0
  0
VERTEX
  5
15BC
  8
IC_DELIKLER
 10
62.193024226058625
 20
165.31786849061467
 30
0.0
 70
0
  0
VERTEX
  5
15BD
  8
IC_DELIKLER
 10
62.09303655180433
 20
165.27275233388508
 30
0.0
 70
0
  0
VERTEX
  5
15BE
  8
IC_DELIKLER
 10
61.99092431531648
 20
165.232676234271
 30
0.0
 70
0
  0
VERTEX
  5
15BF
  8
IC_DELIKLER
 10
61.88694138370399
 20
165.19773982727048
 30
0.0
 70
0
  0
VERTEX
  5
15C0
  8
IC_DELIKLER
 10
61.78134627491865
 20
165.16802997029603
 30
0.0
 70
0
  0
VERTEX
  5
15C1
  8
IC_DELIKLER
 10
61.674401515038674
 20
165.1436205267332
 30
0.0
 70
0
  0
VERTEX
  5
15C2
  8
IC_DELIKLER
 10
61.56637298558759
 20
165.12457218230472
 30
0.0
 70
0
  0
VERTEX
  5
15C3
  8
IC_DELIKLER
 10
61.457529262510796
 20
165.11093229419612
 30
0.0
 70
0
  0
VERTEX
  5
15C4
  8
IC_DELIKLER
 10
61.34814094845353
 20
165.10273477331836
 30
0.0
 70
0
  0
VERTEX
  5
15C5
  8
IC_DELIKLER
 10
61.23848
 20
165.1
 30
0.0
 70
0
  0
VERTEX
  5
15C6
  8
IC_DELIKLER
 10
50.63848
 20
165.1
 30
0.0
 70
0
  0
VERTEX
  5
15C7
  8
IC_DELIKLER
 10
50.52881905154647
 20
165.10273477331836
 30
0.0
 70
0
  0
VERTEX
  5
15C8
  8
IC_DELIKLER
 10
50.41943073748921
 20
165.11093229419612
 30
0.0
 70
0
  0
VERTEX
  5
15C9
  8
IC_DELIKLER
 10
50.31058701441242
 20
165.12457218230472
 30
0.0
 70
0
  0
VERTEX
  5
15CA
  8
IC_DELIKLER
 10
50.20255848496133
 20
165.1436205267332
 30
0.0
 70
0
  0
VERTEX
  5
15CB
  8
IC_DELIKLER
 10
50.09561372508136
 20
165.16802997029603
 30
0.0
 70
0
  0
VERTEX
  5
15CC
  8
IC_DELIKLER
 10
49.99001861629601
 20
165.19773982727048
 30
0.0
 70
0
  0
VERTEX
  5
15CD
  8
IC_DELIKLER
 10
49.886035684683534
 20
165.232676234271
 30
0.0
 70
0
  0
VERTEX
  5
15CE
  8
IC_DELIKLER
 10
49.78392344819567
 20
165.2727523338851
 30
0.0
 70
0
  0
VERTEX
  5
15CF
  8
IC_DELIKLER
 10
49.68393577394137
 20
165.31786849061467
 30
0.0
 70
0
  0
VERTEX
  5
15D0
  8
IC_DELIKLER
 10
49.586321247033105
 20
165.3679125385855
 30
0.0
 70
0
  0
VERTEX
  5
15D1
  8
IC_DELIKLER
 10
49.49132255256511
 20
165.42276006040927
 30
0.0
 70
0
  0
VERTEX
  5
15D2
  8
IC_DELIKLER
 10
49.39917587226004
 20
165.48227469650482
 30
0.0
 70
0
  0
VERTEX
  5
15D3
  8
IC_DELIKLER
 10
49.310110297283956
 20
165.54630848410957
 30
0.0
 70
0
  0
VERTEX
  5
15D4
  8
IC_DELIKLER
 10
49.22434725868962
 20
165.61470222513825
 30
0.0
 70
0
  0
VERTEX
  5
15D5
  8
IC_DELIKLER
 10
49.142099976903985
 20
165.6872858819744
 30
0.0
 70
0
  0
VERTEX
  5
15D6
  8
IC_DELIKLER
 10
49.06357293162863
 20
165.76387900021064
 30
0.0
 70
0
  0
VERTEX
  5
15D7
  8
IC_DELIKLER
 10
48.98896135347099
 20
165.8442911572869
 30
0.0
 70
0
  0
VERTEX
  5
15D8
  8
IC_DELIKLER
 10
48.91845073857034
 20
165.9283224359108
 30
0.0
 70
0
  0
VERTEX
  5
15D9
  8
IC_DELIKLER
 10
48.852216387425116
 20
166.01576392108345
 30
0.0
 70
0
  0
VERTEX
  5
15DA
  8
IC_DELIKLER
 10
48.7904229690683
 20
166.10639821949533
 30
0.0
 70
0
  0
VERTEX
  5
15DB
  8
IC_DELIKLER
 10
48.73322411167424
 20
166.2
 30
0.0
 70
0
  0
VERTEX
  5
15DC
  8
IC_DELIKLER
 10
48.68076202061477
 20
166.29633655382304
 30
0.0
 70
0
  0
VERTEX
  5
15DD
  8
IC_DELIKLER
 10
48.63316712491432
 20
166.39516837311265
 30
0.0
 70
0
  0
VERTEX
  5
15DE
  8
IC_DELIKLER
 10
48.590557752982754
 20
166.49624974639394
 30
0.0
 70
0
  0
VERTEX
  5
15DF
  8
IC_DELIKLER
 10
48.55303983843231
 20
166.59932936944628
 30
0.0
 70
0
  0
VERTEX
  5
15E0
  8
IC_DELIKLER
 10
48.520706656709976
 20
166.70415097008538
 30
0.0
 70
0
  0
VERTEX
  5
15E1
  8
IC_DELIKLER
 10
48.49363859319999
 20
166.8104539452961
 30
0.0
 70
0
  0
VERTEX
  5
15E2
  8
IC_DELIKLER
 10
48.471902943373145
 20
166.91797400913276
 30
0.0
 70
0
  0
VERTEX
  5
15E3
  8
IC_DELIKLER
 10
48.45555374547963
 20
167.02644384977552
 30
0.0
 70
0
  0
VERTEX
  5
15E4
  8
IC_DELIKLER
 10
48.44463164620141
 20
167.13559379410987
 30
0.0
 70
0
  0
VERTEX
  5
15E5
  8
IC_DELIKLER
 10
48.439163799598205
 20
167.24515247817624
 30
0.0
 70
0
  0
VERTEX
  5
15E6
  8
IC_DELIKLER
 10
48.439163799598205
 20
167.35484752182376
 30
0.0
 70
0
  0
VERTEX
  5
15E7
  8
IC_DELIKLER
 10
48.44463164620141
 20
167.46440620589013
 30
0.0
 70
0
  0
VERTEX
  5
15E8
  8
IC_DELIKLER
 10
48.45555374547963
 20
167.57355615022448
 30
0.0
 70
0
  0
VERTEX
  5
15E9
  8
IC_DELIKLER
 10
48.471902943373145
 20
167.68202599086723
 30
0.0
 70
0
  0
VERTEX
  5
15EA
  8
IC_DELIKLER
 10
48.49363859319999
 20
167.7895460547039
 30
0.0
 70
0
  0
VERTEX
  5
15EB
  8
IC_DELIKLER
 10
48.520706656709976
 20
167.89584902991461
 30
0.0
 70
0
  0
VERTEX
  5
15EC
  8
IC_DELIKLER
 10
48.55303983843231
 20
168.0006706305537
 30
0.0
 70
0
  0
VERTEX
  5
15ED
  8
IC_DELIKLER
 10
48.590557752982754
 20
168.10375025360605
 30
0.0
 70
0
  0
VERTEX
  5
15EE
  8
IC_DELIKLER
 10
48.63316712491432
 20
168.20483162688734
 30
0.0
 70
0
  0
VERTEX
  5
15EF
  8
IC_DELIKLER
 10
48.68076202061477
 20
168.30366344617696
 30
0.0
 70
0
  0
VERTEX
  5
15F0
  8
IC_DELIKLER
 10
48.73322411167424
 20
168.4
 30
0.0
 70
0
  0
VERTEX
  5
15F1
  8
IC_DELIKLER
 10
48.7904229690683
 20
168.49360178050466
 30
0.0
 70
0
  0
VERTEX
  5
15F2
  8
IC_DELIKLER
 10
48.852216387425116
 20
168.58423607891655
 30
0.0
 70
0
  0
VERTEX
  5
15F3
  8
IC_DELIKLER
 10
48.91845073857034
 20
168.6716775640892
 30
0.0
 70
0
  0
VERTEX
  5
15F4
  8
IC_DELIKLER
 10
48.98896135347099
 20
168.7557088427131
 30
0.0
 70
0
  0
VERTEX
  5
15F5
  8
IC_DELIKLER
 10
49.06357293162863
 20
168.83612099978936
 30
0.0
 70
0
  0
VERTEX
  5
15F6
  8
IC_DELIKLER
 10
49.142099976903985
 20
168.9127141180256
 30
0.0
 70
0
  0
VERTEX
  5
15F7
  8
IC_DELIKLER
 10
49.22434725868962
 20
168.98529777486175
 30
0.0
 70
0
  0
VERTEX
  5
15F8
  8
IC_DELIKLER
 10
49.310110297283956
 20
169.05369151589042
 30
0.0
 70
0
  0
VERTEX
  5
15F9
  8
IC_DELIKLER
 10
49.39917587226004
 20
169.1177253034952
 30
0.0
 70
0
  0
VERTEX
  5
15FA
  8
IC_DELIKLER
 10
49.49132255256511
 20
169.17723993959072
 30
0.0
 70
0
  0
VERTEX
  5
15FB
  8
IC_DELIKLER
 10
49.586321247033105
 20
169.2320874614145
 30
0.0
 70
0
  0
VERTEX
  5
15FC
  8
IC_DELIKLER
 10
49.68393577394137
 20
169.28213150938532
 30
0.0
 70
0
  0
VERTEX
  5
15FD
  8
IC_DELIKLER
 10
49.78392344819567
 20
169.3272476661149
 30
0.0
 70
0
  0
VERTEX
  5
15FE
  8
IC_DELIKLER
 10
49.886035684683534
 20
169.367323765729
 30
0.0
 70
0
  0
VERTEX
  5
15FF
  8
IC_DELIKLER
 10
49.99001861629601
 20
169.4022601727295
 30
0.0
 70
0
  0
VERTEX
  5
1600
  8
IC_DELIKLER
 10
50.09561372508136
 20
169.43197002970396
 30
0.0
 70
0
  0
VERTEX
  5
1601
  8
IC_DELIKLER
 10
50.20255848496133
 20
169.4563794732668
 30
0.0
 70
0
  0
VERTEX
  5
1602
  8
IC_DELIKLER
 10
50.31058701441242
 20
169.47542781769528
 30
0.0
 70
0
  0
VERTEX
  5
1603
  8
IC_DELIKLER
 10
50.41943073748921
 20
169.48906770580388
 30
0.0
 70
0
  0
VERTEX
  5
1604
  8
IC_DELIKLER
 10
50.52881905154647
 20
169.49726522668163
 30
0.0
 70
0
  0
VERTEX
  5
1605
  8
IC_DELIKLER
 10
50.63848
 20
169.5
 30
0.0
 70
0
  0
SEQEND
  5
1585
  8
IC_DELIKLER
  0
POLYLINE
  5
1606
  8
IC_DELIKLER
 66
1
 10
0.0
 20
0.0
 30
0.0
 70
1
  0
VERTEX
  5
1608
  8
IC_DELIKLER
 10
40.53848
 20
178.0
 30
0.0
 70
0
  0
VERTEX
  5
1609
  8
IC_DELIKLER
 10
40.64814094845353
 20
177.99726522668163
 30
0.0
 70
0
  0
VERTEX
  5
160A
  8
IC_DELIKLER
 10
40.7575292625108
 20
177.98906770580388
 30
0.0
 70
0
  0
VERTEX
  5
160B
  8
IC_DELIKLER
 10
40.86637298558758
 20
177.97542781769528
 30
0.0
 70
0
  0
VERTEX
  5
160C
  8
IC_DELIKLER
 10
40.97440151503868
 20
177.9563794732668
 30
0.0
 70
0
  0
VERTEX
  5
160D
  8
IC_DELIKLER
 10
41.081346274918644
 20
177.93197002970396
 30
0.0
 70
0
  0
VERTEX
  5
160E
  8
IC_DELIKLER
 10
41.18694138370399
 20
177.9022601727295
 30
0.0
 70
0
  0
VERTEX
  5
160F
  8
IC_DELIKLER
 10
41.290924315316474
 20
177.867323765729
 30
0.0
 70
0
  0
VERTEX
  5
1610
  8
IC_DELIKLER
 10
41.39303655180433
 20
177.82724766611489
 30
0.0
 70
0
  0
VERTEX
  5
1611
  8
IC_DELIKLER
 10
41.49302422605863
 20
177.78213150938532
 30
0.0
 70
0
  0
VERTEX
  5
1612
  8
IC_DELIKLER
 10
41.590638752966896
 20
177.7320874614145
 30
0.0
 70
0
  0
VERTEX
  5
1613
  8
IC_DELIKLER
 10
41.6856374474349
 20
177.67723993959072
 30
0.0
 70
0
  0
VERTEX
  5
1614
  8
IC_DELIKLER
 10
41.77778412773996
 20
177.6177253034952
 30
0.0
 70
0
  0
VERTEX
  5
1615
  8
IC_DELIKLER
 10
41.866849702716046
 20
177.55369151589042
 30
0.0
 70
0
  0
VERTEX
  5
1616
  8
IC_DELIKLER
 10
41.95261274131038
 20
177.48529777486175
 30
0.0
 70
0
  0
VERTEX
  5
1617
  8
IC_DELIKLER
 10
42.034860023096016
 20
177.4127141180256
 30
0.0
 70
0
  0
VERTEX
  5
1618
  8
IC_DELIKLER
 10
42.11338706837138
 20
177.33612099978936
 30
0.0
 70
0
  0
VERTEX
  5
1619
  8
IC_DELIKLER
 10
42.18799864652901
 20
177.2557088427131
 30
0.0
 70
0
  0
VERTEX
  5
161A
  8
IC_DELIKLER
 10
42.258509261429666
 20
177.1716775640892
 30
0.0
 70
0
  0
VERTEX
  5
161B
  8
IC_DELIKLER
 10
42.324743612574885
 20
177.08423607891655
 30
0.0
 70
0
  0
VERTEX
  5
161C
  8
IC_DELIKLER
 10
42.3865370309317
 20
176.99360178050466
 30
0.0
 70
0
  0
VERTEX
  5
161D
  8
IC_DELIKLER
 10
42.44373588832576
 20
176.9
 30
0.0
 70
0
  0
VERTEX
  5
161E
  8
IC_DELIKLER
 10
42.49619797938523
 20
176.80366344617696
 30
0.0
 70
0
  0
VERTEX
  5
161F
  8
IC_DELIKLER
 10
42.54379287508568
 20
176.70483162688734
 30
0.0
 70
0
  0
VERTEX
  5
1620
  8
IC_DELIKLER
 10
42.58640224701725
 20
176.60375025360605
 30
0.0
 70
0
  0
VERTEX
  5
1621
  8
IC_DELIKLER
 10
42.62392016156769
 20
176.5006706305537
 30
0.0
 70
0
  0
VERTEX
  5
1622
  8
IC_DELIKLER
 10
42.656253343290025
 20
176.39584902991461
 30
0.0
 70
0
  0
VERTEX
  5
1623
  8
IC_DELIKLER
 10
42.683321406800005
 20
176.2895460547039
 30
0.0
 70
0
  0
VERTEX
  5
1624
  8
IC_DELIKLER
 10
42.705057056626856
 20
176.18202599086723
 30
0.0
 70
0
  0
VERTEX
  5
1625
  8
IC_DELIKLER
 10
42.721406254520375
 20
176.07355615022448
 30
0.0
 70
0
  0
VERTEX
  5
1626
  8
IC_DELIKLER
 10
42.73232835379859
 20
175.96440620589013
 30
0.0
 70
0
  0
VERTEX
  5
1627
  8
IC_DELIKLER
 10
42.737796200401796
 20
175.85484752182376
 30
0.0
 70
0
  0
VERTEX
  5
1628
  8
IC_DELIKLER
 10
42.737796200401796
 20
175.74515247817624
 30
0.0
 70
0
  0
VERTEX
  5
1629
  8
IC_DELIKLER
 10
42.73232835379859
 20
175.63559379410987
 30
0.0
 70
0
  0
VERTEX
  5
162A
  8
IC_DELIKLER
 10
42.721406254520375
 20
175.52644384977552
 30
0.0
 70
0
  0
VERTEX
  5
162B
  8
IC_DELIKLER
 10
42.705057056626856
 20
175.41797400913276
 30
0.0
 70
0
  0
VERTEX
  5
162C
  8
IC_DELIKLER
 10
42.683321406800005
 20
175.3104539452961
 30
0.0
 70
0
  0
VERTEX
  5
162D
  8
IC_DELIKLER
 10
42.656253343290025
 20
175.20415097008538
 30
0.0
 70
0
  0
VERTEX
  5
162E
  8
IC_DELIKLER
 10
42.62392016156769
 20
175.09932936944628
 30
0.0
 70
0
  0
VERTEX
  5
162F
  8
IC_DELIKLER
 10
42.58640224701725
 20
174.99624974639394
 30
0.0
 70
0
  0
VERTEX
  5
1630
  8
IC_DELIKLER
 10
42.54379287508568
 20
174.89516837311265
 30
0.0
 70
0
  0
VERTEX
  5
1631
  8
IC_DELIKLER
 10
42.49619797938523
 20
174.79633655382304
 30
0.0
 70
0
  0
VERTEX
  5
1632
  8
IC_DELIKLER
 10
42.44373588832576
 20
174.7
 30
0.0
 70
0
  0
VERTEX
  5
1633
  8
IC_DELIKLER
 10
42.3865370309317
 20
174.60639821949533
 30
0.0
 70
0
  0
VERTEX
  5
1634
  8
IC_DELIKLER
 10
42.324743612574885
 20
174.51576392108345
 30
0.0
 70
0
  0
VERTEX
  5
1635
  8
IC_DELIKLER
 10
42.258509261429666
 20
174.4283224359108
 30
0.0
 70
0
  0
VERTEX
  5
1636
  8
IC_DELIKLER
 10
42.18799864652901
 20
174.3442911572869
 30
0.0
 70
0
  0
VERTEX
  5
1637
  8
IC_DELIKLER
 10
42.11338706837138
 20
174.26387900021064
 30
0.0
 70
0
  0
VERTEX
  5
1638
  8
IC_DELIKLER
 10
42.034860023096016
 20
174.1872858819744
 30
0.0
 70
0
  0
VERTEX
  5
1639
  8
IC_DELIKLER
 10
41.95261274131038
 20
174.11470222513825
 30
0.0
 70
0
  0
VERTEX
  5
163A
  8
IC_DELIKLER
 10
41.866849702716046
 20
174.04630848410957
 30
0.0
 70
0
  0
VERTEX
  5
163B
  8
IC_DELIKLER
 10
41.77778412773996
 20
173.98227469650482
 30
0.0
 70
0
  0
VERTEX
  5
163C
  8
IC_DELIKLER
 10
41.6856374474349
 20
173.92276006040927
 30
0.0
 70
0
  0
VERTEX
  5
163D
  8
IC_DELIKLER
 10
41.590638752966896
 20
173.8679125385855
 30
0.0
 70
0
  0
VERTEX
  5
163E
  8
IC_DELIKLER
 10
41.49302422605863
 20
173.81786849061467
 30
0.0
 70
0
  0
VERTEX
  5
163F
  8
IC_DELIKLER
 10
41.39303655180433
 20
173.77275233388508
 30
0.0
 70
0
  0
VERTEX
  5
1640
  8
IC_DELIKLER
 10
41.290924315316474
 20
173.732676234271
 30
0.0
 70
0
  0
VERTEX
  5
1641
  8
IC_DELIKLER
 10
41.18694138370399
 20
173.69773982727048
 30
0.0
 70
0
  0
VERTEX
  5
1642
  8
IC_DELIKLER
 10
41.081346274918644
 20
173.66802997029603
 30
0.0
 70
0
  0
VERTEX
  5
1643
  8
IC_DELIKLER
 10
40.97440151503868
 20
173.6436205267332
 30
0.0
 70
0
  0
VERTEX
  5
1644
  8
IC_DELIKLER
 10
40.86637298558758
 20
173.62457218230472
 30
0.0
 70
0
  0
VERTEX
  5
1645
  8
IC_DELIKLER
 10
40.7575292625108
 20
173.61093229419612
 30
0.0
 70
0
  0
VERTEX
  5
1646
  8
IC_DELIKLER
 10
40.64814094845353
 20
173.60273477331836
 30
0.0
 70
0
  0
VERTEX
  5
1647
  8
IC_DELIKLER
 10
40.53848
 20
173.6
 30
0.0
 70
0
  0
VERTEX
  5
1648
  8
IC_DELIKLER
 10
29.93848
 20
173.6
 30
0.0
 70
0
  0
VERTEX
  5
1649
  8
IC_DELIKLER
 10
29.828819051546464
 20
173.60273477331836
 30
0.0
 70
0
  0
VERTEX
  5
164A
  8
IC_DELIKLER
 10
29.719430737489198
 20
173.61093229419612
 30
0.0
 70
0
  0
VERTEX
  5
164B
  8
IC_DELIKLER
 10
29.610587014412413
 20
173.62457218230472
 30
0.0
 70
0
  0
VERTEX
  5
164C
  8
IC_DELIKLER
 10
29.50255848496132
 20
173.6436205267332
 30
0.0
 70
0
  0
VERTEX
  5
164D
  8
IC_DELIKLER
 10
29.395613725081354
 20
173.66802997029603
 30
0.0
 70
0
  0
VERTEX
  5
164E
  8
IC_DELIKLER
 10
29.29001861629601
 20
173.69773982727048
 30
0.0
 70
0
  0
VERTEX
  5
164F
  8
IC_DELIKLER
 10
29.186035684683524
 20
173.732676234271
 30
0.0
 70
0
  0
VERTEX
  5
1650
  8
IC_DELIKLER
 10
29.08392344819567
 20
173.7727523338851
 30
0.0
 70
0
  0
VERTEX
  5
1651
  8
IC_DELIKLER
 10
28.98393577394137
 20
173.81786849061467
 30
0.0
 70
0
  0
VERTEX
  5
1652
  8
IC_DELIKLER
 10
28.886321247033102
 20
173.8679125385855
 30
0.0
 70
0
  0
VERTEX
  5
1653
  8
IC_DELIKLER
 10
28.7913225525651
 20
173.92276006040927
 30
0.0
 70
0
  0
VERTEX
  5
1654
  8
IC_DELIKLER
 10
28.69917587226003
 20
173.98227469650482
 30
0.0
 70
0
  0
VERTEX
  5
1655
  8
IC_DELIKLER
 10
28.61011029728395
 20
174.04630848410957
 30
0.0
 70
0
  0
VERTEX
  5
1656
  8
IC_DELIKLER
 10
28.524347258689613
 20
174.11470222513825
 30
0.0
 70
0
  0
VERTEX
  5
1657
  8
IC_DELIKLER
 10
28.44209997690398
 20
174.1872858819744
 30
0.0
 70
0
  0
VERTEX
  5
1658
  8
IC_DELIKLER
 10
28.363572931628617
 20
174.26387900021064
 30
0.0
 70
0
  0
VERTEX
  5
1659
  8
IC_DELIKLER
 10
28.288961353470985
 20
174.3442911572869
 30
0.0
 70
0
  0
VERTEX
  5
165A
  8
IC_DELIKLER
 10
28.218450738570333
 20
174.4283224359108
 30
0.0
 70
0
  0
VERTEX
  5
165B
  8
IC_DELIKLER
 10
28.152216387425113
 20
174.51576392108345
 30
0.0
 70
0
  0
VERTEX
  5
165C
  8
IC_DELIKLER
 10
28.0904229690683
 20
174.60639821949533
 30
0.0
 70
0
  0
VERTEX
  5
165D
  8
IC_DELIKLER
 10
28.033224111674237
 20
174.7
 30
0.0
 70
0
  0
VERTEX
  5
165E
  8
IC_DELIKLER
 10
27.98076202061477
 20
174.79633655382304
 30
0.0
 70
0
  0
VERTEX
  5
165F
  8
IC_DELIKLER
 10
27.93316712491432
 20
174.89516837311265
 30
0.0
 70
0
  0
VERTEX
  5
1660
  8
IC_DELIKLER
 10
27.89055775298275
 20
174.99624974639394
 30
0.0
 70
0
  0
VERTEX
  5
1661
  8
IC_DELIKLER
 10
27.853039838432306
 20
175.09932936944628
 30
0.0
 70
0
  0
VERTEX
  5
1662
  8
IC_DELIKLER
 10
27.820706656709973
 20
175.20415097008538
 30
0.0
 70
0
  0
VERTEX
  5
1663
  8
IC_DELIKLER
 10
27.79363859319999
 20
175.3104539452961
 30
0.0
 70
0
  0
VERTEX
  5
1664
  8
IC_DELIKLER
 10
27.771902943373142
 20
175.41797400913276
 30
0.0
 70
0
  0
VERTEX
  5
1665
  8
IC_DELIKLER
 10
27.75555374547962
 20
175.52644384977552
 30
0.0
 70
0
  0
VERTEX
  5
1666
  8
IC_DELIKLER
 10
27.7446316462014
 20
175.63559379410987
 30
0.0
 70
0
  0
VERTEX
  5
1667
  8
IC_DELIKLER
 10
27.739163799598202
 20
175.74515247817624
 30
0.0
 70
0
  0
VERTEX
  5
1668
  8
IC_DELIKLER
 10
27.739163799598202
 20
175.85484752182376
 30
0.0
 70
0
  0
VERTEX
  5
1669
  8
IC_DELIKLER
 10
27.7446316462014
 20
175.96440620589013
 30
0.0
 70
0
  0
VERTEX
  5
166A
  8
IC_DELIKLER
 10
27.75555374547962
 20
176.07355615022448
 30
0.0
 70
0
  0
VERTEX
  5
166B
  8
IC_DELIKLER
 10
27.771902943373142
 20
176.18202599086723
 30
0.0
 70
0
  0
VERTEX
  5
166C
  8
IC_DELIKLER
 10
27.79363859319999
 20
176.2895460547039
 30
0.0
 70
0
  0
VERTEX
  5
166D
  8
IC_DELIKLER
 10
27.820706656709973
 20
176.39584902991461
 30
0.0
 70
0
  0
VERTEX
  5
166E
  8
IC_DELIKLER
 10
27.853039838432306
 20
176.5006706305537
 30
0.0
 70
0
  0
VERTEX
  5
166F
  8
IC_DELIKLER
 10
27.89055775298275
 20
176.60375025360605
 30
0.0
 70
0
  0
VERTEX
  5
1670
  8
IC_DELIKLER
 10
27.93316712491432
 20
176.70483162688734
 30
0.0
 70
0
  0
VERTEX
  5
1671
  8
IC_DELIKLER
 10
27.98076202061477
 20
176.80366344617696
 30
0.0
 70
0
  0
VERTEX
  5
1672
  8
IC_DELIKLER
 10
28.033224111674237
 20
176.9
 30
0.0
 70
0
  0
VERTEX
  5
1673
  8
IC_DELIKLER
 10
28.0904229690683
 20
176.99360178050466
 30
0.0
 70
0
  0
VERTEX
  5
1674
  8
IC_DELIKLER
 10
28.152216387425113
 20
177.08423607891655
 30
0.0
 70
0
  0
VERTEX
  5
1675
  8
IC_DELIKLER
 10
28.218450738570333
 20
177.1716775640892
 30
0.0
 70
0
  0
VERTEX
  5
1676
  8
IC_DELIKLER
 10
28.288961353470985
 20
177.2557088427131
 30
0.0
 70
0
  0
VERTEX
  5
1677
  8
IC_DELIKLER
 10
28.363572931628617
 20
177.33612099978936
 30
0.0
 70
0
  0
VERTEX
  5
1678
  8
IC_DELIKLER
 10
28.44209997690398
 20
177.4127141180256
 30
0.0
 70
0
  0
VERTEX
  5
1679
  8
IC_DELIKLER
 10
28.524347258689613
 20
177.48529777486175
 30
0.0
 70
0
  0
VERTEX
  5
167A
  8
IC_DELIKLER
 10
28.61011029728395
 20
177.55369151589042
 30
0.0
 70
0
  0
VERTEX
  5
167B
  8
IC_DELIKLER
 10
28.69917587226003
 20
177.6177253034952
 30
0.0
 70
0
  0
VERTEX
  5
167C
  8
IC_DELIKLER
 10
28.7913225525651
 20
177.67723993959072
 30
0.0
 70
0
  0
VERTEX
  5
167D
  8
IC_DELIKLER
 10
28.886321247033102
 20
177.7320874614145
 30
0.0
 70
0
  0
VERTEX
  5
167E
  8
IC_DELIKLER
 10
28.98393577394137
 20
177.78213150938532
 30
0.0
 70
0
  0
VERTEX
  5
167F
  8
IC_DELIKLER
 10
29.08392344819567
 20
177.8272476661149
 30
0.0
 70
0
  0
VERTEX
  5
1680
  8
IC_DELIKLER
 10
29.186035684683524
 20
177.867323765729
 30
0.0
 70
0
  0
VERTEX
  5
1681
  8
IC_DELIKLER
 10
29.29001861629601
 20
177.9022601727295
 30
0.0
 70
0
  0
VERTEX
  5
1682
  8
IC_DELIKLER
 10
29.395613725081354
 20
177.93197002970396
 30
0.0
 70
0
  0
VERTEX
  5
1683
  8
IC_DELIKLER
 10
29.50255848496132
 20
177.9563794732668
 30
0.0
 70
0
  0
VERTEX
  5
1684
  8
IC_DELIKLER
 10
29.610587014412413
 20
177.97542781769528
 30
0.0
 70
0
  0
VERTEX
  5
1685
  8
IC_DELIKLER
 10
29.719430737489198
 20
177.98906770580388
 30
0.0
 70
0
  0
VERTEX
  5
1686
  8
IC_DELIKLER
 10
29.828819051546464
 20
177.99726522668163
 30
0.0
 70
0
  0
VERTEX
  5
1687
  8
IC_DELIKLER
 10
29.93848
 20
178.0
 30
0.0
 70
0
  0
SEQEND
  5
1607
  8
IC_DELIKLER
  0
POLYLINE
  5
1688
  8
IC_DELIKLER
 66
1
 10
0.0
 20
0.0
 30
0.0
 70
1
  0
VERTEX
  5
168A
  8
IC_DELIKLER
 10
61.23848
 20
178.0
 30
0.0
 70
0
  0
VERTEX
  5
168B
  8
IC_DELIKLER
 10
61.34814094845353
 20
177.99726522668163
 30
0.0
 70
0
  0
VERTEX
  5
168C
  8
IC_DELIKLER
 10
61.457529262510796
 20
177.98906770580388
 30
0.0
 70
0
  0
VERTEX
  5
168D
  8
IC_DELIKLER
 10
61.56637298558759
 20
177.97542781769528
 30
0.0
 70
0
  0
VERTEX
  5
168E
  8
IC_DELIKLER
 10
61.674401515038674
 20
177.9563794732668
 30
0.0
 70
0
  0
VERTEX
  5
168F
  8
IC_DELIKLER
 10
61.781346274918654
 20
177.93197002970396
 30
0.0
 70
0
  0
VERTEX
  5
1690
  8
IC_DELIKLER
 10
61.88694138370399
 20
177.9022601727295
 30
0.0
 70
0
  0
VERTEX
  5
1691
  8
IC_DELIKLER
 10
61.99092431531648
 20
177.867323765729
 30
0.0
 70
0
  0
VERTEX
  5
1692
  8
IC_DELIKLER
 10
62.09303655180433
 20
177.82724766611489
 30
0.0
 70
0
  0
VERTEX
  5
1693
  8
IC_DELIKLER
 10
62.193024226058625
 20
177.78213150938532
 30
0.0
 70
0
  0
VERTEX
  5
1694
  8
IC_DELIKLER
 10
62.2906387529669
 20
177.7320874614145
 30
0.0
 70
0
  0
VERTEX
  5
1695
  8
IC_DELIKLER
 10
62.385637447434895
 20
177.67723993959072
 30
0.0
 70
0
  0
VERTEX
  5
1696
  8
IC_DELIKLER
 10
62.47778412773997
 20
177.6177253034952
 30
0.0
 70
0
  0
VERTEX
  5
1697
  8
IC_DELIKLER
 10
62.566849702716056
 20
177.55369151589042
 30
0.0
 70
0
  0
VERTEX
  5
1698
  8
IC_DELIKLER
 10
62.65261274131039
 20
177.48529777486175
 30
0.0
 70
0
  0
VERTEX
  5
1699
  8
IC_DELIKLER
 10
62.73486002309603
 20
177.4127141180256
 30
0.0
 70
0
  0
VERTEX
  5
169A
  8
IC_DELIKLER
 10
62.81338706837139
 20
177.33612099978936
 30
0.0
 70
0
  0
VERTEX
  5
169B
  8
IC_DELIKLER
 10
62.88799864652903
 20
177.2557088427131
 30
0.0
 70
0
  0
VERTEX
  5
169C
  8
IC_DELIKLER
 10
62.958509261429676
 20
177.1716775640892
 30
0.0
 70
0
  0
VERTEX
  5
169D
  8
IC_DELIKLER
 10
63.02474361257489
 20
177.08423607891655
 30
0.0
 70
0
  0
VERTEX
  5
169E
  8
IC_DELIKLER
 10
63.086537030931694
 20
176.99360178050466
 30
0.0
 70
0
  0
VERTEX
  5
169F
  8
IC_DELIKLER
 10
63.14373588832577
 20
176.9
 30
0.0
 70
0
  0
VERTEX
  5
16A0
  8
IC_DELIKLER
 10
63.19619797938524
 20
176.80366344617696
 30
0.0
 70
0
  0
VERTEX
  5
16A1
  8
IC_DELIKLER
 10
63.24379287508568
 20
176.70483162688734
 30
0.0
 70
0
  0
VERTEX
  5
16A2
  8
IC_DELIKLER
 10
63.28640224701726
 20
176.60375025360605
 30
0.0
 70
0
  0
VERTEX
  5
16A3
  8
IC_DELIKLER
 10
63.3239201615677
 20
176.5006706305537
 30
0.0
 70
0
  0
VERTEX
  5
16A4
  8
IC_DELIKLER
 10
63.35625334329003
 20
176.39584902991461
 30
0.0
 70
0
  0
VERTEX
  5
16A5
  8
IC_DELIKLER
 10
63.38332140680002
 20
176.2895460547039
 30
0.0
 70
0
  0
VERTEX
  5
16A6
  8
IC_DELIKLER
 10
63.40505705662686
 20
176.18202599086723
 30
0.0
 70
0
  0
VERTEX
  5
16A7
  8
IC_DELIKLER
 10
63.42140625452038
 20
176.07355615022448
 30
0.0
 70
0
  0
VERTEX
  5
16A8
  8
IC_DELIKLER
 10
63.432328353798596
 20
175.96440620589013
 30
0.0
 70
0
  0
VERTEX
  5
16A9
  8
IC_DELIKLER
 10
63.43779620040179
 20
175.85484752182376
 30
0.0
 70
0
  0
VERTEX
  5
16AA
  8
IC_DELIKLER
 10
63.43779620040179
 20
175.74515247817624
 30
0.0
 70
0
  0
VERTEX
  5
16AB
  8
IC_DELIKLER
 10
63.432328353798596
 20
175.63559379410987
 30
0.0
 70
0
  0
VERTEX
  5
16AC
  8
IC_DELIKLER
 10
63.42140625452038
 20
175.52644384977552
 30
0.0
 70
0
  0
VERTEX
  5
16AD
  8
IC_DELIKLER
 10
63.40505705662686
 20
175.41797400913276
 30
0.0
 70
0
  0
VERTEX
  5
16AE
  8
IC_DELIKLER
 10
63.38332140680002
 20
175.3104539452961
 30
0.0
 70
0
  0
VERTEX
  5
16AF
  8
IC_DELIKLER
 10
63.35625334329003
 20
175.20415097008538
 30
0.0
 70
0
  0
VERTEX
  5
16B0
  8
IC_DELIKLER
 10
63.3239201615677
 20
175.09932936944628
 30
0.0
 70
0
  0
VERTEX
  5
16B1
  8
IC_DELIKLER
 10
63.28640224701726
 20
174.99624974639394
 30
0.0
 70
0
  0
VERTEX
  5
16B2
  8
IC_DELIKLER
 10
63.24379287508568
 20
174.89516837311265
 30
0.0
 70
0
  0
VERTEX
  5
16B3
  8
IC_DELIKLER
 10
63.19619797938524
 20
174.79633655382304
 30
0.0
 70
0
  0
VERTEX
  5
16B4
  8
IC_DELIKLER
 10
63.14373588832577
 20
174.7
 30
0.0
 70
0
  0
VERTEX
  5
16B5
  8
IC_DELIKLER
 10
63.086537030931694
 20
174.60639821949533
 30
0.0
 70
0
  0
VERTEX
  5
16B6
  8
IC_DELIKLER
 10
63.02474361257489
 20
174.51576392108345
 30
0.0
 70
0
  0
VERTEX
  5
16B7
  8
IC_DELIKLER
 10
62.958509261429676
 20
174.4283224359108
 30
0.0
 70
0
  0
VERTEX
  5
16B8
  8
IC_DELIKLER
 10
62.88799864652903
 20
174.3442911572869
 30
0.0
 70
0
  0
VERTEX
  5
16B9
  8
IC_DELIKLER
 10
62.81338706837139
 20
174.26387900021064
 30
0.0
 70
0
  0
VERTEX
  5
16BA
  8
IC_DELIKLER
 10
62.73486002309603
 20
174.1872858819744
 30
0.0
 70
0
  0
VERTEX
  5
16BB
  8
IC_DELIKLER
 10
62.65261274131039
 20
174.11470222513825
 30
0.0
 70
0
  0
VERTEX
  5
16BC
  8
IC_DELIKLER
 10
62.566849702716056
 20
174.04630848410957
 30
0.0
 70
0
  0
VERTEX
  5
16BD
  8
IC_DELIKLER
 10
62.47778412773997
 20
173.98227469650482
 30
0.0
 70
0
  0
VERTEX
  5
16BE
  8
IC_DELIKLER
 10
62.385637447434895
 20
173.92276006040927
 30
0.0
 70
0
  0
VERTEX
  5
16BF
  8
IC_DELIKLER
 10
62.2906387529669
 20
173.8679125385855
 30
0.0
 70
0
  0
VERTEX
  5
16C0
  8
IC_DELIKLER
 10
62.193024226058625
 20
173.81786849061467
 30
0.0
 70
0
  0
VERTEX
  5
16C1
  8
IC_DELIKLER
 10
62.09303655180433
 20
173.77275233388508
 30
0.0
 70
0
  0
VERTEX
  5
16C2
  8
IC_DELIKLER
 10
61.99092431531648
 20
173.732676234271
 30
0.0
 70
0
  0
VERTEX
  5
16C3
  8
IC_DELIKLER
 10
61.88694138370399
 20
173.69773982727048
 30
0.0
 70
0
  0
VERTEX
  5
16C4
  8
IC_DELIKLER
 10
61.78134627491865
 20
173.66802997029603
 30
0.0
 70
0
  0
VERTEX
  5
16C5
  8
IC_DELIKLER
 10
61.674401515038674
 20
173.6436205267332
 30
0.0
 70
0
  0
VERTEX
  5
16C6
  8
IC_DELIKLER
 10
61.56637298558759
 20
173.62457218230472
 30
0.0
 70
0
  0
VERTEX
  5
16C7
  8
IC_DELIKLER
 10
61.457529262510796
 20
173.61093229419612
 30
0.0
 70
0
  0
VERTEX
  5
16C8
  8
IC_DELIKLER
 10
61.34814094845353
 20
173.60273477331836
 30
0.0
 70
0
  0
VERTEX
  5
16C9
  8
IC_DELIKLER
 10
61.23848
 20
173.6
 30
0.0
 70
0
  0
VERTEX
  5
16CA
  8
IC_DELIKLER
 10
50.63848
 20
173.6
 30
0.0
 70
0
  0
VERTEX
  5
16CB
  8
IC_DELIKLER
 10
50.52881905154647
 20
173.60273477331836
 30
0.0
 70
0
  0
VERTEX
  5
16CC
  8
IC_DELIKLER
 10
50.41943073748921
 20
173.61093229419612
 30
0.0
 70
0
  0
VERTEX
  5
16CD
  8
IC_DELIKLER
 10
50.31058701441242
 20
173.62457218230472
 30
0.0
 70
0
  0
VERTEX
  5
16CE
  8
IC_DELIKLER
 10
50.20255848496133
 20
173.6436205267332
 30
0.0
 70
0
  0
VERTEX
  5
16CF
  8
IC_DELIKLER
 10
50.09561372508136
 20
173.66802997029603
 30
0.0
 70
0
  0
VERTEX
  5
16D0
  8
IC_DELIKLER
 10
49.99001861629601
 20
173.69773982727048
 30
0.0
 70
0
  0
VERTEX
  5
16D1
  8
IC_DELIKLER
 10
49.886035684683534
 20
173.732676234271
 30
0.0
 70
0
  0
VERTEX
  5
16D2
  8
IC_DELIKLER
 10
49.78392344819567
 20
173.7727523338851
 30
0.0
 70
0
  0
VERTEX
  5
16D3
  8
IC_DELIKLER
 10
49.68393577394137
 20
173.81786849061467
 30
0.0
 70
0
  0
VERTEX
  5
16D4
  8
IC_DELIKLER
 10
49.586321247033105
 20
173.8679125385855
 30
0.0
 70
0
  0
VERTEX
  5
16D5
  8
IC_DELIKLER
 10
49.49132255256511
 20
173.92276006040927
 30
0.0
 70
0
  0
VERTEX
  5
16D6
  8
IC_DELIKLER
 10
49.39917587226004
 20
173.98227469650482
 30
0.0
 70
0
  0
VERTEX
  5
16D7
  8
IC_DELIKLER
 10
49.310110297283956
 20
174.04630848410957
 30
0.0
 70
0
  0
VERTEX
  5
16D8
  8
IC_DELIKLER
 10
49.22434725868962
 20
174.11470222513825
 30
0.0
 70
0
  0
VERTEX
  5
16D9
  8
IC_DELIKLER
 10
49.142099976903985
 20
174.1872858819744
 30
0.0
 70
0
  0
VERTEX
  5
16DA
  8
IC_DELIKLER
 10
49.06357293162863
 20
174.26387900021064
 30
0.0
 70
0
  0
VERTEX
  5
16DB
  8
IC_DELIKLER
 10
48.98896135347099
 20
174.3442911572869
 30
0.0
 70
0
  0
VERTEX
  5
16DC
  8
IC_DELIKLER
 10
48.91845073857034
 20
174.4283224359108
 30
0.0
 70
0
  0
VERTEX
  5
16DD
  8
IC_DELIKLER
 10
48.852216387425116
 20
174.51576392108345
 30
0.0
 70
0
  0
VERTEX
  5
16DE
  8
IC_DELIKLER
 10
48.7904229690683
 20
174.60639821949533
 30
0.0
 70
0
  0
VERTEX
  5
16DF
  8
IC_DELIKLER
 10
48.73322411167424
 20
174.7
 30
0.0
 70
0
  0
VERTEX
  5
16E0
  8
IC_DELIKLER
 10
48.68076202061477
 20
174.79633655382304
 30
0.0
 70
0
  0
VERTEX
  5
16E1
  8
IC_DELIKLER
 10
48.63316712491432
 20
174.89516837311265
 30
0.0
 70
0
  0
VERTEX
  5
16E2
  8
IC_DELIKLER
 10
48.590557752982754
 20
174.99624974639394
 30
0.0
 70
0
  0
VERTEX
  5
16E3
  8
IC_DELIKLER
 10
48.55303983843231
 20
175.09932936944628
 30
0.0
 70
0
  0
VERTEX
  5
16E4
  8
IC_DELIKLER
 10
48.520706656709976
 20
175.20415097008538
 30
0.0
 70
0
  0
VERTEX
  5
16E5
  8
IC_DELIKLER
 10
48.49363859319999
 20
175.3104539452961
 30
0.0
 70
0
  0
VERTEX
  5
16E6
  8
IC_DELIKLER
 10
48.471902943373145
 20
175.41797400913276
 30
0.0
 70
0
  0
VERTEX
  5
16E7
  8
IC_DELIKLER
 10
48.45555374547963
 20
175.52644384977552
 30
0.0
 70
0
  0
VERTEX
  5
16E8
  8
IC_DELIKLER
 10
48.44463164620141
 20
175.63559379410987
 30
0.0
 70
0
  0
VERTEX
  5
16E9
  8
IC_DELIKLER
 10
48.439163799598205
 20
175.74515247817624
 30
0.0
 70
0
  0
VERTEX
  5
16EA
  8
IC_DELIKLER
 10
48.439163799598205
 20
175.85484752182376
 30
0.0
 70
0
  0
VERTEX
  5
16EB
  8
IC_DELIKLER
 10
48.44463164620141
 20
175.96440620589013
 30
0.0
 70
0
  0
VERTEX
  5
16EC
  8
IC_DELIKLER
 10
48.45555374547963
 20
176.07355615022448
 30
0.0
 70
0
  0
VERTEX
  5
16ED
  8
IC_DELIKLER
 10
48.471902943373145
 20
176.18202599086723
 30
0.0
 70
0
  0
VERTEX
  5
16EE
  8
IC_DELIKLER
 10
48.49363859319999
 20
176.2895460547039
 30
0.0
 70
0
  0
VERTEX
  5
16EF
  8
IC_DELIKLER
 10
48.520706656709976
 20
176.39584902991461
 30
0.0
 70
0
  0
VERTEX
  5
16F0
  8
IC_DELIKLER
 10
48.55303983843231
 20
176.5006706305537
 30
0.0
 70
0
  0
VERTEX
  5
16F1
  8
IC_DELIKLER
 10
48.590557752982754
 20
176.60375025360605
 30
0.0
 70
0
  0
VERTEX
  5
16F2
  8
IC_DELIKLER
 10
48.63316712491432
 20
176.70483162688734
 30
0.0
 70
0
  0
VERTEX
  5
16F3
  8
IC_DELIKLER
 10
48.68076202061477
 20
176.80366344617696
 30
0.0
 70
0
  0
VERTEX
  5
16F4
  8
IC_DELIKLER
 10
48.73322411167424
 20
176.9
 30
0.0
 70
0
  0
VERTEX
  5
16F5
  8
IC_DELIKLER
 10
48.7904229690683
 20
176.99360178050466
 30
0.0
 70
0
  0
VERTEX
  5
16F6
  8
IC_DELIKLER
 10
48.852216387425116
 20
177.08423607891655
 30
0.0
 70
0
  0
VERTEX
  5
16F7
  8
IC_DELIKLER
 10
48.91845073857034
 20
177.1716775640892
 30
0.0
 70
0
  0
VERTEX
  5
16F8
  8
IC_DELIKLER
 10
48.98896135347099
 20
177.2557088427131
 30
0.0
 70
0
  0
VERTEX
  5
16F9
  8
IC_DELIKLER
 10
49.06357293162863
 20
177.33612099978936
 30
0.0
 70
0
  0
VERTEX
  5
16FA
  8
IC_DELIKLER
 10
49.142099976903985
 20
177.4127141180256
 30
0.0
 70
0
  0
VERTEX
  5
16FB
  8
IC_DELIKLER
 10
49.22434725868962
 20
177.48529777486175
 30
0.0
 70
0
  0
VERTEX
  5
16FC
  8
IC_DELIKLER
 10
49.310110297283956
 20
177.55369151589042
 30
0.0
 70
0
  0
VERTEX
  5
16FD
  8
IC_DELIKLER
 10
49.39917587226004
 20
177.6177253034952
 30
0.0
 70
0
  0
VERTEX
  5
16FE
  8
IC_DELIKLER
 10
49.49132255256511
 20
177.67723993959072
 30
0.0
 70
0
  0
VERTEX
  5
16FF
  8
IC_DELIKLER
 10
49.586321247033105
 20
177.7320874614145
 30
0.0
 70
0
  0
VERTEX
  5
1700
  8
IC_DELIKLER
 10
49.68393577394137
 20
177.78213150938532
 30
0.0
 70
0
  0
VERTEX
  5
1701
  8
IC_DELIKLER
 10
49.78392344819567
 20
177.8272476661149
 30
0.0
 70
0
  0
VERTEX
  5
1702
  8
IC_DELIKLER
 10
49.886035684683534
 20
177.867323765729
 30
0.0
 70
0
  0
VERTEX
  5
1703
  8
IC_DELIKLER
 10
49.99001861629601
 20
177.9022601727295
 30
0.0
 70
0
  0
VERTEX
  5
1704
  8
IC_DELIKLER
 10
50.09561372508136
 20
177.93197002970396
 30
0.0
 70
0
  0
VERTEX
  5
1705
  8
IC_DELIKLER
 10
50.20255848496133
 20
177.9563794732668
 30
0.0
 70
0
  0
VERTEX
  5
1706
  8
IC_DELIKLER
 10
50.31058701441242
 20
177.97542781769528
 30
0.0
 70
0
  0
VERTEX
  5
1707
  8
IC_DELIKLER
 10
50.41943073748921
 20
177.98906770580388
 30
0.0
 70
0
  0
VERTEX
  5
1708
  8
IC_DELIKLER
 10
50.52881905154647
 20
177.99726522668163
 30
0.0
 70
0
  0
VERTEX
  5
1709
  8
IC_DELIKLER
 10
50.63848
 20
178.0
 30
0.0
 70
0
  0
SEQEND
  5
1689
  8
IC_DELIKLER
  0
POLYLINE
  5
170A
  8
IC_DELIKLER
 66
1
 10
0.0
 20
0.0
 30
0.0
 70
1
  0
VERTEX
  5
170C
  8
IC_DELIKLER
 10
40.53848
 20
186.5
 30
0.0
 70
0
  0
VERTEX
  5
170D
  8
IC_DELIKLER
 10
40.64814094845353
 20
186.49726522668163
 30
0.0
 70
0
  0
VERTEX
  5
170E
  8
IC_DELIKLER
 10
40.7575292625108
 20
186.48906770580388
 30
0.0
 70
0
  0
VERTEX
  5
170F
  8
IC_DELIKLER
 10
40.86637298558758
 20
186.47542781769528
 30
0.0
 70
0
  0
VERTEX
  5
1710
  8
IC_DELIKLER
 10
40.97440151503868
 20
186.4563794732668
 30
0.0
 70
0
  0
VERTEX
  5
1711
  8
IC_DELIKLER
 10
41.081346274918644
 20
186.43197002970396
 30
0.0
 70
0
  0
VERTEX
  5
1712
  8
IC_DELIKLER
 10
41.18694138370399
 20
186.4022601727295
 30
0.0
 70
0
  0
VERTEX
  5
1713
  8
IC_DELIKLER
 10
41.290924315316474
 20
186.367323765729
 30
0.0
 70
0
  0
VERTEX
  5
1714
  8
IC_DELIKLER
 10
41.39303655180433
 20
186.32724766611489
 30
0.0
 70
0
  0
VERTEX
  5
1715
  8
IC_DELIKLER
 10
41.49302422605863
 20
186.28213150938532
 30
0.0
 70
0
  0
VERTEX
  5
1716
  8
IC_DELIKLER
 10
41.590638752966896
 20
186.2320874614145
 30
0.0
 70
0
  0
VERTEX
  5
1717
  8
IC_DELIKLER
 10
41.6856374474349
 20
186.17723993959072
 30
0.0
 70
0
  0
VERTEX
  5
1718
  8
IC_DELIKLER
 10
41.77778412773996
 20
186.1177253034952
 30
0.0
 70
0
  0
VERTEX
  5
1719
  8
IC_DELIKLER
 10
41.866849702716046
 20
186.05369151589042
 30
0.0
 70
0
  0
VERTEX
  5
171A
  8
IC_DELIKLER
 10
41.95261274131038
 20
185.98529777486175
 30
0.0
 70
0
  0
VERTEX
  5
171B
  8
IC_DELIKLER
 10
42.034860023096016
 20
185.9127141180256
 30
0.0
 70
0
  0
VERTEX
  5
171C
  8
IC_DELIKLER
 10
42.11338706837138
 20
185.83612099978936
 30
0.0
 70
0
  0
VERTEX
  5
171D
  8
IC_DELIKLER
 10
42.18799864652901
 20
185.7557088427131
 30
0.0
 70
0
  0
VERTEX
  5
171E
  8
IC_DELIKLER
 10
42.258509261429666
 20
185.6716775640892
 30
0.0
 70
0
  0
VERTEX
  5
171F
  8
IC_DELIKLER
 10
42.324743612574885
 20
185.58423607891655
 30
0.0
 70
0
  0
VERTEX
  5
1720
  8
IC_DELIKLER
 10
42.3865370309317
 20
185.49360178050466
 30
0.0
 70
0
  0
VERTEX
  5
1721
  8
IC_DELIKLER
 10
42.44373588832576
 20
185.4
 30
0.0
 70
0
  0
VERTEX
  5
1722
  8
IC_DELIKLER
 10
42.49619797938523
 20
185.30366344617696
 30
0.0
 70
0
  0
VERTEX
  5
1723
  8
IC_DELIKLER
 10
42.54379287508568
 20
185.20483162688734
 30
0.0
 70
0
  0
VERTEX
  5
1724
  8
IC_DELIKLER
 10
42.58640224701725
 20
185.10375025360605
 30
0.0
 70
0
  0
VERTEX
  5
1725
  8
IC_DELIKLER
 10
42.62392016156769
 20
185.0006706305537
 30
0.0
 70
0
  0
VERTEX
  5
1726
  8
IC_DELIKLER
 10
42.656253343290025
 20
184.89584902991461
 30
0.0
 70
0
  0
VERTEX
  5
1727
  8
IC_DELIKLER
 10
42.683321406800005
 20
184.7895460547039
 30
0.0
 70
0
  0
VERTEX
  5
1728
  8
IC_DELIKLER
 10
42.705057056626856
 20
184.68202599086723
 30
0.0
 70
0
  0
VERTEX
  5
1729
  8
IC_DELIKLER
 10
42.721406254520375
 20
184.57355615022448
 30
0.0
 70
0
  0
VERTEX
  5
172A
  8
IC_DELIKLER
 10
42.73232835379859
 20
184.46440620589013
 30
0.0
 70
0
  0
VERTEX
  5
172B
  8
IC_DELIKLER
 10
42.737796200401796
 20
184.35484752182376
 30
0.0
 70
0
  0
VERTEX
  5
172C
  8
IC_DELIKLER
 10
42.737796200401796
 20
184.24515247817624
 30
0.0
 70
0
  0
VERTEX
  5
172D
  8
IC_DELIKLER
 10
42.73232835379859
 20
184.13559379410987
 30
0.0
 70
0
  0
VERTEX
  5
172E
  8
IC_DELIKLER
 10
42.721406254520375
 20
184.02644384977552
 30
0.0
 70
0
  0
VERTEX
  5
172F
  8
IC_DELIKLER
 10
42.705057056626856
 20
183.91797400913276
 30
0.0
 70
0
  0
VERTEX
  5
1730
  8
IC_DELIKLER
 10
42.683321406800005
 20
183.8104539452961
 30
0.0
 70
0
  0
VERTEX
  5
1731
  8
IC_DELIKLER
 10
42.656253343290025
 20
183.70415097008538
 30
0.0
 70
0
  0
VERTEX
  5
1732
  8
IC_DELIKLER
 10
42.62392016156769
 20
183.59932936944628
 30
0.0
 70
0
  0
VERTEX
  5
1733
  8
IC_DELIKLER
 10
42.58640224701725
 20
183.49624974639394
 30
0.0
 70
0
  0
VERTEX
  5
1734
  8
IC_DELIKLER
 10
42.54379287508568
 20
183.39516837311265
 30
0.0
 70
0
  0
VERTEX
  5
1735
  8
IC_DELIKLER
 10
42.49619797938523
 20
183.29633655382304
 30
0.0
 70
0
  0
VERTEX
  5
1736
  8
IC_DELIKLER
 10
42.44373588832576
 20
183.2
 30
0.0
 70
0
  0
VERTEX
  5
1737
  8
IC_DELIKLER
 10
42.3865370309317
 20
183.10639821949533
 30
0.0
 70
0
  0
VERTEX
  5
1738
  8
IC_DELIKLER
 10
42.324743612574885
 20
183.01576392108345
 30
0.0
 70
0
  0
VERTEX
  5
1739
  8
IC_DELIKLER
 10
42.258509261429666
 20
182.9283224359108
 30
0.0
 70
0
  0
VERTEX
  5
173A
  8
IC_DELIKLER
 10
42.18799864652901
 20
182.8442911572869
 30
0.0
 70
0
  0
VERTEX
  5
173B
  8
IC_DELIKLER
 10
42.11338706837138
 20
182.76387900021064
 30
0.0
 70
0
  0
VERTEX
  5
173C
  8
IC_DELIKLER
 10
42.034860023096016
 20
182.6872858819744
 30
0.0
 70
0
  0
VERTEX
  5
173D
  8
IC_DELIKLER
 10
41.95261274131038
 20
182.61470222513825
 30
0.0
 70
0
  0
VERTEX
  5
173E
  8
IC_DELIKLER
 10
41.866849702716046
 20
182.54630848410957
 30
0.0
 70
0
  0
VERTEX
  5
173F
  8
IC_DELIKLER
 10
41.77778412773996
 20
182.48227469650482
 30
0.0
 70
0
  0
VERTEX
  5
1740
  8
IC_DELIKLER
 10
41.6856374474349
 20
182.42276006040927
 30
0.0
 70
0
  0
VERTEX
  5
1741
  8
IC_DELIKLER
 10
41.590638752966896
 20
182.3679125385855
 30
0.0
 70
0
  0
VERTEX
  5
1742
  8
IC_DELIKLER
 10
41.49302422605863
 20
182.31786849061467
 30
0.0
 70
0
  0
VERTEX
  5
1743
  8
IC_DELIKLER
 10
41.39303655180433
 20
182.27275233388508
 30
0.0
 70
0
  0
VERTEX
  5
1744
  8
IC_DELIKLER
 10
41.290924315316474
 20
182.232676234271
 30
0.0
 70
0
  0
VERTEX
  5
1745
  8
IC_DELIKLER
 10
41.18694138370399
 20
182.19773982727048
 30
0.0
 70
0
  0
VERTEX
  5
1746
  8
IC_DELIKLER
 10
41.081346274918644
 20
182.16802997029603
 30
0.0
 70
0
  0
VERTEX
  5
1747
  8
IC_DELIKLER
 10
40.97440151503868
 20
182.1436205267332
 30
0.0
 70
0
  0
VERTEX
  5
1748
  8
IC_DELIKLER
 10
40.86637298558758
 20
182.12457218230472
 30
0.0
 70
0
  0
VERTEX
  5
1749
  8
IC_DELIKLER
 10
40.7575292625108
 20
182.11093229419612
 30
0.0
 70
0
  0
VERTEX
  5
174A
  8
IC_DELIKLER
 10
40.64814094845353
 20
182.10273477331836
 30
0.0
 70
0
  0
VERTEX
  5
174B
  8
IC_DELIKLER
 10
40.53848
 20
182.1
 30
0.0
 70
0
  0
VERTEX
  5
174C
  8
IC_DELIKLER
 10
29.93848
 20
182.1
 30
0.0
 70
0
  0
VERTEX
  5
174D
  8
IC_DELIKLER
 10
29.828819051546464
 20
182.10273477331836
 30
0.0
 70
0
  0
VERTEX
  5
174E
  8
IC_DELIKLER
 10
29.719430737489198
 20
182.11093229419612
 30
0.0
 70
0
  0
VERTEX
  5
174F
  8
IC_DELIKLER
 10
29.610587014412413
 20
182.12457218230472
 30
0.0
 70
0
  0
VERTEX
  5
1750
  8
IC_DELIKLER
 10
29.50255848496132
 20
182.1436205267332
 30
0.0
 70
0
  0
VERTEX
  5
1751
  8
IC_DELIKLER
 10
29.395613725081354
 20
182.16802997029603
 30
0.0
 70
0
  0
VERTEX
  5
1752
  8
IC_DELIKLER
 10
29.29001861629601
 20
182.19773982727048
 30
0.0
 70
0
  0
VERTEX
  5
1753
  8
IC_DELIKLER
 10
29.186035684683524
 20
182.232676234271
 30
0.0
 70
0
  0
VERTEX
  5
1754
  8
IC_DELIKLER
 10
29.08392344819567
 20
182.2727523338851
 30
0.0
 70
0
  0
VERTEX
  5
1755
  8
IC_DELIKLER
 10
28.98393577394137
 20
182.31786849061467
 30
0.0
 70
0
  0
VERTEX
  5
1756
  8
IC_DELIKLER
 10
28.886321247033102
 20
182.3679125385855
 30
0.0
 70
0
  0
VERTEX
  5
1757
  8
IC_DELIKLER
 10
28.7913225525651
 20
182.42276006040927
 30
0.0
 70
0
  0
VERTEX
  5
1758
  8
IC_DELIKLER
 10
28.69917587226003
 20
182.48227469650482
 30
0.0
 70
0
  0
VERTEX
  5
1759
  8
IC_DELIKLER
 10
28.61011029728395
 20
182.54630848410957
 30
0.0
 70
0
  0
VERTEX
  5
175A
  8
IC_DELIKLER
 10
28.524347258689613
 20
182.61470222513825
 30
0.0
 70
0
  0
VERTEX
  5
175B
  8
IC_DELIKLER
 10
28.44209997690398
 20
182.6872858819744
 30
0.0
 70
0
  0
VERTEX
  5
175C
  8
IC_DELIKLER
 10
28.363572931628617
 20
182.76387900021064
 30
0.0
 70
0
  0
VERTEX
  5
175D
  8
IC_DELIKLER
 10
28.288961353470985
 20
182.8442911572869
 30
0.0
 70
0
  0
VERTEX
  5
175E
  8
IC_DELIKLER
 10
28.218450738570333
 20
182.9283224359108
 30
0.0
 70
0
  0
VERTEX
  5
175F
  8
IC_DELIKLER
 10
28.152216387425113
 20
183.01576392108345
 30
0.0
 70
0
  0
VERTEX
  5
1760
  8
IC_DELIKLER
 10
28.0904229690683
 20
183.10639821949533
 30
0.0
 70
0
  0
VERTEX
  5
1761
  8
IC_DELIKLER
 10
28.033224111674237
 20
183.2
 30
0.0
 70
0
  0
VERTEX
  5
1762
  8
IC_DELIKLER
 10
27.98076202061477
 20
183.29633655382304
 30
0.0
 70
0
  0
VERTEX
  5
1763
  8
IC_DELIKLER
 10
27.93316712491432
 20
183.39516837311265
 30
0.0
 70
0
  0
VERTEX
  5
1764
  8
IC_DELIKLER
 10
27.89055775298275
 20
183.49624974639394
 30
0.0
 70
0
  0
VERTEX
  5
1765
  8
IC_DELIKLER
 10
27.853039838432306
 20
183.59932936944628
 30
0.0
 70
0
  0
VERTEX
  5
1766
  8
IC_DELIKLER
 10
27.820706656709973
 20
183.70415097008538
 30
0.0
 70
0
  0
VERTEX
  5
1767
  8
IC_DELIKLER
 10
27.79363859319999
 20
183.8104539452961
 30
0.0
 70
0
  0
VERTEX
  5
1768
  8
IC_DELIKLER
 10
27.771902943373142
 20
183.91797400913276
 30
0.0
 70
0
  0
VERTEX
  5
1769
  8
IC_DELIKLER
 10
27.75555374547962
 20
184.02644384977552
 30
0.0
 70
0
  0
VERTEX
  5
176A
  8
IC_DELIKLER
 10
27.7446316462014
 20
184.13559379410987
 30
0.0
 70
0
  0
VERTEX
  5
176B
  8
IC_DELIKLER
 10
27.739163799598202
 20
184.24515247817624
 30
0.0
 70
0
  0
VERTEX
  5
176C
  8
IC_DELIKLER
 10
27.739163799598202
 20
184.35484752182376
 30
0.0
 70
0
  0
VERTEX
  5
176D
  8
IC_DELIKLER
 10
27.7446316462014
 20
184.46440620589013
 30
0.0
 70
0
  0
VERTEX
  5
176E
  8
IC_DELIKLER
 10
27.75555374547962
 20
184.57355615022448
 30
0.0
 70
0
  0
VERTEX
  5
176F
  8
IC_DELIKLER
 10
27.771902943373142
 20
184.68202599086723
 30
0.0
 70
0
  0
VERTEX
  5
1770
  8
IC_DELIKLER
 10
27.79363859319999
 20
184.7895460547039
 30
0.0
 70
0
  0
VERTEX
  5
1771
  8
IC_DELIKLER
 10
27.820706656709973
 20
184.89584902991461
 30
0.0
 70
0
  0
VERTEX
  5
1772
  8
IC_DELIKLER
 10
27.853039838432306
 20
185.0006706305537
 30
0.0
 70
0
  0
VERTEX
  5
1773
  8
IC_DELIKLER
 10
27.89055775298275
 20
185.10375025360605
 30
0.0
 70
0
  0
VERTEX
  5
1774
  8
IC_DELIKLER
 10
27.93316712491432
 20
185.20483162688734
 30
0.0
 70
0
  0
VERTEX
  5
1775
  8
IC_DELIKLER
 10
27.98076202061477
 20
185.30366344617696
 30
0.0
 70
0
  0
VERTEX
  5
1776
  8
IC_DELIKLER
 10
28.033224111674237
 20
185.4
 30
0.0
 70
0
  0
VERTEX
  5
1777
  8
IC_DELIKLER
 10
28.0904229690683
 20
185.49360178050466
 30
0.0
 70
0
  0
VERTEX
  5
1778
  8
IC_DELIKLER
 10
28.152216387425113
 20
185.58423607891655
 30
0.0
 70
0
  0
VERTEX
  5
1779
  8
IC_DELIKLER
 10
28.218450738570333
 20
185.6716775640892
 30
0.0
 70
0
  0
VERTEX
  5
177A
  8
IC_DELIKLER
 10
28.288961353470985
 20
185.7557088427131
 30
0.0
 70
0
  0
VERTEX
  5
177B
  8
IC_DELIKLER
 10
28.363572931628617
 20
185.83612099978936
 30
0.0
 70
0
  0
VERTEX
  5
177C
  8
IC_DELIKLER
 10
28.44209997690398
 20
185.9127141180256
 30
0.0
 70
0
  0
VERTEX
  5
177D
  8
IC_DELIKLER
 10
28.524347258689613
 20
185.98529777486175
 30
0.0
 70
0
  0
VERTEX
  5
177E
  8
IC_DELIKLER
 10
28.61011029728395
 20
186.05369151589042
 30
0.0
 70
0
  0
VERTEX
  5
177F
  8
IC_DELIKLER
 10
28.69917587226003
 20
186.1177253034952
 30
0.0
 70
0
  0
VERTEX
  5
1780
  8
IC_DELIKLER
 10
28.7913225525651
 20
186.17723993959072
 30
0.0
 70
0
  0
VERTEX
  5
1781
  8
IC_DELIKLER
 10
28.886321247033102
 20
186.2320874614145
 30
0.0
 70
0
  0
VERTEX
  5
1782
  8
IC_DELIKLER
 10
28.98393577394137
 20
186.28213150938532
 30
0.0
 70
0
  0
VERTEX
  5
1783
  8
IC_DELIKLER
 10
29.08392344819567
 20
186.3272476661149
 30
0.0
 70
0
  0
VERTEX
  5
1784
  8
IC_DELIKLER
 10
29.186035684683524
 20
186.367323765729
 30
0.0
 70
0
  0
VERTEX
  5
1785
  8
IC_DELIKLER
 10
29.29001861629601
 20
186.4022601727295
 30
0.0
 70
0
  0
VERTEX
  5
1786
  8
IC_DELIKLER
 10
29.395613725081354
 20
186.43197002970396
 30
0.0
 70
0
  0
VERTEX
  5
1787
  8
IC_DELIKLER
 10
29.50255848496132
 20
186.4563794732668
 30
0.0
 70
0
  0
VERTEX
  5
1788
  8
IC_DELIKLER
 10
29.610587014412413
 20
186.47542781769528
 30
0.0
 70
0
  0
VERTEX
  5
1789
  8
IC_DELIKLER
 10
29.719430737489198
 20
186.48906770580388
 30
0.0
 70
0
  0
VERTEX
  5
178A
  8
IC_DELIKLER
 10
29.828819051546464
 20
186.49726522668163
 30
0.0
 70
0
  0
VERTEX
  5
178B
  8
IC_DELIKLER
 10
29.93848
 20
186.5
 30
0.0
 70
0
  0
SEQEND
  5
170B
  8
IC_DELIKLER
  0
POLYLINE
  5
178C
  8
IC_DELIKLER
 66
1
 10
0.0
 20
0.0
 30
0.0
 70
1
  0
VERTEX
  5
178E
  8
IC_DELIKLER
 10
61.23848
 20
186.5
 30
0.0
 70
0
  0
VERTEX
  5
178F
  8
IC_DELIKLER
 10
61.34814094845353
 20
186.49726522668163
 30
0.0
 70
0
  0
VERTEX
  5
1790
  8
IC_DELIKLER
 10
61.457529262510796
 20
186.48906770580388
 30
0.0
 70
0
  0
VERTEX
  5
1791
  8
IC_DELIKLER
 10
61.56637298558759
 20
186.47542781769528
 30
0.0
 70
0
  0
VERTEX
  5
1792
  8
IC_DELIKLER
 10
61.674401515038674
 20
186.4563794732668
 30
0.0
 70
0
  0
VERTEX
  5
1793
  8
IC_DELIKLER
 10
61.781346274918654
 20
186.43197002970396
 30
0.0
 70
0
  0
VERTEX
  5
1794
  8
IC_DELIKLER
 10
61.88694138370399
 20
186.4022601727295
 30
0.0
 70
0
  0
VERTEX
  5
1795
  8
IC_DELIKLER
 10
61.99092431531648
 20
186.367323765729
 30
0.0
 70
0
  0
VERTEX
  5
1796
  8
IC_DELIKLER
 10
62.09303655180433
 20
186.32724766611489
 30
0.0
 70
0
  0
VERTEX
  5
1797
  8
IC_DELIKLER
 10
62.193024226058625
 20
186.28213150938532
 30
0.0
 70
0
  0
VERTEX
  5
1798
  8
IC_DELIKLER
 10
62.2906387529669
 20
186.2320874614145
 30
0.0
 70
0
  0
VERTEX
  5
1799
  8
IC_DELIKLER
 10
62.385637447434895
 20
186.17723993959072
 30
0.0
 70
0
  0
VERTEX
  5
179A
  8
IC_DELIKLER
 10
62.47778412773997
 20
186.1177253034952
 30
0.0
 70
0
  0
VERTEX
  5
179B
  8
IC_DELIKLER
 10
62.566849702716056
 20
186.05369151589042
 30
0.0
 70
0
  0
VERTEX
  5
179C
  8
IC_DELIKLER
 10
62.65261274131039
 20
185.98529777486175
 30
0.0
 70
0
  0
VERTEX
  5
179D
  8
IC_DELIKLER
 10
62.73486002309603
 20
185.9127141180256
 30
0.0
 70
0
  0
VERTEX
  5
179E
  8
IC_DELIKLER
 10
62.81338706837139
 20
185.83612099978936
 30
0.0
 70
0
  0
VERTEX
  5
179F
  8
IC_DELIKLER
 10
62.88799864652903
 20
185.7557088427131
 30
0.0
 70
0
  0
VERTEX
  5
17A0
  8
IC_DELIKLER
 10
62.958509261429676
 20
185.6716775640892
 30
0.0
 70
0
  0
VERTEX
  5
17A1
  8
IC_DELIKLER
 10
63.02474361257489
 20
185.58423607891655
 30
0.0
 70
0
  0
VERTEX
  5
17A2
  8
IC_DELIKLER
 10
63.086537030931694
 20
185.49360178050466
 30
0.0
 70
0
  0
VERTEX
  5
17A3
  8
IC_DELIKLER
 10
63.14373588832577
 20
185.4
 30
0.0
 70
0
  0
VERTEX
  5
17A4
  8
IC_DELIKLER
 10
63.19619797938524
 20
185.30366344617696
 30
0.0
 70
0
  0
VERTEX
  5
17A5
  8
IC_DELIKLER
 10
63.24379287508568
 20
185.20483162688734
 30
0.0
 70
0
  0
VERTEX
  5
17A6
  8
IC_DELIKLER
 10
63.28640224701726
 20
185.10375025360605
 30
0.0
 70
0
  0
VERTEX
  5
17A7
  8
IC_DELIKLER
 10
63.3239201615677
 20
185.0006706305537
 30
0.0
 70
0
  0
VERTEX
  5
17A8
  8
IC_DELIKLER
 10
63.35625334329003
 20
184.89584902991461
 30
0.0
 70
0
  0
VERTEX
  5
17A9
  8
IC_DELIKLER
 10
63.38332140680002
 20
184.7895460547039
 30
0.0
 70
0
  0
VERTEX
  5
17AA
  8
IC_DELIKLER
 10
63.40505705662686
 20
184.68202599086723
 30
0.0
 70
0
  0
VERTEX
  5
17AB
  8
IC_DELIKLER
 10
63.42140625452038
 20
184.57355615022448
 30
0.0
 70
0
  0
VERTEX
  5
17AC
  8
IC_DELIKLER
 10
63.432328353798596
 20
184.46440620589013
 30
0.0
 70
0
  0
VERTEX
  5
17AD
  8
IC_DELIKLER
 10
63.43779620040179
 20
184.35484752182376
 30
0.0
 70
0
  0
VERTEX
  5
17AE
  8
IC_DELIKLER
 10
63.43779620040179
 20
184.24515247817624
 30
0.0
 70
0
  0
VERTEX
  5
17AF
  8
IC_DELIKLER
 10
63.432328353798596
 20
184.13559379410987
 30
0.0
 70
0
  0
VERTEX
  5
17B0
  8
IC_DELIKLER
 10
63.42140625452038
 20
184.02644384977552
 30
0.0
 70
0
  0
VERTEX
  5
17B1
  8
IC_DELIKLER
 10
63.40505705662686
 20
183.91797400913276
 30
0.0
 70
0
  0
VERTEX
  5
17B2
  8
IC_DELIKLER
 10
63.38332140680002
 20
183.8104539452961
 30
0.0
 70
0
  0
VERTEX
  5
17B3
  8
IC_DELIKLER
 10
63.35625334329003
 20
183.70415097008538
 30
0.0
 70
0
  0
VERTEX
  5
17B4
  8
IC_DELIKLER
 10
63.3239201615677
 20
183.59932936944628
 30
0.0
 70
0
  0
VERTEX
  5
17B5
  8
IC_DELIKLER
 10
63.28640224701726
 20
183.49624974639394
 30
0.0
 70
0
  0
VERTEX
  5
17B6
  8
IC_DELIKLER
 10
63.24379287508568
 20
183.39516837311265
 30
0.0
 70
0
  0
VERTEX
  5
17B7
  8
IC_DELIKLER
 10
63.19619797938524
 20
183.29633655382304
 30
0.0
 70
0
  0
VERTEX
  5
17B8
  8
IC_DELIKLER
 10
63.14373588832577
 20
183.2
 30
0.0
 70
0
  0
VERTEX
  5
17B9
  8
IC_DELIKLER
 10
63.086537030931694
 20
183.10639821949533
 30
0.0
 70
0
  0
VERTEX
  5
17BA
  8
IC_DELIKLER
 10
63.02474361257489
 20
183.01576392108345
 30
0.0
 70
0
  0
VERTEX
  5
17BB
  8
IC_DELIKLER
 10
62.958509261429676
 20
182.9283224359108
 30
0.0
 70
0
  0
VERTEX
  5
17BC
  8
IC_DELIKLER
 10
62.88799864652903
 20
182.8442911572869
 30
0.0
 70
0
  0
VERTEX
  5
17BD
  8
IC_DELIKLER
 10
62.81338706837139
 20
182.76387900021064
 30
0.0
 70
0
  0
VERTEX
  5
17BE
  8
IC_DELIKLER
 10
62.73486002309603
 20
182.6872858819744
 30
0.0
 70
0
  0
VERTEX
  5
17BF
  8
IC_DELIKLER
 10
62.65261274131039
 20
182.61470222513825
 30
0.0
 70
0
  0
VERTEX
  5
17C0
  8
IC_DELIKLER
 10
62.566849702716056
 20
182.54630848410957
 30
0.0
 70
0
  0
VERTEX
  5
17C1
  8
IC_DELIKLER
 10
62.47778412773997
 20
182.48227469650482
 30
0.0
 70
0
  0
VERTEX
  5
17C2
  8
IC_DELIKLER
 10
62.385637447434895
 20
182.42276006040927
 30
0.0
 70
0
  0
VERTEX
  5
17C3
  8
IC_DELIKLER
 10
62.2906387529669
 20
182.3679125385855
 30
0.0
 70
0
  0
VERTEX
  5
17C4
  8
IC_DELIKLER
 10
62.193024226058625
 20
182.31786849061467
 30
0.0
 70
0
  0
VERTEX
  5
17C5
  8
IC_DELIKLER
 10
62.09303655180433
 20
182.27275233388508
 30
0.0
 70
0
  0
VERTEX
  5
17C6
  8
IC_DELIKLER
 10
61.99092431531648
 20
182.232676234271
 30
0.0
 70
0
  0
VERTEX
  5
17C7
  8
IC_DELIKLER
 10
61.88694138370399
 20
182.19773982727048
 30
0.0
 70
0
  0
VERTEX
  5
17C8
  8
IC_DELIKLER
 10
61.78134627491865
 20
182.16802997029603
 30
0.0
 70
0
  0
VERTEX
  5
17C9
  8
IC_DELIKLER
 10
61.674401515038674
 20
182.1436205267332
 30
0.0
 70
0
  0
VERTEX
  5
17CA
  8
IC_DELIKLER
 10
61.56637298558759
 20
182.12457218230472
 30
0.0
 70
0
  0
VERTEX
  5
17CB
  8
IC_DELIKLER
 10
61.457529262510796
 20
182.11093229419612
 30
0.0
 70
0
  0
VERTEX
  5
17CC
  8
IC_DELIKLER
 10
61.34814094845353
 20
182.10273477331836
 30
0.0
 70
0
  0
VERTEX
  5
17CD
  8
IC_DELIKLER
 10
61.23848
 20
182.1
 30
0.0
 70
0
  0
VERTEX
  5
17CE
  8
IC_DELIKLER
 10
50.63848
 20
182.1
 30
0.0
 70
0
  0
VERTEX
  5
17CF
  8
IC_DELIKLER
 10
50.52881905154647
 20
182.10273477331836
 30
0.0
 70
0
  0
VERTEX
  5
17D0
  8
IC_DELIKLER
 10
50.41943073748921
 20
182.11093229419612
 30
0.0
 70
0
  0
VERTEX
  5
17D1
  8
IC_DELIKLER
 10
50.31058701441242
 20
182.12457218230472
 30
0.0
 70
0
  0
VERTEX
  5
17D2
  8
IC_DELIKLER
 10
50.20255848496133
 20
182.1436205267332
 30
0.0
 70
0
  0
VERTEX
  5
17D3
  8
IC_DELIKLER
 10
50.09561372508136
 20
182.16802997029603
 30
0.0
 70
0
  0
VERTEX
  5
17D4
  8
IC_DELIKLER
 10
49.99001861629601
 20
182.19773982727048
 30
0.0
 70
0
  0
VERTEX
  5
17D5
  8
IC_DELIKLER
 10
49.886035684683534
 20
182.232676234271
 30
0.0
 70
0
  0
VERTEX
  5
17D6
  8
IC_DELIKLER
 10
49.78392344819567
 20
182.2727523338851
 30
0.0
 70
0
  0
VERTEX
  5
17D7
  8
IC_DELIKLER
 10
49.68393577394137
 20
182.31786849061467
 30
0.0
 70
0
  0
VERTEX
  5
17D8
  8
IC_DELIKLER
 10
49.586321247033105
 20
182.3679125385855
 30
0.0
 70
0
  0
VERTEX
  5
17D9
  8
IC_DELIKLER
 10
49.49132255256511
 20
182.42276006040927
 30
0.0
 70
0
  0
VERTEX
  5
17DA
  8
IC_DELIKLER
 10
49.39917587226004
 20
182.48227469650482
 30
0.0
 70
0
  0
VERTEX
  5
17DB
  8
IC_DELIKLER
 10
49.310110297283956
 20
182.54630848410957
 30
0.0
 70
0
  0
VERTEX
  5
17DC
  8
IC_DELIKLER
 10
49.22434725868962
 20
182.61470222513825
 30
0.0
 70
0
  0
VERTEX
  5
17DD
  8
IC_DELIKLER
 10
49.142099976903985
 20
182.6872858819744
 30
0.0
 70
0
  0
VERTEX
  5
17DE
  8
IC_DELIKLER
 10
49.06357293162863
 20
182.76387900021064
 30
0.0
 70
0
  0
VERTEX
  5
17DF
  8
IC_DELIKLER
 10
48.98896135347099
 20
182.8442911572869
 30
0.0
 70
0
  0
VERTEX
  5
17E0
  8
IC_DELIKLER
 10
48.91845073857034
 20
182.9283224359108
 30
0.0
 70
0
  0
VERTEX
  5
17E1
  8
IC_DELIKLER
 10
48.852216387425116
 20
183.01576392108345
 30
0.0
 70
0
  0
VERTEX
  5
17E2
  8
IC_DELIKLER
 10
48.7904229690683
 20
183.10639821949533
 30
0.0
 70
0
  0
VERTEX
  5
17E3
  8
IC_DELIKLER
 10
48.73322411167424
 20
183.2
 30
0.0
 70
0
  0
VERTEX
  5
17E4
  8
IC_DELIKLER
 10
48.68076202061477
 20
183.29633655382304
 30
0.0
 70
0
  0
VERTEX
  5
17E5
  8
IC_DELIKLER
 10
48.63316712491432
 20
183.39516837311265
 30
0.0
 70
0
  0
VERTEX
  5
17E6
  8
IC_DELIKLER
 10
48.590557752982754
 20
183.49624974639394
 30
0.0
 70
0
  0
VERTEX
  5
17E7
  8
IC_DELIKLER
 10
48.55303983843231
 20
183.59932936944628
 30
0.0
 70
0
  0
VERTEX
  5
17E8
  8
IC_DELIKLER
 10
48.520706656709976
 20
183.70415097008538
 30
0.0
 70
0
  0
VERTEX
  5
17E9
  8
IC_DELIKLER
 10
48.49363859319999
 20
183.8104539452961
 30
0.0
 70
0
  0
VERTEX
  5
17EA
  8
IC_DELIKLER
 10
48.471902943373145
 20
183.91797400913276
 30
0.0
 70
0
  0
VERTEX
  5
17EB
  8
IC_DELIKLER
 10
48.45555374547963
 20
184.02644384977552
 30
0.0
 70
0
  0
VERTEX
  5
17EC
  8
IC_DELIKLER
 10
48.44463164620141
 20
184.13559379410987
 30
0.0
 70
0
  0
VERTEX
  5
17ED
  8
IC_DELIKLER
 10
48.439163799598205
 20
184.24515247817624
 30
0.0
 70
0
  0
VERTEX
  5
17EE
  8
IC_DELIKLER
 10
48.439163799598205
 20
184.35484752182376
 30
0.0
 70
0
  0
VERTEX
  5
17EF
  8
IC_DELIKLER
 10
48.44463164620141
 20
184.46440620589013
 30
0.0
 70
0
  0
VERTEX
  5
17F0
  8
IC_DELIKLER
 10
48.45555374547963
 20
184.57355615022448
 30
0.0
 70
0
  0
VERTEX
  5
17F1
  8
IC_DELIKLER
 10
48.471902943373145
 20
184.68202599086723
 30
0.0
 70
0
  0
VERTEX
  5
17F2
  8
IC_DELIKLER
 10
48.49363859319999
 20
184.7895460547039
 30
0.0
 70
0
  0
VERTEX
  5
17F3
  8
IC_DELIKLER
 10
48.520706656709976
 20
184.89584902991461
 30
0.0
 70
0
  0
VERTEX
  5
17F4
  8
IC_DELIKLER
 10
48.55303983843231
 20
185.0006706305537
 30
0.0
 70
0
  0
VERTEX
  5
17F5
  8
IC_DELIKLER
 10
48.590557752982754
 20
185.10375025360605
 30
0.0
 70
0
  0
VERTEX
  5
17F6
  8
IC_DELIKLER
 10
48.63316712491432
 20
185.20483162688734
 30
0.0
 70
0
  0
VERTEX
  5
17F7
  8
IC_DELIKLER
 10
48.68076202061477
 20
185.30366344617696
 30
0.0
 70
0
  0
VERTEX
  5
17F8
  8
IC_DELIKLER
 10
48.73322411167424
 20
185.4
 30
0.0
 70
0
  0
VERTEX
  5
17F9
  8
IC_DELIKLER
 10
48.7904229690683
 20
185.49360178050466
 30
0.0
 70
0
  0
VERTEX
  5
17FA
  8
IC_DELIKLER
 10
48.852216387425116
 20
185.58423607891655
 30
0.0
 70
0
  0
VERTEX
  5
17FB
  8
IC_DELIKLER
 10
48.91845073857034
 20
185.6716775640892
 30
0.0
 70
0
  0
VERTEX
  5
17FC
  8
IC_DELIKLER
 10
48.98896135347099
 20
185.7557088427131
 30
0.0
 70
0
  0
VERTEX
  5
17FD
  8
IC_DELIKLER
 10
49.06357293162863
 20
185.83612099978936
 30
0.0
 70
0
  0
VERTEX
  5
17FE
  8
IC_DELIKLER
 10
49.142099976903985
 20
185.9127141180256
 30
0.0
 70
0
  0
VERTEX
  5
17FF
  8
IC_DELIKLER
 10
49.22434725868962
 20
185.98529777486175
 30
0.0
 70
0
  0
VERTEX
  5
1800
  8
IC_DELIKLER
 10
49.310110297283956
 20
186.05369151589042
 30
0.0
 70
0
  0
VERTEX
  5
1801
  8
IC_DELIKLER
 10
49.39917587226004
 20
186.1177253034952
 30
0.0
 70
0
  0
VERTEX
  5
1802
  8
IC_DELIKLER
 10
49.49132255256511
 20
186.17723993959072
 30
0.0
 70
0
  0
VERTEX
  5
1803
  8
IC_DELIKLER
 10
49.586321247033105
 20
186.2320874614145
 30
0.0
 70
0
  0
VERTEX
  5
1804
  8
IC_DELIKLER
 10
49.68393577394137
 20
186.28213150938532
 30
0.0
 70
0
  0
VERTEX
  5
1805
  8
IC_DELIKLER
 10
49.78392344819567
 20
186.3272476661149
 30
0.0
 70
0
  0
VERTEX
  5
1806
  8
IC_DELIKLER
 10
49.886035684683534
 20
186.367323765729
 30
0.0
 70
0
  0
VERTEX
  5
1807
  8
IC_DELIKLER
 10
49.99001861629601
 20
186.4022601727295
 30
0.0
 70
0
  0
VERTEX
  5
1808
  8
IC_DELIKLER
 10
50.09561372508136
 20
186.43197002970396
 30
0.0
 70
0
  0
VERTEX
  5
1809
  8
IC_DELIKLER
 10
50.20255848496133
 20
186.4563794732668
 30
0.0
 70
0
  0
VERTEX
  5
180A
  8
IC_DELIKLER
 10
50.31058701441242
 20
186.47542781769528
 30
0.0
 70
0
  0
VERTEX
  5
180B
  8
IC_DELIKLER
 10
50.41943073748921
 20
186.48906770580388
 30
0.0
 70
0
  0
VERTEX
  5
180C
  8
IC_DELIKLER
 10
50.52881905154647
 20
186.49726522668163
 30
0.0
 70
0
  0
VERTEX
  5
180D
  8
IC_DELIKLER
 10
50.63848
 20
186.5
 30
0.0
 70
0
  0
SEQEND
  5
178D
  8
IC_DELIKLER
  0
POLYLINE
  5
180E
  8
IC_DELIKLER
 66
1
 10
0.0
 20
0.0
 30
0.0
 70
1
  0
VERTEX
  5
1810
  8
IC_DELIKLER
 10
134.573046875
 20
236.595166015625
 30
0.0
 70
0
  0
VERTEX
  5
1811
  8
IC_DELIKLER
 10
132.695166015625
 20
240.126953125
 30
0.0
 70
0
  0
VERTEX
  5
1812
  8
IC_DELIKLER
 10
136.226953125
 20
242.004833984375
 30
0.0
 70
0
  0
VERTEX
  5
1813
  8
IC_DELIKLER
 10
138.104833984375
 20
238.473046875
 30
0.0
 70
0
  0
SEQEND
  5
180F
  8
IC_DELIKLER
  0
POLYLINE
  5
1814
  8
IC_DELIKLER
 66
1
 10
0.0
 20
0.0
 30
0.0
 70
1
  0
VERTEX
  5
1816
  8
IC_DELIKLER
 10
141.073046875
 20
240.095166015625
 30
0.0
 70
0
  0
VERTEX
  5
1817
  8
IC_DELIKLER
 10
139.195166015625
 20
243.626953125
 30
0.0
 70
0
  0
VERTEX
  5
1818
  8
IC_DELIKLER
 10
142.726953125
 20
245.504833984375
 30
0.0
 70
0
  0
VERTEX
  5
1819
  8
IC_DELIKLER
 10
144.604833984375
 20
241.973046875
 30
0.0
 70
0
  0
SEQEND
  5
1815
  8
IC_DELIKLER
  0
POLYLINE
  5
181A
  8
IC_DELIKLER
 66
1
 10
0.0
 20
0.0
 30
0.0
 70
1
  0
VERTEX
  5
181C
  8
IC_DELIKLER
 10
148.073046875
 20
243.795166015625
 30
0.0
 70
0
  0
VERTEX
  5
181D
  8
IC_DELIKLER
 10
146.195166015625
 20
247.326953125
 30
0.0
 70
0
  0
VERTEX
  5
181E
  8
IC_DELIKLER
 10
149.726953125
 20
249.2048370361328
 30
0.0
 70
0
  0
VERTEX
  5
181F
  8
IC_DELIKLER
 10
151.604833984375
 20
245.673046875
 30
0.0
 70
0
  0
SEQEND
  5
181B
  8
IC_DELIKLER
  0
POLYLINE
  5
1820
  8
IC_DELIKLER
 66
1
 10
0.0
 20
0.0
 30
0.0
 70
1
  0
VERTEX
  5
1822
  8
IC_DELIKLER
 10
154.373046875
 20
247.295166015625
 30
0.0
 70
0
  0
VERTEX
  5
1823
  8
IC_DELIKLER
 10
152.495166015625
 20
250.8269500732422
 30
0.0
 70
0
  0
VERTEX
  5
1824
  8
IC_DELIKLER
 10
156.026953125
 20
252.7048370361328
 30
0.0
 70
0
  0
VERTEX
  5
1825
  8
IC_DELIKLER
 10
157.904833984375
 20
249.1730499267578
 30
0.0
 70
0
  0
SEQEND
  5
1821
  8
IC_DELIKLER
  0
ENDSEC
  0
EOF
