  0
SECTION
  2
HEADER
  9
$ACADVER
  1
AC1024
  9
$ACADMAINTVER
 70
6
  9
$DWGCODEPAGE
  3
ANSI_1252
  9
$LASTSAVEDBY
  1
ezdxf
  9
$INSBASE
 10
0.0
 20
0.0
 30
0.0
  9
$EXTMIN
 10
1e+20
 20
1e+20
 30
1e+20
  9
$EXTMAX
 10
-1e+20
 20
-1e+20
 30
-1e+20
  9
$LIMMIN
 10
0.0
 20
0.0
  9
$LIMMAX
 10
420.0
 20
297.0
  9
$ORTHOMODE
 70
0
  9
$REGENMODE
 70
1
  9
$FILLMODE
 70
1
  9
$QTEXTMODE
 70
0
  9
$MIRRTEXT
 70
1
  9
$LTSCALE
 40
1.0
  9
$ATTMODE
 70
1
  9
$TEXTSIZE
 40
2.5
  9
$TRACEWID
 40
1.0
  9
$TEXTSTYLE
  7
Standard
  9
$CLAYER
  8
0
  9
$CELTYPE
  6
ByLayer
  9
$CECOLOR
 62
256
  9
$CELTSCALE
 40
1.0
  9
$DISPSILH
 70
0
  9
$DIMSCALE
 40
1.0
  9
$DIMASZ
 40
2.5
  9
$DIMEXO
 40
0.625
  9
$DIMDLI
 40
3.75
  9
$DIMRND
 40
0.0
  9
$DIMDLE
 40
0.0
  9
$DIMEXE
 40
1.25
  9
$DIMTP
 40
0.0
  9
$DIMTM
 40
0.0
  9
$DIMTXT
 40
2.5
  9
$DIMCEN
 40
2.5
  9
$DIMTSZ
 40
0.0
  9
$DIMTOL
 70
0
  9
$DIMLIM
 70
0
  9
$DIMTIH
 70
0
  9
$DIMTOH
 70
0
  9
$DIMSE1
 70
0
  9
$DIMSE2
 70
0
  9
$DIMTAD
 70
1
  9
$DIMZIN
 70
8
  9
$DIMBLK
  1

  9
$DIMASO
 70
1
  9
$DIMSHO
 70
1
  9
$DIMPOST
  1

  9
$DIMAPOST
  1

  9
$DIMALT
 70
0
  9
$DIMALTD
 70
3
  9
$DIMALTF
 40
0.03937007874
  9
$DIMLFAC
 40
1.0
  9
$DIMTOFL
 70
1
  9
$DIMTVP
 40
0.0
  9
$DIMTIX
 70
0
  9
$DIMSOXD
 70
0
  9
$DIMSAH
 70
0
  9
$DIMBLK1
  1

  9
$DIMBLK2
  1

  9
$DIMSTYLE
  2
ISO-25
  9
$DIMCLRD
 70
0
  9
$DIMCLRE
 70
0
  9
$DIMCLRT
 70
0
  9
$DIMTFAC
 40
1.0
  9
$DIMGAP
 40
0.625
  9
$DIMJUST
 70
0
  9
$DIMSD1
 70
0
  9
$DIMSD2
 70
0
  9
$DIMTOLJ
 70
0
  9
$DIMTZIN
 70
8
  9
$DIMALTZ
 70
0
  9
$DIMALTTZ
 70
0
  9
$DIMUPT
 70
0
  9
$DIMDEC
 70
2
  9
$DIMTDEC
 70
2
  9
$DIMALTU
 70
2
  9
$DIMALTTD
 70
3
  9
$DIMTXSTY
  7
Standard
  9
$DIMAUNIT
 70
0
  9
$DIMADEC
 70
0
  9
$DIMALTRND
 40
0.0
  9
$DIMAZIN
 70
0
  9
$DIMDSEP
 70
44
  9
$DIMATFIT
 70
3
  9
$DIMFRAC
 70
0
  9
$DIMLDRBLK
  1

  9
$DIMLUNIT
 70
2
  9
$DIMLWD
 70
-2
  9
$DIMLWE
 70
-2
  9
$DIMTMOVE
 70
0
  9
$DIMFXL
 40
1.0
  9
$DIMFXLON
 70
0
  9
$DIMJOGANG
 40
0.785398163397
  9
$DIMTFILL
 70
0
  9
$DIMTFILLCLR
 70
0
  9
$DIMARCSYM
 70
0
  9
$DIMLTYPE
  6

  9
$DIMLTEX1
  6

  9
$DIMLTEX2
  6

  9
$DIMTXTDIRECTION
 70
0
  9
$LUNITS
 70
2
  9
$LUPREC
 70
4
  9
$SKETCHINC
 40
1.0
  9
$FILLETRAD
 40
10.0
  9
$AUNITS
 70
0
  9
$AUPREC
 70
2
  9
$MENU
  1
.
  9
$ELEVATION
 40
0.0
  9
$PELEVATION
 40
0.0
  9
$THICKNESS
 40
0.0
  9
$LIMCHECK
 70
0
  9
$CHAMFERA
 40
0.0
  9
$CHAMFERB
 40
0.0
  9
$CHAMFERC
 40
0.0
  9
$CHAMFERD
 40
0.0
  9
$SKPOLY
 70
0
  9
$TDCREATE
 40
2461307.3835069444
  9
$TDUCREATE
 40
2458532.153996898
  9
$TDUPDATE
 40
2461307.3835069444
  9
$TDUUPDATE
 40
2458532.1544311
  9
$TDINDWG
 40
0.0
  9
$TDUSRTIMER
 40
0.0
  9
$USRTIMER
 70
1
  9
$ANGBASE
 50
0.0
  9
$ANGDIR
 70
0
  9
$PDMODE
 70
0
  9
$PDSIZE
 40
0.0
  9
$PLINEWID
 40
0.0
  9
$SPLFRAME
 70
0
  9
$SPLINETYPE
 70
6
  9
$SPLINESEGS
 70
8
  9
$HANDSEED
  5
52
  9
$SURFTAB1
 70
6
  9
$SURFTAB2
 70
6
  9
$SURFTYPE
 70
6
  9
$SURFU
 70
6
  9
$SURFV
 70
6
  9
$UCSBASE
  2

  9
$UCSNAME
  2

  9
$UCSORG
 10
0.0
 20
0.0
 30
0.0
  9
$UCSXDIR
 10
1.0
 20
0.0
 30
0.0
  9
$UCSYDIR
 10
0.0
 20
1.0
 30
0.0
  9
$UCSORTHOREF
  2

  9
$UCSORTHOVIEW
 70
0
  9
$UCSORGTOP
 10
0.0
 20
0.0
 30
0.0
  9
$UCSORGBOTTOM
 10
0.0
 20
0.0
 30
0.0
  9
$UCSORGLEFT
 10
0.0
 20
0.0
 30
0.0
  9
$UCSORGRIGHT
 10
0.0
 20
0.0
 30
0.0
  9
$UCSORGFRONT
 10
0.0
 20
0.0
 30
0.0
  9
$UCSORGBACK
 10
0.0
 20
0.0
 30
0.0
  9
$PUCSBASE
  2

  9
$PUCSNAME
  2

  9
$PUCSORG
 10
0.0
 20
0.0
 30
0.0
  9
$PUCSXDIR
 10
1.0
 20
0.0
 30
0.0
  9
$PUCSYDIR
 10
0.0
 20
1.0
 30
0.0
  9
$PUCSORTHOREF
  2

  9
$PUCSORTHOVIEW
 70
0
  9
$PUCSORGTOP
 10
0.0
 20
0.0
 30
0.0
  9
$PUCSORGBOTTOM
 10
0.0
 20
0.0
 30
0.0
  9
$PUCSORGLEFT
 10
0.0
 20
0.0
 30
0.0
  9
$PUCSORGRIGHT
 10
0.0
 20
0.0
 30
0.0
  9
$PUCSORGFRONT
 10
0.0
 20
0.0
 30
0.0
  9
$PUCSORGBACK
 10
0.0
 20
0.0
 30
0.0
  9
$USERI1
 70
0
  9
$USERI2
 70
0
  9
$USERI3
 70
0
  9
$USERI4
 70
0
  9
$USERI5
 70
0
  9
$USERR1
 40
0.0
  9
$USERR2
 40
0.0
  9
$USERR3
 40
0.0
  9
$USERR4
 40
0.0
  9
$USERR5
 40
0.0
  9
$WORLDVIEW
 70
1
  9
$SHADEDGE
 70
3
  9
$SHADEDIF
 70
70
  9
$TILEMODE
 70
1
  9
$MAXACTVP
 70
64
  9
$PINSBASE
 10
0.0
 20
0.0
 30
0.0
  9
$PLIMCHECK
 70
0
  9
$PEXTMIN
 10
1e+20
 20
1e+20
 30
1e+20
  9
$PEXTMAX
 10
-1e+20
 20
-1e+20
 30
-1e+20
  9
$PLIMMIN
 10
0.0
 20
0.0
  9
$PLIMMAX
 10
420.0
 20
297.0
  9
$UNITMODE
 70
0
  9
$VISRETAIN
 70
1
  9
$PLINEGEN
 70
0
  9
$PSLTSCALE
 70
1
  9
$TREEDEPTH
 70
3020
  9
$CMLSTYLE
  2
Standard
  9
$CMLJUST
 70
0
  9
$CMLSCALE
 40
20.0
  9
$PROXYGRAPHICS
 70
1
  9
$MEASUREMENT
 70
1
  9
$CELWEIGHT
370
-1
  9
$ENDCAPS
280
0
  9
$JOINSTYLE
280
0
  9
$LWDISPLAY
290
0
  9
$INSUNITS
 70
4
  9
$HYPERLINKBASE
  1

  9
$STYLESHEET
  1

  9
$XEDIT
290
1
  9
$CEPSNTYPE
380
0
  9
$PSTYLEMODE
290
1
  9
$FINGERPRINTGUID
  2
{D16D9147-55BE-41E2-8BD8-8AB0D7455334}
  9
$VERSIONGUID
  2
{C8D1001A-6AA8-41B5-A0FB-1B0D131DFB5F}
  9
$EXTNAMES
290
1
  9
$PSVPSCALE
 40
0.0
  9
$OLESTARTUP
290
0
  9
$SORTENTS
280
127
  9
$INDEXCTL
280
0
  9
$HIDETEXT
280
1
  9
$XCLIPFRAME
280
1
  9
$HALOGAP
280
0
  9
$OBSCOLOR
 70
257
  9
$OBSLTYPE
280
0
  9
$INTERSECTIONDISPLAY
280
0
  9
$INTERSECTIONCOLOR
 70
257
  9
$DIMASSOC
280
2
  9
$PROJECTNAME
  1

  9
$CAMERADISPLAY
290
0
  9
$LENSLENGTH
 40
50.0
  9
$CAMERAHEIGHT
 40
0.0
  9
$STEPSPERSEC
 40
24.0
  9
$STEPSIZE
 40
100.0
  9
$3DDWFPREC
 40
2.0
  9
$PSOLWIDTH
 40
0.005
  9
$PSOLHEIGHT
 40
0.08
  9
$LOFTANG1
 40
1.570796326795
  9
$LOFTANG2
 40
1.570796326795
  9
$LOFTMAG1
 40
0.0
  9
$LOFTMAG2
 40
0.0
  9
$LOFTPARAM
 70
7
  9
$LOFTNORMALS
280
1
  9
$LATITUDE
 40
37.795
  9
$LONGITUDE
 40
-122.394
  9
$NORTHDIRECTION
 40
0.0
  9
$TIMEZONE
 70
-8000
  9
$LIGHTGLYPHDISPLAY
280
1
  9
$TILEMODELIGHTSYNCH
280
1
  9
$CMATERIAL
347
20
  9
$SOLIDHIST
280
0
  9
$SHOWHIST
280
1
  9
$DWFFRAME
280
2
  9
$DGNFRAME
280
2
  9
$REALWORLDSCALE
290
1
  9
$INTERFERECOLOR
 62
256
  9
$CSHADOW
280
0
  9
$SHADOWPLANELOCATION
 40
0.0
  0
ENDSEC
  0
SECTION
  2
CLASSES
  0
CLASS
  1
ACDBDICTIONARYWDFLT
  2
AcDbDictionaryWithDefault
  3
ObjectDBX Classes
 90
0
 91
0
280
0
281
0
  0
CLASS
  1
SUN
  2
AcDbSun
  3
SCENEOE
 90
1153
 91
0
280
0
281
0
  0
CLASS
  1
VISUALSTYLE
  2
AcDbVisualStyle
  3
ObjectDBX Classes
 90
4095
 91
0
280
0
281
0
  0
CLASS
  1
MATERIAL
  2
AcDbMaterial
  3
ObjectDBX Classes
 90
1153
 91
0
280
0
281
0
  0
CLASS
  1
SCALE
  2
AcDbScale
  3
ObjectDBX Classes
 90
1153
 91
0
280
0
281
0
  0
CLASS
  1
TABLESTYLE
  2
AcDbTableStyle
  3
ObjectDBX Classes
 90
4095
 91
0
280
0
281
0
  0
CLASS
  1
MLEADERSTYLE
  2
AcDbMLeaderStyle
  3
ACDB_MLEADERSTYLE_CLASS
 90
4095
 91
0
280
0
281
0
  0
CLASS
  1
DICTIONARYVAR
  2
AcDbDictionaryVar
  3
ObjectDBX Classes
 90
0
 91
0
280
0
281
0
  0
CLASS
  1
CELLSTYLEMAP
  2
AcDbCellStyleMap
  3
ObjectDBX Classes
 90
1152
 91
0
280
0
281
0
  0
CLASS
  1
MENTALRAYRENDERSETTINGS
  2
AcDbMentalRayRenderSettings
  3
SCENEOE
 90
1024
 91
0
280
0
281
0
  0
CLASS
  1
ACDBDETAILVIEWSTYLE
  2
AcDbDetailViewStyle
  3
ObjectDBX Classes
 90
1025
 91
0
280
0
281
0
  0
CLASS
  1
ACDBSECTIONVIEWSTYLE
  2
AcDbSectionViewStyle
  3
ObjectDBX Classes
 90
1025
 91
0
280
0
281
0
  0
CLASS
  1
RASTERVARIABLES
  2
AcDbRasterVariables
  3
ISM
 90
0
 91
0
280
0
281
0
  0
CLASS
  1
LAYOUT
  2
AcDbLayout
  3
ObjectDBX Classes
 90
0
 91
0
280
0
281
0
  0
CLASS
  1
ACDBPLACEHOLDER
  2
AcDbPlaceHolder
  3
ObjectDBX Classes
 90
0
 91
0
280
0
281
0
  0
ENDSEC
  0
SECTION
  2
TABLES
  0
TABLE
  2
VPORT
  5
8
330
0
100
AcDbSymbolTable
 70
1
  0
VPORT
  5
23
330
8
100
AcDbSymbolTableRecord
100
AcDbViewportTableRecord
  2
*Active
 70
0
 10
0.0
 20
0.0
 11
1.0
 21
1.0
 12
0.0
 22
0.0
 13
0.0
 23
0.0
 14
0.5
 24
0.5
 15
0.5
 25
0.5
 16
0.0
 26
0.0
 36
1.0
 17
0.0
 27
0.0
 37
0.0
 40
1000.0
 41
1.34
 42
50.0
 43
0.0
 44
0.0
 50
0.0
 51
0.0
 71
0
 72
1000
 73
1
 74
3
 75
0
 76
0
 77
0
 78
0
281
0
 65
0
146
0.0
  0
ENDTAB
  0
TABLE
  2
LTYPE
  5
2
330
0
100
AcDbSymbolTable
 70
3
  0
LTYPE
  5
24
330
2
100
AcDbSymbolTableRecord
100
AcDbLinetypeTableRecord
  2
ByBlock
 70
0
  3

 72
65
 73
0
 40
0.0
  0
LTYPE
  5
25
330
2
100
AcDbSymbolTableRecord
100
AcDbLinetypeTableRecord
  2
ByLayer
 70
0
  3

 72
65
 73
0
 40
0.0
  0
LTYPE
  5
26
330
2
100
AcDbSymbolTableRecord
100
AcDbLinetypeTableRecord
  2
Continuous
 70
0
  3

 72
65
 73
0
 40
0.0
  0
ENDTAB
  0
TABLE
  2
LAYER
  5
1
330
0
100
AcDbSymbolTable
 70
4
  0
LAYER
  5
27
330
1
100
AcDbSymbolTableRecord
100
AcDbLayerTableRecord
  2
0
 70
0
 62
7
  6
Continuous
370
-3
390
13
347
21
  0
LAYER
  5
28
330
1
100
AcDbSymbolTableRecord
100
AcDbLayerTableRecord
  2
Defpoints
 70
0
 62
7
  6
Continuous
290
0
370
-3
390
13
347
21
  0
LAYER
  5
2F
330
1
100
AcDbSymbolTableRecord
100
AcDbLayerTableRecord
  2
DIS_KONTUR
 70
0
 62
1
  6
Continuous
370
-3
390
13
347
21
  0
LAYER
  5
30
330
1
100
AcDbSymbolTableRecord
100
AcDbLayerTableRecord
  2
IC_DELIKLER
 70
0
 62
5
  6
Continuous
370
-3
390
13
347
21
  0
ENDTAB
  0
TABLE
  2
STYLE
  5
5
330
0
100
AcDbSymbolTable
 70
1
  0
STYLE
  5
29
330
5
100
AcDbSymbolTableRecord
100
AcDbTextStyleTableRecord
  2
Standard
 70
0
 40
0.0
 41
1.0
 50
0.0
 71
0
 42
2.5
  3
txt
  4

  0
ENDTAB
  0
TABLE
  2
VIEW
  5
7
330
0
100
AcDbSymbolTable
 70
0
  0
ENDTAB
  0
TABLE
  2
UCS
  5
6
330
0
100
AcDbSymbolTable
 70
0
  0
ENDTAB
  0
TABLE
  2
APPID
  5
3
330
0
100
AcDbSymbolTable
 70
3
  0
APPID
  5
2A
330
3
100
AcDbSymbolTableRecord
100
AcDbRegAppTableRecord
  2
ACAD
 70
0
  0
APPID
  5
4F
330
3
100
AcDbSymbolTableRecord
100
AcDbRegAppTableRecord
  2
HATCHBACKGROUNDCOLOR
 70
0
  0
APPID
  5
50
330
3
100
AcDbSymbolTableRecord
100
AcDbRegAppTableRecord
  2
EZDXF
 70
0
  0
ENDTAB
  0
TABLE
  2
DIMSTYLE
  5
4
330
0
100
AcDbSymbolTable
 70
1
100
AcDbDimStyleTable
  0
DIMSTYLE
105
2B
330
4
100
AcDbSymbolTableRecord
100
AcDbDimStyleTableRecord
  2
Standard
 70
0
 40
1.0
 41
2.5
 42
0.625
 43
3.75
 44
1.25
 45
0.0
 46
0.0
 47
0.0
 48
0.0
 49
2.5
140
2.5
141
2.5
142
0.0
143
0.03937007874
144
1.0
145
0.0
146
1.0
147
0.625
148
0.0
 69
0
 70
0
 71
0
 72
0
 73
0
 74
0
 75
0
 76
0
 77
1
 78
8
 79
3
170
0
171
3
172
1
173
0
174
0
175
0
176
0
177
0
178
0
179
2
271
2
272
2
273
2
274
3
275
0
276
0
277
2
278
44
279
0
280
0
281
0
282
0
283
0
284
8
285
0
286
0
288
0
289
3
290
0
371
-2
372
-2
  0
ENDTAB
  0
TABLE
  2
BLOCK_RECORD
  5
9
330
0
100
AcDbSymbolTable
 70
2
  0
BLOCK_RECORD
  5
17
330
9
100
AcDbSymbolTableRecord
100
AcDbBlockTableRecord
  2
*Model_Space
340
1A
 70
0
280
1
281
0
  0
BLOCK_RECORD
  5
1B
330
9
100
AcDbSymbolTableRecord
100
AcDbBlockTableRecord
  2
*Paper_Space
340
1E
 70
0
280
1
281
0
  0
ENDTAB
  0
ENDSEC
  0
SECTION
  2
BLOCKS
  0
BLOCK
  5
18
330
17
100
AcDbEntity
  8
0
100
AcDbBlockBegin
  2
*Model_Space
 70
0
 10
0.0
 20
0.0
 30
0.0
  3
*Model_Space
  1

  0
ENDBLK
  5
19
330
17
100
AcDbEntity
  8
0
100
AcDbBlockEnd
  0
BLOCK
  5
1C
330
1B
100
AcDbEntity
  8
0
100
AcDbBlockBegin
  2
*Paper_Space
 70
0
 10
0.0
 20
0.0
 30
0.0
  3
*Paper_Space
  1

  0
ENDBLK
  5
1D
330
1B
100
AcDbEntity
  8
0
100
AcDbBlockEnd
  0
ENDSEC
  0
SECTION
  2
ENTITIES
  0
LWPOLYLINE
  5
31
330
17
100
AcDbEntity
  8
DIS_KONTUR
100
AcDbPolyline
 90
4
 70
1
 10
0.0
 20
300.0
 10
300.0
 20
300.0
 10
300.0
 20
0.0
 10
0.0
 20
0.0
  0
LWPOLYLINE
  5
32
330
17
100
AcDbEntity
  8
IC_DELIKLER
100
AcDbPolyline
 90
113
 70
1
 10
43.396488189697266
 20
7.74383544921875
 10
43.050376892089844
 20
7.6514892578125
 10
42.576576232910156
 20
7.595611572265625
 10
41.78448486328125
 20
7.565216064453125
 10
39.93507385253906
 20
7.540283203125
 10
39.885074615478516
 20
7.5
 10
11.835339546203613
 20
7.5
 10
11.785343170166016
 20
7.540313720703125
 10
10.135795593261719
 20
7.56207275390625
 10
9.390971183776855
 20
7.58477783203125
 10
9.003829956054688
 20
7.614715576171875
 10
8.681215286254883
 20
7.665191650390625
 10
8.50829029083252
 20
7.709625244140625
 10
8.346896171569824
 20
7.768646240234375
 10
8.199620246887207
 20
7.8443603515625
 10
8.099796295166016
 20
7.912994384765625
 10
7.982222557067871
 20
8.020751953125
 10
7.906184196472168
 20
8.11358642578125
 10
7.821008682250977
 20
8.25244140625
 10
7.753509998321533
 20
8.406707763671875
 10
7.691280841827393
 20
8.617523193359375
 10
7.642815113067627
 20
8.889984130859375
 10
7.61129903793335
 20
9.2247314453125
 10
7.593865871429443
 20
9.618377685546875
 10
7.567434787750244
 20
11.8660888671875
 10
7.540042400360107
 20
16.916015625
 10
7.5
 20
16.96600341796875
 10
7.5
 20
83.11590576171875
 10
7.540075778961182
 20
83.1658935546875
 10
7.5655436515808105
 20
87.81582641601562
 10
7.590250015258789
 20
90.01425170898438
 10
7.61497688293457
 20
90.55708312988281
 10
7.657759666442871
 20
90.94126892089844
 10
7.72629451751709
 20
91.26345825195312
 10
7.833775043487549
 20
91.5677490234375
 10
7.936318874359131
 20
91.77326965332031
 10
8.058405876159668
 20
91.97013854980469
 10
8.693492889404297
 20
92.81173706054688
 10
8.853302001953125
 20
93.05662536621094
 10
8.973796844482422
 20
93.26918029785156
 10
9.12172794342041
 20
93.57876586914062
 10
9.24658203125
 20
93.89974975585938
 10
9.352197647094727
 20
94.22802734375
 10
9.56226634979248
 20
94.96675109863281
 10
9.666234016418457
 20
95.25167846679688
 10
9.735434532165527
 20
95.39097595214844
 10
9.813377380371094
 20
95.50662231445312
 10
9.900372505187988
 20
95.59368896484375
 10
9.995787620544434
 20
95.64816284179688
 10
10.098134994506836
 20
95.66758728027344
 10
10.232568740844727
 20
95.64195251464844
 10
10.369879722595215
 20
95.56407165527344
 10
10.50580883026123
 20
95.4410400390625
 10
10.637248039245605
 20
95.28215026855469
 10
10.786791801452637
 20
95.0574951171875
 10
10.927005767822266
 20
94.80899047851562
 10
11.101405143737793
 20
94.45747375488281
 10
11.324331283569336
 20
93.95745849609375
 10
11.572495460510254
 20
93.35719299316406
 10
12.741914749145508
 20
90.378662109375
 10
13.545867919921875
 20
88.38465881347656
 10
14.294501304626465
 20
86.58412170410156
 10
15.023377418518066
 20
84.8837890625
 10
15.874551773071289
 20
82.96408081054688
 10
16.731754302978516
 20
81.10195922851562
 10
17.59486961364746
 20
79.2978515625
 10
18.463462829589844
 20
77.55204772949219
 10
19.17383575439453
 20
76.17446899414062
 10
19.87871551513672
 20
74.8504638671875
 10
20.601158142089844
 20
73.53594970703125
 10
21.34148597717285
 20
72.23143005371094
 10
22.099895477294922
 20
70.93734741210938
 10
22.850282669067383
 20
69.69668579101562
 10
23.64434051513672
 20
68.42416381835938
 10
24.428958892822266
 20
67.20484924316406
 10
25.285871505737305
 20
65.913330078125
 10
26.18963050842285
 20
64.59309387207031
 10
27.112234115600586
 20
63.28593444824219
 10
28.082571029663086
 20
61.95147705078125
 10
29.071134567260742
 20
60.630462646484375
 10
30.107519149780273
 20
59.282958984375
 10
31.315771102905273
 20
57.75245666503906
 10
32.26252365112305
 20
56.58917236328125
 10
33.07299041748047
 20
55.63775634765625
 10
35.009437561035156
 20
53.41241455078125
 10
36.079498291015625
 20
52.22297668457031
 10
37.26869583129883
 20
50.939178466796875
 10
38.475284576416016
 20
49.67170715332031
 10
39.73405456542969
 20
48.38511657714844
 10
40.86920928955078
 20
47.25762939453125
 10
42.414119720458984
 20
45.76325988769531
 10
42.86494064331055
 20
45.2998046875
 10
43.121543884277344
 20
45.00123596191406
 10
43.32234573364258
 20
44.726593017578125
 10
43.492610931396484
 20
44.436431884765625
 10
43.610050201416016
 20
44.174560546875
 10
43.68721008300781
 20
43.94757080078125
 10
43.74679183959961
 20
43.71368408203125
 10
43.7984733581543
 20
43.4259033203125
 10
43.833492279052734
 20
43.13262939453125
 10
43.88161087036133
 20
42.33819580078125
 10
43.91913604736328
 20
40.889068603515625
 10
43.980159759521484
 20
36.789520263671875
 10
44.242183685302734
 20
14.791107177734375
 10
44.2733268737793
 20
10.4913330078125
 10
44.2617301940918
 20
9.74273681640625
 10
44.23244094848633
 20
9.2005615234375
 10
44.18400955200195
 20
8.820159912109375
 10
44.10826873779297
 20
8.509368896484375
 10
43.988399505615234
 20
8.233245849609375
 10
43.84364318847656
 20
8.03436279296875
 10
43.658573150634766
 20
7.876220703125
 10
43.551822662353516
 20
7.8128662109375
  0
LWPOLYLINE
  5
33
330
17
100
AcDbEntity
  8
IC_DELIKLER
100
AcDbPolyline
 90
453
 70
1
 10
50.880767822265625
 20
7.676300048828125
 10
50.597354888916016
 20
7.780548095703125
 10
50.45409393310547
 20
7.863067626953125
 10
50.357025146484375
 20
7.9368896484375
 10
50.191585540771484
 20
8.115478515625
 10
50.12342071533203
 20
8.219451904296875
 10
50.04705047607422
 20
8.371673583984375
 10
49.94902420043945
 20
8.668365478515625
 10
49.87394332885742
 20
9.08746337890625
 10
49.830780029296875
 20
9.57672119140625
 10
49.800865173339844
 20
10.273895263671875
 10
49.64207458496094
 20
18.47216796875
 10
49.55599594116211
 20
23.6214599609375
 10
49.500335693359375
 20
29.021148681640625
 10
49.47334671020508
 20
34.571075439453125
 10
49.478145599365234
 20
39.671051025390625
 10
49.51451110839844
 20
43.120513916015625
 10
49.538639068603516
 20
43.767578125
 10
49.57612609863281
 20
44.209747314453125
 10
49.63875198364258
 20
44.59332275390625
 10
49.72660827636719
 20
44.91725158691406
 10
49.87166213989258
 20
45.27032470703125
 10
50.06296157836914
 20
45.60411071777344
 10
50.32148742675781
 20
45.95965576171875
 10
50.64180374145508
 20
46.33747863769531
 10
51.35779571533203
 20
47.103302001953125
 10
54.13829803466797
 20
49.978759765625
 10
55.61439514160156
 20
51.54191589355469
 10
57.030845642089844
 20
53.092132568359375
 10
58.376468658447266
 20
54.63850402832031
 10
59.44470977783203
 20
55.895904541015625
 10
60.14019775390625
 20
56.74781799316406
 10
61.890357971191406
 20
58.996978759765625
 10
62.860023498535156
 20
60.26959228515625
 10
64.07193756103516
 20
61.922882080078125
 10
65.279296875
 20
63.6409912109375
 10
66.48261260986328
 20
65.42262268066406
 10
67.6814193725586
 20
67.2672119140625
 10
68.84806823730469
 20
69.13232421875
 10
69.98221588134766
 20
71.01736450195312
 10
71.05773162841797
 20
72.87893676757812
 10
72.07430267333984
 20
74.71638488769531
 10
72.9388427734375
 20
76.35183715820312
 10
73.74800872802734
 20
77.95957946777344
 10
74.52350616455078
 20
79.5838623046875
 10
75.43993377685547
 20
81.5838623046875
 10
76.55429077148438
 20
84.09791564941406
 10
77.51636505126953
 20
86.35104370117188
 10
78.13353729248047
 20
87.88107299804688
 10
78.66806030273438
 20
89.33567810058594
 10
79.41822052001953
 20
91.56260681152344
 10
80.29800415039062
 20
94.32588195800781
 10
81.15503692626953
 20
97.14860534667969
 10
81.81430053710938
 20
99.45614624023438
 10
82.16233825683594
 20
100.81187438964844
 10
82.93331909179688
 20
104.12290954589844
 10
83.40545654296875
 20
106.37370300292969
 10
83.65751647949219
 20
107.69961547851562
 10
83.80892181396484
 20
108.63726806640625
 10
84.41134643554688
 20
112.69256591796875
 10
84.61021423339844
 20
114.17910766601562
 10
85.24497985839844
 20
120.14520263671875
 10
85.34326171875
 20
121.24067687988281
 10
85.41846466064453
 20
122.33795166015625
 10
85.4779052734375
 20
123.63642883300781
 10
85.5176010131836
 20
125.18583679199219
 10
85.53980255126953
 20
127.08567810058594
 10
85.54896545410156
 20
129.5856475830078
 10
85.5459976196289
 20
133.13565063476562
 10
85.52751922607422
 20
135.73556518554688
 10
85.4945297241211
 20
137.38510131835938
 10
85.43937683105469
 20
138.5332794189453
 10
85.31452941894531
 20
139.92715454101562
 10
84.68266296386719
 20
145.8937225341797
 10
84.49406433105469
 20
147.53282165527344
 10
84.23771667480469
 20
149.36473083496094
 10
83.82499694824219
 20
151.98226928710938
 10
83.62920379638672
 20
153.1153106689453
 10
83.2645492553711
 20
154.97987365722656
 10
82.77944946289062
 20
157.2792205810547
 10
82.309814453125
 20
159.37725830078125
 10
81.86709594726562
 20
161.2248992919922
 10
81.23855590820312
 20
163.69618225097656
 10
80.60823822021484
 20
166.0636749267578
 10
80.25273132324219
 20
167.31390380859375
 10
79.63883972167969
 20
169.3214874267578
 10
79.39579010009766
 20
170.2370147705078
 10
79.30067443847656
 20
170.71971130371094
 10
79.26117706298828
 20
171.10166931152344
 10
79.26895904541016
 20
171.42710876464844
 10
79.32846069335938
 20
171.73756408691406
 10
79.38848114013672
 20
171.90560913085938
 10
79.49048614501953
 20
172.10413360595703
 10
79.59261322021484
 20
172.2529754638672
 10
79.74311828613281
 20
172.42633056640625
 10
79.91494750976562
 20
172.58626556396484
 10
80.10334777832031
 20
172.73429107666016
 10
80.34508514404297
 20
172.89903259277344
 10
80.6408920288086
 20
173.0781021118164
 10
81.2091064453125
 20
173.38912200927734
 10
83.87187194824219
 20
174.77037811279297
 10
85.72561645507812
 20
175.75697326660156
 10
89.44026184082031
 20
177.8216552734375
 10
93.08493041992188
 20
179.80626678466797
 10
97.15735626220703
 20
182.0491714477539
 10
97.64901733398438
 20
182.29127502441406
 10
98.05924224853516
 20
182.46611785888672
 10
98.43132781982422
 20
182.59329223632812
 10
98.8102798461914
 20
182.68355560302734
 10
99.19427490234375
 20
182.72824096679688
 10
99.53185272216797
 20
182.72622680664062
 10
99.86824035644531
 20
182.68630981445312
 10
100.2483139038086
 20
182.59915161132812
 10
100.5286636352539
 20
182.50929260253906
 10
100.8487548828125
 20
182.38230895996094
 10
101.15846252441406
 20
182.2335662841797
 10
101.41242218017578
 20
182.08826446533203
 10
101.6524658203125
 20
181.92486572265625
 10
101.8399887084961
 20
181.77385711669922
 10
102.04888153076172
 20
181.57471466064453
 10
102.24049377441406
 20
181.35759735107422
 10
102.44374084472656
 20
181.0857391357422
 10
102.6253890991211
 20
180.79901123046875
 10
102.76092529296875
 20
180.5442657470703
 10
102.87242126464844
 20
180.28229522705078
 10
102.95401763916016
 20
180.01331329345703
 10
102.99624633789062
 20
179.7840347290039
 10
103.01560974121094
 20
179.50348663330078
 10
103.00416564941406
 20
179.2183609008789
 10
102.9437026977539
 20
178.78540802001953
 10
102.83084106445312
 20
178.25259399414062
 10
100.66195678710938
 20
169.05616760253906
 10
100.22639465332031
 20
167.0530242919922
 10
99.79490661621094
 20
164.94679260253906
 10
99.15471649169922
 20
161.607666015625
 10
98.56963348388672
 20
158.30918884277344
 10
98.05674743652344
 20
155.15061950683594
 10
97.66498565673828
 20
152.42877197265625
 10
97.52213287353516
 20
151.28775024414062
 10
97.40296936035156
 20
150.1943359375
 10
97.07008361816406
 20
146.6600341796875
 10
96.75016784667969
 20
143.52639770507812
 10
96.63458251953125
 20
142.18148803710938
 10
96.55430603027344
 20
140.9842529296875
 10
96.48397064208984
 20
139.63613891601562
 10
96.24414825439453
 20
133.34075927734375
 10
96.16309356689453
 20
131.59266662597656
 10
96.07827758789062
 20
130.09510803222656
 10
95.93324279785156
 20
128.150634765625
 10
95.6675796508789
 20
125.26286315917969
 10
95.50373077392578
 20
123.72164916992188
 10
95.23957824707031
 20
121.59231567382812
 10
95.21700286865234
 20
121.05645751953125
 10
95.23046875
 20
120.81968688964844
 10
95.26506042480469
 20
120.59089660644531
 10
95.32485961914062
 20
120.37348937988281
 10
95.41278076171875
 20
120.17098999023438
 10
95.50418090820312
 20
120.02177429199219
 10
95.64417266845703
 20
119.85284423828125
 10
95.8103256225586
 20
119.70394897460938
 10
95.99864959716797
 20
119.573974609375
 10
96.24713134765625
 20
119.43931579589844
 10
96.51244354248047
 20
119.32212829589844
 10
98.8573989868164
 20
118.48078918457031
 10
102.55870819091797
 20
117.10177612304688
 10
106.85338592529297
 20
115.59922790527344
 10
108.61051177978516
 20
115.02099609375
 10
111.91437530517578
 20
114.02827453613281
 10
113.14627838134766
 20
113.62171936035156
 10
113.73246002197266
 20
113.38954162597656
 10
114.1212387084961
 20
113.19154357910156
 10
114.27284240722656
 20
113.08810424804688
 10
114.36412048339844
 20
113.00544738769531
 10
114.4327392578125
 20
112.90550231933594
 10
114.44706726074219
 20
112.83106994628906
 10
114.43314361572266
 20
112.77995300292969
 10
114.39832305908203
 20
112.73382568359375
 10
114.34355926513672
 20
112.69331359863281
 10
114.24227142333984
 20
112.64871215820312
 10
114.00141906738281
 20
112.59689331054688
 10
113.65936279296875
 20
112.57403564453125
 10
113.28096008300781
 20
112.58016967773438
 10
112.78955841064453
 20
112.6136474609375
 10
112.1943130493164
 20
112.67550659179688
 10
111.45072937011719
 20
112.77120971679688
 10
110.3132553100586
 20
112.93972778320312
 10
109.07964324951172
 20
113.14112854003906
 10
103.17442321777344
 20
114.20272827148438
 10
99.5228271484375
 20
114.79837036132812
 10
96.96351623535156
 20
115.25419616699219
 10
96.07553100585938
 20
115.37716674804688
 10
95.73155975341797
 20
115.4019775390625
 10
95.3921127319336
 20
115.40283203125
 10
95.10890197753906
 20
115.37677001953125
 10
94.8821029663086
 20
115.33097839355469
 10
94.66719818115234
 20
115.25971984863281
 10
94.46746826171875
 20
115.16090393066406
 10
94.28546905517578
 20
115.03408813476562
 10
94.12259674072266
 20
114.88072204589844
 10
93.92622375488281
 20
114.62751770019531
 10
93.76210021972656
 20
114.34002685546875
 10
93.58552551269531
 20
113.93899536132812
 10
93.39970397949219
 20
113.42596435546875
 10
93.07769012451172
 20
112.42752075195312
 10
92.63899993896484
 20
110.99313354492188
 10
91.67278289794922
 20
107.68125915527344
 10
90.88797760009766
 20
104.83763122558594
 10
90.385009765625
 20
102.85060119628906
 10
90.22429656982422
 20
102.11834716796875
 10
90.08428192138672
 20
101.3819580078125
 10
89.96646881103516
 20
100.64167785644531
 10
89.8701400756836
 20
99.89825439453125
 10
89.79417419433594
 20
99.15245056152344
 10
89.73458099365234
 20
98.35499572753906
 10
89.69636535644531
 20
97.55621337890625
 10
89.67910766601562
 20
96.75668334960938
 10
89.68263244628906
 20
95.95698547363281
 10
89.70708465576172
 20
95.15766906738281
 10
89.75288391113281
 20
94.35929870605469
 10
89.81587219238281
 20
93.61227416992188
 10
89.89917755126953
 20
92.86727905273438
 10
89.996337890625
 20
92.1744384765625
 10
90.11351776123047
 20
91.48475646972656
 10
90.251953125
 20
90.79908752441406
 10
90.41205596923828
 20
90.11813354492188
 10
90.5929946899414
 20
89.44236755371094
 10
90.79356384277344
 20
88.77214050292969
 10
91.013427734375
 20
88.10801696777344
 10
91.23518371582031
 20
87.49745178222656
 10
91.455322265625
 20
86.93972778320312
 10
91.69061279296875
 20
86.38825988769531
 10
91.94132232666016
 20
85.84364318847656
 10
92.20764923095703
 20
85.30653381347656
 10
92.48971557617188
 20
84.77752685546875
 10
92.78756713867188
 20
84.25726318359375
 10
93.07441711425781
 20
83.78855895996094
 10
93.40230560302734
 20
83.28671264648438
 10
93.74557495117188
 20
82.79527282714844
 10
94.07350158691406
 20
82.35432434082031
 10
94.44535064697266
 20
81.88412475585938
 10
94.79876708984375
 20
81.46333312988281
 10
95.19754028320312
 20
81.01570129394531
 10
95.60955047607422
 20
80.5802001953125
 10
96.03419494628906
 20
80.15699768066406
 10
96.84339141845703
 20
79.41319274902344
 10
97.7280502319336
 20
78.67973327636719
 10
98.68836212158203
 20
77.96144104003906
 10
99.68167877197266
 20
77.28932189941406
 10
100.74647521972656
 20
76.63566589355469
 10
101.88147735595703
 20
76.00283813476562
 10
102.95002746582031
 20
75.45750427246094
 10
104.84428405761719
 20
74.55146789550781
 10
105.69525909423828
 20
74.12956237792969
 10
106.57906341552734
 20
73.66244506835938
 10
107.40302276611328
 20
73.19062805175781
 10
108.3323745727539
 20
72.60371398925781
 10
109.22986602783203
 20
71.96937561035156
 10
110.09247589111328
 20
71.28826904296875
 10
110.95744323730469
 20
70.53158569335938
 10
111.64623260498047
 20
69.87791442871094
 10
112.34979248046875
 20
69.16770935058594
 10
113.10289001464844
 20
68.3662109375
 10
113.905029296875
 20
67.473876953125
 10
114.78941345214844
 20
66.45399475097656
 10
115.7562026977539
 20
65.30717468261719
 10
118.64250183105469
 20
61.789886474609375
 10
119.95384216308594
 20
60.21418762207031
 10
121.311279296875
 20
58.611907958984375
 10
122.81207275390625
 20
56.869049072265625
 10
124.68936157226562
 20
54.72471618652344
 10
125.95809173583984
 20
53.31050109863281
 10
127.22124481201172
 20
51.95899963378906
 10
128.61581420898438
 20
50.52552795410156
 10
130.32225036621094
 20
48.838043212890625
 10
132.16885375976562
 20
47.07958984375
 10
134.0828399658203
 20
45.31996154785156
 10
136.10073852539062
 20
43.526153564453125
 10
137.61428833007812
 20
42.218841552734375
 10
139.1433563232422
 20
40.929718017578125
 10
146.20388793945312
 20
35.10986328125
 10
147.54806518554688
 20
33.98931884765625
 10
149.3302764892578
 20
32.457733154296875
 10
150.85435485839844
 20
31.08697509765625
 10
151.76287841796875
 20
30.228668212890625
 10
152.50778198242188
 20
29.489044189453125
 10
153.159912109375
 20
28.799041748046875
 10
153.68167114257812
 20
28.195343017578125
 10
154.06663513183594
 20
27.685089111328125
 10
154.22006225585938
 20
27.44598388671875
 10
154.3282012939453
 20
27.249053955078125
 10
154.41165161132812
 20
27.0594482421875
 10
154.4560089111328
 20
26.91766357421875
 10
154.47813415527344
 20
26.75982666015625
 10
154.4662322998047
 20
26.654510498046875
 10
154.42681884765625
 20
26.5721435546875
 10
154.36038208007812
 20
26.5155029296875
 10
154.26882934570312
 20
26.485992431640625
 10
154.12399291992188
 20
26.486541748046875
 10
153.98863220214844
 20
26.514404296875
 10
153.80184936523438
 20
26.578155517578125
 10
153.3955078125
 20
26.773712158203125
 10
152.55184936523438
 20
27.281280517578125
 10
149.11404418945312
 20
29.514678955078125
 10
148.22630310058594
 20
30.0751953125
 10
147.4994354248047
 20
30.515411376953125
 10
146.6743927001953
 20
30.9857177734375
 10
145.74789428710938
 20
31.47918701171875
 10
144.8535919189453
 20
31.92620849609375
 10
143.85797119140625
 20
32.393402099609375
 10
142.80502319335938
 20
32.855224609375
 10
141.7872772216797
 20
33.2720947265625
 10
140.75997924804688
 20
33.66485595703125
 10
139.67649841308594
 20
34.049713134765625
 10
138.63157653808594
 20
34.392822265625
 10
137.5787811279297
 20
34.710906982421875
 10
136.5184783935547
 20
35.0029296875
 10
135.49969482421875
 20
35.25616455078125
 10
134.67041015625
 20
35.4417724609375
 10
133.88633728027344
 20
35.599578857421875
 10
133.0989532470703
 20
35.739776611328125
 10
132.3084716796875
 20
35.860992431640625
 10
131.56478881835938
 20
35.955810546875
 10
130.8188934326172
 20
36.030548095703125
 10
130.12107849121094
 20
36.080169677734375
 10
129.47210693359375
 20
36.10687255859375
 10
128.6228485107422
 20
36.110992431640625
 10
127.72396087646484
 20
36.079681396484375
 10
125.77857208251953
 20
35.955902099609375
 10
123.54199981689453
 20
35.760284423828125
 10
122.54371643066406
 20
35.717742919921875
 10
121.14412689208984
 20
35.688629150390625
 10
118.64423370361328
 20
35.671478271484375
 10
116.19438171386719
 20
35.691558837890625
 10
113.745361328125
 20
35.757568359375
 10
111.84784698486328
 20
35.849761962890625
 10
110.90172576904297
 20
35.9276123046875
 10
110.11038970947266
 20
36.031463623046875
 10
109.4745864868164
 20
36.154998779296875
 10
108.21529388427734
 20
36.4638671875
 10
107.58056640625
 20
36.595306396484375
 10
106.98916625976562
 20
36.68829345703125
 10
105.6521987915039
 20
36.862884521484375
 10
104.3710708618164
 20
37.062530517578125
 10
103.67868041992188
 20
37.1351318359375
 10
102.23466491699219
 20
37.201751708984375
 10
101.38874053955078
 20
37.271881103515625
 10
100.1492919921875
 20
37.42950439453125
 10
98.61873626708984
 20
37.6729736328125
 10
97.5363540649414
 20
37.8685302734375
 10
96.45757293701172
 20
38.082916259765625
 10
95.53009796142578
 20
38.287353515625
 10
94.75503540039062
 20
38.482421875
 10
94.27595520019531
 20
38.621917724609375
 10
93.80253601074219
 20
38.77862548828125
 10
91.88160705566406
 20
39.485809326171875
 10
90.6897964477539
 20
39.860809326171875
 10
86.11097717285156
 20
41.122222900390625
 10
85.28834533691406
 20
41.33538818359375
 10
83.78337097167969
 20
41.701171875
 10
83.02046203613281
 20
41.92926025390625
 10
82.64798736572266
 20
42.068145751953125
 10
82.23622131347656
 20
42.24365234375
 10
81.24971008300781
 20
42.7220458984375
 10
80.63494110107422
 20
43.052398681640625
 10
79.42559051513672
 20
43.753509521484375
 10
78.72666931152344
 20
44.142059326171875
 10
77.75358581542969
 20
44.65460205078125
 10
76.76984405517578
 20
45.14637756347656
 10
76.04610443115234
 20
45.48643493652344
 10
75.40415954589844
 20
45.763824462890625
 10
74.84549713134766
 20
45.98011779785156
 10
74.27825164794922
 20
46.17189025878906
 10
73.70259857177734
 20
46.335845947265625
 10
73.16819763183594
 20
46.459259033203125
 10
72.62834167480469
 20
46.55458068847656
 10
72.08428955078125
 20
46.61918640136719
 10
71.53771209716797
 20
46.65010070800781
 10
71.0405044555664
 20
46.64610290527344
 10
70.5452651977539
 20
46.60858154296875
 10
70.10360717773438
 20
46.54365539550781
 10
69.5730209350586
 20
46.420806884765625
 10
69.1041259765625
 20
46.26469421386719
 10
68.65308380126953
 20
46.06437683105469
 10
68.22434997558594
 20
45.82011413574219
 10
67.82083892822266
 20
45.53495788574219
 10
67.40738677978516
 20
45.180389404296875
 10
67.02641296386719
 20
44.7899169921875
 10
66.67961120605469
 20
44.36857604980469
 10
66.39649963378906
 20
43.96136474609375
 10
66.12323760986328
 20
43.48931884765625
 10
65.91104888916016
 20
43.041015625
 10
65.7177505493164
 20
42.530426025390625
 10
65.56513214111328
 20
42.005645751953125
 10
65.45046997070312
 20
41.47064208984375
 10
65.364501953125
 20
40.8792724609375
 10
65.31169128417969
 20
40.233367919921875
 10
65.29469299316406
 20
39.5849609375
 10
65.30989074707031
 20
38.886138916015625
 10
65.3580322265625
 20
38.138427734375
 10
65.43900299072266
 20
37.34307861328125
 10
65.53753662109375
 20
36.59991455078125
 10
65.65400695800781
 20
35.8592529296875
 10
66.15340423583984
 20
33.104949951171875
 10
66.25242614746094
 20
32.412445068359375
 10
66.33030700683594
 20
31.717254638671875
 10
66.39440155029297
 20
30.920257568359375
 10
66.43303680419922
 20
30.12164306640625
 10
66.4463882446289
 20
29.32220458984375
 10
66.43502044677734
 20
28.57275390625
 10
66.4017333984375
 20
27.87408447265625
 10
66.3487319946289
 20
27.226898193359375
 10
66.27153778076172
 20
26.58233642578125
 10
66.16896057128906
 20
25.941314697265625
 10
65.94198608398438
 20
24.81463623046875
 10
64.92862701416016
 20
20.17431640625
 10
64.78573608398438
 20
19.4384765625
 10
64.6811294555664
 20
18.797454833984375
 10
64.57772064208984
 20
17.95477294921875
 10
64.52103424072266
 20
17.158050537109375
 10
64.51033782958984
 20
16.35980224609375
 10
64.54792785644531
 20
15.612701416015625
 10
64.59476470947266
 20
15.166473388671875
 10
64.65260314941406
 20
14.77197265625
 10
64.73657989501953
 20
14.331451416015625
 10
64.82839965820312
 20
13.943634033203125
 10
64.93655395507812
 20
13.56005859375
 10
65.06101989746094
 20
13.181488037109375
 10
65.20156860351562
 20
12.80859375
 10
65.37840270996094
 20
12.39654541015625
 10
65.5742416381836
 20
11.99310302734375
 10
65.78804779052734
 20
11.5987548828125
 10
66.01862335205078
 20
11.21380615234375
 10
66.26466369628906
 20
10.83837890625
 10
66.70524597167969
 20
10.2333984375
 10
67.61507415771484
 20
9.120025634765625
 10
67.78636169433594
 20
8.893524169921875
 10
67.9100570678711
 20
8.706085205078125
 10
68.02303314208984
 20
8.48577880859375
 10
68.0772933959961
 20
8.310302734375
 10
68.08731842041016
 20
8.14727783203125
 10
68.04875183105469
 20
8.001800537109375
 10
67.9825439453125
 20
7.90081787109375
 10
67.85852813720703
 20
7.7958984375
 10
67.73040008544922
 20
7.729156494140625
 10
67.5411605834961
 20
7.6656494140625
 10
67.32783508300781
 20
7.6209716796875
 10
67.05115509033203
 20
7.586029052734375
 10
66.2176742553711
 20
7.541351318359375
 10
66.16795349121094
 20
7.5
 10
52.318458557128906
 20
7.5
 10
52.268714904785156
 20
7.54119873046875
 10
51.431949615478516
 20
7.5853271484375
 10
51.148834228515625
 20
7.620086669921875
  0
LWPOLYLINE
  5
34
330
17
100
AcDbEntity
  8
IC_DELIKLER
100
AcDbPolyline
 90
120
 70
1
 10
152.3758087158203
 20
8.33258056640625
 10
152.3461456298828
 20
8.23834228515625
 10
152.2601776123047
 20
8.133209228515625
 10
152.15611267089844
 20
8.06134033203125
 10
151.98934936523438
 20
7.987884521484375
 10
151.79122924804688
 20
7.931976318359375
 10
151.5713348388672
 20
7.89129638671875
 10
150.9484100341797
 20
7.8336181640625
 10
149.8524627685547
 20
7.796478271484375
 10
147.45291137695312
 20
7.75164794921875
 10
140.50340270996094
 20
7.66949462890625
 10
131.25367736816406
 20
7.5985107421875
 10
120.00383758544922
 20
7.540130615234375
 10
119.9538345336914
 20
7.5
 10
79.55404663085938
 20
7.5
 10
79.5040512084961
 20
7.540191650390625
 10
77.05477142333984
 20
7.574432373046875
 10
76.11915588378906
 20
7.616424560546875
 10
75.79389953613281
 20
7.6571044921875
 10
75.53759765625
 20
7.714691162109375
 10
75.31541442871094
 20
7.79986572265625
 10
75.16715240478516
 20
7.8939208984375
 10
75.09820556640625
 20
7.9598388671875
 10
75.04629516601562
 20
8.03179931640625
 10
75.00101470947266
 20
8.161102294921875
 10
75.00987243652344
 20
8.294921875
 10
75.07231903076172
 20
8.42425537109375
 10
75.15804290771484
 20
8.519134521484375
 10
75.27169036865234
 20
8.603271484375
 10
75.40885162353516
 20
8.67510986328125
 10
75.6062240600586
 20
8.747589111328125
 10
76.00835418701172
 20
8.837554931640625
 10
76.94808959960938
 20
8.97760009765625
 10
77.19918060302734
 20
9.042816162109375
 10
77.38011169433594
 20
9.116729736328125
 10
77.54946899414062
 20
9.233184814453125
 10
77.61038208007812
 20
9.30303955078125
 10
77.6535873413086
 20
9.38018798828125
 10
77.68428039550781
 20
9.5225830078125
 10
77.6777114868164
 20
9.614471435546875
 10
77.65303039550781
 20
9.7095947265625
 10
77.5938491821289
 20
9.839111328125
 10
77.48268127441406
 20
10.001190185546875
 10
77.36908721923828
 20
10.12823486328125
 10
77.20325469970703
 20
10.281341552734375
 10
76.77870178222656
 20
10.592742919921875
 10
75.71929931640625
 20
11.23907470703125
 10
75.22974395751953
 20
11.57659912109375
 10
74.96224975585938
 20
11.794708251953125
 10
74.74717712402344
 20
11.996368408203125
 10
74.51589965820312
 20
12.249603271484375
 10
74.33675384521484
 20
12.48187255859375
 10
74.15233612060547
 20
12.769561767578125
 10
73.99625396728516
 20
13.073394775390625
 10
73.86962127685547
 20
13.390960693359375
 10
73.76111602783203
 20
13.76702880859375
 10
73.69700622558594
 20
14.104461669921875
 10
73.65687561035156
 20
14.49609375
 10
73.64911651611328
 20
14.890960693359375
 10
73.67023468017578
 20
15.286468505859375
 10
73.72410583496094
 20
15.729827880859375
 10
73.80536651611328
 20
16.169921875
 10
73.92276763916016
 20
16.653900146484375
 10
74.07942962646484
 20
17.17950439453125
 10
74.25997924804688
 20
17.6978759765625
 10
74.47948455810547
 20
18.25537109375
 10
74.73925018310547
 20
18.85052490234375
 10
75.01792907714844
 20
19.437225341796875
 10
75.4991455078125
 20
20.369964599609375
 10
76.54930114746094
 20
22.302886962890625
 10
77.93121337890625
 20
24.90911865234375
 10
78.48790740966797
 20
25.915130615234375
 10
78.91983032226562
 20
26.646728515625
 10
79.32366180419922
 20
27.277679443359375
 10
79.69837188720703
 20
27.806915283203125
 10
80.07170104980469
 20
28.273223876953125
 10
80.33866882324219
 20
28.5675048828125
 10
80.62223815917969
 20
28.844451904296875
 10
80.92369842529297
 20
29.100311279296875
 10
81.20252990722656
 20
29.30401611328125
 10
81.49506378173828
 20
29.486785888671875
 10
81.80032348632812
 20
29.64727783203125
 10
82.11679077148438
 20
29.78509521484375
 10
82.48983001708984
 20
29.91552734375
 10
82.8722152709961
 20
30.019256591796875
 10
83.31024169921875
 20
30.108001708984375
 10
83.75362396240234
 20
30.172210693359375
 10
84.24990844726562
 20
30.220733642578125
 10
84.84793853759766
 20
30.2537841796875
 10
85.3969497680664
 20
30.26239013671875
 10
85.94564056396484
 20
30.248779296875
 10
86.44328308105469
 20
30.214996337890625
 10
86.88961029052734
 20
30.16656494140625
 10
87.38330078125
 20
30.093841552734375
 10
88.411865234375
 20
29.8892822265625
 10
89.67255401611328
 20
29.5740966796875
 10
91.30823516845703
 20
29.11151123046875
 10
93.70098876953125
 20
28.387298583984375
 10
97.08842468261719
 20
27.325347900390625
 10
102.09071350097656
 20
25.73175048828125
 10
105.65599060058594
 20
24.569366455078125
 10
110.39701843261719
 20
22.9814453125
 10
112.8994140625
 20
22.109619140625
 10
117.86792755126953
 20
20.413726806640625
 10
125.37643432617188
 20
17.80133056640625
 10
130.63343811035156
 20
16.02197265625
 10
134.2464599609375
 20
14.8448486328125
 10
138.21090698242188
 20
13.617950439453125
 10
144.36485290527344
 20
11.686279296875
 10
146.742919921875
 20
10.915130615234375
 10
148.54290771484375
 20
10.306976318359375
 10
149.5793914794922
 20
9.93890380859375
 10
150.4214630126953
 20
9.622039794921875
 10
151.06748962402344
 20
9.357818603515625
 10
151.55636596679688
 20
9.129974365234375
 10
151.91909790039062
 20
8.9229736328125
 10
152.17938232421875
 20
8.721832275390625
 10
152.27508544921875
 20
8.616973876953125
 10
152.3413543701172
 20
8.511444091796875
 10
152.37435913085938
 20
8.407684326171875
  0
LWPOLYLINE
  5
35
330
17
100
AcDbEntity
  8
IC_DELIKLER
100
AcDbPolyline
 90
141
 70
1
 10
179.7950897216797
 20
7.5
 10
179.7504119873047
 20
7.552001953125
 10
179.26658630371094
 20
7.712799072265625
 10
178.89247131347656
 20
7.892913818359375
 10
178.5791473388672
 20
8.096710205078125
 10
178.20863342285156
 20
8.39227294921875
 10
177.8708953857422
 20
8.71270751953125
 10
177.6514892578125
 20
8.985321044921875
 10
177.5690155029297
 20
9.128997802734375
 10
177.52183532714844
 20
9.240447998046875
 10
177.48829650878906
 20
9.35516357421875
 10
177.46554565429688
 20
9.512939453125
 10
177.467529296875
 20
9.67559814453125
 10
177.4925079345703
 20
9.842193603515625
 10
177.59909057617188
 20
10.18310546875
 10
177.75601196289062
 20
10.529296875
 10
178.14068603515625
 20
11.2757568359375
 10
178.3565673828125
 20
11.72491455078125
 10
178.57080078125
 20
12.2296142578125
 10
178.75804138183594
 20
12.74493408203125
 10
178.9043426513672
 20
13.221466064453125
 10
179.0390625
 20
13.7530517578125
 10
179.1466827392578
 20
14.290863037109375
 10
179.22776794433594
 20
14.83343505859375
 10
179.2904052734375
 20
15.478851318359375
 10
179.3184814453125
 20
16.1268310546875
 10
179.3136444091797
 20
16.7755126953125
 10
179.27764892578125
 20
17.42340087890625
 10
179.21224975585938
 20
18.069061279296875
 10
179.11097717285156
 20
18.760711669921875
 10
178.97996520996094
 20
19.447479248046875
 10
178.8098602294922
 20
20.177215576171875
 10
178.4849395751953
 20
21.33154296875
 10
178.04505920410156
 20
22.660125732421875
 10
177.50543212890625
 20
24.11285400390625
 10
176.87017822265625
 20
25.689544677734375
 10
176.22335815429688
 20
27.2073974609375
 10
175.47303771972656
 20
28.89837646484375
 10
174.59835815429688
 20
30.807525634765625
 10
172.80157470703125
 20
34.65887451171875
 10
172.53675842285156
 20
35.2515869140625
 10
172.36744689941406
 20
35.666290283203125
 10
172.1807861328125
 20
36.22845458984375
 10
172.1138458251953
 20
36.5140380859375
 10
172.07566833496094
 20
36.753997802734375
 10
172.05548095703125
 20
36.995208740234375
 10
172.0542449951172
 20
37.236907958984375
 10
172.0719451904297
 20
37.47833251953125
 10
172.11669921875
 20
37.76666259765625
 10
172.25392150878906
 20
38.288848876953125
 10
172.4762420654297
 20
38.894805908203125
 10
173.6931915283203
 20
41.7445068359375
 10
174.67333984375
 20
44.2579345703125
 10
175.32061767578125
 20
45.72041320800781
 10
177.590087890625
 20
50.620330810546875
 10
181.13372802734375
 20
58.18109130859375
 10
185.4639892578125
 20
67.36103820800781
 10
189.55657958984375
 20
75.98965454101562
 10
193.22308349609375
 20
83.658203125
 10
194.29183959960938
 20
85.86268615722656
 10
194.71917724609375
 20
86.70622253417969
 10
194.8876953125
 20
87.00283813476562
 10
195.04246520996094
 20
87.23985290527344
 10
195.1810760498047
 20
87.41705322265625
 10
195.32931518554688
 20
87.56735229492188
 10
195.4862518310547
 20
87.6822509765625
 10
195.6160430908203
 20
87.74331665039062
 10
195.7793731689453
 20
87.77595520019531
 10
195.9069061279297
 20
87.76507568359375
 10
196.05657958984375
 20
87.70529174804688
 10
196.13870239257812
 20
87.64605712890625
 10
196.21365356445312
 20
87.57083129882812
 10
196.33883666992188
 20
87.37901306152344
 10
196.42881774902344
 20
87.14433288574219
 10
196.48439025878906
 20
86.8809814453125
 10
196.5105438232422
 20
86.55287170410156
 10
196.50213623046875
 20
86.21415710449219
 10
196.4665069580078
 20
85.87202453613281
 10
196.38113403320312
 20
85.38363647460938
 10
196.23194885253906
 20
84.75297546386719
 10
195.0087127685547
 20
80.47523498535156
 10
194.72486877441406
 20
79.36112976074219
 10
194.500244140625
 20
78.33590698242188
 10
194.2666015625
 20
77.00688171386719
 10
194.04974365234375
 20
75.42190551757812
 10
193.85723876953125
 20
73.68278503417969
 10
193.79920959472656
 20
72.98545837402344
 10
193.76121520996094
 20
72.33692932128906
 10
193.74148559570312
 20
71.68768310546875
 10
193.74081420898438
 20
71.03811645507812
 10
193.75775146484375
 20
70.388671875
 10
193.79522705078125
 20
69.63986206054688
 10
193.9036102294922
 20
68.19412231445312
 10
194.22459411621094
 20
64.70890808105469
 10
194.3428955078125
 20
63.263824462890625
 10
194.4501190185547
 20
61.517242431640625
 10
194.53399658203125
 20
59.51911926269531
 10
194.55897521972656
 20
57.91954040527344
 10
194.53663635253906
 20
56.31993103027344
 10
194.46493530273438
 20
54.62162780761719
 10
194.3422088623047
 20
52.82597351074219
 10
194.04774475097656
 20
49.48902893066406
 10
193.7422332763672
 20
45.701416015625
 10
193.63331604003906
 20
44.60694885253906
 10
193.497314453125
 20
43.46514892578125
 10
192.95578002929688
 20
39.552581787109375
 10
192.47232055664062
 20
36.389495849609375
 10
192.11915588378906
 20
33.8140869140625
 10
191.40284729003906
 20
29.169281005859375
 10
191.21875
 20
28.08489990234375
 10
191.03269958496094
 20
27.1025390625
 10
190.7549285888672
 20
25.832977294921875
 10
190.4525604248047
 20
24.672271728515625
 10
190.11459350585938
 20
23.57373046875
 10
189.72865295410156
 20
22.491058349609375
 10
189.37757873535156
 20
21.608673095703125
 10
188.9644317626953
 20
20.6435546875
 10
186.27313232421875
 20
14.61761474609375
 10
185.9411163330078
 20
13.78271484375
 10
185.7123565673828
 20
13.07159423828125
 10
185.6058349609375
 20
12.63726806640625
 10
185.52813720703125
 20
12.197784423828125
 10
185.48670959472656
 20
11.803955078125
 10
185.47373962402344
 20
11.408660888671875
 10
185.4902801513672
 20
11.013641357421875
 10
185.54302978515625
 20
10.571533203125
 10
185.6157684326172
 20
10.18182373046875
 10
185.81216430664062
 20
9.318634033203125
 10
185.87344360351562
 20
8.90093994140625
 10
185.87757873535156
 20
8.6790771484375
 10
185.85986328125
 20
8.51019287109375
 10
185.80731201171875
 20
8.3138427734375
 10
185.7392120361328
 20
8.17138671875
 10
185.67274475097656
 20
8.07440185546875
 10
185.5644073486328
 20
7.959320068359375
 10
185.435302734375
 20
7.86102294921875
 10
185.28810119628906
 20
7.779205322265625
 10
185.1259765625
 20
7.71270751953125
 10
184.90731811523438
 20
7.648040771484375
 10
184.34254455566406
 20
7.54620361328125
 10
184.29444885253906
 20
7.5
  0
LWPOLYLINE
  5
36
330
17
100
AcDbEntity
  8
IC_DELIKLER
100
AcDbPolyline
 90
300
 70
1
 10
290.42523193359375
 20
267.57043838500977
 10
290.6106262207031
 20
267.4961853027344
 10
290.8160705566406
 20
267.3560981750488
 10
290.9999694824219
 20
267.1696968078613
 10
291.1629638671875
 20
266.9487419128418
 10
291.3787841796875
 20
266.57783126831055
 10
291.96612548828125
 20
265.4479103088379
 10
292.1324462890625
 20
265.0970916748047
 10
292.2368469238281
 20
264.8277816772461
 10
292.3064880371094
 20
264.5979118347168
 10
292.359619140625
 20
264.36292266845703
 10
292.4228210449219
 20
263.8799819946289
 10
292.45208740234375
 20
263.1870460510254
 10
292.4599609375
 20
261.68806076049805
 10
292.5
 20
261.6380615234375
 10
292.5
 20
66.23806762695312
 10
292.4599914550781
 20
66.18806457519531
 10
292.4383850097656
 20
32.7880859375
 10
292.3985290527344
 20
15.28814697265625
 10
292.3765563964844
 20
11.888214111328125
 10
292.348876953125
 20
9.83929443359375
 10
292.3100280761719
 20
9.053497314453125
 10
292.2745666503906
 20
8.7733154296875
 10
292.2278747558594
 20
8.55328369140625
 10
292.125732421875
 20
8.276336669921875
 10
292.0439453125
 20
8.139129638671875
 10
291.9703063964844
 20
8.047821044921875
 10
291.88604736328125
 20
7.96697998046875
 10
291.75750732421875
 20
7.8756103515625
 10
291.6498107910156
 20
7.81903076171875
 10
291.492919921875
 20
7.75830078125
 10
291.1435241699219
 20
7.67852783203125
 10
290.7157287597656
 20
7.633575439453125
 10
290.1228942871094
 20
7.608154296875
 10
289.1239013671875
 20
7.590545654296875
 10
283.82403564453125
 20
7.55810546875
 10
273.1240539550781
 20
7.5400390625
 10
273.07403564453125
 20
7.5
 10
227.07406616210938
 20
7.5
 10
227.02407836914062
 20
7.540252685546875
 10
224.42416381835938
 20
7.559051513671875
 10
223.22772216796875
 20
7.583831787109375
 10
222.69480895996094
 20
7.622711181640625
 10
222.29295349121094
 20
7.695526123046875
 10
222.0270538330078
 20
7.79302978515625
 10
221.90353393554688
 20
7.8673095703125
 10
221.82801818847656
 20
7.93157958984375
 10
221.75350952148438
 20
8.027008056640625
 10
221.71905517578125
 20
8.10418701171875
 10
221.70404052734375
 20
8.18426513671875
 10
221.70884704589844
 20
8.265289306640625
 10
221.7333221435547
 20
8.34527587890625
 10
221.77682495117188
 20
8.422271728515625
 10
221.8382110595703
 20
8.49462890625
 10
221.9451904296875
 20
8.581573486328125
 10
222.18911743164062
 20
8.70281982421875
 10
222.52914428710938
 20
8.79339599609375
 10
223.05088806152344
 20
8.855621337890625
 10
223.84429931640625
 20
8.885223388671875
 10
229.54385375976562
 20
8.90771484375
 10
230.3927764892578
 20
8.92138671875
 10
230.984375
 20
8.9482421875
 10
231.49490356445312
 20
9.009521484375
 10
231.701171875
 20
9.058258056640625
 10
231.87937927246094
 20
9.12432861328125
 10
232.01951599121094
 20
9.20904541015625
 10
232.097900390625
 20
9.28961181640625
 10
232.1477813720703
 20
9.403289794921875
 10
232.14698791503906
 20
9.5010986328125
 10
232.11021423339844
 20
9.601104736328125
 10
232.01708984375
 20
9.723724365234375
 10
231.87852478027344
 20
9.837921142578125
 10
231.7037353515625
 20
9.93951416015625
 10
231.5021514892578
 20
10.026611328125
 10
231.28208923339844
 20
10.0992431640625
 10
231.0026397705078
 20
10.16925048828125
 10
230.71353149414062
 20
10.22381591796875
 10
230.07290649414062
 20
10.304412841796875
 10
229.32591247558594
 20
10.35723876953125
 10
228.5767822265625
 20
10.384765625
 10
226.77760314941406
 20
10.419708251953125
 10
225.8808135986328
 20
10.471710205078125
 10
225.38623046875
 20
10.529327392578125
 10
224.94549560546875
 20
10.606048583984375
 10
224.55860900878906
 20
10.696746826171875
 10
224.12985229492188
 20
10.824005126953125
 10
223.661376953125
 20
10.99249267578125
 10
223.1075897216797
 20
11.22021484375
 10
217.5186767578125
 20
13.6632080078125
 10
215.24464416503906
 20
14.701629638671875
 10
212.9471435546875
 20
15.8077392578125
 10
211.6962890625
 20
16.4364013671875
 10
210.45382690429688
 20
17.081512451171875
 10
209.26473999023438
 20
17.720550537109375
 10
208.08580017089844
 20
18.37811279296875
 10
206.87518310546875
 20
19.081085205078125
 10
204.9871368408203
 20
20.209564208984375
 10
204.39923095703125
 20
20.586578369140625
 10
203.91705322265625
 20
20.9378662109375
 10
203.50436401367188
 20
21.293670654296875
 10
203.16188049316406
 20
21.649566650390625
 10
202.857177734375
 20
22.037017822265625
 10
202.59544372558594
 20
22.4541015625
 10
202.3799285888672
 20
22.896942138671875
 10
202.2115936279297
 20
23.3604736328125
 10
202.07919311523438
 20
23.88775634765625
 10
201.99766540527344
 20
24.426666259765625
 10
201.9668731689453
 20
24.822784423828125
 10
201.95709228515625
 20
25.220550537109375
 10
201.9677734375
 20
25.668731689453125
 10
201.9973602294922
 20
26.116607666015625
 10
202.11622619628906
 20
27.158660888671875
 10
202.34445190429688
 20
28.64093017578125
 10
202.7065887451172
 20
30.658538818359375
 10
203.1230926513672
 20
32.716705322265625
 10
203.5326690673828
 20
34.520599365234375
 10
203.93646240234375
 20
36.068450927734375
 10
204.65850830078125
 20
38.513946533203125
 10
205.5800323486328
 20
41.526092529296875
 10
209.36671447753906
 20
53.438720703125
 10
211.34661865234375
 20
59.787109375
 10
212.76087951660156
 20
64.47854614257812
 10
214.85659790039062
 20
71.31446838378906
 10
216.3062286376953
 20
76.36026000976562
 10
217.43133544921875
 20
80.19876098632812
 10
218.1062469482422
 20
82.44973754882812
 10
219.14320373535156
 20
85.79257202148438
 10
222.07969665527344
 20
95.08985900878906
 10
223.21270751953125
 20
98.76931762695312
 10
223.84983825683594
 20
100.97914123535156
 10
224.0785369873047
 20
101.84945678710938
 10
224.27789306640625
 20
102.67555236816406
 10
224.4576416015625
 20
103.50601196289062
 10
224.5947265625
 20
104.24284362792969
 10
224.69082641601562
 20
104.88493347167969
 10
224.76116943359375
 20
105.53018188476562
 10
224.80584716796875
 20
106.22769165039062
 10
224.81773376464844
 20
106.926513671875
 10
224.79669189453125
 20
107.62510681152344
 10
224.74252319335938
 20
108.3218994140625
 10
224.6623077392578
 20
108.96586608886719
 10
224.54324340820312
 20
109.65444946289062
 10
224.3896942138672
 20
110.33609008789062
 10
224.2155303955078
 20
110.96101379394531
 10
224.01016235351562
 20
111.57626342773438
 10
223.77268981933594
 20
112.1796875
 10
223.50209045410156
 20
112.768798828125
 10
223.19728088378906
 20
113.3406982421875
 10
222.88458251953125
 20
113.85040283203125
 10
222.54090881347656
 20
114.33932495117188
 10
222.16517639160156
 20
114.80337524414062
 10
221.79116821289062
 20
115.20179748535156
 10
221.46275329589844
 20
115.50401306152344
 10
221.1134796142578
 20
115.78089904785156
 10
220.7440643310547
 20
116.03033447265625
 10
220.35693359375
 20
116.25265502929688
 10
219.91033935546875
 20
116.47105407714844
 10
219.40460205078125
 20
116.68212890625
 10
218.84109497070312
 20
116.88433837890625
 10
218.26913452148438
 20
117.06291198730469
 10
217.691162109375
 20
117.22189331054688
 10
217.1086883544922
 20
117.36415100097656
 10
216.47378540039062
 20
117.50178527832031
 10
215.7864990234375
 20
117.63308715820312
 10
215.0469512939453
 20
117.75631713867188
 10
214.3048095703125
 20
117.86325073242188
 10
211.87596130371094
 20
118.15447998046875
 10
211.39625549316406
 20
118.24404907226562
 10
210.99591064453125
 20
118.36569213867188
 10
210.7982177734375
 20
118.45822143554688
 10
210.62672424316406
 20
118.57246398925781
 10
210.488037109375
 20
118.70991516113281
 10
210.38722229003906
 20
118.87026977539062
 10
210.32664489746094
 20
119.05123901367188
 10
210.30545043945312
 20
119.24913024902344
 10
210.31976318359375
 20
119.45954895019531
 10
210.3635711669922
 20
119.67826843261719
 10
210.4453582763672
 20
119.94685363769531
 10
210.5484619140625
 20
120.21835327148438
 10
210.9324493408203
 20
121.08023071289062
 10
216.8204345703125
 20
133.56089782714844
 10
225.4884796142578
 20
151.86192321777344
 10
233.97903442382812
 20
169.74908447265625
 10
238.30178833007812
 20
178.82189178466797
 10
238.7167510986328
 20
179.67517852783203
 10
238.9711456298828
 20
180.15704345703125
 10
239.1223602294922
 20
180.40814971923828
 10
239.25927734375
 20
180.60631561279297
 10
239.40895080566406
 20
180.7906951904297
 10
239.53927612304688
 20
180.92603302001953
 10
239.6796417236328
 20
181.049072265625
 10
239.83013916015625
 20
181.1589813232422
 10
239.99026489257812
 20
181.25555419921875
 10
240.20260620117188
 20
181.35823822021484
 10
240.51812744140625
 20
181.4725570678711
 10
240.84832763671875
 20
181.56085968017578
 10
242.75454711914062
 20
181.93830108642578
 10
243.33786010742188
 20
182.07620239257812
 10
243.91551208496094
 20
182.23490142822266
 10
244.48484802246094
 20
182.41932678222656
 10
244.9956817626953
 20
182.61666107177734
 10
245.446044921875
 20
182.82538604736328
 10
245.8344268798828
 20
183.04244232177734
 10
246.1608428955078
 20
183.2624969482422
 10
246.42799377441406
 20
183.4780044555664
 10
246.6751708984375
 20
183.71541595458984
 10
246.93191528320312
 20
184.01200103759766
 10
247.16262817382812
 20
184.33148193359375
 10
247.3715362548828
 20
184.66820526123047
 10
247.6101837158203
 20
185.10496520996094
 10
247.87535095214844
 20
185.64210510253906
 10
248.22799682617188
 20
186.41506958007812
 10
248.62094116210938
 20
187.33444213867188
 10
249.01385498046875
 20
188.30801391601562
 10
249.37060546875
 20
189.24208068847656
 10
249.88504028320312
 20
190.70381927490234
 10
250.4711151123047
 20
192.6133575439453
 10
250.67132568359375
 20
193.17353057861328
 10
250.81088256835938
 20
193.4893569946289
 10
250.99481201171875
 20
193.83792114257812
 10
251.60296630859375
 20
194.79492950439453
 10
251.79083251953125
 20
195.1341094970703
 10
251.88673400878906
 20
195.35194396972656
 10
251.96034240722656
 20
195.57403564453125
 10
252.0074920654297
 20
195.79896545410156
 10
252.02381896972656
 20
195.97936248779297
 10
252.01544189453125
 20
196.20281982421875
 10
251.98489379882812
 20
196.3777313232422
 10
251.93309020996094
 20
196.54720306396484
 10
251.83938598632812
 20
196.74868774414062
 10
251.74266052246094
 20
196.89974212646484
 10
251.59722900390625
 20
197.0739974975586
 10
251.42811584472656
 20
197.23080444335938
 10
251.2393035888672
 20
197.3696746826172
 10
251.07672119140625
 20
197.4680633544922
 10
250.86207580566406
 20
197.575927734375
 10
250.45274353027344
 20
197.7322235107422
 10
250.02560424804688
 20
197.8497543334961
 10
249.1680450439453
 20
198.0401382446289
 10
248.8594207763672
 20
198.1343231201172
 10
248.58758544921875
 20
198.26229858398438
 10
248.45603942871094
 20
198.35509490966797
 10
248.3712615966797
 20
198.43499755859375
 10
248.27870178222656
 20
198.55535888671875
 10
248.2109832763672
 20
198.69075775146484
 10
248.1684112548828
 20
198.83958435058594
 10
248.15008544921875
 20
198.99964141845703
 10
248.1539306640625
 20
199.16844177246094
 10
248.1855926513672
 20
199.3880386352539
 10
248.24111938476562
 20
199.61341094970703
 10
248.33053588867188
 20
199.8873291015625
 10
248.4930419921875
 20
200.29950714111328
 10
248.7338409423828
 20
200.84695434570312
 10
249.93411254882812
 20
203.43163299560547
 10
252.723876953125
 20
209.35781860351562
 10
256.3830871582031
 20
217.08521270751953
 10
264.6195373535156
 20
234.37344360351562
 10
267.39312744140625
 20
240.14120864868164
 10
267.9410095214844
 20
241.26426315307617
 10
268.236328125
 20
241.83912658691406
 10
268.4847717285156
 20
242.25923919677734
 10
268.7117004394531
 20
242.56288146972656
 10
268.9399719238281
 20
242.79114532470703
 10
269.1998596191406
 20
242.97640228271484
 10
269.40411376953125
 20
243.08182525634766
 10
269.666259765625
 20
243.18259811401367
 10
270.79425048828125
 20
243.48331451416016
 10
271.0730895996094
 20
243.57761764526367
 10
271.34539794921875
 20
243.68953704833984
 10
271.6541748046875
 20
243.84217834472656
 10
271.99615478515625
 20
244.04116439819336
 10
272.37030029296875
 20
244.2867660522461
 10
277.0325012207031
 20
247.65000534057617
 10
277.8751525878906
 20
248.27631759643555
 10
278.6270751953125
 20
248.85663986206055
 10
279.4018859863281
 20
249.48815536499023
 10
280.03961181640625
 20
250.04893493652344
 10
280.6131286621094
 20
250.60469436645508
 10
281.0848083496094
 20
251.1192970275879
 10
281.400146484375
 20
251.50518417358398
 10
281.7243957519531
 20
251.9472198486328
 10
282.0263977050781
 20
252.40526962280273
 10
282.3357238769531
 20
252.91843795776367
 10
282.70281982421875
 20
253.57200622558594
 10
283.1264343261719
 20
254.36591339111328
 10
284.140380859375
 20
256.3743019104004
 10
285.0021057128906
 20
258.1790351867676
 10
285.74462890625
 20
259.8186149597168
 10
287.14801025390625
 20
263.0782890319824
 10
287.918212890625
 20
265.0815544128418
 10
288.1238098144531
 20
265.5349922180176
 10
288.3553771972656
 20
265.9749946594238
 10
288.6156921386719
 20
266.3972511291504
 10
288.8768615722656
 20
266.7557067871094
 10
289.1328125
 20
267.0475273132324
 10
289.4127502441406
 20
267.2988395690918
 10
289.6761779785156
 20
267.4686470031738
 10
289.91204833984375
 20
267.56382751464844
 10
290.0716857910156
 20
267.596492767334
 10
290.1911926269531
 20
267.60340118408203
  0
LWPOLYLINE
  5
37
330
17
100
AcDbEntity
  8
IC_DELIKLER
100
AcDbPolyline
 90
119
 70
1
 10
169.46681213378906
 20
44.36700439453125
 10
169.2628936767578
 20
44.26115417480469
 10
169.0851593017578
 20
44.22160339355469
 10
168.90496826171875
 20
44.22880554199219
 10
168.7269287109375
 20
44.28169250488281
 10
168.55494689941406
 20
44.376251220703125
 10
168.35983276367188
 20
44.53593444824219
 10
168.1487579345703
 20
44.770233154296875
 10
167.95297241210938
 20
45.0384521484375
 10
167.66586303710938
 20
45.49546813964844
 10
167.2453155517578
 20
46.23138427734375
 10
163.98670959472656
 20
52.14253234863281
 10
163.26612854003906
 20
53.4007568359375
 10
162.43063354492188
 20
54.82356262207031
 10
161.11534118652344
 20
57.00813293457031
 10
159.6714324951172
 20
59.348541259765625
 10
158.15155029296875
 20
61.75941467285156
 10
156.6092529296875
 20
64.15602111816406
 10
155.3199920654297
 20
66.12075805664062
 10
154.0687255859375
 20
67.99072265625
 10
152.9110565185547
 20
69.68251037597656
 10
151.8470916748047
 20
71.19587707519531
 10
146.6558074951172
 20
78.36329650878906
 10
142.62753295898438
 20
83.84165954589844
 10
140.16433715820312
 20
87.24349975585938
 10
137.7412567138672
 20
90.55084228515625
 10
136.43690490722656
 20
92.3839111328125
 10
136.04800415039062
 20
92.96514892578125
 10
135.7593994140625
 20
93.42970275878906
 10
135.5482177734375
 20
93.81544494628906
 10
135.39761352539062
 20
94.15774536132812
 10
135.31295776367188
 20
94.44590759277344
 10
135.28965759277344
 20
94.705322265625
 10
135.3088836669922
 20
94.8316650390625
 10
135.3396759033203
 20
94.91241455078125
 10
135.3843536376953
 20
94.97917175292969
 10
135.44232177734375
 20
95.030517578125
 10
135.51255798339844
 20
95.06546020507812
 10
135.5937042236328
 20
95.08354187011719
 10
135.78224182128906
 20
95.06996154785156
 10
135.9945068359375
 20
94.99630737304688
 10
136.25643920898438
 20
94.85041809082031
 10
136.5216522216797
 20
94.66011047363281
 10
136.8209228515625
 20
94.41059875488281
 10
137.1862335205078
 20
94.07438659667969
 10
137.64918518066406
 20
93.61929321289062
 10
138.65394592285156
 20
92.57421875
 10
139.9411163330078
 20
91.1767578125
 10
141.8428192138672
 20
89.05406188964844
 10
145.25057983398438
 20
85.19284057617188
 10
145.89248657226562
 20
84.49343872070312
 10
146.34886169433594
 20
84.03553771972656
 10
146.5690460205078
 20
83.83815002441406
 10
146.79808044433594
 20
83.65592956542969
 10
146.9971160888672
 20
83.51980590820312
 10
147.20437622070312
 20
83.40155029296875
 10
147.42013549804688
 20
83.3038330078125
 10
147.6439971923828
 20
83.22822570800781
 10
147.8750457763672
 20
83.1748046875
 10
148.1119842529297
 20
83.14210510253906
 10
148.4507598876953
 20
83.12594604492188
 10
148.89324951171875
 20
83.14218139648438
 10
149.43783569335938
 20
83.19454956054688
 10
150.23045349121094
 20
83.29777526855469
 10
152.70046997070312
 20
83.68272399902344
 10
155.7042236328125
 20
84.21141052246094
 10
158.11061096191406
 20
84.67144775390625
 10
160.31422424316406
 20
85.1256103515625
 10
165.1905059814453
 20
86.22915649414062
 10
166.3577117919922
 20
86.50729370117188
 10
168.0039520263672
 20
86.93110656738281
 10
169.83668518066406
 20
87.43199157714844
 10
171.7592315673828
 20
87.98310852050781
 10
173.77090454101562
 20
88.58560180664062
 10
176.8767852783203
 20
89.54264831542969
 10
178.16282653808594
 20
89.95298767089844
 10
179.7745361328125
 20
90.49354553222656
 10
183.22608947753906
 20
91.68061828613281
 10
184.88726806640625
 20
92.23072814941406
 10
185.93821716308594
 20
92.546875
 10
186.3216552734375
 20
92.64019775390625
 10
186.60824584960938
 20
92.69219970703125
 10
186.8448486328125
 20
92.71772766113281
 10
187.03138732910156
 20
92.72299194335938
 10
187.25909423828125
 20
92.70674133300781
 10
187.43511962890625
 20
92.67311096191406
 10
187.60397338867188
 20
92.61981201171875
 10
187.76412963867188
 20
92.54644775390625
 10
187.91421508789062
 20
92.45344543457031
 10
188.05320739746094
 20
92.34196472167969
 10
188.23973083496094
 20
92.14419555664062
 10
188.4250946044922
 20
91.87646484375
 10
188.58204650878906
 20
91.58197021484375
 10
188.90614318847656
 20
90.88433837890625
 10
189.12232971191406
 20
90.52395629882812
 10
189.35511779785156
 20
90.24215698242188
 10
189.90872192382812
 20
89.72213745117188
 10
190.0244903564453
 20
89.59585571289062
 10
190.12554931640625
 20
89.46144104003906
 10
190.20880126953125
 20
89.317138671875
 10
190.2724609375
 20
89.16238403320312
 10
190.31600952148438
 20
88.99774169921875
 10
190.34007263183594
 20
88.82455444335938
 10
190.34605407714844
 20
88.64468383789062
 10
190.3311004638672
 20
88.4134521484375
 10
190.25381469726562
 20
87.98915100097656
 10
190.11460876464844
 20
87.51773071289062
 10
189.9044189453125
 20
86.959228515625
 10
189.59068298339844
 20
86.2242431640625
 10
189.0761260986328
 20
85.08518981933594
 10
186.36639404296875
 20
79.28717041015625
 10
179.6114501953125
 20
65.00395202636719
 10
175.1703338623047
 20
55.65521240234375
 10
171.71664428710938
 20
48.439117431640625
 10
170.53956604003906
 20
46.00946044921875
 10
170.1322784423828
 20
45.21421813964844
 10
169.96034240722656
 20
44.92315673828125
 10
169.8004608154297
 20
44.694671630859375
 10
169.62538146972656
 20
44.49766540527344
  0
LWPOLYLINE
  5
38
330
17
100
AcDbEntity
  8
IC_DELIKLER
100
AcDbPolyline
 90
128
 70
1
 10
41.28052
 20
75.94999999999999
 10
41.39267324273657
 20
75.94720307274255
 10
41.504547654840586
 20
75.93881924457213
 10
41.61586509889639
 20
75.92486935900655
 10
41.726348822198645
 20
75.90538809765923
 10
41.835724144803166
 20
75.88042389401545
 10
41.94371914242454
 20
75.85003881301881
 10
42.05006532248275
 20
75.81430839676827
 10
42.15449829161806
 20
75.77332147670842
 10
42.25675841301451
 20
75.72717995278043
 10
42.35659145189797
 20
75.67599854008299
 10
42.45374920760388
 20
75.61990448367237
 10
42.54799013064315
 20
75.55903724221099
 10
42.63907992323233
 20
75.49354814125158
 10
42.726792121794716
 20
75.4235999970177
 10
42.81090865998457
 20
75.34936671161714
 10
42.89122041083437
 20
75.27103284069366
 10
42.9675277066774
 20
75.18879313459291
 10
43.03964083555307
 20
75.10285205418214
 10
43.10738051286068
 20
75.0134232625283
 10
43.17057832708924
 20
74.92072909369796
 10
43.22907715851498
 20
74.82499999999999
 10
43.282731569825806
 20
74.72647397904461
 10
43.33140816770127
 20
74.6253959820439
 10
43.37498593444946
 20
74.52201730482437
 10
43.413356528876044
 20
74.4165949630663
 10
43.44642455563753
 20
74.30939105332178
 10
43.47410780240911
 20
74.2006721014017
 10
43.49633744427747
 20
74.09070839975061
 10
43.51305821485039
 20
73.97977333545683
 10
43.52422854365766
 20
73.86814271056946
 10
43.52982065950184
 20
73.75609405641066
 10
43.52982065950184
 20
73.64390594358935
 10
43.52422854365766
 20
73.53185728943055
 10
43.51305821485039
 20
73.42022666454318
 10
43.49633744427747
 20
73.3092916002494
 10
43.47410780240911
 20
73.19932789859831
 10
43.44642455563753
 20
73.09060894667823
 10
43.413356528876044
 20
72.9834050369337
 10
43.37498593444946
 20
72.8779826951756
 10
43.33140816770127
 20
72.77460401795611
 10
43.282731569825806
 20
72.67352602095539
 10
43.22907715851498
 20
72.57499999999999
 10
43.17057832708924
 20
72.47927090630205
 10
43.10738051286068
 20
72.3865767374717
 10
43.03964083555307
 20
72.29714794581787
 10
42.9675277066774
 20
72.21120686540706
 10
42.89122041083437
 20
72.12896715930634
 10
42.81090865998457
 20
72.05063328838287
 10
42.726792121794716
 20
71.9764000029823
 10
42.63907992323233
 20
71.90645185874843
 10
42.54799013064315
 20
71.84096275778901
 10
42.45374920760388
 20
71.78009551632763
 10
42.35659145189797
 20
71.72400145991696
 10
42.25675841301451
 20
71.67282004721955
 10
42.15449829161806
 20
71.62667852329159
 10
42.05006532248275
 20
71.58569160323174
 10
41.94371914242454
 20
71.5499611869812
 10
41.835724144803166
 20
71.51957610598456
 10
41.726348822198645
 20
71.49461190234078
 10
41.61586509889639
 20
71.47513064099343
 10
41.504547654840586
 20
71.46118075542785
 10
41.39267324273657
 20
71.45279692725745
 10
41.28052
 20
71.44999999999999
 10
33.08052
 20
71.44999999999999
 10
32.96836675726343
 20
71.45279692725745
 10
32.85649234515942
 20
71.46118075542785
 10
32.74517490110361
 20
71.47513064099343
 10
32.63469117780136
 20
71.49461190234078
 10
32.52531585519684
 20
71.51957610598456
 10
32.41732085757546
 20
71.5499611869812
 10
32.31097467751725
 20
71.58569160323174
 10
32.20654170838194
 20
71.62667852329159
 10
32.10428158698549
 20
71.67282004721955
 10
32.00444854810203
 20
71.72400145991702
 10
31.90729079239613
 20
71.78009551632763
 10
31.813049869356853
 20
71.84096275778901
 10
31.721960076767676
 20
71.90645185874843
 10
31.634247878205286
 20
71.9764000029823
 10
31.550131340015433
 20
72.05063328838287
 10
31.46981958916563
 20
72.12896715930634
 10
31.3935122933226
 20
72.21120686540706
 10
31.321399164446934
 20
72.29714794581787
 10
31.253659487139323
 20
72.3865767374717
 10
31.190461672910764
 20
72.47927090630205
 10
31.131962841485016
 20
72.57499999999999
 10
31.078308430174197
 20
72.67352602095539
 10
31.029631832298737
 20
72.77460401795611
 10
30.98605406555054
 20
72.8779826951756
 10
30.94768347112396
 20
72.9834050369337
 10
30.914615444362475
 20
73.09060894667823
 10
30.886932197590898
 20
73.19932789859831
 10
30.864702555722534
 20
73.3092916002494
 10
30.847981785149614
 20
73.42022666454318
 10
30.836811456342343
 20
73.53185728943055
 10
30.831219340498166
 20
73.64390594358935
 10
30.831219340498166
 20
73.75609405641066
 10
30.836811456342343
 20
73.86814271056946
 10
30.847981785149614
 20
73.97977333545683
 10
30.864702555722534
 20
74.09070839975061
 10
30.886932197590898
 20
74.2006721014017
 10
30.914615444362475
 20
74.30939105332178
 10
30.94768347112396
 20
74.4165949630663
 10
30.98605406555054
 20
74.52201730482437
 10
31.029631832298737
 20
74.6253959820439
 10
31.078308430174197
 20
74.72647397904461
 10
31.131962841485016
 20
74.82499999999999
 10
31.190461672910764
 20
74.92072909369796
 10
31.253659487139323
 20
75.0134232625283
 10
31.321399164446934
 20
75.10285205418214
 10
31.3935122933226
 20
75.18879313459291
 10
31.46981958916563
 20
75.27103284069366
 10
31.550131340015433
 20
75.34936671161714
 10
31.634247878205286
 20
75.4235999970177
 10
31.721960076767676
 20
75.49354814125158
 10
31.813049869356853
 20
75.55903724221099
 10
31.90729079239613
 20
75.61990448367237
 10
32.00444854810203
 20
75.67599854008304
 10
32.10428158698549
 20
75.72717995278043
 10
32.20654170838194
 20
75.77332147670842
 10
32.31097467751725
 20
75.81430839676827
 10
32.41732085757546
 20
75.85003881301881
 10
32.52531585519684
 20
75.88042389401545
 10
32.63469117780136
 20
75.90538809765923
 10
32.74517490110361
 20
75.92486935900655
 10
32.85649234515942
 20
75.93881924457213
 10
32.96836675726343
 20
75.94720307274255
 10
33.08052
 20
75.94999999999999
  0
LWPOLYLINE
  5
39
330
17
100
AcDbEntity
  8
IC_DELIKLER
100
AcDbPolyline
 90
128
 70
1
 10
58.880520000000004
 20
75.94999999999999
 10
58.992673242736565
 20
75.94720307274255
 10
59.10454765484059
 20
75.93881924457213
 10
59.215865098896394
 20
75.92486935900655
 10
59.326348822198646
 20
75.90538809765923
 10
59.43572414480316
 20
75.88042389401545
 10
59.543719142424536
 20
75.85003881301881
 10
59.65006532248276
 20
75.81430839676827
 10
59.75449829161806
 20
75.77332147670842
 10
59.856758413014504
 20
75.72717995278043
 10
59.956591451897964
 20
75.67599854008299
 10
60.05374920760387
 20
75.61990448367237
 10
60.14799013064315
 20
75.55903724221099
 10
60.239079923232325
 20
75.49354814125158
 10
60.32679212179471
 20
75.4235999970177
 10
60.41090865998457
 20
75.34936671161714
 10
60.491220410834366
 20
75.27103284069366
 10
60.5675277066774
 20
75.18879313459291
 10
60.63964083555307
 20
75.10285205418214
 10
60.707380512860674
 20
75.0134232625283
 10
60.77057832708924
 20
74.92072909369796
 10
60.829077158514984
 20
74.82499999999999
 10
60.88273156982581
 20
74.72647397904461
 10
60.931408167701264
 20
74.6253959820439
 10
60.97498593444946
 20
74.52201730482437
 10
61.013356528876045
 20
74.4165949630663
 10
61.04642455563753
 20
74.30939105332178
 10
61.0741078024091
 20
74.2006721014017
 10
61.09633744427747
 20
74.09070839975061
 10
61.11305821485039
 20
73.97977333545683
 10
61.12422854365766
 20
73.86814271056946
 10
61.129820659501846
 20
73.75609405641066
 10
61.129820659501846
 20
73.64390594358935
 10
61.12422854365766
 20
73.53185728943055
 10
61.11305821485039
 20
73.42022666454318
 10
61.09633744427747
 20
73.3092916002494
 10
61.0741078024091
 20
73.19932789859831
 10
61.04642455563753
 20
73.09060894667823
 10
61.013356528876045
 20
72.9834050369337
 10
60.97498593444946
 20
72.8779826951756
 10
60.931408167701264
 20
72.77460401795611
 10
60.88273156982581
 20
72.67352602095539
 10
60.829077158514984
 20
72.57499999999999
 10
60.77057832708924
 20
72.47927090630205
 10
60.707380512860674
 20
72.3865767374717
 10
60.63964083555307
 20
72.29714794581787
 10
60.5675277066774
 20
72.21120686540706
 10
60.491220410834366
 20
72.12896715930634
 10
60.41090865998457
 20
72.05063328838287
 10
60.32679212179471
 20
71.9764000029823
 10
60.239079923232325
 20
71.90645185874843
 10
60.14799013064315
 20
71.84096275778901
 10
60.05374920760387
 20
71.78009551632763
 10
59.956591451897964
 20
71.72400145991696
 10
59.856758413014504
 20
71.67282004721955
 10
59.75449829161806
 20
71.62667852329159
 10
59.65006532248276
 20
71.58569160323174
 10
59.543719142424536
 20
71.5499611869812
 10
59.43572414480316
 20
71.51957610598456
 10
59.326348822198646
 20
71.49461190234078
 10
59.215865098896394
 20
71.47513064099343
 10
59.10454765484059
 20
71.46118075542785
 10
58.992673242736565
 20
71.45279692725745
 10
58.880520000000004
 20
71.44999999999999
 10
50.68052
 20
71.44999999999999
 10
50.56836675726343
 20
71.45279692725745
 10
50.45649234515942
 20
71.46118075542785
 10
50.34517490110361
 20
71.47513064099343
 10
50.23469117780136
 20
71.49461190234078
 10
50.12531585519684
 20
71.51957610598456
 10
50.01732085757546
 20
71.5499611869812
 10
49.910974677517245
 20
71.58569160323174
 10
49.80654170838194
 20
71.62667852329159
 10
49.704281586985495
 20
71.67282004721955
 10
49.604448548102035
 20
71.72400145991702
 10
49.50729079239613
 20
71.78009551632763
 10
49.413049869356854
 20
71.84096275778901
 10
49.321960076767674
 20
71.90645185874843
 10
49.23424787820529
 20
71.9764000029823
 10
49.150131340015434
 20
72.05063328838287
 10
49.06981958916563
 20
72.12896715930634
 10
48.9935122933226
 20
72.21120686540706
 10
48.92139916444693
 20
72.29714794581787
 10
48.853659487139325
 20
72.3865767374717
 10
48.790461672910766
 20
72.47927090630205
 10
48.731962841485014
 20
72.57499999999999
 10
48.6783084301742
 20
72.67352602095539
 10
48.629631832298735
 20
72.77460401795611
 10
48.58605406555054
 20
72.8779826951756
 10
48.54768347112396
 20
72.9834050369337
 10
48.51461544436248
 20
73.09060894667823
 10
48.486932197590896
 20
73.19932789859831
 10
48.46470255572253
 20
73.3092916002494
 10
48.447981785149615
 20
73.42022666454318
 10
48.43681145634234
 20
73.53185728943055
 10
48.43121934049817
 20
73.64390594358935
 10
48.43121934049817
 20
73.75609405641066
 10
48.43681145634234
 20
73.86814271056946
 10
48.447981785149615
 20
73.97977333545683
 10
48.46470255572253
 20
74.09070839975061
 10
48.486932197590896
 20
74.2006721014017
 10
48.51461544436248
 20
74.30939105332178
 10
48.54768347112396
 20
74.4165949630663
 10
48.58605406555054
 20
74.52201730482437
 10
48.629631832298735
 20
74.6253959820439
 10
48.6783084301742
 20
74.72647397904461
 10
48.731962841485014
 20
74.82499999999999
 10
48.790461672910766
 20
74.92072909369796
 10
48.853659487139325
 20
75.0134232625283
 10
48.92139916444693
 20
75.10285205418214
 10
48.9935122933226
 20
75.18879313459291
 10
49.06981958916563
 20
75.27103284069366
 10
49.150131340015434
 20
75.34936671161714
 10
49.23424787820529
 20
75.4235999970177
 10
49.321960076767674
 20
75.49354814125158
 10
49.413049869356854
 20
75.55903724221099
 10
49.50729079239613
 20
75.61990448367237
 10
49.604448548102035
 20
75.67599854008304
 10
49.704281586985495
 20
75.72717995278043
 10
49.80654170838194
 20
75.77332147670842
 10
49.910974677517245
 20
75.81430839676827
 10
50.01732085757546
 20
75.85003881301881
 10
50.12531585519684
 20
75.88042389401545
 10
50.23469117780136
 20
75.90538809765923
 10
50.34517490110361
 20
75.92486935900655
 10
50.45649234515942
 20
75.93881924457213
 10
50.56836675726343
 20
75.94720307274255
 10
50.68052
 20
75.94999999999999
  0
LWPOLYLINE
  5
3A
330
17
100
AcDbEntity
  8
IC_DELIKLER
100
AcDbPolyline
 90
128
 70
1
 10
41.28052
 20
84.65
 10
41.39267324273657
 20
84.64720307274257
 10
41.504547654840586
 20
84.63881924457215
 10
41.61586509889639
 20
84.62486935900657
 10
41.726348822198645
 20
84.60538809765922
 10
41.835724144803166
 20
84.58042389401544
 10
41.94371914242454
 20
84.55003881301883
 10
42.05006532248275
 20
84.51430839676829
 10
42.15449829161806
 20
84.4733214767084
 10
42.25675841301451
 20
84.42717995278045
 10
42.35659145189797
 20
84.375998540083
 10
42.45374920760388
 20
84.31990448367236
 10
42.54799013064315
 20
84.25903724221098
 10
42.63907992323233
 20
84.1935481412516
 10
42.726792121794716
 20
84.12359999701772
 10
42.81090865998457
 20
84.04936671161713
 10
42.89122041083437
 20
83.97103284069368
 10
42.9675277066774
 20
83.88879313459293
 10
43.03964083555307
 20
83.80285205418213
 10
43.10738051286068
 20
83.7134232625283
 10
43.17057832708924
 20
83.62072909369795
 10
43.22907715851498
 20
83.525
 10
43.282731569825806
 20
83.4264739790446
 10
43.33140816770127
 20
83.32539598204389
 10
43.37498593444946
 20
83.22201730482439
 10
43.413356528876044
 20
83.11659496306629
 10
43.44642455563753
 20
83.00939105332176
 10
43.47410780240911
 20
82.90067210140168
 10
43.49633744427747
 20
82.7907083997506
 10
43.51305821485039
 20
82.67977333545682
 10
43.52422854365766
 20
82.56814271056948
 10
43.52982065950184
 20
82.45609405641068
 10
43.52982065950184
 20
82.34390594358933
 10
43.52422854365766
 20
82.23185728943054
 10
43.51305821485039
 20
82.12022666454317
 10
43.49633744427747
 20
82.00929160024938
 10
43.47410780240911
 20
81.8993278985983
 10
43.44642455563753
 20
81.79060894667822
 10
43.413356528876044
 20
81.68340503693372
 10
43.37498593444946
 20
81.57798269517562
 10
43.33140816770127
 20
81.4746040179561
 10
43.282731569825806
 20
81.37352602095538
 10
43.22907715851498
 20
81.275
 10
43.17057832708924
 20
81.17927090630207
 10
43.10738051286068
 20
81.08657673747172
 10
43.03964083555307
 20
80.99714794581786
 10
42.9675277066774
 20
80.91120686540708
 10
42.89122041083437
 20
80.82896715930633
 10
42.81090865998457
 20
80.75063328838286
 10
42.726792121794716
 20
80.67640000298229
 10
42.63907992323233
 20
80.60645185874841
 10
42.54799013064315
 20
80.54096275778903
 10
42.45374920760388
 20
80.48009551632762
 10
42.35659145189797
 20
80.42400145991695
 10
42.25675841301451
 20
80.37282004721956
 10
42.15449829161806
 20
80.3266785232916
 10
42.05006532248275
 20
80.28569160323173
 10
41.94371914242454
 20
80.24996118698118
 10
41.835724144803166
 20
80.21957610598457
 10
41.726348822198645
 20
80.1946119023408
 10
41.61586509889639
 20
80.17513064099344
 10
41.504547654840586
 20
80.16118075542786
 10
41.39267324273657
 20
80.15279692725744
 10
41.28052
 20
80.15
 10
33.08052
 20
80.15
 10
32.96836675726343
 20
80.15279692725744
 10
32.85649234515942
 20
80.16118075542786
 10
32.74517490110361
 20
80.17513064099344
 10
32.63469117780136
 20
80.1946119023408
 10
32.52531585519684
 20
80.21957610598457
 10
32.41732085757546
 20
80.24996118698118
 10
32.31097467751725
 20
80.28569160323173
 10
32.20654170838194
 20
80.3266785232916
 10
32.10428158698549
 20
80.37282004721956
 10
32.00444854810203
 20
80.42400145991701
 10
31.90729079239613
 20
80.48009551632762
 10
31.813049869356853
 20
80.54096275778903
 10
31.721960076767676
 20
80.60645185874841
 10
31.634247878205286
 20
80.67640000298229
 10
31.550131340015433
 20
80.75063328838286
 10
31.46981958916563
 20
80.82896715930633
 10
31.3935122933226
 20
80.91120686540708
 10
31.321399164446934
 20
80.99714794581786
 10
31.253659487139323
 20
81.08657673747172
 10
31.190461672910764
 20
81.17927090630207
 10
31.131962841485016
 20
81.275
 10
31.078308430174197
 20
81.37352602095538
 10
31.029631832298737
 20
81.4746040179561
 10
30.98605406555054
 20
81.57798269517562
 10
30.94768347112396
 20
81.68340503693372
 10
30.914615444362475
 20
81.79060894667822
 10
30.886932197590898
 20
81.8993278985983
 10
30.864702555722534
 20
82.00929160024938
 10
30.847981785149614
 20
82.12022666454317
 10
30.836811456342343
 20
82.23185728943054
 10
30.831219340498166
 20
82.34390594358933
 10
30.831219340498166
 20
82.45609405641068
 10
30.836811456342343
 20
82.56814271056948
 10
30.847981785149614
 20
82.67977333545682
 10
30.864702555722534
 20
82.7907083997506
 10
30.886932197590898
 20
82.90067210140168
 10
30.914615444362475
 20
83.00939105332176
 10
30.94768347112396
 20
83.11659496306629
 10
30.98605406555054
 20
83.22201730482439
 10
31.029631832298737
 20
83.32539598204389
 10
31.078308430174197
 20
83.4264739790446
 10
31.131962841485016
 20
83.525
 10
31.190461672910764
 20
83.62072909369795
 10
31.253659487139323
 20
83.7134232625283
 10
31.321399164446934
 20
83.80285205418213
 10
31.3935122933226
 20
83.88879313459293
 10
31.46981958916563
 20
83.97103284069368
 10
31.550131340015433
 20
84.04936671161713
 10
31.634247878205286
 20
84.12359999701772
 10
31.721960076767676
 20
84.1935481412516
 10
31.813049869356853
 20
84.25903724221098
 10
31.90729079239613
 20
84.31990448367236
 10
32.00444854810203
 20
84.37599854008303
 10
32.10428158698549
 20
84.42717995278045
 10
32.20654170838194
 20
84.4733214767084
 10
32.31097467751725
 20
84.51430839676829
 10
32.41732085757546
 20
84.55003881301883
 10
32.52531585519684
 20
84.58042389401544
 10
32.63469117780136
 20
84.60538809765922
 10
32.74517490110361
 20
84.62486935900657
 10
32.85649234515942
 20
84.63881924457215
 10
32.96836675726343
 20
84.64720307274257
 10
33.08052
 20
84.65
  0
LWPOLYLINE
  5
3B
330
17
100
AcDbEntity
  8
IC_DELIKLER
100
AcDbPolyline
 90
128
 70
1
 10
58.880520000000004
 20
84.65
 10
58.992673242736565
 20
84.64720307274257
 10
59.10454765484059
 20
84.63881924457215
 10
59.215865098896394
 20
84.62486935900657
 10
59.326348822198646
 20
84.60538809765922
 10
59.43572414480316
 20
84.58042389401544
 10
59.543719142424536
 20
84.55003881301883
 10
59.65006532248276
 20
84.51430839676829
 10
59.75449829161806
 20
84.4733214767084
 10
59.856758413014504
 20
84.42717995278045
 10
59.956591451897964
 20
84.375998540083
 10
60.05374920760387
 20
84.31990448367236
 10
60.14799013064315
 20
84.25903724221098
 10
60.239079923232325
 20
84.1935481412516
 10
60.32679212179471
 20
84.12359999701772
 10
60.41090865998457
 20
84.04936671161713
 10
60.491220410834366
 20
83.97103284069368
 10
60.5675277066774
 20
83.88879313459293
 10
60.63964083555307
 20
83.80285205418213
 10
60.707380512860674
 20
83.7134232625283
 10
60.77057832708924
 20
83.62072909369795
 10
60.829077158514984
 20
83.525
 10
60.88273156982581
 20
83.4264739790446
 10
60.931408167701264
 20
83.32539598204389
 10
60.97498593444946
 20
83.22201730482439
 10
61.013356528876045
 20
83.11659496306629
 10
61.04642455563753
 20
83.00939105332176
 10
61.0741078024091
 20
82.90067210140168
 10
61.09633744427747
 20
82.7907083997506
 10
61.11305821485039
 20
82.67977333545682
 10
61.12422854365766
 20
82.56814271056948
 10
61.129820659501846
 20
82.45609405641068
 10
61.129820659501846
 20
82.34390594358933
 10
61.12422854365766
 20
82.23185728943054
 10
61.11305821485039
 20
82.12022666454317
 10
61.09633744427747
 20
82.00929160024938
 10
61.0741078024091
 20
81.8993278985983
 10
61.04642455563753
 20
81.79060894667822
 10
61.013356528876045
 20
81.68340503693372
 10
60.97498593444946
 20
81.57798269517562
 10
60.931408167701264
 20
81.4746040179561
 10
60.88273156982581
 20
81.37352602095538
 10
60.829077158514984
 20
81.275
 10
60.77057832708924
 20
81.17927090630207
 10
60.707380512860674
 20
81.08657673747172
 10
60.63964083555307
 20
80.99714794581786
 10
60.5675277066774
 20
80.91120686540708
 10
60.491220410834366
 20
80.82896715930633
 10
60.41090865998457
 20
80.75063328838286
 10
60.32679212179471
 20
80.67640000298229
 10
60.239079923232325
 20
80.60645185874841
 10
60.14799013064315
 20
80.54096275778903
 10
60.05374920760387
 20
80.48009551632762
 10
59.956591451897964
 20
80.42400145991695
 10
59.856758413014504
 20
80.37282004721956
 10
59.75449829161806
 20
80.3266785232916
 10
59.65006532248276
 20
80.28569160323173
 10
59.543719142424536
 20
80.24996118698118
 10
59.43572414480316
 20
80.21957610598457
 10
59.326348822198646
 20
80.1946119023408
 10
59.215865098896394
 20
80.17513064099344
 10
59.10454765484059
 20
80.16118075542786
 10
58.992673242736565
 20
80.15279692725744
 10
58.880520000000004
 20
80.15
 10
50.68052
 20
80.15
 10
50.56836675726343
 20
80.15279692725744
 10
50.45649234515942
 20
80.16118075542786
 10
50.34517490110361
 20
80.17513064099344
 10
50.23469117780136
 20
80.1946119023408
 10
50.12531585519684
 20
80.21957610598457
 10
50.01732085757546
 20
80.24996118698118
 10
49.910974677517245
 20
80.28569160323173
 10
49.80654170838194
 20
80.3266785232916
 10
49.704281586985495
 20
80.37282004721956
 10
49.604448548102035
 20
80.42400145991701
 10
49.50729079239613
 20
80.48009551632762
 10
49.413049869356854
 20
80.54096275778903
 10
49.321960076767674
 20
80.60645185874841
 10
49.23424787820529
 20
80.67640000298229
 10
49.150131340015434
 20
80.75063328838286
 10
49.06981958916563
 20
80.82896715930633
 10
48.9935122933226
 20
80.91120686540708
 10
48.92139916444693
 20
80.99714794581786
 10
48.853659487139325
 20
81.08657673747172
 10
48.790461672910766
 20
81.17927090630207
 10
48.731962841485014
 20
81.275
 10
48.6783084301742
 20
81.37352602095538
 10
48.629631832298735
 20
81.4746040179561
 10
48.58605406555054
 20
81.57798269517562
 10
48.54768347112396
 20
81.68340503693372
 10
48.51461544436248
 20
81.79060894667822
 10
48.486932197590896
 20
81.8993278985983
 10
48.46470255572253
 20
82.00929160024938
 10
48.447981785149615
 20
82.12022666454317
 10
48.43681145634234
 20
82.23185728943054
 10
48.43121934049817
 20
82.34390594358933
 10
48.43121934049817
 20
82.45609405641068
 10
48.43681145634234
 20
82.56814271056948
 10
48.447981785149615
 20
82.67977333545682
 10
48.46470255572253
 20
82.7907083997506
 10
48.486932197590896
 20
82.90067210140168
 10
48.51461544436248
 20
83.00939105332176
 10
48.54768347112396
 20
83.11659496306629
 10
48.58605406555054
 20
83.22201730482439
 10
48.629631832298735
 20
83.32539598204389
 10
48.6783084301742
 20
83.4264739790446
 10
48.731962841485014
 20
83.525
 10
48.790461672910766
 20
83.62072909369795
 10
48.853659487139325
 20
83.7134232625283
 10
48.92139916444693
 20
83.80285205418213
 10
48.9935122933226
 20
83.88879313459293
 10
49.06981958916563
 20
83.97103284069368
 10
49.150131340015434
 20
84.04936671161713
 10
49.23424787820529
 20
84.12359999701772
 10
49.321960076767674
 20
84.1935481412516
 10
49.413049869356854
 20
84.25903724221098
 10
49.50729079239613
 20
84.31990448367236
 10
49.604448548102035
 20
84.37599854008303
 10
49.704281586985495
 20
84.42717995278045
 10
49.80654170838194
 20
84.4733214767084
 10
49.910974677517245
 20
84.51430839676829
 10
50.01732085757546
 20
84.55003881301883
 10
50.12531585519684
 20
84.58042389401544
 10
50.23469117780136
 20
84.60538809765922
 10
50.34517490110361
 20
84.62486935900657
 10
50.45649234515942
 20
84.63881924457215
 10
50.56836675726343
 20
84.64720307274257
 10
50.68052
 20
84.65
  0
LWPOLYLINE
  5
3C
330
17
100
AcDbEntity
  8
IC_DELIKLER
100
AcDbPolyline
 90
128
 70
1
 10
41.28052
 20
93.25
 10
41.39267324273657
 20
93.24720307274256
 10
41.504547654840586
 20
93.23881924457214
 10
41.61586509889639
 20
93.22486935900656
 10
41.726348822198645
 20
93.20538809765921
 10
41.835724144803166
 20
93.18042389401543
 10
41.94371914242454
 20
93.15003881301882
 10
42.05006532248275
 20
93.11430839676828
 10
42.15449829161806
 20
93.0733214767084
 10
42.25675841301451
 20
93.02717995278044
 10
42.35659145189797
 20
92.975998540083
 10
42.45374920760388
 20
92.91990448367238
 10
42.54799013064315
 20
92.85903724221097
 10
42.63907992323233
 20
92.79354814125159
 10
42.726792121794716
 20
92.72359999701771
 10
42.81090865998457
 20
92.64936671161712
 10
42.89122041083437
 20
92.57103284069368
 10
42.9675277066774
 20
92.48879313459292
 10
43.03964083555307
 20
92.40285205418212
 10
43.10738051286068
 20
92.31342326252829
 10
43.17057832708924
 20
92.22072909369794
 10
43.22907715851498
 20
92.125
 10
43.282731569825806
 20
92.02647397904462
 10
43.33140816770127
 20
91.92539598204388
 10
43.37498593444946
 20
91.82201730482439
 10
43.413356528876044
 20
91.71659496306629
 10
43.44642455563753
 20
91.60939105332176
 10
43.47410780240911
 20
91.50067210140168
 10
43.49633744427747
 20
91.39070839975062
 10
43.51305821485039
 20
91.27977333545681
 10
43.52422854365766
 20
91.16814271056947
 10
43.52982065950184
 20
91.05609405641067
 10
43.52982065950184
 20
90.94390594358933
 10
43.52422854365766
 20
90.83185728943053
 10
43.51305821485039
 20
90.72022666454319
 10
43.49633744427747
 20
90.60929160024938
 10
43.47410780240911
 20
90.49932789859832
 10
43.44642455563753
 20
90.39060894667824
 10
43.413356528876044
 20
90.28340503693371
 10
43.37498593444946
 20
90.17798269517561
 10
43.33140816770127
 20
90.07460401795612
 10
43.282731569825806
 20
89.97352602095538
 10
43.22907715851498
 20
89.875
 10
43.17057832708924
 20
89.77927090630206
 10
43.10738051286068
 20
89.68657673747171
 10
43.03964083555307
 20
89.59714794581788
 10
42.9675277066774
 20
89.51120686540708
 10
42.89122041083437
 20
89.42896715930632
 10
42.81090865998457
 20
89.35063328838288
 10
42.726792121794716
 20
89.27640000298229
 10
42.63907992323233
 20
89.20645185874841
 10
42.54799013064315
 20
89.14096275778903
 10
42.45374920760388
 20
89.08009551632762
 10
42.35659145189797
 20
89.02400145991697
 10
42.25675841301451
 20
88.97282004721956
 10
42.15449829161806
 20
88.9266785232916
 10
42.05006532248275
 20
88.88569160323172
 10
41.94371914242454
 20
88.84996118698118
 10
41.835724144803166
 20
88.81957610598457
 10
41.726348822198645
 20
88.79461190234079
 10
41.61586509889639
 20
88.77513064099344
 10
41.504547654840586
 20
88.76118075542786
 10
41.39267324273657
 20
88.75279692725744
 10
41.28052
 20
88.75
 10
33.08052
 20
88.75
 10
32.96836675726343
 20
88.75279692725744
 10
32.85649234515942
 20
88.76118075542786
 10
32.74517490110361
 20
88.77513064099344
 10
32.63469117780136
 20
88.79461190234079
 10
32.52531585519684
 20
88.81957610598457
 10
32.41732085757546
 20
88.84996118698118
 10
32.31097467751725
 20
88.88569160323172
 10
32.20654170838194
 20
88.9266785232916
 10
32.10428158698549
 20
88.97282004721956
 10
32.00444854810203
 20
89.024001459917
 10
31.90729079239613
 20
89.08009551632762
 10
31.813049869356853
 20
89.14096275778903
 10
31.721960076767676
 20
89.20645185874841
 10
31.634247878205286
 20
89.27640000298229
 10
31.550131340015433
 20
89.35063328838288
 10
31.46981958916563
 20
89.42896715930632
 10
31.3935122933226
 20
89.51120686540708
 10
31.321399164446934
 20
89.59714794581788
 10
31.253659487139323
 20
89.68657673747171
 10
31.190461672910764
 20
89.77927090630206
 10
31.131962841485016
 20
89.875
 10
31.078308430174197
 20
89.97352602095538
 10
31.029631832298737
 20
90.07460401795612
 10
30.98605406555054
 20
90.17798269517561
 10
30.94768347112396
 20
90.28340503693371
 10
30.914615444362475
 20
90.39060894667824
 10
30.886932197590898
 20
90.49932789859832
 10
30.864702555722534
 20
90.60929160024938
 10
30.847981785149614
 20
90.72022666454319
 10
30.836811456342343
 20
90.83185728943053
 10
30.831219340498166
 20
90.94390594358933
 10
30.831219340498166
 20
91.05609405641067
 10
30.836811456342343
 20
91.16814271056947
 10
30.847981785149614
 20
91.27977333545681
 10
30.864702555722534
 20
91.39070839975062
 10
30.886932197590898
 20
91.50067210140168
 10
30.914615444362475
 20
91.60939105332176
 10
30.94768347112396
 20
91.71659496306629
 10
30.98605406555054
 20
91.82201730482439
 10
31.029631832298737
 20
91.92539598204388
 10
31.078308430174197
 20
92.02647397904462
 10
31.131962841485016
 20
92.125
 10
31.190461672910764
 20
92.22072909369794
 10
31.253659487139323
 20
92.31342326252829
 10
31.321399164446934
 20
92.40285205418212
 10
31.3935122933226
 20
92.48879313459292
 10
31.46981958916563
 20
92.57103284069368
 10
31.550131340015433
 20
92.64936671161712
 10
31.634247878205286
 20
92.72359999701771
 10
31.721960076767676
 20
92.79354814125159
 10
31.813049869356853
 20
92.85903724221097
 10
31.90729079239613
 20
92.91990448367238
 10
32.00444854810203
 20
92.97599854008303
 10
32.10428158698549
 20
93.02717995278044
 10
32.20654170838194
 20
93.0733214767084
 10
32.31097467751725
 20
93.11430839676828
 10
32.41732085757546
 20
93.15003881301882
 10
32.52531585519684
 20
93.18042389401543
 10
32.63469117780136
 20
93.20538809765921
 10
32.74517490110361
 20
93.22486935900656
 10
32.85649234515942
 20
93.23881924457214
 10
32.96836675726343
 20
93.24720307274256
 10
33.08052
 20
93.25
  0
LWPOLYLINE
  5
3D
330
17
100
AcDbEntity
  8
IC_DELIKLER
100
AcDbPolyline
 90
128
 70
1
 10
58.880520000000004
 20
93.25
 10
58.992673242736565
 20
93.24720307274256
 10
59.10454765484059
 20
93.23881924457214
 10
59.215865098896394
 20
93.22486935900656
 10
59.326348822198646
 20
93.20538809765921
 10
59.43572414480316
 20
93.18042389401543
 10
59.543719142424536
 20
93.15003881301882
 10
59.65006532248276
 20
93.11430839676828
 10
59.75449829161806
 20
93.0733214767084
 10
59.856758413014504
 20
93.02717995278044
 10
59.956591451897964
 20
92.975998540083
 10
60.05374920760387
 20
92.91990448367238
 10
60.14799013064315
 20
92.85903724221097
 10
60.239079923232325
 20
92.79354814125159
 10
60.32679212179471
 20
92.72359999701771
 10
60.41090865998457
 20
92.64936671161712
 10
60.491220410834366
 20
92.57103284069368
 10
60.5675277066774
 20
92.48879313459292
 10
60.63964083555307
 20
92.40285205418212
 10
60.707380512860674
 20
92.31342326252829
 10
60.77057832708924
 20
92.22072909369794
 10
60.829077158514984
 20
92.125
 10
60.88273156982581
 20
92.02647397904462
 10
60.931408167701264
 20
91.92539598204388
 10
60.97498593444946
 20
91.82201730482439
 10
61.013356528876045
 20
91.71659496306629
 10
61.04642455563753
 20
91.60939105332176
 10
61.0741078024091
 20
91.50067210140168
 10
61.09633744427747
 20
91.39070839975062
 10
61.11305821485039
 20
91.27977333545681
 10
61.12422854365766
 20
91.16814271056947
 10
61.129820659501846
 20
91.05609405641067
 10
61.129820659501846
 20
90.94390594358933
 10
61.12422854365766
 20
90.83185728943053
 10
61.11305821485039
 20
90.72022666454319
 10
61.09633744427747
 20
90.60929160024938
 10
61.0741078024091
 20
90.49932789859832
 10
61.04642455563753
 20
90.39060894667824
 10
61.013356528876045
 20
90.28340503693371
 10
60.97498593444946
 20
90.17798269517561
 10
60.931408167701264
 20
90.07460401795612
 10
60.88273156982581
 20
89.97352602095538
 10
60.829077158514984
 20
89.875
 10
60.77057832708924
 20
89.77927090630206
 10
60.707380512860674
 20
89.68657673747171
 10
60.63964083555307
 20
89.59714794581788
 10
60.5675277066774
 20
89.51120686540708
 10
60.491220410834366
 20
89.42896715930632
 10
60.41090865998457
 20
89.35063328838288
 10
60.32679212179471
 20
89.27640000298229
 10
60.239079923232325
 20
89.20645185874841
 10
60.14799013064315
 20
89.14096275778903
 10
60.05374920760387
 20
89.08009551632762
 10
59.956591451897964
 20
89.02400145991697
 10
59.856758413014504
 20
88.97282004721956
 10
59.75449829161806
 20
88.9266785232916
 10
59.65006532248276
 20
88.88569160323172
 10
59.543719142424536
 20
88.84996118698118
 10
59.43572414480316
 20
88.81957610598457
 10
59.326348822198646
 20
88.79461190234079
 10
59.215865098896394
 20
88.77513064099344
 10
59.10454765484059
 20
88.76118075542786
 10
58.992673242736565
 20
88.75279692725744
 10
58.880520000000004
 20
88.75
 10
50.68052
 20
88.75
 10
50.56836675726343
 20
88.75279692725744
 10
50.45649234515942
 20
88.76118075542786
 10
50.34517490110361
 20
88.77513064099344
 10
50.23469117780136
 20
88.79461190234079
 10
50.12531585519684
 20
88.81957610598457
 10
50.01732085757546
 20
88.84996118698118
 10
49.910974677517245
 20
88.88569160323172
 10
49.80654170838194
 20
88.9266785232916
 10
49.704281586985495
 20
88.97282004721956
 10
49.604448548102035
 20
89.024001459917
 10
49.50729079239613
 20
89.08009551632762
 10
49.413049869356854
 20
89.14096275778903
 10
49.321960076767674
 20
89.20645185874841
 10
49.23424787820529
 20
89.27640000298229
 10
49.150131340015434
 20
89.35063328838288
 10
49.06981958916563
 20
89.42896715930632
 10
48.9935122933226
 20
89.51120686540708
 10
48.92139916444693
 20
89.59714794581788
 10
48.853659487139325
 20
89.68657673747171
 10
48.790461672910766
 20
89.77927090630206
 10
48.731962841485014
 20
89.875
 10
48.6783084301742
 20
89.97352602095538
 10
48.629631832298735
 20
90.07460401795612
 10
48.58605406555054
 20
90.17798269517561
 10
48.54768347112396
 20
90.28340503693371
 10
48.51461544436248
 20
90.39060894667824
 10
48.486932197590896
 20
90.49932789859832
 10
48.46470255572253
 20
90.60929160024938
 10
48.447981785149615
 20
90.72022666454319
 10
48.43681145634234
 20
90.83185728943053
 10
48.43121934049817
 20
90.94390594358933
 10
48.43121934049817
 20
91.05609405641067
 10
48.43681145634234
 20
91.16814271056947
 10
48.447981785149615
 20
91.27977333545681
 10
48.46470255572253
 20
91.39070839975062
 10
48.486932197590896
 20
91.50067210140168
 10
48.51461544436248
 20
91.60939105332176
 10
48.54768347112396
 20
91.71659496306629
 10
48.58605406555054
 20
91.82201730482439
 10
48.629631832298735
 20
91.92539598204388
 10
48.6783084301742
 20
92.02647397904462
 10
48.731962841485014
 20
92.125
 10
48.790461672910766
 20
92.22072909369794
 10
48.853659487139325
 20
92.31342326252829
 10
48.92139916444693
 20
92.40285205418212
 10
48.9935122933226
 20
92.48879313459292
 10
49.06981958916563
 20
92.57103284069368
 10
49.150131340015434
 20
92.64936671161712
 10
49.23424787820529
 20
92.72359999701771
 10
49.321960076767674
 20
92.79354814125159
 10
49.413049869356854
 20
92.85903724221097
 10
49.50729079239613
 20
92.91990448367238
 10
49.604448548102035
 20
92.97599854008303
 10
49.704281586985495
 20
93.02717995278044
 10
49.80654170838194
 20
93.0733214767084
 10
49.910974677517245
 20
93.11430839676828
 10
50.01732085757546
 20
93.15003881301882
 10
50.12531585519684
 20
93.18042389401543
 10
50.23469117780136
 20
93.20538809765921
 10
50.34517490110361
 20
93.22486935900656
 10
50.45649234515942
 20
93.23881924457214
 10
50.56836675726343
 20
93.24720307274256
 10
50.68052
 20
93.25
  0
LWPOLYLINE
  5
3E
330
17
100
AcDbEntity
  8
IC_DELIKLER
100
AcDbPolyline
 90
128
 70
1
 10
41.28052
 20
101.94999999999999
 10
41.39267324273657
 20
101.94720307274258
 10
41.504547654840586
 20
101.93881924457216
 10
41.61586509889639
 20
101.92486935900655
 10
41.726348822198645
 20
101.90538809765923
 10
41.835724144803166
 20
101.88042389401542
 10
41.94371914242454
 20
101.85003881301881
 10
42.05006532248275
 20
101.8143083967683
 10
42.15449829161806
 20
101.77332147670842
 10
42.25675841301451
 20
101.72717995278043
 10
42.35659145189797
 20
101.67599854008301
 10
42.45374920760388
 20
101.61990448367234
 10
42.54799013064315
 20
101.55903724221099
 10
42.63907992323233
 20
101.49354814125158
 10
42.726792121794716
 20
101.4235999970177
 10
42.81090865998457
 20
101.34936671161711
 10
42.89122041083437
 20
101.27103284069366
 10
42.9675277066774
 20
101.18879313459291
 10
43.03964083555307
 20
101.10285205418216
 10
43.10738051286068
 20
101.01342326252828
 10
43.17057832708924
 20
100.92072909369796
 10
43.22907715851498
 20
100.82499999999999
 10
43.282731569825806
 20
100.72647397904461
 10
43.33140816770127
 20
100.62539598204387
 10
43.37498593444946
 20
100.52201730482437
 10
43.413356528876044
 20
100.4165949630663
 10
43.44642455563753
 20
100.30939105332178
 10
43.47410780240911
 20
100.20067210140172
 10
43.49633744427747
 20
100.09070839975058
 10
43.51305821485039
 20
99.97977333545685
 10
43.52422854365766
 20
99.86814271056946
 10
43.52982065950184
 20
99.75609405641066
 10
43.52982065950184
 20
99.64390594358935
 10
43.52422854365766
 20
99.53185728943055
 10
43.51305821485039
 20
99.42022666454315
 10
43.49633744427747
 20
99.30929160024942
 10
43.47410780240911
 20
99.19932789859828
 10
43.44642455563753
 20
99.09060894667823
 10
43.413356528876044
 20
98.9834050369337
 10
43.37498593444946
 20
98.8779826951756
 10
43.33140816770127
 20
98.77460401795614
 10
43.282731569825806
 20
98.67352602095539
 10
43.22907715851498
 20
98.57499999999999
 10
43.17057832708924
 20
98.47927090630202
 10
43.10738051286068
 20
98.38657673747173
 10
43.03964083555307
 20
98.29714794581784
 10
42.9675277066774
 20
98.21120686540706
 10
42.89122041083437
 20
98.12896715930634
 10
42.81090865998457
 20
98.0506332883829
 10
42.726792121794716
 20
97.9764000029823
 10
42.63907992323233
 20
97.90645185874843
 10
42.54799013064315
 20
97.84096275778901
 10
42.45374920760388
 20
97.78009551632766
 10
42.35659145189797
 20
97.72400145991699
 10
42.25675841301451
 20
97.67282004721955
 10
42.15449829161806
 20
97.62667852329159
 10
42.05006532248275
 20
97.58569160323171
 10
41.94371914242454
 20
97.5499611869812
 10
41.835724144803166
 20
97.51957610598458
 10
41.726348822198645
 20
97.49461190234078
 10
41.61586509889639
 20
97.47513064099346
 10
41.504547654840586
 20
97.46118075542785
 10
41.39267324273657
 20
97.45279692725742
 10
41.28052
 20
97.44999999999999
 10
33.08052
 20
97.44999999999999
 10
32.96836675726343
 20
97.45279692725742
 10
32.85649234515942
 20
97.46118075542785
 10
32.74517490110361
 20
97.47513064099346
 10
32.63469117780136
 20
97.49461190234078
 10
32.52531585519684
 20
97.51957610598458
 10
32.41732085757546
 20
97.5499611869812
 10
32.31097467751725
 20
97.58569160323171
 10
32.20654170838194
 20
97.62667852329159
 10
32.10428158698549
 20
97.67282004721955
 10
32.00444854810203
 20
97.72400145991699
 10
31.90729079239613
 20
97.78009551632766
 10
31.813049869356853
 20
97.84096275778901
 10
31.721960076767676
 20
97.90645185874843
 10
31.634247878205286
 20
97.9764000029823
 10
31.550131340015433
 20
98.0506332883829
 10
31.46981958916563
 20
98.12896715930634
 10
31.3935122933226
 20
98.21120686540706
 10
31.321399164446934
 20
98.29714794581784
 10
31.253659487139323
 20
98.38657673747173
 10
31.190461672910764
 20
98.47927090630202
 10
31.131962841485016
 20
98.57499999999999
 10
31.078308430174197
 20
98.67352602095539
 10
31.029631832298737
 20
98.77460401795614
 10
30.98605406555054
 20
98.8779826951756
 10
30.94768347112396
 20
98.9834050369337
 10
30.914615444362475
 20
99.09060894667823
 10
30.886932197590898
 20
99.19932789859828
 10
30.864702555722534
 20
99.30929160024942
 10
30.847981785149614
 20
99.42022666454315
 10
30.836811456342343
 20
99.53185728943055
 10
30.831219340498166
 20
99.64390594358935
 10
30.831219340498166
 20
99.75609405641066
 10
30.836811456342343
 20
99.86814271056946
 10
30.847981785149614
 20
99.97977333545685
 10
30.864702555722534
 20
100.09070839975058
 10
30.886932197590898
 20
100.20067210140172
 10
30.914615444362475
 20
100.30939105332178
 10
30.94768347112396
 20
100.4165949630663
 10
30.98605406555054
 20
100.52201730482437
 10
31.029631832298737
 20
100.62539598204387
 10
31.078308430174197
 20
100.72647397904461
 10
31.131962841485016
 20
100.82499999999999
 10
31.190461672910764
 20
100.92072909369796
 10
31.253659487139323
 20
101.01342326252828
 10
31.321399164446934
 20
101.10285205418216
 10
31.3935122933226
 20
101.18879313459291
 10
31.46981958916563
 20
101.27103284069366
 10
31.550131340015433
 20
101.34936671161711
 10
31.634247878205286
 20
101.4235999970177
 10
31.721960076767676
 20
101.49354814125158
 10
31.813049869356853
 20
101.55903724221099
 10
31.90729079239613
 20
101.61990448367234
 10
32.00444854810203
 20
101.67599854008301
 10
32.10428158698549
 20
101.72717995278043
 10
32.20654170838194
 20
101.77332147670842
 10
32.31097467751725
 20
101.8143083967683
 10
32.41732085757546
 20
101.85003881301881
 10
32.52531585519684
 20
101.88042389401542
 10
32.63469117780136
 20
101.90538809765923
 10
32.74517490110361
 20
101.92486935900655
 10
32.85649234515942
 20
101.93881924457216
 10
32.96836675726343
 20
101.94720307274258
 10
33.08052
 20
101.94999999999999
  0
LWPOLYLINE
  5
3F
330
17
100
AcDbEntity
  8
IC_DELIKLER
100
AcDbPolyline
 90
128
 70
1
 10
58.880520000000004
 20
101.94999999999999
 10
58.992673242736565
 20
101.94720307274258
 10
59.10454765484059
 20
101.93881924457216
 10
59.215865098896394
 20
101.92486935900655
 10
59.326348822198646
 20
101.90538809765923
 10
59.43572414480316
 20
101.88042389401542
 10
59.543719142424536
 20
101.85003881301881
 10
59.65006532248276
 20
101.8143083967683
 10
59.75449829161806
 20
101.77332147670842
 10
59.856758413014504
 20
101.72717995278043
 10
59.956591451897964
 20
101.67599854008301
 10
60.05374920760387
 20
101.61990448367234
 10
60.14799013064315
 20
101.55903724221099
 10
60.239079923232325
 20
101.49354814125158
 10
60.32679212179471
 20
101.4235999970177
 10
60.41090865998457
 20
101.34936671161711
 10
60.491220410834366
 20
101.27103284069366
 10
60.5675277066774
 20
101.18879313459291
 10
60.63964083555307
 20
101.10285205418216
 10
60.707380512860674
 20
101.01342326252828
 10
60.77057832708924
 20
100.92072909369796
 10
60.829077158514984
 20
100.82499999999999
 10
60.88273156982581
 20
100.72647397904461
 10
60.931408167701264
 20
100.62539598204387
 10
60.97498593444946
 20
100.52201730482437
 10
61.013356528876045
 20
100.4165949630663
 10
61.04642455563753
 20
100.30939105332178
 10
61.0741078024091
 20
100.20067210140172
 10
61.09633744427747
 20
100.09070839975058
 10
61.11305821485039
 20
99.97977333545685
 10
61.12422854365766
 20
99.86814271056946
 10
61.129820659501846
 20
99.75609405641066
 10
61.129820659501846
 20
99.64390594358935
 10
61.12422854365766
 20
99.53185728943055
 10
61.11305821485039
 20
99.42022666454315
 10
61.09633744427747
 20
99.30929160024942
 10
61.0741078024091
 20
99.19932789859828
 10
61.04642455563753
 20
99.09060894667823
 10
61.013356528876045
 20
98.9834050369337
 10
60.97498593444946
 20
98.8779826951756
 10
60.931408167701264
 20
98.77460401795614
 10
60.88273156982581
 20
98.67352602095539
 10
60.829077158514984
 20
98.57499999999999
 10
60.77057832708924
 20
98.47927090630202
 10
60.707380512860674
 20
98.38657673747173
 10
60.63964083555307
 20
98.29714794581784
 10
60.5675277066774
 20
98.21120686540706
 10
60.491220410834366
 20
98.12896715930634
 10
60.41090865998457
 20
98.0506332883829
 10
60.32679212179471
 20
97.9764000029823
 10
60.239079923232325
 20
97.90645185874843
 10
60.14799013064315
 20
97.84096275778901
 10
60.05374920760387
 20
97.78009551632766
 10
59.956591451897964
 20
97.72400145991699
 10
59.856758413014504
 20
97.67282004721955
 10
59.75449829161806
 20
97.62667852329159
 10
59.65006532248276
 20
97.58569160323171
 10
59.543719142424536
 20
97.5499611869812
 10
59.43572414480316
 20
97.51957610598458
 10
59.326348822198646
 20
97.49461190234078
 10
59.215865098896394
 20
97.47513064099346
 10
59.10454765484059
 20
97.46118075542785
 10
58.992673242736565
 20
97.45279692725742
 10
58.880520000000004
 20
97.44999999999999
 10
50.68052
 20
97.44999999999999
 10
50.56836675726343
 20
97.45279692725742
 10
50.45649234515942
 20
97.46118075542785
 10
50.34517490110361
 20
97.47513064099346
 10
50.23469117780136
 20
97.49461190234078
 10
50.12531585519684
 20
97.51957610598458
 10
50.01732085757546
 20
97.5499611869812
 10
49.910974677517245
 20
97.58569160323171
 10
49.80654170838194
 20
97.62667852329159
 10
49.704281586985495
 20
97.67282004721955
 10
49.604448548102035
 20
97.72400145991699
 10
49.50729079239613
 20
97.78009551632766
 10
49.413049869356854
 20
97.84096275778901
 10
49.321960076767674
 20
97.90645185874843
 10
49.23424787820529
 20
97.9764000029823
 10
49.150131340015434
 20
98.0506332883829
 10
49.06981958916563
 20
98.12896715930634
 10
48.9935122933226
 20
98.21120686540706
 10
48.92139916444693
 20
98.29714794581784
 10
48.853659487139325
 20
98.38657673747173
 10
48.790461672910766
 20
98.47927090630202
 10
48.731962841485014
 20
98.57499999999999
 10
48.6783084301742
 20
98.67352602095539
 10
48.629631832298735
 20
98.77460401795614
 10
48.58605406555054
 20
98.8779826951756
 10
48.54768347112396
 20
98.9834050369337
 10
48.51461544436248
 20
99.09060894667823
 10
48.486932197590896
 20
99.19932789859828
 10
48.46470255572253
 20
99.30929160024942
 10
48.447981785149615
 20
99.42022666454315
 10
48.43681145634234
 20
99.53185728943055
 10
48.43121934049817
 20
99.64390594358935
 10
48.43121934049817
 20
99.75609405641066
 10
48.43681145634234
 20
99.86814271056946
 10
48.447981785149615
 20
99.97977333545685
 10
48.46470255572253
 20
100.09070839975058
 10
48.486932197590896
 20
100.20067210140172
 10
48.51461544436248
 20
100.30939105332178
 10
48.54768347112396
 20
100.4165949630663
 10
48.58605406555054
 20
100.52201730482437
 10
48.629631832298735
 20
100.62539598204387
 10
48.6783084301742
 20
100.72647397904461
 10
48.731962841485014
 20
100.82499999999999
 10
48.790461672910766
 20
100.92072909369796
 10
48.853659487139325
 20
101.01342326252828
 10
48.92139916444693
 20
101.10285205418216
 10
48.9935122933226
 20
101.18879313459291
 10
49.06981958916563
 20
101.27103284069366
 10
49.150131340015434
 20
101.34936671161711
 10
49.23424787820529
 20
101.4235999970177
 10
49.321960076767674
 20
101.49354814125158
 10
49.413049869356854
 20
101.55903724221099
 10
49.50729079239613
 20
101.61990448367234
 10
49.604448548102035
 20
101.67599854008301
 10
49.704281586985495
 20
101.72717995278043
 10
49.80654170838194
 20
101.77332147670842
 10
49.910974677517245
 20
101.8143083967683
 10
50.01732085757546
 20
101.85003881301881
 10
50.12531585519684
 20
101.88042389401542
 10
50.23469117780136
 20
101.90538809765923
 10
50.34517490110361
 20
101.92486935900655
 10
50.45649234515942
 20
101.93881924457216
 10
50.56836675726343
 20
101.94720307274258
 10
50.68052
 20
101.94999999999999
  0
LWPOLYLINE
  5
40
330
17
100
AcDbEntity
  8
IC_DELIKLER
100
AcDbPolyline
 90
798
 70
1
 10
14.23671518429378
 20
164.92490011293188
 10
14.349276459033216
 20
164.7684979747943
 10
14.468187299699446
 20
164.62298736446945
 10
14.59023204562825
 20
164.48315871857457
 10
14.714123352191757
 20
164.34690408228278
 10
14.839187547042025
 20
164.21310998450568
 10
14.965018728510666
 20
164.08109996328858
 10
15.091349581084216
 20
163.95042529504008
 10
15.217992835208292
 20
163.82076969029237
 10
15.344811168213312
 20
163.69190005145444
 10
15.471700270948304
 20
163.5636386349633
 10
15.598578653198444
 20
163.4358462106731
 10
15.725381171760114
 20
163.30841131923034
 10
15.852054742443613
 20
163.18124312027672
 10
15.978555397263278
 20
163.05426646067377
 10
16.104846204303374
 20
162.92741837174046
 10
16.230895759947998
 20
162.80064551813183
 10
16.356677072053174
 20
162.67390229913104
 10
16.48216671693649
 20
162.5471494085936
 10
16.607344192407357
 20
162.42035272448214
 10
16.732191413895624
 20
162.29348243987766
 10
16.85669231684467
 20
162.16651237397636
 10
16.9808325392401
 20
162.0394194193195
 10
17.104599165410754
 20
161.91218309357623
 10
17.22798051727033
 20
161.78478517257767
 10
17.35096598270993
 20
161.65720938721668
 10
17.473545873388456
 20
161.52944117107177
 10
17.595711306007615
 20
161.40146744870498
 10
17.717454102513727
 20
161.27327645686083
 10
17.83876670567678
 20
161.14485759249598
 10
17.95964210725655
 20
161.01620128285427
 10
18.08007378654496
 20
160.88729887378085
 10
18.20005565751627
 20
160.75814253322596
 10
18.31958202316298
 20
160.62872516747478
 10
18.438647535863346
 20
160.49904034809975
 10
18.557247162838998
 20
160.36908224799632
 10
18.67537615593003
 20
160.23884558515124
 10
18.793030025048846
 20
160.10832557302498
 10
18.91020451478271
 20
159.9775178766167
 10
19.0268955837028
 20
159.84641857343155
 10
19.14309938600878
 20
159.71502411869466
 10
19.25881225519613
 20
159.5833313142573
 10
19.374030689481707
 20
159.45133728072432
 10
19.48875133876347
 20
159.31903943240238
 10
19.6029709929216
 20
159.1864354547253
 10
19.716686571297906
 20
159.05352328386238
 10
19.829895113211954
 20
158.92030108825506
 10
19.94259376939227
 20
158.786767251863
 10
20.054779794218042
 20
158.65292035892827
 10
20.166450538679157
 20
158.5187591800922
 10
20.277603443976147
 20
158.38428265972004
 10
20.38823603568983
 20
158.24948990430684
 10
20.49834591846087
 20
158.11438017185247
 10
20.607930771125087
 20
157.9789528621092
 10
20.716988342258674
 20
157.84320750761398
 10
20.825516446091363
 20
157.7071437654304
 10
20.933512958751283
 20
157.57076140953123
 10
21.040975814809418
 20
157.43406032376242
 10
21.147903004094495
 20
157.29704049533444
 10
21.25429256875342
 20
157.159702008793
 10
21.3601426005338
 20
157.02204504042703
 10
21.465451238269065
 20
156.88406985307455
 10
21.570216665547207
 20
156.74577679129354
 10
21.674437108547487
 20
156.60716627686512
 10
21.77811083403018
 20
156.4682388046027
 10
21.881236147466154
 20
156.32899493844144
 10
21.983811391294807
 20
156.18943530778466
 10
22.085834943299176
 20
156.04956060408801
 10
22.187305215088905
 20
155.90937157766152
 10
22.28822065068232
 20
155.76886903467326
 10
22.38857972517949
 20
155.62805383433903
 10
22.48838094351918
 20
155.48692688628446
 10
22.587622839313326
 20
155.34548914806578
 10
22.686303973752864
 20
155.20374162283898
 10
22.78442293457947
 20
155.06168535716546
 10
22.881978335118617
 20
154.9193214389453
 10
22.978968813368965
 20
154.77665099546851
 10
23.07539303114437
 20
154.6336751915768
 10
23.171249673264345
 20
154.49039522792762
 10
23.266537446789982
 20
154.34681233935405
 10
23.36125508030161
 20
154.20292779331407
 10
23.455401323215824
 20
154.0587428884231
 10
23.548974945138706
 20
153.91425895306458
 10
23.64197473525304
 20
153.7694773440737
 10
23.734399501737492
 20
153.62439944548936
 10
23.82624807121483
 20
153.4790266673704
 10
23.917519288228313
 20
153.33336044467177
 10
24.00821201474356
 20
153.18740223617738
 10
24.098325129674855
 20
153.0411535234859
 10
24.187857528434098
 20
152.89461581004656
 10
24.27680812250078
 20
152.74779062024166
 10
24.365175839012316
 20
152.60067949851364
 10
24.452959620372688
 20
152.45328400853367
 10
24.540158423879006
 20
152.30560573240945
 10
24.6267712213644
 20
152.15764626993027
 10
24.712796998856675
 20
152.00940723784691
 10
24.798234756251464
 20
151.86089026918495
 10
24.883083506999277
 20
151.71209701258883
 10
24.967342277805642
 20
151.56302913169628
 10
25.05101010834344
 20
151.41368830453993
 10
25.13408605097692
 20
151.2640762229762
 10
25.216569170496655
 20
151.1141945921389
 10
25.298458543864946
 20
150.96404512991683
 10
25.379753259970972
 20
150.81362956645427
 10
25.460452419395313
 20
150.66294964367242
 10
25.540555134183183
 20
150.5120071148119
 10
25.620060527626162
 20
150.36080374399418
 10
25.698967734051756
 20
150.20934130580184
 10
25.77727589862053
 20
150.05762158487602
 10
25.85498417713036
 20
149.905646375531
 10
25.932091735827534
 20
149.75341748138445
 10
26.00859775122433
 20
149.6009367150029
 10
26.08450140992263
 20
149.44820589756176
 10
26.159801908443647
 20
149.29522685851913
 10
26.23449845306296
 20
149.14200143530263
 10
26.30859025965117
 20
148.98853147300912
 10
26.382076553519347
 20
148.8348188241161
 10
26.454956569269655
 20
148.68086534820478
 10
26.52722955065044
 20
148.5266729116941
 10
26.598894750415752
 20
148.3722433875852
 10
26.66995143018927
 20
148.217578655216
 10
26.7403988603322
 20
148.06268060002532
 10
26.81023631981507
 20
147.90755111332618
 10
26.87946309609339
 20
147.75219209208802
 10
26.948078484986763
 20
147.59660543872732
 10
27.01608179056158
 20
147.4407930609063
 10
27.083472325016988
 20
147.28475687133934
 10
27.150249408574076
 20
147.1284987876069
 10
27.21641236936806
 20
146.9720207319767
 10
27.281960543343576
 20
146.81532463123156
 10
27.346893274152706
 20
146.65841241650384
 10
27.411209913055835
 20
146.50128602311645
 10
27.474909818825143
 20
146.34394739042966
 10
27.537992357650648
 20
146.1863984616939
 10
27.60045690304878
 20
146.02864118390818
 10
27.662302835773403
 20
145.87067750768378
 10
27.72352954372898
 20
145.71250938711336
 10
27.784136421886206
 20
145.55413877964486
 10
27.844122872199726
 20
145.39556764596043
 10
27.903488303528015
 20
145.23679794985964
 10
27.962232131555265
 20
145.07783165814755
 10
28.02035377871532
 20
144.91867074052692
 10
28.077852674117615
 20
144.7593171694944
 10
28.13472825347485
 20
144.599772920241
 10
28.19097995903269
 20
144.44003997055614
 10
28.24660723950119
 20
144.2801203007356
 10
28.301609549987926
 20
144.12001589349288
 10
28.355986351932906
 20
143.95972873387413
 10
28.409737113045185
 20
143.7992608091763
 10
28.462861307241052
 20
143.63861410886864
 10
28.51535841458382
 20
143.477790624517
 10
28.567227921225243
 20
143.31679234971156
 10
28.61846931934839
 20
143.15562127999684
 10
28.66908210711214
 20
142.99427941280504
 10
28.719065788596993
 20
142.83276874739178
 10
28.768419873752475
 20
142.67109128477435
 10
28.817143878345952
 20
142.50924902767264
 10
28.865237323912698
 20
142.34724398045236
 10
28.91269973770759
 20
142.1850781490706
 10
28.95953065265787
 20
142.0227535410236
 10
29.00572960731755
 20
141.8602721652967
 10
29.0512961458228
 20
141.69763603231632
 10
29.096229817849007
 20
141.53484715390408
 10
29.14053017856876
 20
141.37190754323265
 10
29.184196788611324
 20
141.20881921478357
 10
29.227229214023293
 20
141.04558418430696
 10
29.269627026230523
 20
140.88220446878273
 10
29.311389802001155
 20
140.71868208638358
 10
29.352517123410053
 20
140.55501905643973
 10
29.39300857780421
 20
140.39121739940495
 10
29.432863757769574
 20
140.22727913682422
 10
29.472082261098887
 20
140.0632062913028
 10
29.5106636907607
 20
139.8990008864766
 10
29.54860765486966
 20
139.7346649469841
 10
29.585913766657804
 20
139.57020049843914
 10
29.622581644447088
 20
139.40560956740526
 10
29.65861091162311
 20
139.24089418137106
 10
29.694001196609726
 20
139.0760563687269
 10
29.728752132845056
 20
138.91109815874213
 10
29.76286335875843
 20
138.74602158154397
 10
29.796334517748598
 20
138.58082866809696
 10
29.829165258162824
 20
138.41552145018346
 10
29.861355233277322
 20
138.25010196038522
 10
29.892904101278738
 20
138.08457223206528
 10
29.923811525246492
 20
137.91893429935132
 10
29.954077173136625
 20
137.7531901971192
 10
29.983700717766407
 20
137.58734196097777
 10
30.012681836800162
 20
137.42139162725363
 10
30.04102021273625
 20
137.25534123297743
 10
30.06871553289493
 20
137.0891928158699
 10
30.095767489407592
 20
136.92294841432894
 10
30.122175779206874
 20
136.75661006741728
 10
30.147940104017938
 20
136.59017981485022
 10
30.173060170350844
 20
136.4236596969842
 10
30.197535689494053
 20
136.25705175480547
 10
30.221366377508854
 20
136.0903580299195
 10
30.244551955225166
 20
135.92358056454037
 10
30.267092148238238
 20
135.7567214014805
 10
30.288986686906505
 20
135.5897825841409
 10
30.31023530635049
 20
135.42276615650135
 10
30.330837746453017
 20
135.25567416311105
 10
30.350793751860316
 20
135.08850864907907
 10
30.370103071984282
 20
134.92127166006512
 10
30.388765461006052
 20
134.7539652422705
 10
30.406780677880455
 20
134.58659144242895
 10
30.424148486341743
 20
134.41915230779736
 10
30.440868654910446
 20
134.25164988614688
 10
30.45694095690136
 20
134.08408622575342
 10
30.472365170432692
 20
133.91646337538867
 10
30.487141078436366
 20
133.74878338431023
 10
30.50126846866948
 20
133.58104830225247
 10
30.51474713372704
 20
133.41326017941623
 10
30.527576871055714
 20
133.2454210664589
 10
30.539757482968945
 20
133.07753301448426
 10
30.551288776663228
 20
132.9095980750314
 10
30.56217056423544
 20
132.74161830006395
 10
30.57240266270178
 20
132.5735957419584
 10
30.581984894017488
 20
132.40553245349247
 10
30.59091708509817
 20
132.23743048783234
 10
30.599199067842243
 20
132.0692918985202
 10
30.606830679154676
 20
131.90111873946032
 10
30.613811760971963
 20
131.73291306490538
 10
30.62014216028864
 20
131.56467692944153
 10
30.625821729184757
 20
131.39641238797307
 10
30.63085032485502
 20
131.22812149570635
 10
30.635227809639115
 20
131.05980630813275
 10
30.638954051053453
 20
130.89146888101115
 10
30.642028921824306
 20
130.7231112703492
 10
30.64445229992243
 20
130.55473553238386
 10
30.646224068598904
 20
130.38634372356103
 10
30.647344116422687
 20
130.2179379005139
 10
30.6478123373195
 20
130.04952012004065
 10
30.6476286306122
 20
129.88109243908073
 10
30.64679290106278
 20
129.71265691468992
 10
30.645305058915824
 20
129.54421560401448
 10
30.64316501994359
 20
129.37577056426392
 10
30.640372705492563
 20
129.20732385268218
 10
30.636928042532
 20
129.0388775265178
 10
30.632830963703576
 20
128.8704336429924
 10
30.628081407373326
 20
128.7019942592676
 10
30.62267931768482
 20
128.53356143241075
 10
30.61662464461441
 20
128.3651372193585
 10
30.609917344028155
 20
128.19672367687912
 10
30.60255737774056
 20
128.02832286153256
 10
30.59454471357527
 20
127.85993682962928
 10
30.58587932542765
 20
127.69156763718655
 10
30.576561193329233
 20
127.52321733988308
 10
30.566590303514385
 20
127.35488799301166
 10
30.555966648488756
 20
127.18658165142918
 10
30.544690227100055
 20
127.01830036950497
 10
30.532761044610957
 20
126.85004620106642
 10
30.520179112773985
 20
126.68182119934232
 10
30.506944449909042
 20
126.51362741690357
 10
30.493057080982886
 20
126.34546690560146
 10
30.478517037691336
 20
126.17734171650301
 10
30.463324358543638
 20
126.0092538998237
 10
30.44747908894964
 20
125.84120550485702
 10
30.43098128130928
 20
125.67319857990111
 10
30.41383099510498
 20
125.50523517218238
 10
30.396028296996747
 20
125.33731732777537
 10
30.377573260919927
 20
125.16944709151974
 10
30.35846596818625
 20
125.00162650693323
 10
30.33870650758746
 20
124.83385761612132
 10
30.3182949755025
 20
124.66614245968267
 10
30.297231476007596
 20
124.49848307661088
 10
30.275516120989757
 20
124.33088150419184
 10
30.25314903026384
 20
124.16333977789685
 10
30.230130331693044
 20
123.99585993127147
 10
30.206460161313146
 20
123.82844399581921
 10
30.182138663460524
 20
123.66109400088075
 10
30.15716599090414
 20
123.49381197350789
 10
30.13154230498178
 20
123.32659993833232
 10
30.105267775740288
 20
123.15945991742893
 10
30.078342582080438
 20
122.99239393017322
 10
30.05076691190634
 20
122.82540399309286
 10
30.022540962279585
 20
122.65849211971312
 10
29.993664939578434
 20
122.49166032039562
 10
29.964139059662138
 20
122.3249106021704
 10
29.933963548040605
 20
122.15824496856123
 10
29.903138640049736
 20
121.99166541940292
 10
29.871664581032654
 20
121.82517395065159
 10
29.8395416265269
 20
121.65877255418667
 10
29.80677004245812
 20
121.49246321760447
 10
29.77335010534033
 20
121.32624792400304
 10
29.739282102483173
 20
121.16012865175799
 10
29.704566332206433
 20
120.9941073742886
 10
29.669203104062092
 20
120.82818605981407
 10
29.633192739064487
 20
120.66236667109916
 10
29.596535569928598
 20
120.49665116518906
 10
29.55923194131725
 20
120.33104149313246
 10
29.521282210097343
 20
120.16553959969309
 10
29.482686745605793
 20
120.00014742304816
 10
29.443445929925474
 20
119.83486689447389
 10
29.403560158171775
 20
119.66969993801695
 10
29.363029838790293
 20
119.5046484701517
 10
29.32185539386635
 20
119.3397143994217
 10
29.2800372594466
 20
119.17489962606538
 10
29.237575885873774
 20
119.01020604162494
 10
29.194471738135157
 20
118.84563552853717
 10
29.150725296225268
 20
118.68118995970588
 10
29.106337055524
 20
118.51687119805445
 10
29.061307527190614
 20
118.35268109605772
 10
29.015637238574776
 20
118.18862149525214
 10
28.969326733645563
 20
118.02469422572253
 10
28.92237657343935
 20
117.86090110556498
 10
28.87478733652781
 20
117.69724394032363
 10
28.826559619507144
 20
117.53372452240055
 10
28.7776940375099
 20
117.37034463043702
 10
28.72819122474059
 20
117.20710602866421
 10
28.678051835036797
 20
117.04401046622186
 10
28.62727654245697
 20
116.88105967644304
 10
28.575866041897132
 20
116.71825537610263
 10
28.523821049737897
 20
116.5555992646278
 10
28.47114230452373
 20
116.3930930232676
 10
28.417830567677015
 20
116.23073831421974
 10
28.3638866242487
 20
116.06853677971125
 10
28.309311283708222
 20
115.90649004103068
 10
28.254105380775435
 20
115.74459969750802
 10
28.198269776297174
 20
115.58286732543979
 10
28.141805358171688
 20
115.42129447695464
 10
28.084713042324516
 20
115.25988267881652
 10
28.026993773739047
 20
115.09863343116038
 10
27.968648527545998
 20
114.93754820615612
 10
27.909678310176048
 20
114.77662844659565
 10
27.850084160580387
 20
114.61587556439781
 10
27.789867151524028
 20
114.45529093902493
 10
27.72902839095783
 20
114.29487591580488
 10
27.66756902347481
 20
114.1346318041515
 10
27.605490231857846
 20
113.97455987567571
 10
27.54279323872562
 20
113.81466136217927
 10
27.479479308285043
 20
113.65493745352185
 10
27.415549748198487
 20
113.49538929535163
 10
27.35100591157584
 20
113.33601798668832
 10
27.2858491991013
 20
113.17682457734722
 10
27.220081061307088
 20
113.01781006519084
 10
27.153703001006125
 20
112.85897539319356
 10
27.0867165758983
 20
112.70032144630409
 10
27.019123401365494
 20
112.54184904808767
 10
26.950925153472657
 20
112.38355895712925
 10
26.882123572193972
 20
112.22545186317603
 10
26.8127204648854
 20
112.06752838299576
 10
26.742717710026817
 20
111.90978905592488
 10
26.672117261260475
 20
111.752234339077
 10
26.600921151754562
 20
111.59486460217977
 10
26.529131498925175
 20
111.43768012200331
 10
26.45675050955298
 20
111.28068107634041
 10
26.383780485336025
 20
111.12386753749294
 10
26.310223828925324
 20
110.96723946521311
 10
26.23608305049521
 20
110.81079669904346
 10
26.16136077490794
 20
110.65453894998993
 10
26.086059749539515
 20
110.49846579145574
 10
26.01018285284291
 20
110.34257664935342
 10
25.933733103735527
 20
110.18687079130112
 10
25.85671367190971
 20
110.03134731479611
 10
25.779127889179914
 20
109.87600513424437
 10
25.70097926199636
 20
109.72084296670542
 10
25.62227148527527
 20
109.56585931619321
 10
25.5430084577186
 20
109.41105245634759
 10
25.46319429882376
 20
109.25642041126301
 10
25.38283336781624
 20
109.10196093422715
 10
25.301930284777676
 20
108.94767148408079
 10
25.220489954287427
 20
108.79354919886296
 10
25.138517591952336
 20
108.63959086634571
 10
25.05601875426712
 20
108.48579289099456
 10
24.972999372329628
 20
108.33215125680377
 10
24.889465790035626
 20
108.17866148535381
 10
24.805424807501346
 20
108.02531858831048
 10
24.720883730612968
 20
107.87211701342952
 10
24.635850427792217
 20
107.71905058293677
 10
24.550333395302186
 20
107.56611242291336
 10
24.464341832714958
 20
107.41329488201126
 10
24.377885730539447
 20
107.26058943744118
 10
24.290975972488525
 20
107.10798658568723
 10
24.20362445548559
 20
106.95547571477064
 10
24.115844231316977
 20
106.80304495407285
 10
24.02764967489594
 20
106.65068099665481
 10
23.93905668550923
 20
106.49836888759774
 10
23.850082929302594
 20
106.34609176999217
 10
23.760748133822744
 20
106.19383057763793
 10
23.671074448956894
 20
106.04156365998742
 10
23.581086893532323
 20
105.88926631995486
 10
23.490813913819455
 20
105.73691023825839
 10
23.40028809025838
 20
105.58446274794525
 10
23.309547043561906
 20
105.43188590804121
 10
23.218634613651876
 20
105.27913530319248
 10
23.127602419245942
 20
105.1261584622425
 10
23.036511960308566
 20
104.972892735096
 10
22.9454375144045
 20
104.81926237991038
 10
22.854470228301285
 20
104.66517446523795
 10
22.763724071275284
 20
104.5105129323176
 10
22.67334480755553
 20
104.35512968335303
 10
22.583524109376025
 20
104.19883062253027
 10
22.494522965224213
 20
104.04135260059718
 10
22.406713227975423
 20
103.88232266626957
 10
22.32065830528702
 20
103.72117926753725
 10
22.237290962882888
 20
103.55699937376741
 10
22.15838868870974
 20
103.38803836073521
 10
22.088377460724427
 20
103.20999256810248
 10
22.065514571897598
 20
102.98620622010546
 10
22.288051712381627
 20
103.02159387406627
 10
22.462281590501608
 20
103.10381556246983
 10
22.62645671551551
 20
103.19621041402854
 10
22.784998305486816
 20
103.29446965058554
 10
22.93967911134964
 20
103.39684350888515
 10
23.091427184788653
 20
103.50240379815199
 10
23.24080124248776
 20
103.61058378522267
 10
23.3881684695064
 20
103.72100531675056
 10
23.533785209765234
 20
103.83340002061396
 10
23.677838514271446
 20
103.94756855742429
 10
23.820469549457563
 20
104.06335756520812
 10
23.96178771032413
 20
104.18064570052812
 10
24.101879592972786
 20
104.29933472686452
 10
24.240814948001606
 20
104.4193435770108
 10
24.378650772196202
 20
104.54060425532012
 10
24.51543420497138
 20
104.66305892500142
 10
24.65120463090974
 20
104.78665778508852
 10
24.785995239435998
 20
104.9113574891224
 10
24.919834203839777
 20
105.03711994489896
 10
25.052745587464962
 20
105.16391138822465
 10
25.18475005052236
 20
105.29170165754834
 10
25.315865408677713
 20
105.42046361841034
 10
25.446107079736453
 20
105.550172701359
 10
25.57548844466753
 20
105.68080652700209
 10
25.70402114222917
 20
105.81234459881429
 10
25.831715311537994
 20
105.94476804923539
 10
25.95857979339844
 20
106.07805942811945
 10
26.08462229864922
 20
106.21220252516383
 10
26.209849549897662
 20
106.34718221984139
 10
26.33426740160786
 20
106.48298435377464
 10
26.457880942448707
 20
106.61959562156039
 10
26.580694583002252
 20
106.75700347686865
 10
26.70271213131133
 20
106.89519605126918
 10
26.82393685826496
 20
107.03416208372803
 10
26.94437155444276
 20
107.17389085909952
 10
27.06401857974323
 20
107.31437215424307
 10
27.18287990688408
 20
107.4555961906348
 10
27.300957159674603
 20
107.5975535925376
 10
27.418251646808006
 20
107.74023534995004
 10
27.534764391798138
 20
107.88363278567985
 10
27.650496159585476
 20
108.02773752599302
 10
27.765447480254057
 20
108.17254147437276
 10
27.87961867023447
 20
108.31803678799434
 10
27.993009851311047
 20
108.46421585657811
 10
28.10562096770557
 20
108.61107128333384
 10
28.21745180147037
 20
108.7585958677476
 10
28.32850198639152
 20
108.90678258999833
 10
28.438771020574915
 20
109.05562459681931
 10
28.548258277865294
 20
109.20511518864379
 10
28.656963018228225
 20
109.35524780789567
 10
28.764884397208334
 20
109.5060160283029
 10
28.87202147456288
 20
109.65741354512687
 10
28.97837322215737
 20
109.80943416621417
 10
29.08393853119951
 20
109.962071803788
 10
29.18871621887837
 20
110.11532046690613
 10
29.29270503446795
 20
110.2691742545212
 10
29.39590366494796
 20
110.42362734908619
 10
29.498310740187584
 20
110.57867401065366
 10
29.59992483773401
 20
110.73430857142424
 10
29.700744487242208
 20
110.89052543070306
 10
29.800768174578877
 20
111.04731905022874
 10
29.899994345629715
 20
111.20468394984172
 10
29.99842140983635
 20
111.36261470346386
 10
30.09604774348661
 20
111.52110593536165
 10
30.19287169277893
 20
111.68015231667101
 10
30.28889157668028
 20
111.8397485621611
 10
30.384105689594765
 20
111.99988942721873
 10
30.478512303858203
 20
112.16056970503527
 10
30.572109672072962
 20
112.32178422398096
 10
30.664896029295527
 20
112.48352784515129
 10
30.756869595088745
 20
112.64579546007363
 10
30.84802857544861
 20
112.8085819885608
 10
30.938371164615898
 20
112.97188237670198
 10
31.02789554678044
 20
113.13569159498013
 10
31.11659989768689
 20
113.30000463650725
 10
31.204482386148538
 20
113.46481651536939
 10
31.29154117547605
 20
113.63012226507314
 10
31.37777442482716
 20
113.79591693708727
 10
31.463180290483024
 20
113.96219559947252
 10
31.54775692705589
 20
114.12895333559442
 10
31.631502488633384
 20
114.2961852429126
 10
31.714415129863177
 20
114.46388643184261
 10
31.796493006982168
 20
114.63205202468501
 10
31.877734278794
 20
114.80067715461755
 10
31.95813710759817
 20
114.96975696474672
 10
32.03769966007351
 20
115.13928660721473
 10
32.1164201081196
 20
115.3092612423585
 10
32.1942966296581
 20
115.47967603791795
 10
32.27132740939675
 20
115.65052616829013
 10
32.34751063955848
 20
115.82180681382653
 10
32.42284452057735
 20
115.99351316017186
 10
32.49732726176355
 20
116.16564039764037
 10
32.570957081939255
 20
116.33818372062927
 10
32.64373221004693
 20
116.51113832706605
 10
32.71565088573168
 20
116.68449941788793
 10
32.786711359899286
 20
116.85826219655237
 10
32.856911895250924
 20
117.03242186857588
 10
32.926250766796194
 20
117.20697364110077
 10
32.99472626234549
 20
117.38191272248736
 10
33.062336682982824
 20
117.55723432193088
 10
33.1290803435201
 20
117.73293364910145
 10
33.19495557293392
 20
117.90900591380654
 10
33.2599607147857
 20
118.08544632567373
 10
33.32409412762602
 20
118.26225009385399
 10
33.38735418538401
 20
118.43941242674336
 10
33.44973927774238
 20
118.61692853172272
 10
33.511247810499036
 20
118.79479361491468
 10
33.57187820591564
 20
118.97300288095687
 10
33.631628903054
 20
119.15155153279028
 10
33.690498358100626
 20
119.33043477146276
 10
33.74848504468021
 20
119.50964779594614
 10
33.8055874541584
 20
119.6891858029673
 10
33.86180409593436
 20
119.86904398685152
 10
33.917133497723555
 20
120.04921753937805
 10
33.97157420583134
 20
120.22970164964781
 10
34.025124785417475
 20
120.4104915039614
 10
34.07778382075226
 20
120.59158228570865
 10
34.12954991546427
 20
120.77296917526752
 10
34.18042169278044
 20
120.95464734991316
 10
34.23039779575858
 20
121.13661198373617
 10
34.27947688751236
 20
121.3188582475698
 10
34.32765765142987
 20
121.50138130892546
 10
34.37493879138492
 20
121.68417633193664
 10
34.42131903194236
 20
121.86723847731051
 10
34.46679711855684
 20
122.05056290228691
 10
34.51137181776578
 20
122.23414476060486
 10
34.55504191737661
 20
122.41797920247566
 10
34.59780622664831
 20
122.6020613745626
 10
34.639663576467555
 20
122.7863864199671
 10
34.68061281951991
 20
122.97094947822112
 10
34.72065283045566
 20
123.15574568528493
 10
34.75978250605111
 20
123.34077017355108
 10
34.798000765364876
 20
123.52601807185317
 10
34.835306549889864
 20
123.7114845054804
 10
34.87169882370072
 20
123.89716459619655
 10
34.90717657359694
 20
124.08305346226416
 10
34.94173880924192
 20
124.26914621847311
 10
34.97538456329791
 20
124.45543797617358
 10
35.00811289155699
 20
124.64192384331349
 10
35.03992287306844
 20
124.82859892447985
 10
35.07081361026195
 20
125.01545832094402
 10
35.100784229067756
 20
125.20249713071101
 10
35.12983387903277
 20
125.38971044857203
 10
35.1579617334336
 20
125.57709336616102
 10
35.18516698938593
 20
125.76464097201426
 10
35.2114488679509
 20
125.9523483516331
 10
35.23680661423807
 20
126.14021058755026
 10
35.26123949750534
 20
126.32822275939884
 10
35.28474681125586
 20
126.51637994398419
 10
35.30732787333172
 20
126.7046772153588
 10
35.328982026005065
 20
126.89310964489968
 10
35.34970863606598
 20
127.08167230138835
 10
35.369507094907796
 20
127.2703602510935
 10
35.38837681860956
 20
127.45916855785586
 10
35.40631724801575
 20
127.64809228317534
 10
35.42332784881339
 20
127.83712648630049
 10
35.43940811160648
 20
128.02626622432027
 10
35.45455755198808
 20
128.21550655225735
 10
35.46877571060943
 20
128.40484252316406
 10
35.4820621532471
 20
128.59426918821947
 10
35.49441647086733
 20
128.78378159682902
 10
35.50583827968815
 20
128.97337479672544
 10
35.516327221238974
 20
129.1630438340715
 10
35.52588296241809
 20
129.3527837535642
 10
35.5345051955476
 20
129.54258959854084
 10
35.54219363842625
 20
129.73245641108625
 10
35.54894803437996
 20
129.92237923214154
 10
35.55476815231019
 20
130.11235310161425
 10
35.559653786740014
 20
130.30237305848965
 10
35.56360475785817
 20
130.49243414094352
 10
35.566620911560925
 20
130.68253138645576
 10
35.56870211949176
 20
130.87265983192555
 10
35.56984827907909
 20
131.0628145137871
 10
35.57005931357186
 20
131.25299046812682
 10
35.56933517207309
 20
131.44318273080125
 10
35.56767582957141
 20
131.63338633755592
 10
35.565081286970646
 20
131.82359632414506
 10
35.561551571117306
 20
132.01380772645226
 10
35.55708673482623
 20
132.20401558061167
 10
35.551686856904155
 20
132.39421492313014
 10
35.545352042171565
 20
132.58440079100984
 10
35.538082421482294
 20
132.7745682218717
 10
35.52987815174163
 20
132.96471225407925
 10
35.52073941592208
 20
133.15482792686302
 10
35.510666423077716
 20
133.34491028044576
 10
35.49965940835633
 20
133.5349543561675
 10
35.48771863300989
 20
133.7249551966116
 10
35.47484438440307
 20
133.91490784573085
 10
35.46103697602009
 20
134.10480734897402
 10
35.44629674746962
 20
134.2946487534126
 10
35.430624064487894
 20
134.4844271078679
 10
35.41401931894006
 20
134.67413746303822
 10
35.39648292881979
 20
134.8637748716264
 10
35.37801533824701
 20
135.05333438846722
 10
35.35861701746389
 20
135.24281107065508
 10
35.33828846282919
 20
135.4321999776718
 10
35.31703019681062
 20
135.62149617151394
 10
35.294842767975695
 20
135.81069471682093
 10
35.27172675098075
 20
135.99979068100237
 10
35.24768274655808
 20
136.18877913436543
 10
35.22271138150169
 20
136.3776551502424
 10
35.19681330865095
 20
136.56641380511772
 10
35.169989206872756
 20
136.755050178755
 10
35.14223978104199
 20
136.9435593543235
 10
35.11356576202007
 20
137.13193641852465
 10
35.08396790663206
 20
137.32017646171798
 10
35.05344699764182
 20
137.50827457804684
 10
35.02200384372569
 20
137.69622586556358
 10
34.98963927944435
 20
137.88402542635424
 10
34.956354165212886
 20
138.071668366663
 10
34.922149387269464
 20
138.2591497970157
 10
34.88702585764197
 20
138.44646483234325
 10
34.850984514113236
 20
138.63360859210385
 10
34.8140263201844
 20
138.82057620040513
 10
34.77615226503663
 20
139.00736278612516
 10
34.73736336349119
 20
139.19396348303297
 10
34.69766065596782
 20
139.3803734299082
 10
34.657045208441296
 20
139.56658777065985
 10
34.61551811239656
 20
139.7526016544442
 10
34.573080484781784
 20
139.93841023578196
 10
34.529733467960135
 20
140.12400867467426
 10
34.48547822965958
 20
140.30939213671755
 10
34.44031596292101
 20
140.49455579321793
 10
34.39424788604482
 20
140.6794948213037
 10
34.34727524253559
 20
140.8642044040373
 10
34.29939930104514
 20
141.04867973052586
 10
34.25062135531382
 20
141.23291599603024
 10
34.20094272411025
 20
141.41690840207332
 10
34.15036475116898
 20
141.60065215654646
 10
34.098888805126805
 20
141.7841424738147
 10
34.046516279457
 20
141.96737457482064
 10
33.99324859240202
 20
142.1503436871865
 10
33.93908718690435
 20
142.33304504531483
 10
33.884033530535575
 20
142.51547389048758
 10
33.828089115423666
 20
142.69762547096335
 10
33.77125545817855
 20
142.87949504207285
 10
33.71353409981575
 20
143.06107786631281
 10
33.65492660567827
 20
143.24236921343763
 10
33.595434565356676
 20
143.42336436054933
 10
33.535059592607226
 20
143.6040585921853
 10
33.473803325268285
 20
143.78444720040417
 10
33.41166742517477
 20
143.96452548486914
 10
33.34865357807065
 20
144.14428875292947
 10
33.284763493519655
 20
144.32373231969936
 10
33.21999890481393
 20
144.5028515081345
 10
33.15436156888088
 20
144.68164164910607
 10
33.087853266187814
 20
144.86009808147222
 10
33.02047580064483
 20
145.0382161521469
 10
32.952230999505545
 20
145.2159912161658
 10
32.88312071326577
 20
145.39341863674954
 10
32.81314681556013
 20
145.57049378536368
 10
32.74231120305659
 20
145.74721204177612
 10
32.67061579534881
 20
145.92356879411074
 10
32.59806253484637
 20
146.09955943889807
 10
32.52465338666276
 20
146.27517938112254
 10
32.450390338501066
 20
146.4504240342663
 10
32.375275400537475
 20
146.62528882034894
 10
32.299310605302516
 20
146.799769169964
 10
32.2224980075596
 20
146.9738605223112
 10
32.144839684181626
 20
147.1475583252246
 10
32.06633773402473
 20
147.32085803519678
 10
31.98699427779968
 20
147.49375511739848
 10
31.906811457940798
 20
147.66624504569364
 10
31.82579143847205
 20
147.83832330265005
 10
31.743936404870635
 20
148.00998537954473
 10
31.661248563927654
 20
148.18122677636475
 10
31.577730143606196
 20
148.35204300180214
 10
31.493383392896295
 20
148.5224295732442
 10
31.40821058166707
 20
148.69238201675736
 10
31.322214000515828
 20
148.8618958670657
 10
31.235395960613914
 20
149.03096666752324
 10
31.147758793549542
 20
149.19958997007967
 10
31.05930485116711
 20
149.36776133524
 10
30.97003650540329
 20
149.5354763320167
 10
30.879956148119412
 20
149.70273053787554
 10
30.789066190930487
 20
149.86951953867305
 10
30.69736906503016
 20
150.03583892858714
 10
30.604867221012125
 20
150.20168431003927
 10
30.51156312868717
 20
150.3670512936082
 10
30.417459276896523
 20
150.53193549793528
 10
30.322558173320466
 20
150.69633254962042
 10
30.226862344282825
 20
150.8602380831087
 10
30.13037433455056
 20
151.02364774056707
 10
30.033096707128927
 20
151.18655717175085
 10
29.93503204305123
 20
151.348962033859
 10
29.836182941163667
 20
151.5108579913789
 10
29.73655201790475
 20
151.67224071591855
 10
29.636141907078944
 20
151.83310588602706
 10
29.53495525962462
 20
151.99344918700197
 10
29.43299474337575
 20
152.1532663106832
 10
29.33026304281726
 20
152.3125529552329
 10
29.226762858833705
 20
152.47130482490041
 10
29.12249690845092
 20
152.62951762977212
 10
29.017467924570372
 20
152.78718708550437
 10
28.91167865569573
 20
152.94430891304017
 10
28.805131865651628
 20
153.1008788383073
 10
28.697830333293645
 20
153.25689259189824
 10
28.589776852209717
 20
153.4123459087299
 10
28.48097423041197
 20
153.56723452768284
 10
28.37142529001894
 20
153.7215541912187
 10
28.26113286692729
 20
153.87530064497443
 10
28.150099810472703
 20
154.02846963733265
 10
28.03832898307935
 20
154.1810569189661
 10
27.925823259897037
 20
154.33305824235586
 10
27.81258552842586
 20
154.48446936128033
 10
27.698618688126896
 20
154.6352860302752
 10
27.583925650019022
 20
154.78550400406098
 10
27.468509336260137
 20
154.93511903693764
 10
27.352372679712676
 20
155.08412688214372
 10
27.23551862349177
 20
155.23252329117798
 10
27.11795012049554
 20
155.38030401308143
 10
26.999670132916027
 20
155.52746479367715
 10
26.880681631729647
 20
155.67400137476614
 10
26.76098759616614
 20
155.819909493275
 10
26.640591013153927
 20
155.96518488035403
 10
26.51949487674126
 20
156.10982326042176
 10
26.397702187490587
 20
156.25382035015235
 10
26.275215951845087
 20
156.39717185740284
 10
26.152039181465
 20
156.53987348007587
 10
26.028174892531773
 20
156.68192090491334
 10
25.903626105017963
 20
156.8233098062172
 10
25.778395841919917
 20
156.96403584449143
 10
25.65248712845123
 20
157.10409466500036
 10
25.52590299119338
 20
157.24348189623743
 10
25.39864645720096
 20
157.38219314829757
 10
25.270720553057572
 20
157.52022401114715
 10
25.14212830387894
 20
157.65757005278277
 10
25.012872732258938
 20
157.79422681727175
 10
24.882956857154046
 20
157.93018982266503
 10
24.752383692701358
 20
158.06545455877222
 10
24.6211562469647
 20
158.20001648478916
 10
24.489277520602865
 20
158.33387102676537
 10
24.356750505453455
 20
158.4670135748991
 10
24.223578183025232
 20
158.59943948064614
 10
24.089763522890905
 20
158.73114405362637
 10
23.9553094809718
 20
158.8621225583119
 10
23.8202189977045
 20
158.99237021047762
 10
23.684494996079025
 20
159.12188217339377
 10
23.548140379536665
 20
159.25065355373798
 10
23.41115802971409
 20
159.37867939720144
 10
23.273550804019475
 20
159.50595468376133
 10
23.135321533023944
 20
159.63247432258905
 10
22.99647301765075
 20
159.75823314655906
 10
22.85700802614108
 20
159.88322590632086
 10
22.716929290774647
 20
160.00744726389067
 10
22.576239504318814
 20
160.1308917857155
 10
22.434941316178005
 20
160.25355393515565
 10
22.293037328211007
 20
160.37542806432552
 10
22.150530090179494
 20
160.49650840522514
 10
22.007422094786943
 20
160.61678906008572
 10
21.863715772260434
 20
160.73626399084318
 10
21.719413484423068
 20
160.85492700764124
 10
21.574517518195364
 20
160.97277175625328
 10
21.429030078457107
 20
161.0897917042959
 10
21.28295328018985
 20
161.2059801260895
 10
21.136289139808753
 20
161.321330086
 10
20.98903956557914
 20
161.4358344200711
 10
20.841206346995204
 20
161.54948571572737
 10
20.692791142981083
 20
161.66227628929423
 10
20.543795468748975
 20
161.77419816104026
 10
20.394220681123592
 20
161.8852430273982
 10
20.24406796210742
 20
161.9954022299644
 10
20.093338300423216
 20
162.10466672080543
 10
19.94203247072005
 20
162.21302702351775
 10
19.790151010073068
 20
162.32047318938453
 10
19.63769419133373
 20
162.42699474784936
 10
19.484661992800945
 20
162.53258065037556
 10
19.33105406357445
 20
162.63721920657233
 10
19.176869683817735
 20
162.7408980112371
 10
19.022107718988615
 20
162.8436038606751
 10
18.866766566884337
 20
162.94532265629175
 10
18.710844096077654
 20
163.04603929299606
 10
18.55433757397693
 20
163.14573752936334
 10
18.397243582298596
 20
163.24439983575274
 10
18.239557917161743
 20
163.34200721559353
 10
18.081275470256116
 20
163.43853899376927
 10
17.922390086524207
 20
163.53397256432865
 10
17.762894392446093
 20
163.6282830874706
 10
17.602779587172243
 20
163.7214431226639
 10
17.442035186215957
 20
163.81342218051464
 10
17.280648703872362
 20
163.90418617008072
 10
17.118605255502224
 20
163.99369670995253
 10
16.955887053550384
 20
164.08191025934735
 10
16.792472760465692
 20
164.16877700772744
 10
16.628336645580056
 20
164.2542394348262
 10
16.463447468169157
 20
164.33823041202265
 10
16.297766969571136
 20
164.42067065130135
 10
16.131247792940577
 20
164.5014652025709
 10
15.963830540326683
 20
164.580498521969
 10
15.795439484563122
 20
164.65762732014554
 10
15.625976097230557
 20
164.73266981971696
 10
15.455308853960798
 20
164.80538891473478
 10
15.283256300957111
 20
164.8754643329149
 10
15.10955695580626
 20
164.94244339346892
 10
14.933810767168087
 20
165.0056457029421
 10
14.755349930136514
 20
165.06395388451972
 10
14.572892984524277
 20
165.11525610349904
 10
14.383230170991363
 20
165.15433894254744
 10
14.158435441555458
 20
165.13669617629958
  0
LWPOLYLINE
  5
41
330
17
100
AcDbEntity
  8
IC_DELIKLER
100
AcDbPolyline
 90
798
 70
1
 10
77.11236163209311
 20
165.13669617629958
 10
76.88741164631422
 20
165.15433894254744
 10
76.69809276176493
 20
165.11525610349904
 10
76.51608727567971
 20
165.06395388451972
 10
76.33813955064602
 20
165.0056457029421
 10
76.16294954233122
 20
164.94244339346892
 10
75.98983961291324
 20
164.8754643329149
 10
75.81840372358954
 20
164.80538891473478
 10
75.64837640835593
 20
164.73266981971696
 10
75.4795733950196
 20
164.65762732014554
 10
75.31186107267999
 20
164.580498521969
 10
75.1451393132768
 20
164.5014652025709
 10
74.97933112869741
 20
164.42067065130135
 10
74.81437610420504
 20
164.33823041202265
 10
74.65022604739347
 20
164.2542394348262
 10
74.48684200186631
 20
164.16877700772744
 10
74.32419213616735
 20
164.08191025934735
 10
74.16225021345019
 20
163.99369670995253
 10
74.00099445783093
 20
163.90418617008072
 10
73.84040669859552
 20
163.81342218051464
 10
73.68047171334831
 20
163.7214431226639
 10
73.52117671638416
 20
163.6282830874706
 10
73.36251095490971
 20
163.53397256432865
 10
73.20446538659871
 20
163.43853899376927
 10
73.04703241934104
 20
163.34200721559353
 10
72.89020569914678
 20
163.24439983575274
 10
72.73397993576467
 20
163.14573752936334
 10
72.57835075814398
 20
163.04603929299606
 10
72.42331459374029
 20
162.94532265629175
 10
72.26886856703744
 20
162.8436038606751
 10
72.11501041368338
 20
162.7408980112371
 10
71.96173840740771
 20
162.63721920657233
 10
71.80905129747575
 20
162.53258065037556
 10
71.6569482548852
 20
162.42699474784936
 10
71.50542882586035
 20
162.32047318938453
 10
71.35449289147299
 20
162.21302702351775
 10
71.2041406324337
 20
162.10466672080543
 10
71.05437249826889
 20
161.9954022299644
 10
70.90518918023531
 20
161.8852430273982
 10
70.75659158743386
 20
161.77419816104026
 10
70.60858082567313
 20
161.66227628929423
 10
70.4611581787064
 20
161.54948571572737
 10
70.31432509152424
 20
161.4358344200711
 10
70.16808315543445
 20
161.321330086
 10
70.02243409470057
 20
161.2059801260895
 10
69.87737975454509
 20
161.0897917042959
 10
69.7329220903496
 20
160.97277175625328
 10
69.58906315790969
 20
160.85492700764124
 10
69.44580510462015
 20
160.73626399084318
 10
69.3031501614843
 20
160.61678906008572
 10
69.16110063585452
 20
160.49650840522514
 10
69.01965890482293
 20
160.37542806432552
 10
68.87882740919262
 20
160.25355393515565
 10
68.7386086479669
 20
160.1308917857155
 10
68.59900517330311
 20
160.00744726389067
 10
68.4600195858833
 20
159.88322590632086
 10
68.32165453065953
 20
159.75823314655906
 10
68.18391269293727
 20
159.63247432258905
 10
68.04679679476342
 20
159.50595468376133
 10
67.91030959159053
 20
159.37867939720144
 10
67.77445386919044
 20
159.25065355373798
 10
67.63923244079511
 20
159.12188217339377
 10
67.5046481444433
 20
158.99237021047762
 10
67.37070384051506
 20
158.8621225583119
 10
67.23740240943718
 20
158.73114405362637
 10
67.10474674954509
 20
158.59943948064614
 10
66.97273977508743
 20
158.4670135748991
 10
66.8413844143616
 20
158.33387102676537
 10
66.71068360796916
 20
158.20001648478916
 10
66.58064030718144
 20
158.06545455877222
 10
66.45125747240651
 20
157.93018982266503
 10
66.32253807174907
 20
157.79422681727175
 10
66.19448507965657
 20
157.65757005278277
 10
66.06710147564434
 20
157.52022401114715
 10
65.94039024309401
 20
157.38219314829757
 10
65.81435436811974
 20
157.24348189623743
 10
65.68899683849676
 20
157.10409466500036
 10
65.56432064264855
 20
156.96403584449143
 10
65.44032876868732
 20
156.8233098062172
 10
65.31702420350499
 20
156.68192090491334
 10
65.19440993191033
 20
156.53987348007587
 10
65.07248893580977
 20
156.39717185740284
 10
64.95126419342807
 20
156.25382035015235
 10
64.83073867856703
 20
156.10982326042176
 10
64.71091535989896
 20
155.96518488035403
 10
64.59179720029304
 20
155.819909493275
 10
64.47338715617241
 20
155.67400137476614
 10
64.35568817689962
 20
155.52746479367715
 10
64.23870320418935
 20
155.38030401308143
 10
64.12243517154586
 20
155.23252329117798
 10
64.00688700372446
 20
155.08412688214372
 10
63.89206161621481
 20
154.93511903693764
 10
63.77796191474524
 20
154.78550400406098
 10
63.66459079480668
 20
154.6352860302752
 10
63.55195114119488
 20
154.48446936128033
 10
63.44004582757022
 20
154.33305824235586
 10
63.32887771603375
 20
154.1810569189661
 10
63.21844965671877
 20
154.02846963733265
 10
63.10876448739693
 20
153.87530064497443
 10
62.99982503309833
 20
153.7215541912187
 10
62.89163410574442
 20
153.56723452768284
 10
62.78419450379346
 20
153.4123459087299
 10
62.677509011897655
 20
153.25689259189824
 10
62.57158040057127
 20
153.1008788383073
 10
62.46641142586951
 20
152.94430891304017
 10
62.36200482907719
 20
152.78718708550437
 10
62.25836333640708
 20
152.62951762977212
 10
62.15548965870717
 20
152.47130482490041
 10
62.05338649117668
 20
152.3125529552329
 10
61.952056513090234
 20
152.1532663106832
 10
61.85150238752976
 20
151.99344918700197
 10
61.75172676112402
 20
151.83310588602706
 10
61.652732263795166
 20
151.67224071591855
 10
61.554521508512195
 20
151.5108579913789
 10
61.45709709105081
 20
151.348962033859
 10
61.360461589759666
 20
151.18655717175085
 10
61.26461756533244
 20
151.02364774056707
 10
61.169567560585826
 20
150.8602380831087
 10
61.07531410024287
 20
150.69633254962042
 10
60.98185969072165
 20
150.53193549793528
 10
60.88920681992907
 20
150.3670512936082
 10
60.79735795705953
 20
150.20168431003927
 10
60.706315552398266
 20
150.03583892858714
 10
60.616082037129196
 20
149.86951953867305
 10
60.526659823147284
 20
149.70273053787554
 10
60.43805130287497
 20
149.5354763320167
 10
60.35025884908278
 20
149.36776133524
 10
60.26328481471376
 20
149.19958997007967
 10
60.17713153271188
 20
149.03096666752324
 10
60.09180131585399
 20
148.8618958670657
 10
60.00729645658546
 20
148.69238201675736
 10
59.92361922685916
 20
148.5224295732442
 10
59.84077187797794
 20
148.35204300180214
 10
59.75875664044033
 20
148.18122677636475
 10
59.67757572378937
 20
148.00998537954473
 10
59.59723131646463
 20
147.83832330265005
 10
59.517725585657104
 20
147.66624504569364
 10
59.439060677167205
 20
147.49375511739848
 10
59.36123871526554
 20
147.32085803519678
 10
59.2842618025564
 20
147.1475583252246
 10
59.20813201984406
 20
146.9738605223112
 10
59.1328514260018
 20
146.799769169964
 10
59.05842205784345
 20
146.62528882034894
 10
58.98484592999739
 20
146.4504240342663
 10
58.912125034783365
 20
146.27517938112254
 10
58.840261342091324
 20
146.09955943889807
 10
58.76925679926302
 20
145.92356879411074
 10
58.69911333097578
 20
145.74721204177612
 10
58.629832839128674
 20
145.57049378536368
 10
58.56141720273083
 20
145.39341863674954
 10
58.493868277792195
 20
145.2159912161658
 10
58.42718789721628
 20
145.0382161521469
 10
58.36137787069523
 20
144.86009808147222
 10
58.29643998460699
 20
144.68164164910607
 10
58.23237600191449
 20
144.5028515081345
 10
58.169187662066996
 20
144.32373231969936
 10
58.10687668090357
 20
144.14428875292947
 10
58.04544475055839
 20
143.96452548486914
 10
57.98489353936816
 20
143.78444720040417
 10
57.925224691781544
 20
143.6040585921853
 10
57.866439828270494
 20
143.42336436054933
 10
57.808540545243474
 20
143.24236921343763
 10
57.751528414960696
 20
143.06107786631281
 10
57.695404985451205
 20
142.87949504207285
 10
57.64017178043186
 20
142.69762547096335
 10
57.585830299228135
 20
142.51547389048758
 10
57.53238201669687
 20
142.33304504531483
 10
57.479828383150746
 20
142.1503436871865
 10
57.42817082428458
 20
141.96737457482064
 10
57.37741074110362
 20
141.7841424738147
 10
57.327549509853405
 20
141.60065215654646
 10
57.27858848195151
 20
141.41690840207332
 10
57.23052898392111
 20
141.23291599603024
 10
57.18337231732623
 20
141.04867973052586
 10
57.13711975870888
 20
140.8642044040373
 10
57.091772559527705
 20
140.6794948213037
 10
57.047331946098666
 20
140.49455579321793
 10
57.00379911953731
 20
140.30939213671755
 10
56.961175255702734
 20
140.12400867467426
 10
56.91946150514334
 20
139.93841023578196
 10
56.87865899304434
 20
139.7526016544442
 10
56.83876881917689
 20
139.56658777065985
 10
56.79979205784899
 20
139.3803734299082
 10
56.76172975785812
 20
139.19396348303297
 10
56.72458294244548
 20
139.00736278612516
 10
56.68835260925205
 20
138.82057620040513
 10
56.65303973027625
 20
138.63360859210385
 10
56.618645251833414
 20
138.44646483234325
 10
56.5851700945168
 20
138.2591497970157
 10
56.55261515316048
 20
138.071668366663
 10
56.52098129680373
 20
137.88402542635424
 10
56.490269368657344
 20
137.69622586556358
 10
56.460480186071365
 20
137.50827457804684
 10
56.431614540504825
 20
137.32017646171798
 10
56.403673197496914
 20
137.13193641852465
 10
56.376656896639965
 20
136.9435593543235
 10
56.3505663515542
 20
136.755050178755
 10
56.32540224986401
 20
136.56641380511772
 10
56.30116525317618
 20
136.3776551502424
 10
56.27785599705951
 20
136.18877913436543
 10
56.25547509102644
 20
135.99979068100237
 10
56.234023118516276
 20
135.81069471682093
 10
56.21350063688006
 20
135.62149617151394
 10
56.193908177367305
 20
135.4321999776718
 10
56.17524624511434
 20
135.24281107065508
 10
56.15751531913448
 20
135.05333438846722
 10
56.140715852309896
 20
134.8637748716264
 10
56.124848271385204
 20
134.67413746303822
 10
56.10991297696287
 20
134.4844271078679
 10
56.09591034350035
 20
134.2946487534126
 10
56.08284071930893
 20
134.10480734897402
 10
56.07070442655449
 20
133.91490784573085
 10
56.05950176125994
 20
133.7249551966116
 10
56.049232993309396
 20
133.5349543561675
 10
56.03989836645436
 20
133.34491028044576
 10
56.03149809832153
 20
133.15482792686302
 10
56.024032380422476
 20
132.96471225407925
 10
56.01750137816523
 20
132.7745682218717
 10
56.01190523086755
 20
132.58440079100984
 10
56.0072440517723
 20
132.39421492313014
 10
56.00351792806439
 20
132.20401558061167
 10
56.0007269208899
 20
132.01380772645226
 10
55.998871065376875
 20
131.82359632414506
 10
55.9979503706581
 20
131.63338633755592
 10
55.997964819895856
 20
131.44318273080125
 10
55.998914370308626
 20
131.25299046812682
 10
56.00079895319959
 20
131.0628145137871
 10
56.003618473987295
 20
130.87265983192555
 10
56.00737281223826
 20
130.68253138645576
 10
56.01206182170152
 20
130.49243414094352
 10
56.01768533034529
 20
130.30237305848965
 10
56.024243140395605
 20
130.11235310161425
 10
56.03173502837719
 20
129.92237923214154
 10
56.0401607451562
 20
129.73245641108625
 10
56.04952001598524
 20
129.54258959854084
 10
56.059812540550546
 20
129.3527837535642
 10
56.07103799302119
 20
129.1630438340715
 10
56.08319602210067
 20
128.97337479672544
 10
56.09628625108057
 20
128.78378159682902
 10
56.11030827789657
 20
128.59426918821947
 10
56.125261675186735
 20
128.40484252316406
 10
56.14114599035206
 20
128.21550655225735
 10
56.15796074561949
 20
128.02626622432027
 10
56.17570543810716
 20
127.83712648630049
 10
56.1943795398923
 20
127.64809228317534
 10
56.21398249808131
 20
127.45916855785586
 10
56.23451373488258
 20
127.2703602510935
 10
56.255972647681816
 20
127.08167230138835
 10
56.27835860911982
 20
126.89310964489968
 10
56.301670967173116
 20
126.7046772153588
 10
56.32590904523708
 20
126.51637994398419
 10
56.35107214221195
 20
126.32822275939884
 10
56.377159532591484
 20
126.14021058755026
 10
56.40417046655473
 20
125.9523483516331
 10
56.43210417006035
 20
125.76464097201426
 10
56.460959844944185
 20
125.57709336616102
 10
56.490736669019796
 20
125.38971044857203
 10
56.52143379618199
 20
125.20249713071101
 10
56.553050356513744
 20
125.01545832094402
 10
56.585585456396146
 20
124.82859892447985
 10
56.61903817862185
 20
124.64192384331349
 10
56.653407582511775
 20
124.45543797617358
 10
56.68869270403552
 20
124.26914621847311
 10
56.72489255593514
 20
124.08305346226416
 10
56.76200612785275
 20
123.89716459619655
 10
56.80003238646191
 20
123.7114845054804
 10
56.83897027560282
 20
123.52601807185317
 10
56.87881871642164
 20
123.34077017355108
 10
56.91957660751383
 20
123.15574568528493
 10
56.96124282507175
 20
122.97094947822112
 10
57.003816223036736
 20
122.7863864199671
 10
57.047295633255544
 20
122.6020613745626
 10
57.091679865641595
 20
122.41797920247566
 10
57.1369677083409
 20
122.23414476060486
 10
57.18315792790304
 20
122.05056290228691
 10
57.2302492694573
 20
121.86723847731051
 10
57.27824045689404
 20
121.68417633193664
 10
57.327130193051595
 20
121.50138130892546
 10
57.37691715990902
 20
121.3188582475698
 10
57.42760001878455
 20
121.13661198373617
 10
57.479177410540316
 20
120.95464734991316
 10
57.53164795579338
 20
120.77296917526752
 10
57.58501025513351
 20
120.59158228570865
 10
57.63926288934766
 20
120.4104915039614
 10
57.69440441965177
 20
120.22970164964781
 10
57.75043338792991
 20
120.04921753937805
 10
57.80734831698135
 20
119.86904398685152
 10
57.86514771077549
 20
119.6891858029673
 10
57.923830054715474
 20
119.50964779594614
 10
57.9833938159105
 20
119.33043477146276
 10
58.04383744345745
 20
119.15155153279028
 10
58.10515936873194
 20
118.97300288095687
 10
58.16735800568971
 20
118.79479361491468
 10
58.23043175117846
 20
118.61692853172272
 10
58.29437898526064
 20
118.43941242674336
 10
58.359198071548064
 20
118.26225009385399
 10
58.42488735754837
 20
118.08544632567373
 10
58.49144517502458
 20
117.90900591380654
 10
58.5588698403678
 20
117.73293364910145
 10
58.62715965498419
 20
117.55723432193088
 10
58.696312905696615
 20
117.38191272248736
 10
58.766327865162125
 20
117.20697364110077
 10
58.837202792305604
 20
117.03242186857588
 10
58.90893593277106
 20
116.85826219655237
 10
58.9815255193909
 20
116.68449941788793
 10
59.054969772674895
 20
116.51113832706605
 10
59.12926690131921
 20
116.33818372062927
 10
59.20441510273721
 20
116.16564039764037
 10
59.28041256361314
 20
115.99351316017186
 10
59.35725746047984
 20
115.82180681382653
 10
59.434947960322305
 20
115.65052616829013
 10
59.513482221208236
 20
115.47967603791795
 10
59.59285839294764
 20
115.3092612423585
 10
59.673074617783
 20
115.13928660721473
 10
59.754129031112065
 20
114.96975696474672
 10
59.83601976224536
 20
114.80067715461755
 10
59.91874493520061
 20
114.63205202468501
 10
60.002302669536604
 20
114.46388643184261
 10
60.08669108122898
 20
114.2961852429126
 10
60.17190828359088
 20
114.12895333559442
 10
60.25795238824162
 20
113.96219559947252
 10
60.34482150612647
 20
113.79591693708727
 10
60.432513748591305
 20
113.63012226507314
 10
60.52102722851621
 20
113.46481651536939
 10
60.61036006151185
 20
113.30000463650725
 10
60.70051036718373
 20
113.13569159498013
 10
60.791476270469126
 20
112.97188237670198
 10
60.88325590305205
 20
112.8085819885608
 10
60.97584740486261
 20
112.64579546007363
 10
61.06924892566714
 20
112.48352784515129
 10
61.163458626756004
 20
112.32178422398096
 10
61.258474682737486
 20
112.16056970503527
 10
61.35429528344571
 20
111.99988942721873
 10
61.4509186359727
 20
111.8397485621611
 10
61.54834296683437
 20
111.68015231667101
 10
61.64656652428221
 20
111.52110593536165
 10
61.74558758077317
 20
111.36261470346386
 10
61.845404435611684
 20
111.20468394984172
 10
61.94601541777911
 20
111.04731905022874
 10
62.047418888967606
 20
110.89052543070306
 10
62.149613246837454
 20
110.73430857142424
 10
62.25259692851866
 20
110.57867401065366
 10
62.356368414380086
 20
110.42362734908619
 10
62.46092623209226
 20
110.2691742545212
 10
62.56626896101286
 20
110.11532046690613
 10
62.67239523692715
 20
109.962071803788
 10
62.779303757179946
 20
109.80943416621417
 10
62.88699328624
 20
109.65741354512687
 10
62.9954626617426
 20
109.5060160283029
 10
63.10471080106229
 20
109.35524780789567
 10
63.21473670847464
 20
109.20511518864379
 10
63.32553948297308
 20
109.05562459681931
 10
63.437118326816496
 20
108.90678258999833
 10
63.549472554893455
 20
108.7585958677476
 10
63.6626016050011
 20
108.61107128333384
 10
63.77650504915107
 20
108.46421585657811
 10
63.89118260603118
 20
108.31803678799434
 10
64.00663415477146
 20
108.17254147437276
 10
64.12285975018578
 20
108.02773752599302
 10
64.23985963968788
 20
107.88363278567985
 10
64.35763428211244
 20
107.74023534995004
 10
64.47618436871106
 20
107.5975535925376
 10
64.59551084663833
 20
107.4555961906348
 10
64.71561494529944
 20
107.31437215424307
 10
64.83649820599717
 20
107.17389085909952
 10
64.95816251539824
 20
107.03416208372803
 10
65.0806101434375
 20
106.89519605126918
 10
65.20384378640131
 20
106.75700347686865
 10
65.32786661608156
 20
106.61959562156039
 10
65.45268233607892
 20
106.48298435377464
 10
65.57829524656773
 20
106.34718221984139
 10
65.70471031912935
 20
106.21220252516383
 10
65.83193328363411
 20
106.07805942811945
 10
65.95997072962874
 20
105.94476804923539
 10
66.08883022530127
 20
105.81234459881429
 10
66.21852045789485
 20
105.68080652700209
 10
66.34905140049159
 20
105.550172701359
 10
66.48043451148028
 20
105.42046361841034
 10
66.61268297489121
 20
105.29170165754834
 10
66.74581199231866
 20
105.16391138822465
 10
66.87983914064512
 20
105.03711994489896
 10
67.01478481465972
 20
104.9113574891224
 10
67.15067278058147
 20
104.78665778508852
 10
67.2875308764886
 20
104.66305892500142
 10
67.42539191035698
 20
104.54060425532012
 10
67.5642948285207
 20
104.4193435770108
 10
67.70428626143081
 20
104.29933472686452
 10
67.84542260751121
 20
104.18064570052812
 10
67.9877729039686
 20
104.06335756520812
 10
68.13142288242322
 20
103.94756855742429
 10
68.27648087005336
 20
103.83340002061396
 10
68.4230866837062
 20
103.72100531675056
 10
68.57142562020229
 20
103.61058378522267
 10
68.72175166178761
 20
103.50240379815199
 10
68.87442866577217
 20
103.39684350888515
 10
69.03001036158803
 20
103.29446965058554
 10
69.18941663284104
 20
103.19621041402854
 10
69.35440483254865
 20
103.10381556246983
 10
69.5293582615266
 20
103.02159387406627
 10
69.75220681336548
 20
102.98620622010546
 10
69.72737460467627
 20
103.20999256810248
 10
69.65579657371579
 20
103.38803836073521
 10
69.57540744262795
 20
103.55699937376741
 10
69.49059531715865
 20
103.72117926753725
 10
69.40312233256141
 20
103.88232266626957
 10
69.31391313189053
 20
104.04135260059718
 10
69.22352618114571
 20
104.19883062253027
 10
69.13233005123097
 20
104.35512968335303
 10
69.04058341492032
 20
104.5105129323176
 10
68.94847623640462
 20
104.66517446523795
 10
68.85615297665228
 20
104.81926237991038
 10
68.76372658362259
 20
104.972892735096
 10
68.67128738628632
 20
105.1261584622425
 10
68.57890899568004
 20
105.27913530319248
 10
68.48665236044732
 20
105.43188590804121
 10
68.3945686375597
 20
105.58446274794525
 10
68.30270127608387
 20
105.73691023825839
 10
68.21108756285207
 20
105.88926631995486
 10
68.11975979083522
 20
106.04156365998742
 10
68.02874615709405
 20
106.19383057763793
 10
67.93807146312147
 20
106.34609176999217
 10
67.84775766827991
 20
106.49836888759774
 10
67.7578243323335
 20
106.65068099665481
 10
67.66828897308719
 20
106.80304495407285
 10
67.57916735822442
 20
106.95547571477064
 10
67.49047374555742
 20
107.10798658568723
 10
67.40222108241107
 20
107.26058943744118
 10
67.31442117232334
 20
107.41329488201126
 10
67.22708481537617
 20
107.56611242291336
 10
67.14022192707793
 20
107.71905058293677
 10
67.05384163966885
 20
107.87211701342952
 10
66.96795238892153
 20
108.02531858831048
 10
66.88256198889326
 20
108.17866148535381
 10
66.7976776966105
 20
108.33215125680377
 10
66.71330626829213
 20
108.48579289099456
 10
66.62945400842382
 20
108.63959086634571
 10
66.54612681276258
 20
108.79354919886296
 10
66.46333020616241
 20
108.94767148408079
 10
66.38106937596257
 20
109.10196093422715
 10
66.29934920155713
 20
109.25642041126301
 10
66.21817428066554
 20
109.41105245634759
 10
66.13754895274224
 20
109.56585931619321
 10
66.05747731989663
 20
109.72084296670542
 10
65.97796326563873
 20
109.87600513424437
 10
65.89901047172009
 20
110.03134731479611
 10
65.82062243330103
 20
110.18687079130112
 10
65.74280247264278
 20
110.34257664935342
 10
65.66555375149568
 20
110.49846579145574
 10
65.58887928233216
 20
110.65453894998993
 10
65.51278193855322
 20
110.81079669904346
 10
65.43726446378079
 20
110.96723946521311
 10
65.36232948033404
 20
111.12386753749294
 10
65.28797949697523
 20
111.28068107634041
 10
65.21421691600119
 20
111.43768012200331
 10
65.14104403974626
 20
111.59486460217977
 10
65.06846307655564
 20
111.752234339077
 10
64.99647614628104
 20
111.90978905592488
 10
64.92508528534424
 20
112.06752838299576
 10
64.85429245141009
 20
112.22545186317603
 10
64.78409952770461
 20
112.38355895712925
 10
64.71450832701133
 20
112.54184904808767
 10
64.64552059537422
 20
112.70032144630409
 10
64.57713801553378
 20
112.85897539319356
 10
64.50936221011924
 20
113.01781006519084
 10
64.44219474461804
 20
113.17682457734722
 10
64.37563713014131
 20
113.33601798668832
 10
64.30969082600242
 20
113.49538929535163
 10
64.24435724212397
 20
113.65493745352185
 10
64.17963774128721
 20
113.81466136217927
 10
64.11553364123621
 20
113.97455987567571
 10
64.05204621664866
 20
114.1346318041515
 10
63.989176700983094
 20
114.29487591580488
 10
63.926926288212556
 20
114.45529093902493
 10
63.86529613445291
 20
114.61587556439781
 10
63.80428735949391
 20
114.77662844659565
 10
63.743901048239834
 20
114.93754820615612
 10
63.68413825206674
 20
115.09863343116038
 10
63.6249999901019
 20
115.25988267881652
 10
63.56648725043111
 20
115.42129447695464
 10
63.508600991238964
 20
115.58286732543979
 10
63.45134214188649
 20
115.74459969750802
 10
63.3947116039307
 20
115.90649004103068
 10
63.33871025208985
 20
116.06853677971125
 10
63.28333893515785
 20
116.23073831421974
 10
63.22859847687151
 20
116.3930930232676
 10
63.17448967673338
 20
116.5555992646278
 10
63.12101331079316
 20
116.71825537610263
 10
63.068170132390335
 20
116.88105967644304
 10
63.015960872860454
 20
117.04401046622186
 10
62.96438624220716
 20
117.20710602866421
 10
62.91344692974226
 20
117.37034463043702
 10
62.863143604695736
 20
117.53372452240055
 10
62.81347691679734
 20
117.69724394032363
 10
62.76444749683168
 20
117.86090110556498
 10
62.71605595716808
 20
118.02469422572253
 10
62.668302892267
 20
118.18862149525214
 10
62.62118887916407
 20
118.35268109605772
 10
62.574714477933114
 20
118.51687119805445
 10
62.528880232129325
 20
118.68118995970588
 10
62.48368666921372
 20
118.84563552853717
 10
62.43913430095993
 20
119.01020604162494
 10
62.395223623844025
 20
119.17489962606538
 10
62.35195511941875
 20
119.3397143994217
 10
62.30932925467236
 20
119.5046484701517
 10
62.26734648237368
 20
119.66969993801695
 10
62.22600724140316
 20
119.83486689447389
 10
62.185311957071384
 20
120.00014742304816
 10
62.145261041425364
 20
120.16553959969309
 10
62.10585489354319
 20
120.33104149313246
 10
62.067093899817735
 20
120.49665116518906
 10
62.02897843422984
 20
120.66236667109916
 10
61.99150885861154
 20
120.82818605981407
 10
61.95468552289983
 20
120.9941073742886
 10
61.918508765381354
 20
121.16012865175799
 10
61.88297891292844
 20
121.32624792400304
 10
61.84809628122696
 20
121.49246321760447
 10
61.81386117499626
 20
121.65877255418667
 10
61.78027388820161
 20
121.82517395065159
 10
61.747334704259515
 20
121.99166541940292
 10
61.715043896236054
 20
122.15824496856123
 10
61.68340172703877
 20
122.3249106021704
 10
61.65240844960208
 20
122.49166032039562
 10
61.62206430706694
 20
122.65849211971312
 10
61.59236953295444
 20
122.82540399309286
 10
61.56332435133404
 20
122.99239393017322
 10
61.534928976986336
 20
123.15945991742893
 10
61.50718361556089
 20
123.32659993833232
 10
61.48008846372899
 20
123.49381197350789
 10
61.45364370933173
 20
123.66109400088075
 10
61.42784953152365
 20
123.82844399581921
 10
61.40270610091177
 20
123.99585993127147
 10
61.378213579690666
 20
124.16333977789685
 10
61.35437212177336
 20
124.33088150419184
 10
61.33118187291823
 20
124.49848307661088
 10
61.30864297085229
 20
124.66614245968267
 10
61.28675554539067
 20
124.83385761612132
 10
61.26551971855274
 20
125.00162650693323
 10
61.244935604674694
 20
125.16944709151974
 10
61.22500331051883
 20
125.33731732777537
 10
61.20572293537981
 20
125.50523517218238
 10
61.18709457118759
 20
125.67319857990111
 10
61.16911830260763
 20
125.84120550485702
 10
61.15179420713791
 20
126.0092538998237
 10
61.13512235520344
 20
126.17734171650301
 10
61.11910281024782
 20
126.34546690560146
 10
61.10373562882221
 20
126.51362741690357
 10
61.0890208606718
 20
126.68182119934232
 10
61.07495854881965
 20
126.85004620106642
 10
61.0615487296483
 20
127.01830036950497
 10
61.04879143297867
 20
127.18658165142918
 10
61.03668668214711
 20
127.35488799301166
 10
61.02523449407979
 20
127.52321733988308
 10
61.014434879365105
 20
127.69156763718655
 10
61.00428784232399
 20
127.85993682962928
 10
60.994793381077955
 20
128.02832286153256
 10
60.98595148761531
 20
128.19672367687912
 10
60.97776214785523
 20
128.3651372193585
 10
60.97022534170996
 20
128.53356143241075
 10
60.96334104314512
 20
128.7019942592676
 10
60.95710922023809
 20
128.8704336429924
 10
60.951529835234645
 20
129.0388775265178
 10
60.94660284460383
 20
129.20732385268218
 10
60.94232819909089
 20
129.37577056426392
 10
60.938705843768844
 20
129.54421560401448
 10
60.93573571808795
 20
129.71265691468992
 10
60.93341775592389
 20
129.88109243908073
 10
60.931751885624145
 20
130.04952012004065
 10
60.930738030052794
 20
130.2179379005139
 10
60.93037610663375
 20
130.38634372356103
 10
60.93066602739259
 20
130.55473553238386
 10
60.931607698996615
 20
130.7231112703492
 10
60.933201022793654
 20
130.89146888101115
 10
60.935445894849316
 20
131.05980630813275
 10
60.93834220598276
 20
131.22812149570635
 10
60.941889841801085
 20
131.39641238797307
 10
60.946088682732274
 20
131.56467692944153
 10
60.950938604056866
 20
131.73291306490538
 10
60.956439475938076
 20
131.90111873946032
 10
60.96259116345078
 20
132.0692918985202
 10
60.969393526608904
 20
132.23743048783234
 10
60.97684642039178
 20
132.40553245349247
 10
60.984949694768986
 20
132.5735957419584
 10
60.99370319472399
 20
132.74161830006395
 10
61.0031067602765
 20
132.9095980750314
 10
61.01316022650359
 20
133.07753301448426
 10
61.02386342355944
 20
133.2454210664589
 10
61.0352161766941
 20
133.41326017941623
 10
61.0472183062707
 20
133.58104830225247
 10
61.0598696277817
 20
133.74878338431023
 10
61.07316995186388
 20
133.91646337538867
 10
61.08711908431201
 20
134.08408622575342
 10
61.101716826091454
 20
134.25164988614688
 10
61.116962973349644
 20
134.41915230779736
 10
61.13285731742617
 20
134.58659144242895
 10
61.149399644861965
 20
134.7539652422705
 10
61.166589737407136
 20
134.92127166006512
 10
61.18442737202779
 20
135.08850864907907
 10
61.20291232091161
 20
135.25567416311105
 10
61.2220443514723
 20
135.42276615650135
 10
61.24182322635306
 20
135.5897825841409
 10
61.26224870342874
 20
135.7567214014805
 10
61.28332053580688
 20
135.92358056454037
 10
61.30503847182786
 20
136.0903580299195
 10
61.32740225506366
 20
136.25705175480547
 10
61.35041162431569
 20
136.4236596969842
 10
61.37406631361138
 20
136.59017981485022
 10
61.398366052199854
 20
136.75661006741728
 10
61.42331056454632
 20
136.92294841432894
 10
61.44889957032542
 20
137.0891928158699
 10
61.47513278441355
 20
137.25534123297743
 10
61.50200991688
 20
137.42139162725363
 10
61.52953067297699
 20
137.58734196097777
 10
61.55769475312873
 20
137.7531901971192
 10
61.58650185291922
 20
137.91893429935132
 10
61.61595166307909
 20
138.08457223206528
 10
61.646043869471285
 20
138.25010196038522
 10
61.67677815307557
 20
138.41552145018346
 10
61.70815418997215
 20
138.58082866809696
 10
61.740171651323976
 20
138.74602158154397
 10
61.77283020335801
 20
138.91109815874213
 10
61.806129507345474
 20
139.0760563687269
 10
61.840069219580826
 20
139.24089418137106
 10
61.87464899135974
 20
139.40560956740526
 10
61.909868468955935
 20
139.57020049843914
 10
61.94572729359688
 20
139.7346649469841
 10
61.9822251014383
 20
139.8990008864766
 10
62.01936152353765
 20
140.0632062913028
 10
62.057136185826366
 20
140.22727913682422
 10
62.09554870908103
 20
140.39121739940495
 10
62.13459870889328
 20
140.55501905643973
 10
62.174285795638674
 20
140.71868208638358
 10
62.2146095744442
 20
140.88220446878273
 10
62.25556964515481
 20
141.04558418430696
 10
62.297165602298584
 20
141.20881921478357
 10
62.339397035050794
 20
141.37190754323265
 10
62.38226352719664
 20
141.53484715390408
 10
62.42576465709281
 20
141.69763603231632
 10
62.46989999762784
 20
141.8602721652967
 10
62.51466911618112
 20
142.0227535410236
 10
62.56007157458059
 20
142.1850781490706
 10
62.60610692905932
 20
142.34724398045236
 10
62.65277473021054
 20
142.50924902767264
 10
62.700074522941506
 20
142.67109128477435
 10
62.74800584642596
 20
142.83276874739178
 10
62.79656823405518
 20
142.99427941280504
 10
62.84576121338764
 20
143.15562127999684
 10
62.89558430609729
 20
143.31679234971156
 10
62.94603702792043
 20
143.477790624517
 10
62.9971188886009
 20
143.63861410886864
 10
63.04882939183407
 20
143.7992608091763
 10
63.101168035209
 20
143.95972873387413
 10
63.15413431014933
 20
144.12001589349288
 10
63.207727701852335
 20
144.2801203007356
 10
63.26194768922642
 20
144.44003997055614
 10
63.31679374482703
 20
144.599772920241
 10
63.37226533479084
 20
144.7593171694944
 10
63.42836191876804
 20
144.91867074052692
 10
63.48508294985304
 20
145.07783165814755
 10
63.54242787451322
 20
145.23679794985964
 10
63.600396132515826
 20
145.39556764596043
 10
63.65898715685292
 20
145.55413877964486
 10
63.71820037366442
 20
145.71250938711336
 10
63.77803520215898
 20
145.87067750768378
 10
63.838491054532824
 20
146.02864118390818
 10
63.899567335886445
 20
146.1863984616939
 10
63.96126344413908
 20
146.34394739042966
 10
64.02357876994074
 20
146.50128602311645
 10
64.08651269658206
 20
146.65841241650384
 10
64.15006459990158
 20
146.81532463123156
 10
64.21423384819055
 20
146.9720207319767
 10
64.27901980209498
 20
147.1284987876069
 10
64.34442181451523
 20
147.28475687133934
 10
64.41043923050245
 20
147.4407930609063
 10
64.47707138715244
 20
147.59660543872732
 10
64.54431761349625
 20
147.75219209208802
 10
64.61217723038766
 20
147.90755111332618
 10
64.68064955038759
 20
148.06268060002532
 10
64.74973387764483
 20
148.217578655216
 10
64.81942950777349
 20
148.3722433875852
 10
64.88973572772666
 20
148.5266729116941
 10
64.96065181566614
 20
148.68086534820478
 10
65.03217704082843
 20
148.8348188241161
 10
65.10431066338636
 20
148.98853147300912
 10
65.17705193430638
 20
149.14200143530263
 10
65.25040009520139
 20
149.29522685851913
 10
65.32435437817882
 20
149.44820589756176
 10
65.39891400568365
 20
149.6009367150029
 10
65.47407819033629
 20
149.75341748138445
 10
65.54984613476498
 20
149.905646375531
 10
65.62621703143256
 20
150.05762158487602
 10
65.7031900624572
 20
150.20934130580184
 10
65.78076439942669
 20
150.36080374399418
 10
65.85893920320648
 20
150.5120071148119
 10
65.93771362374036
 20
150.66294964367242
 10
66.01708679984424
 20
150.81362956645427
 10
66.09705785899179
 20
150.96404512991683
 10
66.17762591709251
 20
151.1141945921389
 10
66.25879007826089
 20
151.2640762229762
 10
66.34054943457662
 20
151.41368830453993
 10
66.42290306583543
 20
151.56302913169628
 10
66.50585003928994
 20
151.71209701258883
 10
66.58938940937972
 20
151.86089026918495
 10
66.67352021745027
 20
152.00940723784691
 10
66.75824149146021
 20
152.15764626993027
 10
66.8435522456758
 20
152.30560573240945
 10
66.92945148035221
 20
152.45328400853367
 10
67.01593818140076
 20
152.60067949851364
 10
67.10301132004109
 20
152.74779062024166
 10
67.1906698524375
 20
152.89461581004656
 10
67.27891271931847
 20
153.0411535234859
 10
67.36773884557809
 20
153.18740223617738
 10
67.45714713985858
 20
153.33336044467177
 10
67.54713649411231
 20
153.4790266673704
 10
67.6377057831422
 20
153.62439944548936
 10
67.7288538641191
 20
153.7694773440737
 10
67.82057957607432
 20
153.91425895306458
 10
67.91288173936604
 20
154.0587428884231
 10
68.00575915511722
 20
154.20292779331407
 10
68.0992106046237
 20
154.34681233935405
 10
68.19323484872989
 20
154.49039522792762
 10
68.28783062716975
 20
154.6336751915768
 10
68.3829966578709
 20
154.77665099546851
 10
68.47873163621867
 20
154.9193214389453
 10
68.57503423427747
 20
155.06168535716546
 10
68.67190309996616
 20
155.20374162283898
 10
68.76933685618368
 20
155.34548914806578
 10
68.86733409988152
 20
155.48692688628446
 10
68.96589340107832
 20
155.62805383433903
 10
69.06501330181256
 20
155.76886903467326
 10
69.16469231502768
 20
155.90937157766152
 10
69.26492892338486
 20
156.04956060408801
 10
69.3657215779967
 20
156.18943530778466
 10
69.46706869707556
 20
156.32899493844144
 10
69.56896866448932
 20
156.4682388046027
 10
69.6714198282161
 20
156.60716627686512
 10
69.77442049868941
 20
156.74577679129354
 10
69.87796894702387
 20
156.88406985307455
 10
69.98206340311044
 20
157.02204504042703
 10
70.08670205356921
 20
157.159702008793
 10
70.19188303954657
 20
157.29704049533444
 10
70.29760445434148
 20
157.43406032376242
 10
70.40386434084485
 20
157.57076140953123
 10
70.51066068877284
 20
157.7071437654304
 10
70.61799143167431
 20
157.84320750761398
 10
70.72585444368835
 20
157.9789528621092
 10
70.83424753602682
 20
158.11438017185247
 10
70.94316845315227
 20
158.24948990430684
 10
71.05261486861832
 20
158.38428265972004
 10
71.16258438053603
 20
158.5187591800922
 10
71.27307450662339
 20
158.65292035892827
 10
71.38408267879133
 20
158.786767251863
 10
71.4956062372114
 20
158.92030108825506
 10
71.6076424238041
 20
159.05352328386238
 10
71.72018837507682
 20
159.1864354547253
 10
71.83324111423138
 20
159.31903943240238
 10
71.94679754244791
 20
159.45133728072432
 10
72.0608544292384
 20
159.5833313142573
 10
72.1754084017467
 20
159.71502411869466
 10
72.290455932851
 20
159.84641857343155
 10
72.40599332790308
 20
159.9775178766167
 10
72.52201670990853
 20
160.10832557302498
 10
72.63852200292064
 20
160.23884558515124
 10
72.75550491337864
 20
160.36908224799632
 10
72.87296090907338
 20
160.49904034809975
 10
72.99088519536323
 20
160.62872516747478
 10
73.10927268819134
 20
160.75814253322596
 10
73.22811798336576
 20
160.88729887378085
 10
73.34741532145433
 20
161.01620128285427
 10
73.46715854750926
 20
161.14485759249598
 10
73.58734106466589
 20
161.27327645686083
 10
73.70795578044378
 20
161.40146744870498
 10
73.82899504430611
 20
161.52944117107177
 10
73.95045057468256
 20
161.65720938721668
 10
74.07231337321099
 20
161.78478517257767
 10
74.19457362336577
 20
161.91218309357623
 10
74.31722056986989
 20
162.0394194193195
 10
74.44024237426433
 20
162.16651237397636
 10
74.56362594063344
 20
162.29348243987766
 10
74.68735670361721
 20
162.42035272448214
 10
74.8114183682679
 20
162.5471494085936
 10
74.93579258771447
 20
162.67390229913104
 10
75.06045855949245
 20
162.80064551813183
 10
75.18539251402531
 20
162.92741837174046
 10
75.31056705788279
 20
163.05426646067377
 10
75.43595031809795
 20
163.18124312027672
 10
75.56150480863066
 20
163.30841131923034
 10
75.68718590014763
 20
163.4358462106731
 10
75.81293970906401
 20
163.5636386349633
 10
75.93870011133389
 20
163.69190005145444
 10
76.06438439151714
 20
163.82076969029237
 10
76.18988667631943
 20
163.95042529504008
 10
76.3150675918124
 20
164.08109996328858
 10
76.43973708509432
 20
164.21310998450568
 10
76.56362389188415
 20
164.34690408228278
 10
76.68631615764829
 20
164.48315871857457
 10
76.80713041149322
 20
164.62298736446945
 10
76.9247607587886
 20
164.7684979747943
 10
77.03594569471241
 20
164.92490011293188
  0
LWPOLYLINE
  5
42
330
17
100
AcDbEntity
  8
IC_DELIKLER
100
AcDbPolyline
 90
212
 70
1
 10
126.81974029541016
 20
111.67481994628906
 10
126.64351654052734
 20
112.00514221191406
 10
126.4876480102539
 20
112.41233825683594
 10
126.322265625
 20
112.9830322265625
 10
126.13475036621094
 20
113.75956726074219
 10
125.82614135742188
 20
115.17620849609375
 10
125.49976348876953
 20
116.79354858398438
 10
125.18519592285156
 20
118.46415710449219
 10
124.91028594970703
 20
120.04029846191406
 10
124.66505432128906
 20
121.6212158203125
 10
124.49122619628906
 20
123.01008605957031
 10
124.08002471923828
 20
127.03907775878906
 10
123.87960052490234
 20
129.33021545410156
 10
123.787109375
 20
130.82711791992188
 10
123.75276184082031
 20
132.0761260986328
 10
123.77265930175781
 20
133.175048828125
 10
123.84635925292969
 20
134.17103576660156
 10
123.90641021728516
 20
134.6667022705078
 10
123.9826431274414
 20
135.16014099121094
 10
124.07474517822266
 20
135.65090942382812
 10
124.19322967529297
 20
136.18736267089844
 10
124.47774505615234
 20
137.24879455566406
 10
124.82144165039062
 20
138.2925567626953
 10
125.08853912353516
 20
138.99278259277344
 10
125.4166259765625
 20
139.77650451660156
 10
125.82684326171875
 20
140.68824768066406
 10
126.27755737304688
 20
141.63645935058594
 10
126.78895568847656
 20
142.66639709472656
 10
127.36180877685547
 20
143.77734375
 10
127.97358703613281
 20
144.92433166503906
 10
128.60008239746094
 20
146.0633544921875
 10
129.26551818847656
 20
147.23789978027344
 10
129.9207000732422
 20
148.3606719970703
 10
130.59092712402344
 20
149.47451782226562
 10
131.22462463378906
 20
150.4934539794922
 10
131.8206787109375
 20
151.4178466796875
 10
132.40687561035156
 20
152.2887420654297
 10
132.92774963378906
 20
153.02227783203125
 10
133.38099670410156
 20
153.6189727783203
 10
133.86016845703125
 20
154.19407653808594
 10
134.30299377441406
 20
154.6672821044922
 10
134.77464294433594
 20
155.1111602783203
 10
135.2754364013672
 20
155.5215301513672
 10
135.8031768798828
 20
155.89715576171875
 10
136.43824768066406
 20
156.29315185546875
 10
137.13462829589844
 20
156.68565368652344
 10
139.24853515625
 20
157.82077026367188
 10
139.85101318359375
 20
158.17539978027344
 10
140.35223388671875
 20
158.50218200683594
 10
140.90896606445312
 20
158.92066955566406
 10
141.38836669921875
 20
159.35281372070312
 10
141.82382202148438
 20
159.8287811279297
 10
142.21385192871094
 20
160.34371948242188
 10
142.48594665527344
 20
160.76072692871094
 10
142.73805236816406
 20
161.19102478027344
 10
142.99749755859375
 20
161.67507934570312
 10
143.28692626953125
 20
162.25660705566406
 10
143.75186157226562
 20
163.25326538085938
 10
145.18753051757812
 20
166.4452362060547
 10
146.08335876464844
 20
168.39967346191406
 10
146.8342742919922
 20
169.9802703857422
 10
147.44273376464844
 20
171.1849822998047
 10
147.9303436279297
 20
172.05614471435547
 10
148.14263916015625
 20
172.39254760742188
 10
148.34136962890625
 20
172.67584228515625
 10
148.55618286132812
 20
172.94307708740234
 10
148.7560272216797
 20
173.15384674072266
 10
148.97244262695312
 20
173.3422622680664
 10
149.16615295410156
 20
173.47864532470703
 10
149.37179565429688
 20
173.59393310546875
 10
149.63296508789062
 20
173.7028045654297
 10
149.9072265625
 20
173.77964782714844
 10
150.19122314453125
 20
173.82659149169922
 10
150.48153686523438
 20
173.84709930419922
 10
150.82440185546875
 20
173.84276580810547
 10
151.16851806640625
 20
173.8132553100586
 10
151.5116729736328
 20
173.76283264160156
 10
151.9010772705078
 20
173.68360137939453
 10
152.28684997558594
 20
173.58531188964844
 10
153.81491088867188
 20
173.13007354736328
 10
154.97476196289062
 20
172.86415100097656
 10
155.35206604003906
 20
172.75949096679688
 10
155.6259307861328
 20
172.66027069091797
 10
155.88966369628906
 20
172.53893280029297
 10
156.14236450195312
 20
172.3948211669922
 10
156.42367553710938
 20
172.20083618164062
 10
156.76759338378906
 20
171.92037963867188
 10
157.1696014404297
 20
171.5491943359375
 10
157.6658477783203
 20
171.05657958984375
 10
158.32620239257812
 20
170.3738250732422
 10
159.48403930664062
 20
169.12925720214844
 10
161.4459991455078
 20
166.9264678955078
 10
162.59530639648438
 20
165.6739501953125
 10
164.21388244628906
 20
163.97030639648438
 10
165.9985809326172
 20
162.14901733398438
 10
167.9862518310547
 20
160.17698669433594
 10
169.89358520507812
 20
158.33734130859375
 10
171.75645446777344
 20
156.5961151123047
 10
173.35569763183594
 20
155.15931701660156
 10
174.22662353515625
 20
154.408447265625
 10
176.67221069335938
 20
152.34487915039062
 10
180.93338012695312
 20
148.6348114013672
 10
183.48031616210938
 20
146.45883178710938
 10
186.39259338378906
 20
143.86544799804688
 10
187.00473022460938
 20
143.35101318359375
 10
187.5148468017578
 20
142.9494171142578
 10
188.04153442382812
 20
142.5714874267578
 10
188.54739379882812
 20
142.25502014160156
 10
188.98643493652344
 20
142.02549743652344
 10
189.44247436523438
 20
141.83680725097656
 10
189.91432189941406
 20
141.69668579101562
 10
190.349609375
 20
141.61572265625
 10
190.84042358398438
 20
141.57638549804688
 10
191.33338928222656
 20
141.5885772705078
 10
191.7746124267578
 20
141.6415252685547
 10
192.25828552246094
 20
141.74420166015625
 10
192.73223876953125
 20
141.8887176513672
 10
193.2406768798828
 20
142.08880615234375
 10
193.77978515625
 20
142.34629821777344
 10
194.3040313720703
 20
142.63497924804688
 10
194.8995819091797
 20
143.0009002685547
 10
195.52195739746094
 20
143.41830444335938
 10
196.1314239501953
 20
143.85479736328125
 10
196.80996704101562
 20
144.3663787841797
 10
198.3714599609375
 20
145.61566162109375
 10
201.87879943847656
 20
148.513916015625
 10
202.86195373535156
 20
149.36427307128906
 10
203.9788818359375
 20
150.36541748046875
 10
205.30303955078125
 20
151.58462524414062
 10
206.7233428955078
 20
152.92071533203125
 10
208.20370483398438
 20
154.3387908935547
 10
209.7436981201172
 20
155.83908081054688
 10
211.27090454101562
 20
157.3523712158203
 10
212.67892456054688
 20
158.77272033691406
 10
213.9681396484375
 20
160.09950256347656
 10
215.1035614013672
 20
161.296630859375
 10
217.26051330566406
 20
163.66029357910156
 10
220.1538543701172
 20
166.90850830078125
 10
221.76260375976562
 20
168.75625610351562
 10
223.79470825195312
 20
171.1629638671875
 10
227.70289611816406
 20
175.71548461914062
 10
228.8343048095703
 20
176.9840087890625
 10
229.80111694335938
 20
177.99586486816406
 10
230.44931030273438
 20
178.61907196044922
 10
231.0524139404297
 20
179.14163970947266
 10
231.56912231445312
 20
179.5277328491211
 10
231.8174285888672
 20
179.68657684326172
 10
232.0717010498047
 20
179.8270263671875
 10
232.2867431640625
 20
179.9253387451172
 10
232.5019989013672
 20
180.00164031982422
 10
232.7131805419922
 20
180.05067443847656
 10
232.91416931152344
 20
180.0672607421875
 10
233.09730529785156
 20
180.04713439941406
 10
233.22540283203125
 20
180.0029067993164
 10
233.33285522460938
 20
179.9335708618164
 10
233.41653442382812
 20
179.84027862548828
 10
233.47457885742188
 20
179.7252655029297
 10
233.50665283203125
 20
179.5915985107422
 10
233.51388549804688
 20
179.44280242919922
 10
233.4987335205078
 20
179.2824478149414
 10
233.4534149169922
 20
179.07066345214844
 10
233.38555908203125
 20
178.8510513305664
 10
233.1693115234375
 20
178.31087493896484
 10
231.44349670410156
 20
174.5951919555664
 10
227.0640411376953
 20
165.27261352539062
 10
214.4095001220703
 20
138.45872497558594
 10
209.27159118652344
 20
127.61428833007812
 10
206.15280151367188
 20
121.0694580078125
 10
205.68858337402344
 20
120.13114929199219
 10
205.39573669433594
 20
119.62321472167969
 10
205.258544921875
 20
119.42892456054688
 10
205.10821533203125
 20
119.25088500976562
 10
204.9424591064453
 20
119.09303283691406
 10
204.76014709472656
 20
118.95832824707031
 10
204.60247802734375
 20
118.86813354492188
 10
204.3919219970703
 20
118.7769775390625
 10
204.2141876220703
 20
118.72004699707031
 10
203.98287963867188
 20
118.66615295410156
 10
203.4512939453125
 20
118.5972900390625
 10
202.75619506835938
 20
118.56336975097656
 10
200.9068145751953
 20
118.55070495605469
 10
194.75694274902344
 20
118.58786010742188
 10
191.60694885253906
 20
118.592529296875
 10
189.25709533691406
 20
118.57270812988281
 10
187.65802001953125
 20
118.52536010742188
 10
184.76199340820312
 20
118.37551879882812
 10
181.31561279296875
 20
118.21839904785156
 10
179.56858825683594
 20
118.1171875
 10
175.82904052734375
 20
117.83839416503906
 10
171.7938232421875
 20
117.49308776855469
 10
168.85928344726562
 20
117.19235229492188
 10
162.8007354736328
 20
116.48265075683594
 10
159.7271728515625
 20
116.0792236328125
 10
157.20550537109375
 20
115.70100402832031
 10
152.42018127441406
 20
114.912353515625
 10
144.20509338378906
 20
113.41783142089844
 10
141.16342163085938
 20
112.81977844238281
 10
134.75462341308594
 20
111.46945190429688
 10
133.57339477539062
 20
111.260986328125
 10
131.89285278320312
 20
111.01177978515625
 10
131.0493927001953
 20
110.9237060546875
 10
130.10203552246094
 20
110.87709045410156
 10
128.85545349121094
 20
110.86590576171875
 10
128.46238708496094
 20
110.87969970703125
 10
128.12701416015625
 20
110.9102783203125
 10
127.89598846435547
 20
110.94911193847656
 10
127.71851348876953
 20
110.99388122558594
 10
127.50846099853516
 20
111.07044982910156
 10
127.35169982910156
 20
111.15013122558594
 10
127.20634460449219
 20
111.24710083007812
 10
127.07324981689453
 20
111.36122131347656
 10
126.95280456542969
 20
111.49156188964844
  0
LWPOLYLINE
  5
43
330
17
100
AcDbEntity
  8
IC_DELIKLER
100
AcDbPolyline
 90
758
 70
1
 10
7.818602085113525
 20
155.56533813476562
 10
7.742693901062012
 20
155.67587280273438
 10
7.684591770172119
 20
155.8553924560547
 10
7.6438093185424805
 20
156.08615112304688
 10
7.613692760467529
 20
156.39659118652344
 10
7.577033042907715
 20
157.42373657226562
 10
7.540533542633057
 20
160.07302856445312
 10
7.5
 20
160.12303161621094
 10
7.5
 20
167.972412109375
 10
7.54762601852417
 20
168.02133178710938
 10
7.651975631713867
 20
168.70542907714844
 10
7.701603412628174
 20
169.193115234375
 10
7.715816497802734
 20
169.6326446533203
 10
7.647459983825684
 20
171.2646026611328
 10
7.622107982635498
 20
172.41362762451172
 10
7.577730655670166
 20
176.76337432861328
 10
7.540050983428955
 20
183.51326751708984
 10
7.5
 20
183.56327056884766
 10
7.5
 20
262.76314544677734
 10
7.540057182312012
 20
262.8131446838379
 10
7.612900733947754
 20
280.1129856109619
 10
7.656881809234619
 20
286.062819480896
 10
7.7038421630859375
 20
289.91222286224365
 10
7.733333110809326
 20
290.80280113220215
 10
7.79067850112915
 20
291.31646823883057
 10
7.841070175170898
 20
291.529239654541
 10
7.897493362426758
 20
291.6850690841675
 10
7.970866680145264
 20
291.8252830505371
 10
8.062838554382324
 20
291.94786167144775
 10
8.17402458190918
 20
292.0516848564148
 10
8.339113235473633
 20
292.15512895584106
 10
8.530027389526367
 20
292.2315216064453
 10
8.74178409576416
 20
292.28508281707764
 10
9.015625953674316
 20
292.32651472091675
 10
9.302950859069824
 20
292.35117864608765
 10
10.194629669189453
 20
292.38186407089233
 10
13.044200897216797
 20
292.4121661186218
 10
17.944149017333984
 20
292.43387365341187
 10
36.44412612915039
 20
292.4599657058716
 10
36.49412536621094
 20
292.5
 10
119.54409790039062
 20
292.5
 10
119.5940933227539
 20
292.45989894866943
 10
123.24396514892578
 20
292.4342837333679
 10
124.04252624511719
 20
292.4197793006897
 10
124.5354995727539
 20
292.39773178100586
 10
124.91565704345703
 20
292.3590703010559
 10
125.2231674194336
 20
292.29647493362427
 10
125.4532470703125
 20
292.2121949195862
 10
125.63739776611328
 20
292.094331741333
 10
125.72807312011719
 20
291.99661445617676
 10
125.78987121582031
 20
291.8846683502197
 10
125.82188415527344
 20
291.76032066345215
 10
125.82527160644531
 20
291.6258182525635
 10
125.77354431152344
 20
291.3725280761719
 10
125.57354736328125
 20
290.82164096832275
 10
125.50753021240234
 20
290.5701904296875
 10
125.47623443603516
 20
290.26575660705566
 10
125.49347686767578
 20
289.99732780456543
 10
125.55985260009766
 20
289.67922496795654
 10
125.69905853271484
 20
289.26856422424316
 10
125.89544677734375
 20
288.8154420852661
 10
126.18148803710938
 20
288.23369121551514
 10
126.80256652832031
 20
287.0925235748291
 10
127.13319396972656
 20
286.53324604034424
 10
127.47769165039062
 20
285.9824628829956
 10
127.8088150024414
 20
285.48258113861084
 10
128.15371704101562
 20
284.99223136901855
 10
128.48338317871094
 20
284.5527753829956
 10
128.8279571533203
 20
284.12530422210693
 10
129.32713317871094
 20
283.5688247680664
 10
129.8316192626953
 20
283.08970832824707
 10
130.3382110595703
 20
282.6907730102539
 10
131.37893676757812
 20
281.9792175292969
 10
131.60696411132812
 20
281.7804126739502
 10
131.75552368164062
 20
281.60085105895996
 10
131.8495330810547
 20
281.412052154541
 10
131.88722229003906
 20
281.21392250061035
 10
131.8825225830078
 20
281.041467666626
 10
131.81568908691406
 20
280.5974826812744
 10
131.80067443847656
 20
280.3995780944824
 10
131.8094940185547
 20
280.1952705383301
 10
131.84678649902344
 20
279.98645401000977
 10
131.92880249023438
 20
279.73311042785645
 10
132.0455322265625
 20
279.48010635375977
 10
132.2139434814453
 20
279.1885070800781
 10
132.43345642089844
 20
278.8616600036621
 10
133.038818359375
 20
278.06951904296875
 10
133.96432495117188
 20
276.9536647796631
 10
136.63523864746094
 20
273.8431854248047
 10
137.44085693359375
 20
272.9554100036621
 10
137.93972778320312
 20
272.4669418334961
 10
138.4306182861328
 20
272.044828414917
 10
138.95008850097656
 20
271.6591968536377
 10
140.0164337158203
 20
270.9529800415039
 10
140.26951599121094
 20
270.7471981048584
 10
140.4551544189453
 20
270.55376052856445
 10
140.60476684570312
 20
270.3414478302002
 10
140.71778869628906
 20
270.1102104187012
 10
140.80157470703125
 20
269.8629665374756
 10
140.98121643066406
 20
269.21036529541016
 10
141.117431640625
 20
268.86455154418945
 10
141.29891967773438
 20
268.5303649902344
 10
141.54771423339844
 20
268.16965103149414
 10
141.98817443847656
 20
267.6328430175781
 10
142.65869140625
 20
266.8921585083008
 10
146.48812866210938
 20
262.8751411437988
 10
147.0661163330078
 20
262.2528953552246
 10
147.42613220214844
 20
261.84347915649414
 10
147.774658203125
 20
261.3914108276367
 10
147.8899383544922
 20
261.2052421569824
 10
147.9617462158203
 20
261.0603256225586
 10
148.0188446044922
 20
260.8882713317871
 10
148.03367614746094
 20
260.7614440917969
 10
148.01809692382812
 20
260.64742279052734
 10
147.97103881835938
 20
260.54877853393555
 10
147.8931427001953
 20
260.46734619140625
 10
147.7867889404297
 20
260.4039878845215
 10
147.65570068359375
 20
260.35853576660156
 10
147.50437927246094
 20
260.32994842529297
 10
147.2939910888672
 20
260.31543350219727
 10
147.06797790527344
 20
260.3212013244629
 10
146.5956573486328
 20
260.38256454467773
 10
146.17135620117188
 20
260.48868560791016
 10
145.7641143798828
 20
260.64531326293945
 10
145.42459106445312
 20
260.82998275756836
 10
145.07315063476562
 20
261.0875473022461
 10
144.7207794189453
 20
261.4258689880371
 10
144.34109497070312
 20
261.8814926147461
 10
143.99049377441406
 20
262.36572265625
 10
142.94268798828125
 20
263.88957595825195
 10
142.32815551757812
 20
264.74070739746094
 10
141.56890869140625
 20
265.73332595825195
 10
140.74659729003906
 20
266.73979568481445
 10
139.82644653320312
 20
267.79455184936523
 10
138.84185791015625
 20
268.85874366760254
 10
137.7263641357422
 20
270.00555992126465
 10
136.6549530029297
 20
271.0550956726074
 10
135.62876892089844
 20
272.0070858001709
 10
134.64947509765625
 20
272.8615894317627
 10
133.64199829101562
 20
273.6825637817383
 10
132.6454620361328
 20
274.436487197876
 10
131.62197875976562
 20
275.1533851623535
 10
130.5308837890625
 20
275.85942459106445
 10
129.4158477783203
 20
276.527135848999
 10
128.19253540039062
 20
277.2073268890381
 10
127.30484008789062
 20
277.66504669189453
 10
126.67560577392578
 20
277.948278427124
 10
126.40666961669922
 20
278.04508209228516
 10
126.18628692626953
 20
278.1055793762207
 10
125.97308349609375
 20
278.14092445373535
 10
125.81078338623047
 20
278.1467590332031
 10
125.6585693359375
 20
278.1296558380127
 10
125.55242156982422
 20
278.10072135925293
 10
125.4229507446289
 20
278.0403652191162
 10
125.3078842163086
 20
277.9563217163086
 10
125.13853454589844
 20
277.762752532959
 10
124.84233093261719
 20
277.2937812805176
 10
124.7580795288086
 20
277.19706535339355
 10
124.68975830078125
 20
277.1411781311035
 10
124.59101867675781
 20
277.0928382873535
 10
124.5113296508789
 20
277.07786560058594
 10
124.42736053466797
 20
277.08165740966797
 10
124.31008911132812
 20
277.11526679992676
 10
124.18872833251953
 20
277.1791687011719
 10
124.06542205810547
 20
277.269495010376
 10
123.91120910644531
 20
277.4124584197998
 10
123.75897216796875
 20
277.58019828796387
 10
123.49199676513672
 20
277.9195442199707
 10
122.7908706665039
 20
278.88372230529785
 10
122.41160583496094
 20
279.3405876159668
 10
122.06169128417969
 20
279.6834716796875
 10
121.87246704101562
 20
279.83729362487793
 10
121.67346954345703
 20
279.9780750274658
 10
121.42261505126953
 20
280.12987327575684
 10
121.11585998535156
 20
280.28535652160645
 10
120.79768371582031
 20
280.4216079711914
 10
120.42481231689453
 20
280.5598316192627
 10
119.95072174072266
 20
280.714879989624
 10
119.37564086914062
 20
280.8842430114746
 10
118.06932830810547
 20
281.22306632995605
 10
116.65380859375
 20
281.5356502532959
 10
115.37511444091797
 20
281.76708030700684
 10
114.18667602539062
 20
281.92879486083984
 10
112.69417572021484
 20
282.0758514404297
 10
110.79949188232422
 20
282.2147674560547
 10
110.00059509277344
 20
282.2524604797363
 10
109.35124969482422
 20
282.2677803039551
 10
108.80287170410156
 20
282.263614654541
 10
108.35846710205078
 20
282.2406120300293
 10
107.97444152832031
 20
282.19550132751465
 10
107.65882110595703
 20
282.12699127197266
 10
107.37944793701172
 20
282.021520614624
 10
107.244140625
 20
281.94163703918457
 10
107.15736389160156
 20
281.8717613220215
 10
107.06407165527344
 20
281.7653694152832
 10
107.0123519897461
 20
281.6761054992676
 10
106.97701263427734
 20
281.5794143676758
 10
106.95818328857422
 20
281.4761505126953
 10
106.95552062988281
 20
281.36731719970703
 10
106.97569274902344
 20
281.2154064178467
 10
107.06755065917969
 20
280.9378185272217
 10
107.23853302001953
 20
280.61413955688477
 10
107.4819107055664
 20
280.25305938720703
 10
107.91061401367188
 20
279.7061519622803
 10
108.49734497070312
 20
279.02474212646484
 10
109.23938751220703
 20
278.2130432128906
 10
110.0678482055664
 20
277.3450622558594
 10
111.1573257446289
 20
276.24265480041504
 10
112.2278823852539
 20
275.1921272277832
 10
112.99381256103516
 20
274.4745330810547
 10
113.59796905517578
 20
273.9522132873535
 10
113.9112319946289
 20
273.7058734893799
 10
114.23455810546875
 20
273.4743881225586
 10
114.52704620361328
 20
273.28734588623047
 10
114.82911682128906
 20
273.11733627319336
 10
115.36795806884766
 20
272.8679885864258
 10
116.46800231933594
 20
272.453950881958
 10
116.72140502929688
 20
272.3310432434082
 10
116.95354461669922
 20
272.1846561431885
 10
117.16039276123047
 20
272.0105609893799
 10
117.3424301147461
 20
271.80930519104004
 10
117.50545501708984
 20
271.58629608154297
 10
117.8971939086914
 20
270.9928684234619
 10
118.13439178466797
 20
270.6890678405762
 10
118.43743133544922
 20
270.3725280761719
 10
118.77168273925781
 20
270.0808868408203
 10
119.44843292236328
 20
269.5724697113037
 10
120.64302062988281
 20
268.7513179779053
 10
122.06067657470703
 20
267.81325912475586
 10
123.2449722290039
 20
267.0670738220215
 10
123.93269348144531
 20
266.65892028808594
 10
124.58773040771484
 20
266.2946357727051
 10
125.16554260253906
 20
265.9984474182129
 10
125.75438690185547
 20
265.72560119628906
 10
126.26191711425781
 20
265.5164222717285
 10
126.77775573730469
 20
265.328800201416
 10
128.207275390625
 20
264.89219665527344
 10
128.5326385498047
 20
264.7824363708496
 10
128.88613891601562
 20
264.63319396972656
 10
129.16925048828125
 20
264.4712104797363
 10
129.38648986816406
 20
264.3039741516113
 10
129.60911560058594
 20
264.0759048461914
 10
129.7788543701172
 20
263.8577575683594
 10
130.15762329101562
 20
263.31993103027344
 10
130.4011993408203
 20
263.0279998779297
 10
130.67788696289062
 20
262.7608184814453
 10
131.02293395996094
 20
262.4879722595215
 10
131.60015869140625
 20
262.1011657714844
 10
132.36959838867188
 20
261.6361503601074
 10
133.02194213867188
 20
261.2667236328125
 10
134.33987426757812
 20
260.5516242980957
 10
134.8593292236328
 20
260.2538719177246
 10
135.31948852539062
 20
259.96428298950195
 10
135.66665649414062
 20
259.70977783203125
 10
135.92672729492188
 20
259.4668769836426
 10
136.0292205810547
 20
259.339599609375
 10
136.10751342773438
 20
259.20927810668945
 10
136.15768432617188
 20
259.07719802856445
 10
136.17507934570312
 20
258.9780502319336
 10
136.17433166503906
 20
258.87986755371094
 10
136.1448974609375
 20
258.75228118896484
 10
136.1021270751953
 20
258.6605567932129
 10
136.04269409179688
 20
258.5735321044922
 10
135.8799285888672
 20
258.41814041137695
 10
135.67059326171875
 20
258.2946014404297
 10
135.42959594726562
 20
258.2098846435547
 10
135.21409606933594
 20
258.1724433898926
 10
134.9469757080078
 20
258.16906356811523
 10
134.67762756347656
 20
258.20985412597656
 10
134.41082763671875
 20
258.29034423828125
 10
134.0629425048828
 20
258.4470634460449
 10
133.6826934814453
 20
258.66887283325195
 10
132.03976440429688
 20
259.801212310791
 10
131.2488555908203
 20
260.32714080810547
 10
130.23329162597656
 20
260.9658966064453
 10
129.20016479492188
 20
261.5758590698242
 10
128.15048217773438
 20
262.1568794250488
 10
127.08521270751953
 20
262.7088203430176
 10
126.00530242919922
 20
263.23152923583984
 10
124.9116439819336
 20
263.724853515625
 10
123.71237182617188
 20
264.2259292602539
 10
122.49909210205078
 20
264.6920928955078
 10
121.27288055419922
 20
265.1230926513672
 10
120.03478240966797
 20
265.5186538696289
 10
118.78583526611328
 20
265.87849044799805
 10
117.52706146240234
 20
266.20228576660156
 10
116.21058654785156
 20
266.50007247924805
 10
114.98429107666016
 20
266.7385711669922
 10
114.29768371582031
 20
266.8422088623047
 10
113.81855773925781
 20
266.87745666503906
 10
113.45954895019531
 20
266.85791015625
 10
113.29528045654297
 20
266.8250427246094
 10
113.14524841308594
 20
266.7737579345703
 10
112.95262908935547
 20
266.6597557067871
 10
112.87235260009766
 20
266.5862350463867
 10
112.78189849853516
 20
266.4727592468262
 10
112.67716979980469
 20
266.2768096923828
 10
112.49139404296875
 20
265.79873275756836
 10
112.38899993896484
 20
265.6385154724121
 10
112.30211639404297
 20
265.56103897094727
 10
112.22611999511719
 20
265.5208396911621
 10
112.1409912109375
 20
265.49676513671875
 10
112.01451110839844
 20
265.4897003173828
 10
111.87553405761719
 20
265.50977325439453
 10
111.72702026367188
 20
265.55407333374023
 10
111.37237548828125
 20
265.72211837768555
 10
111.04766082763672
 20
265.9215278625488
 10
110.10206604003906
 20
266.5570411682129
 10
109.58760833740234
 20
266.85095596313477
 10
109.13782501220703
 20
267.0450248718262
 10
108.66816711425781
 20
267.18213653564453
 10
108.32987976074219
 20
267.24548721313477
 10
107.98627471923828
 20
267.2867202758789
 10
107.14104461669922
 20
267.3281784057617
 10
105.49169921875
 20
267.3231086730957
 10
104.04302978515625
 20
267.2711715698242
 10
103.09589385986328
 20
267.20304107666016
 10
102.2015380859375
 20
267.10718154907227
 10
101.31136322021484
 20
266.9783172607422
 10
100.4263687133789
 20
266.8172912597656
 10
99.4494857788086
 20
266.6053161621094
 10
98.33372497558594
 20
266.32785415649414
 10
97.08076477050781
 20
265.9821014404297
 10
96.12600708007812
 20
265.68836212158203
 10
95.47589111328125
 20
265.44929122924805
 10
95.04579162597656
 20
265.2422866821289
 10
94.85457611083984
 20
265.1216583251953
 10
94.71943664550781
 20
265.01544189453125
 10
94.60462188720703
 20
264.90027236938477
 10
94.51415252685547
 20
264.7764701843262
 10
94.45147705078125
 20
264.64502334594727
 10
94.41895294189453
 20
264.50750732421875
 10
94.41756439208984
 20
264.3659362792969
 10
94.44672393798828
 20
264.2225151062012
 10
94.50440216064453
 20
264.0793685913086
 10
94.58744812011719
 20
263.9382972717285
 10
94.6919937133789
 20
263.80060958862305
 10
94.84674072265625
 20
263.63441467285156
 10
95.02133178710938
 20
263.47519302368164
 10
95.24846649169922
 20
263.2927780151367
 10
95.81749725341797
 20
262.89570236206055
 10
96.58133697509766
 20
262.4217224121094
 10
97.53462219238281
 20
261.8734359741211
 10
98.720703125
 20
261.22896575927734
 10
100.09617614746094
 20
260.51458740234375
 10
101.66133880615234
 20
259.73196029663086
 10
102.790283203125
 20
259.19640350341797
 10
103.52550506591797
 20
258.8857612609863
 10
104.13642883300781
 20
258.67566680908203
 10
104.66423797607422
 20
258.54024505615234
 10
105.67709350585938
 20
258.3421936035156
 10
106.1398696899414
 20
258.20937728881836
 10
106.57972717285156
 20
258.0174789428711
 10
107.59917449951172
 20
257.4335403442383
 10
107.90790557861328
 20
257.2777404785156
 10
108.22509002685547
 20
257.1375427246094
 10
108.5959701538086
 20
256.9939651489258
 10
109.06767272949219
 20
256.8320617675781
 10
110.40733337402344
 20
256.4277801513672
 10
111.56415557861328
 20
256.10912322998047
 10
112.82240295410156
 20
255.78251266479492
 10
114.13334655761719
 20
255.46033096313477
 10
115.39956665039062
 20
255.16614532470703
 10
117.25799560546875
 20
254.77186584472656
 10
119.37352752685547
 20
254.39804077148438
 10
120.00621795654297
 20
254.2623405456543
 10
120.5799560546875
 20
254.09892654418945
 10
121.80570220947266
 20
253.67813873291016
 10
122.47405242919922
 20
253.4749412536621
 10
125.48091888427734
 20
252.7253646850586
 10
126.6812515258789
 20
252.3965301513672
 10
127.00300598144531
 20
252.28718948364258
 10
127.26242065429688
 20
252.17860412597656
 10
127.49583435058594
 20
252.05054092407227
 10
127.6611328125
 20
251.92594528198242
 10
127.79137420654297
 20
251.7845687866211
 10
127.87940216064453
 20
251.62865829467773
 10
127.91588592529297
 20
251.49685668945312
 10
127.9168701171875
 20
251.3295669555664
 10
127.88213348388672
 20
251.19935989379883
 10
127.79684448242188
 20
251.04904556274414
 10
127.67003631591797
 20
250.9205207824707
 10
127.5085678100586
 20
250.8201904296875
 10
127.31993865966797
 20
250.7514419555664
 10
127.11136627197266
 20
250.71441650390625
 10
126.88915252685547
 20
250.7064437866211
 10
126.6583023071289
 20
250.72290802001953
 10
126.27960205078125
 20
250.7864875793457
 10
125.84849548339844
 20
250.8907585144043
 10
123.7361831665039
 20
251.4979362487793
 10
122.72272491455078
 20
251.7717742919922
 10
121.8971939086914
 20
251.97307968139648
 10
121.16435241699219
 20
252.13086700439453
 10
120.22994995117188
 20
252.2988739013672
 10
119.33907318115234
 20
252.4223289489746
 10
118.39424133300781
 20
252.515869140625
 10
117.3966293334961
 20
252.57905197143555
 10
116.24752044677734
 20
252.61767196655273
 10
114.89772033691406
 20
252.63214492797852
 10
113.34783172607422
 20
252.6219482421875
 10
112.04842376708984
 20
252.58861541748047
 10
111.04999542236328
 20
252.53802490234375
 10
110.20333862304688
 20
252.46875381469727
 10
109.41006469726562
 20
252.37247848510742
 10
108.72232818603516
 20
252.2548599243164
 10
108.24159240722656
 20
252.14319610595703
 10
107.87432098388672
 20
252.02772903442383
 10
107.57889556884766
 20
251.8986930847168
 10
107.3226089477539
 20
251.7359161376953
 10
107.1705551147461
 20
251.59691619873047
 10
107.02469635009766
 20
251.40705490112305
 10
106.92990112304688
 20
251.23479080200195
 10
106.74410247802734
 20
250.81922149658203
 10
106.63304138183594
 20
250.64252471923828
 10
106.487060546875
 20
250.50601959228516
 10
106.3000717163086
 20
250.4171028137207
 10
106.19194030761719
 20
250.39073181152344
 10
106.03477478027344
 20
250.37300491333008
 10
105.6873779296875
 20
250.38743591308594
 10
105.31448364257812
 20
250.44705963134766
 10
104.39678192138672
 20
250.63352584838867
 10
103.85840606689453
 20
250.7021598815918
 10
103.3674545288086
 20
250.71171951293945
 10
102.87847137451172
 20
250.66485214233398
 10
102.53912353515625
 20
250.60104751586914
 10
102.2029800415039
 20
250.51614379882812
 10
101.8228988647461
 20
250.39905166625977
 10
101.40018463134766
 20
250.24871444702148
 10
100.43065643310547
 20
249.84903717041016
 10
99.34658813476562
 20
249.33611297607422
 10
98.7247543334961
 20
249.01526260375977
 10
98.06668090820312
 20
248.65601348876953
 10
96.818359375
 20
247.91937255859375
 10
96.185791015625
 20
247.51691055297852
 10
95.60453796386719
 20
247.12736892700195
 10
95.07403564453125
 20
246.7523956298828
 10
94.55461120605469
 20
246.36257553100586
 10
94.12694549560547
 20
246.01841735839844
 10
93.78966522216797
 20
245.72430419921875
 10
93.47279357910156
 20
245.4159164428711
 10
93.25193786621094
 20
245.1649627685547
 10
93.09234619140625
 20
244.9429702758789
 10
92.97293853759766
 20
244.71762466430664
 10
92.9066390991211
 20
244.49430465698242
 10
92.899658203125
 20
244.31500625610352
 10
92.92813873291016
 20
244.17929077148438
 10
93.0062026977539
 20
244.0226173400879
 10
93.10044860839844
 20
243.90936279296875
 10
93.2528305053711
 20
243.78380966186523
 10
93.43628692626953
 20
243.67544555664062
 10
93.68603515625
 20
243.56517028808594
 10
93.95649719238281
 20
243.4717559814453
 10
94.28634643554688
 20
243.3774070739746
 10
94.96376037597656
 20
243.21384048461914
 10
95.94104766845703
 20
243.00322723388672
 10
96.97056579589844
 20
242.79724884033203
 10
97.90486907958984
 20
242.62599182128906
 10
98.69420623779297
 20
242.4969940185547
 10
99.38710021972656
 20
242.39974975585938
 10
100.03250122070312
 20
242.32726669311523
 10
100.57996368408203
 20
242.28412246704102
 10
101.32721710205078
 20
242.2633285522461
 10
101.97224426269531
 20
242.29522705078125
 10
102.51228332519531
 20
242.36648559570312
 10
103.47334289550781
 20
242.54629135131836
 10
103.70918273925781
 20
242.5748062133789
 10
103.94322204589844
 20
242.58610153198242
 10
104.17554473876953
 20
242.57747650146484
 10
104.4064712524414
 20
242.5494155883789
 10
105.33372497558594
 20
242.3484649658203
 10
105.8121566772461
 20
242.2814483642578
 10
106.40049743652344
 20
242.2632293701172
 10
107.1956558227539
 20
242.30171585083008
 10
108.34130096435547
 20
242.39678955078125
 10
109.58480072021484
 20
242.52306747436523
 10
111.67025756835938
 20
242.76905822753906
 10
112.71014404296875
 20
242.91019439697266
 10
113.25128173828125
 20
243.00329971313477
 10
113.7392349243164
 20
243.10685348510742
 10
114.27058410644531
 20
243.2432746887207
 10
115.36763000488281
 20
243.55819702148438
 10
115.700927734375
 20
243.63198852539062
 10
115.98748779296875
 20
243.67366409301758
 10
116.27513885498047
 20
243.69132614135742
 10
116.6122817993164
 20
243.6820945739746
 10
117.98050689697266
 20
243.5174446105957
 10
118.37710571289062
 20
243.4911651611328
 10
118.82476806640625
 20
243.48455047607422
 10
119.22290802001953
 20
243.49802017211914
 10
119.66999053955078
 20
243.53295516967773
 10
121.04891204833984
 20
243.71682357788086
 10
121.531982421875
 20
243.74964141845703
 10
121.76823425292969
 20
243.74158096313477
 10
121.953369140625
 20
243.71976470947266
 10
122.13436889648438
 20
243.68310165405273
 10
122.35437774658203
 20
243.6164894104004
 10
122.6100082397461
 20
243.50992584228516
 10
123.27699279785156
 20
243.1656150817871
 10
123.6246109008789
 20
243.01515579223633
 10
123.98845672607422
 20
242.89799118041992
 10
124.73416900634766
 20
242.70769119262695
 10
125.0452651977539
 20
242.6000099182129
 10
125.33226776123047
 20
242.45441436767578
 10
125.5526351928711
 20
242.29356384277344
 10
125.71575927734375
 20
242.13396453857422
 10
125.85981750488281
 20
241.95328521728516
 10
125.98577880859375
 20
241.75481033325195
 10
126.11592102050781
 20
241.4984359741211
 10
126.32571411132812
 20
240.94881057739258
 10
126.78280639648438
 20
239.41970825195312
 10
127.02946472167969
 20
238.71503067016602
 10
127.16485595703125
 20
238.39702224731445
 10
127.31938934326172
 20
238.09251403808594
 10
127.4711685180664
 20
237.84836959838867
 10
127.6441650390625
 20
237.62680053710938
 10
127.8061752319336
 20
237.46467971801758
 10
127.98487854003906
 20
237.32708740234375
 10
128.1796417236328
 20
237.21653366088867
 10
128.38882446289062
 20
237.13347244262695
 10
128.56491088867188
 20
237.08553314208984
 10
128.79339599609375
 20
237.0450553894043
 10
129.73541259765625
 20
236.95487594604492
 10
129.95989990234375
 20
236.9083366394043
 10
130.1719970703125
 20
236.83835220336914
 10
130.3672332763672
 20
236.74157333374023
 10
130.54087829589844
 20
236.61736297607422
 10
130.68804931640625
 20
236.46767044067383
 10
130.8037872314453
 20
236.29656219482422
 10
130.8948516845703
 20
236.07067489624023
 10
130.92689514160156
 20
235.87235260009766
 10
130.91757202148438
 20
235.67088317871094
 10
130.8538055419922
 20
235.4312286376953
 10
130.7829132080078
 20
235.2749786376953
 10
130.66868591308594
 20
235.08438873291016
 10
130.21884155273438
 20
234.49028778076172
 10
130.0650634765625
 20
234.25942993164062
 10
129.9263916015625
 20
233.97582244873047
 10
129.85293579101562
 20
233.71961975097656
 10
129.82513427734375
 20
233.45338439941406
 10
129.84767150878906
 20
233.1349105834961
 10
129.92039489746094
 20
232.81369018554688
 10
130.03134155273438
 20
232.494384765625
 10
130.21287536621094
 20
232.0908203125
 10
130.47386169433594
 20
231.61106872558594
 10
130.792724609375
 20
231.1053695678711
 10
131.13888549804688
 20
230.61698150634766
 10
131.82232666015625
 20
229.75666046142578
 10
133.22508239746094
 20
228.12777709960938
 10
133.769287109375
 20
227.47520446777344
 10
134.29202270507812
 20
226.805908203125
 10
134.7239532470703
 20
226.1946563720703
 10
135.113525390625
 20
225.55723571777344
 10
135.27601623535156
 20
225.2493896484375
 10
135.42369079589844
 20
224.93463897705078
 10
135.55465698242188
 20
224.6131134033203
 10
135.65211486816406
 20
224.3323974609375
 10
135.7345428466797
 20
224.0473403930664
 10
135.8008270263672
 20
223.7584457397461
 10
135.87838745117188
 20
223.220947265625
 10
135.9005889892578
 20
222.6275634765625
 10
135.86390686035156
 20
221.98268127441406
 10
135.76483154296875
 20
221.24160766601562
 10
135.60113525390625
 20
220.40888214111328
 10
135.38352966308594
 20
219.53646850585938
 10
135.11366271972656
 20
218.62630462646484
 10
134.80735778808594
 20
217.72764587402344
 10
134.46653747558594
 20
216.84149932861328
 10
134.1114501953125
 20
216.0151596069336
 10
133.7454071044922
 20
215.24878692626953
 10
133.34616088867188
 20
214.49944305419922
 10
132.93661499023438
 20
213.8134536743164
 10
132.4937744140625
 20
213.14842987060547
 10
131.9896697998047
 20
212.46530151367188
 10
131.48374938964844
 20
211.84717559814453
 10
130.94276428222656
 20
211.26048278808594
 10
130.39816284179688
 20
210.7489471435547
 10
129.85313415527344
 20
210.31568145751953
 10
129.313720703125
 20
209.96109008789062
 10
129.01022338867188
 20
209.79219818115234
 10
128.7432098388672
 20
209.66082000732422
 10
128.1920166015625
 20
209.43726348876953
 10
127.90894317626953
 20
209.3456802368164
 10
127.57353210449219
 20
209.25595092773438
 10
126.93939208984375
 20
209.13707733154297
 10
126.39544677734375
 20
209.08208465576172
 10
125.79849243164062
 20
209.06482696533203
 10
125.15117645263672
 20
209.0896987915039
 10
124.50574493408203
 20
209.15254974365234
 10
123.86360168457031
 20
209.2465057373047
 10
123.22522735595703
 20
209.36540985107422
 10
120.30142974853516
 20
210.03347778320312
 10
119.4682846069336
 20
210.20049285888672
 10
118.68021392822266
 20
210.33580780029297
 10
117.83866882324219
 20
210.4508285522461
 10
117.04307556152344
 20
210.52647399902344
 10
116.24507904052734
 20
210.56515502929688
 10
115.49626159667969
 20
210.5637969970703
 10
114.64916229248047
 20
210.51505279541016
 10
113.80652618408203
 20
210.41527557373047
 10
112.92207336425781
 20
210.2563934326172
 10
112.04754638671875
 20
210.0483856201172
 10
111.08826446533203
 20
209.7688980102539
 10
110.04750061035156
 20
209.41466522216797
 10
109.02201843261719
 20
209.01834869384766
 10
108.10701751708984
 20
208.61700439453125
 10
107.56869506835938
 20
208.35353088378906
 10
107.08380126953125
 20
208.0954132080078
 10
106.60804748535156
 20
207.82088470458984
 10
106.14202117919922
 20
207.53012084960938
 10
105.6859359741211
 20
207.2238998413086
 10
105.19950103759766
 20
206.87367248535156
 10
104.72401428222656
 20
206.5085220336914
 10
104.22013092041016
 20
206.09852600097656
 10
103.20470428466797
 20
205.2097625732422
 10
102.11309814453125
 20
204.18136596679688
 10
100.94136810302734
 20
203.01983642578125
 10
99.1227798461914
 20
201.16193389892578
 10
98.55077362060547
 20
200.6036148071289
 10
97.87667846679688
 20
200.01045989990234
 10
97.56302642822266
 20
199.7640838623047
 10
97.19953918457031
 20
199.50092315673828
 10
96.572509765625
 20
199.0921401977539
 10
95.75375366210938
 20
198.6117172241211
 10
91.98444366455078
 20
196.5426788330078
 10
89.67350769042969
 20
195.24586486816406
 10
88.55233001708984
 20
194.588134765625
 10
87.44583129882812
 20
193.90599060058594
 10
86.10039520263672
 20
193.04022979736328
 10
84.55955505371094
 20
192.0164337158203
 10
82.74028778076172
 20
190.77944946289062
 10
81.43033599853516
 20
189.86090850830078
 10
80.29871368408203
 20
189.03675079345703
 10
79.05834197998047
 20
188.10731506347656
 10
77.67070770263672
 20
187.0410919189453
 10
75.78308868408203
 20
185.5597152709961
 10
75.14266967773438
 20
185.09182739257812
 10
74.7309341430664
 20
184.84608459472656
 10
74.52202606201172
 20
184.75157165527344
 10
74.35453796386719
 20
184.69549560546875
 10
74.18791961669922
 20
184.66036987304688
 10
74.02362060546875
 20
184.64896392822266
 10
73.86320495605469
 20
184.66313934326172
 10
73.70818328857422
 20
184.7035903930664
 10
73.48839569091797
 20
184.81182861328125
 10
73.25365447998047
 20
185.00110626220703
 10
73.04116821289062
 20
185.24148559570312
 10
72.8194580078125
 20
185.55530548095703
 10
72.51066589355469
 20
186.06190490722656
 10
70.75640869140625
 20
189.08935546875
 10
69.3100814819336
 20
191.48680114746094
 10
67.73772430419922
 20
193.98270416259766
 10
66.99945068359375
 20
195.11290740966797
 10
66.247802734375
 20
196.23424530029297
 10
65.279541015625
 20
197.6314468383789
 10
64.3419189453125
 20
198.92777252197266
 10
63.55900573730469
 20
199.96546173095703
 10
61.695335388183594
 20
202.3797607421875
 10
60.759521484375
 20
203.55188751220703
 10
59.73566436767578
 20
204.7812728881836
 10
58.62428665161133
 20
206.0675811767578
 10
57.4261589050293
 20
207.41082000732422
 10
55.937255859375
 20
209.03036499023438
 10
54.321990966796875
 20
210.73717498779297
 10
52.86007308959961
 20
212.24472045898438
 10
50.29726028442383
 20
214.84361267089844
 10
49.50043869018555
 20
215.67208099365234
 10
49.13241195678711
 20
216.07757568359375
 10
48.88090896606445
 20
216.38182067871094
 10
48.68162536621094
 20
216.65862274169922
 10
48.51076889038086
 20
216.94863891601562
 10
48.409996032714844
 20
217.16500091552734
 10
48.34305953979492
 20
217.34368896484375
 10
48.234840393066406
 20
217.76206970214844
 10
48.169063568115234
 20
218.24634552001953
 10
48.130165100097656
 20
218.89055633544922
 10
48.0584831237793
 20
222.38903045654297
 10
47.94886016845703
 20
231.88838958740234
 10
47.89448928833008
 20
235.0378875732422
 10
47.85332107543945
 20
236.38719177246094
 10
47.801292419433594
 20
237.43561172485352
 10
47.73529052734375
 20
238.2317123413086
 10
47.64573669433594
 20
238.87177658081055
 10
47.56264877319336
 20
239.25785064697266
 10
47.465065002441406
 20
239.58663940429688
 10
47.33919143676758
 20
239.90300369262695
 10
47.20631408691406
 20
240.16115951538086
 10
47.0212287902832
 20
240.44364166259766
 10
46.83757781982422
 20
240.6670684814453
 10
46.59638214111328
 20
240.90275955200195
 10
46.368927001953125
 20
241.08079528808594
 10
46.082611083984375
 20
241.25725555419922
 10
45.777503967285156
 20
241.3965835571289
 10
45.45811462402344
 20
241.49535751342773
 10
45.17694854736328
 20
241.5454216003418
 10
44.845664978027344
 20
241.56116485595703
 10
44.56388854980469
 20
241.5365982055664
 10
44.28919219970703
 20
241.47601699829102
 10
44.02671432495117
 20
241.3792381286621
 10
43.742828369140625
 20
241.22156143188477
 10
43.490230560302734
 20
241.01851272583008
 10
43.27488708496094
 20
240.77502059936523
 10
43.16994857788086
 20
240.6202163696289
 10
43.078407287597656
 20
240.4557342529297
 10
42.94940948486328
 20
240.14888763427734
 10
42.84555435180664
 20
239.77661895751953
 10
42.77228546142578
 20
239.34115600585938
 10
42.726829528808594
 20
238.8471221923828
 10
42.6868782043457
 20
237.69945907592773
 10
42.674686431884766
 20
235.64959716796875
 10
42.735321044921875
 20
223.74977111816406
 10
42.730804443359375
 20
218.90007781982422
 10
42.70905685424805
 20
218.15328979492188
 10
42.658573150634766
 20
217.61421966552734
 10
42.572296142578125
 20
217.1864471435547
 10
42.43060302734375
 20
216.77755737304688
 10
42.256229400634766
 20
216.4329376220703
 10
42.04335021972656
 20
216.1054916381836
 10
41.7714958190918
 20
215.75381469726562
 10
41.379127502441406
 20
215.30313873291016
 10
40.62591552734375
 20
214.5023193359375
 10
38.21897888183594
 20
212.03072357177734
 10
36.700164794921875
 20
210.43917846679688
 10
35.10277557373047
 20
208.71564483642578
 10
33.63492965698242
 20
207.07701873779297
 10
32.55406188964844
 20
205.83040618896484
 10
31.4921875
 20
204.56758880615234
 10
30.482023239135742
 20
203.3268814086914
 10
29.492189407348633
 20
202.06990814208984
 10
28.40384292602539
 20
200.63631439208984
 10
27.342599868774414
 20
199.18254852294922
 10
26.279827117919922
 20
197.6683807373047
 10
25.24432945251465
 20
196.1354217529297
 10
24.07264518737793
 20
194.33283233642578
 10
21.66575050354004
 20
190.53065490722656
 10
20.856935501098633
 20
189.20856475830078
 10
20.129051208496094
 20
187.95468139648438
 10
19.288578033447266
 20
186.41991424560547
 10
18.41567611694336
 20
184.732421875
 10
17.39744758605957
 20
182.670166015625
 10
16.30035400390625
 20
180.36827850341797
 10
15.465755462646484
 20
178.5508041381836
 10
14.742952346801758
 20
176.90240478515625
 10
14.072219848632812
 20
175.28616333007812
 10
13.434815406799316
 20
173.65647888183594
 10
12.178583145141602
 20
170.2296142578125
 10
11.476831436157227
 20
168.35704040527344
 10
11.091646194458008
 20
167.22142028808594
 10
10.720159530639648
 20
165.9241485595703
 10
10.168915748596191
 20
163.79441833496094
 10
9.573184967041016
 20
161.366455078125
 10
8.623274803161621
 20
157.3782958984375
 10
8.402844429016113
 20
156.51641845703125
 10
8.249990463256836
 20
156.0352783203125
 10
8.173003196716309
 20
155.84959411621094
 10
8.091681480407715
 20
155.6983642578125
 10
8.007973670959473
 20
155.59222412109375
 10
7.941478252410889
 20
155.54574584960938
 10
7.877651691436768
 20
155.53656005859375
  0
LWPOLYLINE
  5
44
330
17
100
AcDbEntity
  8
IC_DELIKLER
100
AcDbPolyline
 90
451
 70
1
 10
286.445068359375
 20
291.3860740661621
 10
286.7303161621094
 20
291.16529083251953
 10
286.92999267578125
 20
290.9518690109253
 10
287.014404296875
 20
290.8183364868164
 10
287.06121826171875
 20
290.71235847473145
 10
287.10968017578125
 20
290.4866600036621
 10
287.111328125
 20
290.3680944442749
 10
287.0914306640625
 20
290.205771446228
 10
287.0032043457031
 20
289.915265083313
 10
286.8389587402344
 20
289.5821371078491
 10
286.6036071777344
 20
289.21381759643555
 10
286.2175598144531
 20
288.69671058654785
 10
285.6490783691406
 20
287.99997329711914
 10
281.3324279785156
 20
282.9415473937988
 10
279.822998046875
 20
281.1404285430908
 10
278.3914489746094
 20
279.4045944213867
 10
276.75347900390625
 20
277.38544273376465
 10
274.87994384765625
 20
275.0424098968506
 10
272.9252624511719
 20
272.5722599029541
 10
271.8867492675781
 20
271.2264595031738
 10
271.1441650390625
 20
270.2211380004883
 10
270.45379638671875
 20
269.23984146118164
 10
269.7596130371094
 20
268.2005214691162
 10
269.0617370605469
 20
267.1038703918457
 10
268.20269775390625
 20
265.6952323913574
 10
267.472412109375
 20
264.4427490234375
 10
266.921142578125
 20
263.43391036987305
 10
266.47515869140625
 20
262.5396423339844
 10
266.22857666015625
 20
261.99333572387695
 10
266.0019226074219
 20
261.438720703125
 10
265.8143310546875
 20
260.9227104187012
 10
265.6480407714844
 20
260.39957427978516
 10
265.5162353515625
 20
259.9182891845703
 10
265.3925476074219
 20
259.3834342956543
 10
265.2901611328125
 20
258.8439483642578
 10
265.2005310058594
 20
258.25144958496094
 10
265.10662841796875
 20
257.40738677978516
 10
265.0332946777344
 20
256.41050720214844
 10
264.8610534667969
 20
252.46445083618164
 10
264.77459716796875
 20
250.91705703735352
 10
264.7090148925781
 20
250.12040328979492
 10
264.5682373046875
 20
248.88287353515625
 10
264.52685546875
 20
248.38888931274414
 10
264.5111999511719
 20
247.89373016357422
 10
264.51318359375
 20
246.69998931884766
 10
264.4737548828125
 20
245.95326232910156
 10
264.3902587890625
 20
245.20947265625
 10
264.263916015625
 20
244.4722785949707
 10
264.1112976074219
 20
243.84366989135742
 10
263.9278259277344
 20
243.27593231201172
 10
263.7657165527344
 20
242.85809326171875
 10
263.528076171875
 20
242.30839920043945
 10
262.5184326171875
 20
240.13147735595703
 10
258.77490234375
 20
232.1674346923828
 10
254.11817932128906
 20
222.31224060058594
 10
246.47425842285156
 20
206.18179321289062
 10
245.91513061523438
 20
205.066162109375
 10
245.7188262939453
 20
204.72232818603516
 10
245.5318145751953
 20
204.43592834472656
 10
245.35545349121094
 20
204.20789337158203
 10
245.1605987548828
 20
204.00242614746094
 10
244.9450225830078
 20
203.82482147216797
 10
244.74945068359375
 20
203.70005798339844
 10
244.54067993164062
 20
203.59573364257812
 10
244.32118225097656
 20
203.50872039794922
 10
243.5868377685547
 20
203.27812957763672
 10
243.31625366210938
 20
203.17843627929688
 10
243.01429748535156
 20
203.0347137451172
 10
242.77020263671875
 20
202.88421630859375
 10
242.50302124023438
 20
202.6784439086914
 10
242.25177001953125
 20
202.44696807861328
 10
241.33096313476562
 20
201.47142028808594
 10
240.8309326171875
 20
200.98395538330078
 10
240.30406188964844
 20
200.52542877197266
 10
239.7530059814453
 20
200.09590911865234
 10
239.13931274414062
 20
199.66695404052734
 10
238.50479125976562
 20
199.26905822753906
 10
237.8976593017578
 20
198.9219512939453
 10
236.40577697753906
 20
198.1083755493164
 10
235.50743103027344
 20
197.56729125976562
 10
235.05282592773438
 20
197.2599334716797
 10
234.65365600585938
 20
196.96179962158203
 10
234.30972290039062
 20
196.67532348632812
 10
233.98446655273438
 20
196.36913299560547
 10
233.68222045898438
 20
196.0414047241211
 10
233.43568420410156
 20
195.7315902709961
 10
233.2107391357422
 20
195.4054183959961
 10
232.9812469482422
 20
195.02206420898438
 10
232.77114868164062
 20
194.6261978149414
 10
232.53042602539062
 20
194.13265228271484
 10
231.15658569335938
 20
191.1328125
 10
230.7374725341797
 20
190.28182220458984
 10
230.44581604003906
 20
189.7589340209961
 10
230.13160705566406
 20
189.24893951416016
 10
229.7421417236328
 20
188.66814422607422
 10
229.33279418945312
 20
188.1009979248047
 10
228.872802734375
 20
187.50951385498047
 10
228.3895721435547
 20
186.93692779541016
 10
227.85154724121094
 20
186.3455810546875
 10
227.15789794921875
 20
185.62560272216797
 10
226.2018585205078
 20
184.67259979248047
 10
225.12306213378906
 20
183.63047790527344
 10
224.02931213378906
 20
182.60405731201172
 10
223.03018188476562
 20
181.6963348388672
 10
221.93505859375
 20
180.74628448486328
 10
218.4099884033203
 20
177.7912139892578
 10
217.0858612060547
 20
176.7252655029297
 10
215.6988067626953
 20
175.65841674804688
 10
214.37136840820312
 20
174.67855072021484
 10
212.9051971435547
 20
173.6344757080078
 10
206.44296264648438
 20
169.17794799804688
 10
205.543212890625
 20
168.54534912109375
 10
204.73724365234375
 20
167.9536895751953
 10
203.1465606689453
 20
166.74169921875
 10
201.6636505126953
 20
165.63589477539062
 10
200.7168426513672
 20
164.89910888671875
 10
200.0599365234375
 20
164.3599853515625
 10
199.37644958496094
 20
163.7747039794922
 10
198.70445251464844
 20
163.1762237548828
 10
198.0064697265625
 20
162.5319366455078
 10
197.1754608154297
 20
161.73715209960938
 10
196.32247924804688
 20
160.89321899414062
 10
194.16151428222656
 20
158.67079162597656
 10
193.59658813476562
 20
158.10531616210938
 10
193.0452880859375
 20
157.60324096679688
 10
192.81370544433594
 20
157.41952514648438
 10
192.5732421875
 20
157.2519989013672
 10
192.32254028320312
 20
157.10569763183594
 10
192.10543823242188
 20
157.0033416748047
 10
191.88116455078125
 20
156.9210205078125
 10
191.65061950683594
 20
156.85997009277344
 10
191.4152069091797
 20
156.82066345214844
 10
191.17672729492188
 20
156.80299377441406
 10
190.93722534179688
 20
156.8065948486328
 10
190.6988067626953
 20
156.8311309814453
 10
190.46353149414062
 20
156.87637329101562
 10
190.23318481445312
 20
156.9420623779297
 10
190.00927734375
 20
157.0277862548828
 10
189.79286193847656
 20
157.13259887695312
 10
189.58453369140625
 20
157.25503540039062
 10
189.3453369140625
 20
157.4224395751953
 10
189.1173858642578
 20
157.60842895507812
 10
188.8995819091797
 20
157.80905151367188
 10
188.52191162109375
 20
158.20364379882812
 10
188.10195922851562
 20
158.6975860595703
 10
187.60987854003906
 20
159.32754516601562
 10
187.01742553710938
 20
160.1328582763672
 10
185.758056640625
 20
161.93655395507812
 10
183.09524536132812
 20
165.86988830566406
 10
182.37725830078125
 20
166.89303588867188
 10
181.70204162597656
 20
167.82382202148438
 10
181.07034301757812
 20
168.66238403320312
 10
180.45272827148438
 20
169.4486541748047
 10
179.8495635986328
 20
170.18235778808594
 10
179.2289276123047
 20
170.9012908935547
 10
178.58999633789062
 20
171.6039581298828
 10
177.93267822265625
 20
172.28948974609375
 10
177.2217559814453
 20
172.99239349365234
 10
176.49301147460938
 20
173.6768569946289
 10
175.67347717285156
 20
174.41031646728516
 10
174.8001251220703
 20
175.15826416015625
 10
172.0088653564453
 20
177.43142700195312
 10
170.98048400878906
 20
178.30548858642578
 10
170.4248504638672
 20
178.8087158203125
 10
169.88502502441406
 20
179.32859802246094
 10
169.39859008789062
 20
179.83108520507812
 10
168.96401977539062
 20
180.3135757446289
 10
168.32974243164062
 20
181.0853042602539
 10
167.73590087890625
 20
181.8888397216797
 10
167.12307739257812
 20
182.80159759521484
 10
166.46609497070312
 20
183.8646011352539
 10
165.8382110595703
 20
184.94528198242188
 10
165.1329803466797
 20
186.21215057373047
 10
162.38491821289062
 20
191.31964111328125
 10
161.9151153564453
 20
192.14501953125
 10
161.49940490722656
 20
192.82799530029297
 10
160.9453125
 20
193.65928649902344
 10
160.40716552734375
 20
194.3790740966797
 10
159.8595733642578
 20
195.02708435058594
 10
159.27085876464844
 20
195.63750457763672
 10
158.90509033203125
 20
195.97666931152344
 10
158.5252685546875
 20
196.29998779296875
 10
158.13206481933594
 20
196.60693359375
 10
157.72637939453125
 20
196.89732360839844
 10
157.30935668945312
 20
197.17132568359375
 10
156.83892822265625
 20
197.45439910888672
 10
156.35784912109375
 20
197.7192611694336
 10
155.86767578125
 20
197.9672088623047
 10
155.278564453125
 20
198.24040985107422
 10
154.634521484375
 20
198.5133285522461
 10
153.9357147216797
 20
198.7845916748047
 10
153.22987365722656
 20
199.0373306274414
 10
151.8031005859375
 20
199.4990692138672
 10
149.16610717773438
 20
200.2775115966797
 10
148.59779357910156
 20
200.46592712402344
 10
148.179931640625
 20
200.6250762939453
 10
147.69007873535156
 20
200.8551025390625
 10
147.48001098632812
 20
200.97767639160156
 10
147.28115844726562
 20
201.11402130126953
 10
147.09603881835938
 20
201.26538848876953
 10
146.95950317382812
 20
201.39772033691406
 10
146.8051300048828
 20
201.57705688476562
 10
146.69580078125
 20
201.73113250732422
 10
146.51779174804688
 20
202.064208984375
 10
146.39639282226562
 20
202.42347717285156
 10
146.3318328857422
 20
202.79971313476562
 10
146.32020568847656
 20
202.99144744873047
 10
146.32395935058594
 20
203.2326202392578
 10
146.3777313232422
 20
203.66638946533203
 10
146.48367309570312
 20
204.09439086914062
 10
146.65042114257812
 20
204.5587921142578
 10
146.87928771972656
 20
205.05416870117188
 10
147.0684356689453
 20
205.40447235107422
 10
147.2987823486328
 20
205.7894058227539
 10
147.82998657226562
 20
206.57492065429688
 10
148.40274047851562
 20
207.33192443847656
 10
149.77525329589844
 20
209.05040740966797
 10
150.16168212890625
 20
209.57225036621094
 10
150.49977111816406
 20
210.0667495727539
 10
150.8660888671875
 20
210.6615753173828
 10
151.22279357910156
 20
211.31970977783203
 10
151.52682495117188
 20
211.9493408203125
 10
152.14459228515625
 20
213.3146743774414
 10
152.48866271972656
 20
213.9756088256836
 10
152.69937133789062
 20
214.30794525146484
 10
152.9371795654297
 20
214.61538696289062
 10
153.17156982421875
 20
214.85529327392578
 10
153.43215942382812
 20
215.0599822998047
 10
153.5925750732422
 20
215.1586151123047
 10
153.80389404296875
 20
215.26165008544922
 10
154.0256805419922
 20
215.34166717529297
 10
154.25596618652344
 20
215.39911651611328
 10
154.49270629882812
 20
215.4354248046875
 10
154.7339324951172
 20
215.45279693603516
 10
155.27285766601562
 20
215.4379119873047
 10
155.96302795410156
 20
215.35271453857422
 10
157.3927001953125
 20
215.11688995361328
 10
159.02313232421875
 20
214.865478515625
 10
161.18890380859375
 20
214.48157501220703
 10
161.97866821289062
 20
214.35668182373047
 10
162.57333374023438
 20
214.28133392333984
 10
163.12014770507812
 20
214.2305908203125
 10
163.6182098388672
 20
214.20368194580078
 10
164.06646728515625
 20
214.1991424560547
 10
164.5627899169922
 20
214.22176361083984
 10
165.0050506591797
 20
214.27356719970703
 10
165.39093017578125
 20
214.35076141357422
 10
165.76487731933594
 20
214.46315002441406
 10
166.12013244628906
 20
214.61608123779297
 10
166.4092559814453
 20
214.78619384765625
 10
166.67222595214844
 20
214.99112701416016
 10
166.90452575683594
 20
215.2295684814453
 10
167.05030822753906
 20
215.41851043701172
 10
167.20321655273438
 20
215.66283416748047
 10
167.3134765625
 20
215.8785400390625
 10
167.42771911621094
 20
216.1485824584961
 10
167.52560424804688
 20
216.4274673461914
 10
167.6239013671875
 20
216.76006317138672
 10
167.93869018554688
 20
218.00376892089844
 10
168.05029296875
 20
218.32044982910156
 10
168.19406127929688
 20
218.61823272705078
 10
168.37547302246094
 20
218.89310455322266
 10
168.59242248535156
 20
219.14522552490234
 10
168.80001831054688
 20
219.34697723388672
 10
169.4203643798828
 20
219.90000915527344
 10
169.5911407470703
 20
220.07239532470703
 10
169.74844360351562
 20
220.2541961669922
 10
169.91415405273438
 20
220.48657989501953
 10
170.02957153320312
 20
220.69235229492188
 10
170.1221923828125
 20
220.90839385986328
 10
170.19122314453125
 20
221.13331604003906
 10
170.23733520507812
 20
221.36529541015625
 10
170.2657012939453
 20
221.6502685546875
 10
170.25918579101562
 20
222.90933227539062
 10
170.28977966308594
 20
223.2950210571289
 10
170.4162139892578
 20
224.2572021484375
 10
170.42800903320312
 20
224.54519653320312
 10
170.41232299804688
 20
224.8309097290039
 10
170.34263610839844
 20
225.2047576904297
 10
170.21873474121094
 20
225.56649780273438
 10
170.07473754882812
 20
225.8716812133789
 10
169.7088623046875
 20
226.5405731201172
 10
169.60052490234375
 20
226.78753662109375
 10
169.5319061279297
 20
227.03426361083984
 10
169.5143280029297
 20
227.27989196777344
 10
169.55221557617188
 20
227.52259826660156
 10
169.66110229492188
 20
227.80020904541016
 10
169.82237243652344
 20
228.07244873046875
 10
170.28053283691406
 20
228.7412338256836
 10
170.41981506347656
 20
228.9915008544922
 10
170.5147705078125
 20
229.20806121826172
 10
170.5980224609375
 20
229.47689056396484
 10
170.6392822265625
 20
229.70677947998047
 10
170.65394592285156
 20
229.93987274169922
 10
170.63661193847656
 20
230.22055053710938
 10
170.57046508789062
 20
230.54439544677734
 10
170.45956420898438
 20
230.8595199584961
 10
170.2864990234375
 20
231.2051773071289
 10
170.0750732421875
 20
231.53470611572266
 10
169.83694458007812
 20
231.8504409790039
 10
169.5166778564453
 20
232.2313690185547
 10
167.8953857421875
 20
233.9992218017578
 10
167.28323364257812
 20
234.72264099121094
 10
166.9896240234375
 20
235.1230239868164
 10
166.7543487548828
 20
235.49989318847656
 10
166.5768585205078
 20
235.84986114501953
 10
166.43637084960938
 20
236.2139778137207
 10
166.3583221435547
 20
236.49538803100586
 10
166.29806518554688
 20
236.83086395263672
 10
166.27207946777344
 20
237.12279891967773
 10
166.2688446044922
 20
237.46636581420898
 10
166.29002380371094
 20
237.8113021850586
 10
166.32957458496094
 20
238.1563949584961
 10
166.6122589111328
 20
239.9809913635254
 10
166.69387817382812
 20
240.87556838989258
 10
166.71450805664062
 20
241.47399520874023
 10
166.7068328857422
 20
242.0726661682129
 10
166.67440795898438
 20
242.62050247192383
 10
166.61109924316406
 20
243.21580505371094
 10
166.50967407226562
 20
243.85636138916016
 10
166.37460327148438
 20
244.4907112121582
 10
166.20680236816406
 20
245.11726760864258
 10
166.00759887695312
 20
245.73464584350586
 10
165.778564453125
 20
246.34170150756836
 10
165.50067138671875
 20
246.98291015625
 10
165.1927032470703
 20
247.61038208007812
 10
164.83218383789062
 20
248.26694869995117
 10
164.54940795898438
 20
248.73798370361328
 10
164.22454833984375
 20
249.24169921875
 10
163.91226196289062
 20
249.69364166259766
 10
163.58480834960938
 20
250.13367462158203
 10
163.30203247070312
 20
250.47904205322266
 10
163.06910705566406
 20
250.73128128051758
 10
162.82119750976562
 20
250.95972442626953
 10
162.59463500976562
 20
251.12775802612305
 10
162.395263671875
 20
251.2421646118164
 10
162.1865997314453
 20
251.32910919189453
 10
162.013671875
 20
251.3773078918457
 10
161.79132080078125
 20
251.41080474853516
 10
161.425537109375
 20
251.41007614135742
 10
160.72793579101562
 20
251.32442474365234
 10
160.49774169921875
 20
251.30816268920898
 10
160.22738647460938
 20
251.31784057617188
 10
160.0099639892578
 20
251.35734939575195
 10
159.76266479492188
 20
251.4467887878418
 10
159.53465270996094
 20
251.5815658569336
 10
159.3300323486328
 20
251.7568817138672
 10
159.12576293945312
 20
252.0029067993164
 10
158.98446655273438
 20
252.24035263061523
 10
158.89366149902344
 20
252.4514617919922
 10
158.8297576904297
 20
252.6708221435547
 10
158.7941436767578
 20
252.8955307006836
 10
158.78648376464844
 20
253.12328720092773
 10
158.80392456054688
 20
253.35247802734375
 10
158.97323608398438
 20
254.22686386108398
 10
159.00904846191406
 20
254.59571838378906
 10
159.0000762939453
 20
254.82474517822266
 10
158.97288513183594
 20
255.00587463378906
 10
158.9276123046875
 20
255.18414306640625
 10
158.8466339111328
 20
255.40159606933594
 10
158.74098205566406
 20
255.61176681518555
 10
158.58639526367188
 20
255.85311126708984
 10
158.40728759765625
 20
256.08216094970703
 10
158.209228515625
 20
256.29935455322266
 10
157.96035766601562
 20
256.53919982910156
 10
157.6592559814453
 20
256.7982368469238
 10
156.46920776367188
 20
257.7022132873535
 10
156.0199432373047
 20
258.0870246887207
 10
155.7835693359375
 20
258.33359146118164
 10
155.601318359375
 20
258.56088638305664
 10
155.4398651123047
 20
258.8031539916992
 10
155.2991943359375
 20
259.05916595458984
 10
155.12277221679688
 20
259.46384048461914
 10
154.94850158691406
 20
259.9802474975586
 10
154.13006591796875
 20
262.9681396484375
 10
153.7735137939453
 20
264.1661186218262
 10
153.38230895996094
 20
265.40577697753906
 10
153.0194091796875
 20
266.49694442749023
 10
152.640380859375
 20
267.5826072692871
 10
152.26173400878906
 20
268.61528968811035
 10
151.88356018066406
 20
269.59468841552734
 10
151.5428466796875
 20
270.42750549316406
 10
151.18276977539062
 20
271.25207138061523
 10
150.80255126953125
 20
272.0675621032715
 10
150.38160705566406
 20
272.9190101623535
 10
149.91957092285156
 20
273.80569648742676
 10
149.4401397705078
 20
274.6831283569336
 10
148.91943359375
 20
275.5947723388672
 10
148.3817596435547
 20
276.4965286254883
 10
147.69287109375
 20
277.5987968444824
 10
146.9774932861328
 20
278.68403816223145
 10
146.26255798339844
 20
279.70910453796387
 10
145.57772827148438
 20
280.63255310058594
 10
144.9556121826172
 20
281.4148578643799
 10
144.3369140625
 20
282.1350402832031
 10
143.65830993652344
 20
282.868953704834
 10
142.920654296875
 20
283.61560440063477
 10
142.3777313232422
 20
284.1308879852295
 10
141.9685821533203
 20
284.48766708374023
 10
141.6250457763672
 20
284.74553298950195
 10
141.31285095214844
 20
284.92382621765137
 10
141.0754852294922
 20
285.0115785598755
 10
140.79701232910156
 20
285.05713844299316
 10
140.55909729003906
 20
285.0537214279175
 10
140.09576416015625
 20
285.0074739456177
 10
139.84231567382812
 20
285.02134704589844
 10
139.70643615722656
 20
285.059326171875
 10
139.6097412109375
 20
285.1045274734497
 10
139.48843383789062
 20
285.18742179870605
 10
139.37619018554688
 20
285.29476737976074
 10
139.22427368164062
 20
285.49488735198975
 10
139.0892333984375
 20
285.7300958633423
 10
138.6293487548828
 20
286.753529548645
 10
138.40440368652344
 20
287.1938180923462
 10
138.1693115234375
 20
287.56987476348877
 10
137.90008544921875
 20
287.9220600128174
 10
137.56451416015625
 20
288.28464794158936
 10
137.16160583496094
 20
288.6532783508301
 10
136.73638916015625
 20
288.9994421005249
 10
135.8269805908203
 20
289.6989059448242
 10
135.4495086669922
 20
290.0135135650635
 10
135.17845153808594
 20
290.2772550582886
 10
134.9849853515625
 20
290.5167474746704
 10
134.9016876220703
 20
290.65550899505615
 10
134.84352111816406
 20
290.7936325073242
 10
134.81419372558594
 20
290.92888259887695
 10
134.8162384033203
 20
291.05873012542725
 10
134.8390655517578
 20
291.1510429382324
 10
134.89755249023438
 20
291.2655668258667
 10
134.98629760742188
 20
291.36877822875977
 10
135.10203552246094
 20
291.45978355407715
 10
135.2405548095703
 20
291.5385904312134
 10
135.4388427734375
 20
291.6213083267212
 10
135.93545532226562
 20
291.757363319397
 10
138.1258544921875
 20
292.2046055793762
 10
138.61721801757812
 20
292.28092193603516
 10
139.1123809814453
 20
292.3321385383606
 10
140.0595245361328
 20
292.3811631202698
 10
141.60899353027344
 20
292.4137992858887
 10
147.9587860107422
 20
292.45994091033936
 10
148.0087890625
 20
292.5
 10
256.05877685546875
 20
292.5
 10
256.1087646484375
 20
292.4599895477295
 10
282.5587158203125
 20
292.45078229904175
 10
283.803466796875
 20
292.4378991127014
 10
284.193115234375
 20
292.41308403015137
 10
284.5242919921875
 20
292.367648601532
 10
284.7980041503906
 20
292.3033437728882
 10
285.06121826171875
 20
292.21183252334595
 10
285.3149719238281
 20
292.09405851364136
 10
285.5621337890625
 20
291.9555835723877
  0
LWPOLYLINE
  5
45
330
17
100
AcDbEntity
  8
IC_DELIKLER
100
AcDbPolyline
 90
128
 70
1
 10
40.53848
 20
169.5
 10
40.64814094845353
 20
169.49726522668163
 10
40.7575292625108
 20
169.48906770580388
 10
40.86637298558758
 20
169.47542781769528
 10
40.97440151503868
 20
169.4563794732668
 10
41.081346274918644
 20
169.43197002970396
 10
41.18694138370399
 20
169.4022601727295
 10
41.290924315316474
 20
169.367323765729
 10
41.39303655180433
 20
169.32724766611489
 10
41.49302422605863
 20
169.28213150938532
 10
41.590638752966896
 20
169.2320874614145
 10
41.6856374474349
 20
169.17723993959072
 10
41.77778412773996
 20
169.1177253034952
 10
41.866849702716046
 20
169.05369151589042
 10
41.95261274131038
 20
168.98529777486175
 10
42.034860023096016
 20
168.9127141180256
 10
42.11338706837138
 20
168.83612099978936
 10
42.18799864652901
 20
168.7557088427131
 10
42.258509261429666
 20
168.6716775640892
 10
42.324743612574885
 20
168.58423607891655
 10
42.3865370309317
 20
168.49360178050466
 10
42.44373588832576
 20
168.4
 10
42.49619797938523
 20
168.30366344617696
 10
42.54379287508568
 20
168.20483162688734
 10
42.58640224701725
 20
168.10375025360605
 10
42.62392016156769
 20
168.0006706305537
 10
42.656253343290025
 20
167.89584902991461
 10
42.683321406800005
 20
167.7895460547039
 10
42.705057056626856
 20
167.68202599086723
 10
42.721406254520375
 20
167.57355615022448
 10
42.73232835379859
 20
167.46440620589013
 10
42.737796200401796
 20
167.35484752182376
 10
42.737796200401796
 20
167.24515247817624
 10
42.73232835379859
 20
167.13559379410987
 10
42.721406254520375
 20
167.02644384977552
 10
42.705057056626856
 20
166.91797400913276
 10
42.683321406800005
 20
166.8104539452961
 10
42.656253343290025
 20
166.70415097008538
 10
42.62392016156769
 20
166.59932936944628
 10
42.58640224701725
 20
166.49624974639394
 10
42.54379287508568
 20
166.39516837311265
 10
42.49619797938523
 20
166.29633655382304
 10
42.44373588832576
 20
166.2
 10
42.3865370309317
 20
166.10639821949533
 10
42.324743612574885
 20
166.01576392108345
 10
42.258509261429666
 20
165.9283224359108
 10
42.18799864652901
 20
165.8442911572869
 10
42.11338706837138
 20
165.76387900021064
 10
42.034860023096016
 20
165.6872858819744
 10
41.95261274131038
 20
165.61470222513825
 10
41.866849702716046
 20
165.54630848410957
 10
41.77778412773996
 20
165.48227469650482
 10
41.6856374474349
 20
165.42276006040927
 10
41.590638752966896
 20
165.3679125385855
 10
41.49302422605863
 20
165.31786849061467
 10
41.39303655180433
 20
165.27275233388508
 10
41.290924315316474
 20
165.232676234271
 10
41.18694138370399
 20
165.19773982727048
 10
41.081346274918644
 20
165.16802997029603
 10
40.97440151503868
 20
165.1436205267332
 10
40.86637298558758
 20
165.12457218230472
 10
40.7575292625108
 20
165.11093229419612
 10
40.64814094845353
 20
165.10273477331836
 10
40.53848
 20
165.1
 10
29.93848
 20
165.1
 10
29.828819051546464
 20
165.10273477331836
 10
29.719430737489198
 20
165.11093229419612
 10
29.610587014412413
 20
165.12457218230472
 10
29.50255848496132
 20
165.1436205267332
 10
29.395613725081354
 20
165.16802997029603
 10
29.29001861629601
 20
165.19773982727048
 10
29.186035684683524
 20
165.232676234271
 10
29.08392344819567
 20
165.2727523338851
 10
28.98393577394137
 20
165.31786849061467
 10
28.886321247033102
 20
165.3679125385855
 10
28.7913225525651
 20
165.42276006040927
 10
28.69917587226003
 20
165.48227469650482
 10
28.61011029728395
 20
165.54630848410957
 10
28.524347258689613
 20
165.61470222513825
 10
28.44209997690398
 20
165.6872858819744
 10
28.363572931628617
 20
165.76387900021064
 10
28.288961353470985
 20
165.8442911572869
 10
28.218450738570333
 20
165.9283224359108
 10
28.152216387425113
 20
166.01576392108345
 10
28.0904229690683
 20
166.10639821949533
 10
28.033224111674237
 20
166.2
 10
27.98076202061477
 20
166.29633655382304
 10
27.93316712491432
 20
166.39516837311265
 10
27.89055775298275
 20
166.49624974639394
 10
27.853039838432306
 20
166.59932936944628
 10
27.820706656709973
 20
166.70415097008538
 10
27.79363859319999
 20
166.8104539452961
 10
27.771902943373142
 20
166.91797400913276
 10
27.75555374547962
 20
167.02644384977552
 10
27.7446316462014
 20
167.13559379410987
 10
27.739163799598202
 20
167.24515247817624
 10
27.739163799598202
 20
167.35484752182376
 10
27.7446316462014
 20
167.46440620589013
 10
27.75555374547962
 20
167.57355615022448
 10
27.771902943373142
 20
167.68202599086723
 10
27.79363859319999
 20
167.7895460547039
 10
27.820706656709973
 20
167.89584902991461
 10
27.853039838432306
 20
168.0006706305537
 10
27.89055775298275
 20
168.10375025360605
 10
27.93316712491432
 20
168.20483162688734
 10
27.98076202061477
 20
168.30366344617696
 10
28.033224111674237
 20
168.4
 10
28.0904229690683
 20
168.49360178050466
 10
28.152216387425113
 20
168.58423607891655
 10
28.218450738570333
 20
168.6716775640892
 10
28.288961353470985
 20
168.7557088427131
 10
28.363572931628617
 20
168.83612099978936
 10
28.44209997690398
 20
168.9127141180256
 10
28.524347258689613
 20
168.98529777486175
 10
28.61011029728395
 20
169.05369151589042
 10
28.69917587226003
 20
169.1177253034952
 10
28.7913225525651
 20
169.17723993959072
 10
28.886321247033102
 20
169.2320874614145
 10
28.98393577394137
 20
169.28213150938532
 10
29.08392344819567
 20
169.3272476661149
 10
29.186035684683524
 20
169.367323765729
 10
29.29001861629601
 20
169.4022601727295
 10
29.395613725081354
 20
169.43197002970396
 10
29.50255848496132
 20
169.4563794732668
 10
29.610587014412413
 20
169.47542781769528
 10
29.719430737489198
 20
169.48906770580388
 10
29.828819051546464
 20
169.49726522668163
 10
29.93848
 20
169.5
  0
LWPOLYLINE
  5
46
330
17
100
AcDbEntity
  8
IC_DELIKLER
100
AcDbPolyline
 90
128
 70
1
 10
61.23848
 20
169.5
 10
61.34814094845353
 20
169.49726522668163
 10
61.457529262510796
 20
169.48906770580388
 10
61.56637298558759
 20
169.47542781769528
 10
61.674401515038674
 20
169.4563794732668
 10
61.781346274918654
 20
169.43197002970396
 10
61.88694138370399
 20
169.4022601727295
 10
61.99092431531648
 20
169.367323765729
 10
62.09303655180433
 20
169.32724766611489
 10
62.193024226058625
 20
169.28213150938532
 10
62.2906387529669
 20
169.2320874614145
 10
62.385637447434895
 20
169.17723993959072
 10
62.47778412773997
 20
169.1177253034952
 10
62.566849702716056
 20
169.05369151589042
 10
62.65261274131039
 20
168.98529777486175
 10
62.73486002309603
 20
168.9127141180256
 10
62.81338706837139
 20
168.83612099978936
 10
62.88799864652903
 20
168.7557088427131
 10
62.958509261429676
 20
168.6716775640892
 10
63.02474361257489
 20
168.58423607891655
 10
63.086537030931694
 20
168.49360178050466
 10
63.14373588832577
 20
168.4
 10
63.19619797938524
 20
168.30366344617696
 10
63.24379287508568
 20
168.20483162688734
 10
63.28640224701726
 20
168.10375025360605
 10
63.3239201615677
 20
168.0006706305537
 10
63.35625334329003
 20
167.89584902991461
 10
63.38332140680002
 20
167.7895460547039
 10
63.40505705662686
 20
167.68202599086723
 10
63.42140625452038
 20
167.57355615022448
 10
63.432328353798596
 20
167.46440620589013
 10
63.43779620040179
 20
167.35484752182376
 10
63.43779620040179
 20
167.24515247817624
 10
63.432328353798596
 20
167.13559379410987
 10
63.42140625452038
 20
167.02644384977552
 10
63.40505705662686
 20
166.91797400913276
 10
63.38332140680002
 20
166.8104539452961
 10
63.35625334329003
 20
166.70415097008538
 10
63.3239201615677
 20
166.59932936944628
 10
63.28640224701726
 20
166.49624974639394
 10
63.24379287508568
 20
166.39516837311265
 10
63.19619797938524
 20
166.29633655382304
 10
63.14373588832577
 20
166.2
 10
63.086537030931694
 20
166.10639821949533
 10
63.02474361257489
 20
166.01576392108345
 10
62.958509261429676
 20
165.9283224359108
 10
62.88799864652903
 20
165.8442911572869
 10
62.81338706837139
 20
165.76387900021064
 10
62.73486002309603
 20
165.6872858819744
 10
62.65261274131039
 20
165.61470222513825
 10
62.566849702716056
 20
165.54630848410957
 10
62.47778412773997
 20
165.48227469650482
 10
62.385637447434895
 20
165.42276006040927
 10
62.2906387529669
 20
165.3679125385855
 10
62.193024226058625
 20
165.31786849061467
 10
62.09303655180433
 20
165.27275233388508
 10
61.99092431531648
 20
165.232676234271
 10
61.88694138370399
 20
165.19773982727048
 10
61.78134627491865
 20
165.16802997029603
 10
61.674401515038674
 20
165.1436205267332
 10
61.56637298558759
 20
165.12457218230472
 10
61.457529262510796
 20
165.11093229419612
 10
61.34814094845353
 20
165.10273477331836
 10
61.23848
 20
165.1
 10
50.63848
 20
165.1
 10
50.52881905154647
 20
165.10273477331836
 10
50.41943073748921
 20
165.11093229419612
 10
50.31058701441242
 20
165.12457218230472
 10
50.20255848496133
 20
165.1436205267332
 10
50.09561372508136
 20
165.16802997029603
 10
49.99001861629601
 20
165.19773982727048
 10
49.886035684683534
 20
165.232676234271
 10
49.78392344819567
 20
165.2727523338851
 10
49.68393577394137
 20
165.31786849061467
 10
49.586321247033105
 20
165.3679125385855
 10
49.49132255256511
 20
165.42276006040927
 10
49.39917587226004
 20
165.48227469650482
 10
49.310110297283956
 20
165.54630848410957
 10
49.22434725868962
 20
165.61470222513825
 10
49.142099976903985
 20
165.6872858819744
 10
49.06357293162863
 20
165.76387900021064
 10
48.98896135347099
 20
165.8442911572869
 10
48.91845073857034
 20
165.9283224359108
 10
48.852216387425116
 20
166.01576392108345
 10
48.7904229690683
 20
166.10639821949533
 10
48.73322411167424
 20
166.2
 10
48.68076202061477
 20
166.29633655382304
 10
48.63316712491432
 20
166.39516837311265
 10
48.590557752982754
 20
166.49624974639394
 10
48.55303983843231
 20
166.59932936944628
 10
48.520706656709976
 20
166.70415097008538
 10
48.49363859319999
 20
166.8104539452961
 10
48.471902943373145
 20
166.91797400913276
 10
48.45555374547963
 20
167.02644384977552
 10
48.44463164620141
 20
167.13559379410987
 10
48.439163799598205
 20
167.24515247817624
 10
48.439163799598205
 20
167.35484752182376
 10
48.44463164620141
 20
167.46440620589013
 10
48.45555374547963
 20
167.57355615022448
 10
48.471902943373145
 20
167.68202599086723
 10
48.49363859319999
 20
167.7895460547039
 10
48.520706656709976
 20
167.89584902991461
 10
48.55303983843231
 20
168.0006706305537
 10
48.590557752982754
 20
168.10375025360605
 10
48.63316712491432
 20
168.20483162688734
 10
48.68076202061477
 20
168.30366344617696
 10
48.73322411167424
 20
168.4
 10
48.7904229690683
 20
168.49360178050466
 10
48.852216387425116
 20
168.58423607891655
 10
48.91845073857034
 20
168.6716775640892
 10
48.98896135347099
 20
168.7557088427131
 10
49.06357293162863
 20
168.83612099978936
 10
49.142099976903985
 20
168.9127141180256
 10
49.22434725868962
 20
168.98529777486175
 10
49.310110297283956
 20
169.05369151589042
 10
49.39917587226004
 20
169.1177253034952
 10
49.49132255256511
 20
169.17723993959072
 10
49.586321247033105
 20
169.2320874614145
 10
49.68393577394137
 20
169.28213150938532
 10
49.78392344819567
 20
169.3272476661149
 10
49.886035684683534
 20
169.367323765729
 10
49.99001861629601
 20
169.4022601727295
 10
50.09561372508136
 20
169.43197002970396
 10
50.20255848496133
 20
169.4563794732668
 10
50.31058701441242
 20
169.47542781769528
 10
50.41943073748921
 20
169.48906770580388
 10
50.52881905154647
 20
169.49726522668163
 10
50.63848
 20
169.5
  0
LWPOLYLINE
  5
47
330
17
100
AcDbEntity
  8
IC_DELIKLER
100
AcDbPolyline
 90
128
 70
1
 10
40.53848
 20
178.0
 10
40.64814094845353
 20
177.99726522668163
 10
40.7575292625108
 20
177.98906770580388
 10
40.86637298558758
 20
177.97542781769528
 10
40.97440151503868
 20
177.9563794732668
 10
41.081346274918644
 20
177.93197002970396
 10
41.18694138370399
 20
177.9022601727295
 10
41.290924315316474
 20
177.867323765729
 10
41.39303655180433
 20
177.82724766611489
 10
41.49302422605863
 20
177.78213150938532
 10
41.590638752966896
 20
177.7320874614145
 10
41.6856374474349
 20
177.67723993959072
 10
41.77778412773996
 20
177.6177253034952
 10
41.866849702716046
 20
177.55369151589042
 10
41.95261274131038
 20
177.48529777486175
 10
42.034860023096016
 20
177.4127141180256
 10
42.11338706837138
 20
177.33612099978936
 10
42.18799864652901
 20
177.2557088427131
 10
42.258509261429666
 20
177.1716775640892
 10
42.324743612574885
 20
177.08423607891655
 10
42.3865370309317
 20
176.99360178050466
 10
42.44373588832576
 20
176.9
 10
42.49619797938523
 20
176.80366344617696
 10
42.54379287508568
 20
176.70483162688734
 10
42.58640224701725
 20
176.60375025360605
 10
42.62392016156769
 20
176.5006706305537
 10
42.656253343290025
 20
176.39584902991461
 10
42.683321406800005
 20
176.2895460547039
 10
42.705057056626856
 20
176.18202599086723
 10
42.721406254520375
 20
176.07355615022448
 10
42.73232835379859
 20
175.96440620589013
 10
42.737796200401796
 20
175.85484752182376
 10
42.737796200401796
 20
175.74515247817624
 10
42.73232835379859
 20
175.63559379410987
 10
42.721406254520375
 20
175.52644384977552
 10
42.705057056626856
 20
175.41797400913276
 10
42.683321406800005
 20
175.3104539452961
 10
42.656253343290025
 20
175.20415097008538
 10
42.62392016156769
 20
175.09932936944628
 10
42.58640224701725
 20
174.99624974639394
 10
42.54379287508568
 20
174.89516837311265
 10
42.49619797938523
 20
174.79633655382304
 10
42.44373588832576
 20
174.7
 10
42.3865370309317
 20
174.60639821949533
 10
42.324743612574885
 20
174.51576392108345
 10
42.258509261429666
 20
174.4283224359108
 10
42.18799864652901
 20
174.3442911572869
 10
42.11338706837138
 20
174.26387900021064
 10
42.034860023096016
 20
174.1872858819744
 10
41.95261274131038
 20
174.11470222513825
 10
41.866849702716046
 20
174.04630848410957
 10
41.77778412773996
 20
173.98227469650482
 10
41.6856374474349
 20
173.92276006040927
 10
41.590638752966896
 20
173.8679125385855
 10
41.49302422605863
 20
173.81786849061467
 10
41.39303655180433
 20
173.77275233388508
 10
41.290924315316474
 20
173.732676234271
 10
41.18694138370399
 20
173.69773982727048
 10
41.081346274918644
 20
173.66802997029603
 10
40.97440151503868
 20
173.6436205267332
 10
40.86637298558758
 20
173.62457218230472
 10
40.7575292625108
 20
173.61093229419612
 10
40.64814094845353
 20
173.60273477331836
 10
40.53848
 20
173.6
 10
29.93848
 20
173.6
 10
29.828819051546464
 20
173.60273477331836
 10
29.719430737489198
 20
173.61093229419612
 10
29.610587014412413
 20
173.62457218230472
 10
29.50255848496132
 20
173.6436205267332
 10
29.395613725081354
 20
173.66802997029603
 10
29.29001861629601
 20
173.69773982727048
 10
29.186035684683524
 20
173.732676234271
 10
29.08392344819567
 20
173.7727523338851
 10
28.98393577394137
 20
173.81786849061467
 10
28.886321247033102
 20
173.8679125385855
 10
28.7913225525651
 20
173.92276006040927
 10
28.69917587226003
 20
173.98227469650482
 10
28.61011029728395
 20
174.04630848410957
 10
28.524347258689613
 20
174.11470222513825
 10
28.44209997690398
 20
174.1872858819744
 10
28.363572931628617
 20
174.26387900021064
 10
28.288961353470985
 20
174.3442911572869
 10
28.218450738570333
 20
174.4283224359108
 10
28.152216387425113
 20
174.51576392108345
 10
28.0904229690683
 20
174.60639821949533
 10
28.033224111674237
 20
174.7
 10
27.98076202061477
 20
174.79633655382304
 10
27.93316712491432
 20
174.89516837311265
 10
27.89055775298275
 20
174.99624974639394
 10
27.853039838432306
 20
175.09932936944628
 10
27.820706656709973
 20
175.20415097008538
 10
27.79363859319999
 20
175.3104539452961
 10
27.771902943373142
 20
175.41797400913276
 10
27.75555374547962
 20
175.52644384977552
 10
27.7446316462014
 20
175.63559379410987
 10
27.739163799598202
 20
175.74515247817624
 10
27.739163799598202
 20
175.85484752182376
 10
27.7446316462014
 20
175.96440620589013
 10
27.75555374547962
 20
176.07355615022448
 10
27.771902943373142
 20
176.18202599086723
 10
27.79363859319999
 20
176.2895460547039
 10
27.820706656709973
 20
176.39584902991461
 10
27.853039838432306
 20
176.5006706305537
 10
27.89055775298275
 20
176.60375025360605
 10
27.93316712491432
 20
176.70483162688734
 10
27.98076202061477
 20
176.80366344617696
 10
28.033224111674237
 20
176.9
 10
28.0904229690683
 20
176.99360178050466
 10
28.152216387425113
 20
177.08423607891655
 10
28.218450738570333
 20
177.1716775640892
 10
28.288961353470985
 20
177.2557088427131
 10
28.363572931628617
 20
177.33612099978936
 10
28.44209997690398
 20
177.4127141180256
 10
28.524347258689613
 20
177.48529777486175
 10
28.61011029728395
 20
177.55369151589042
 10
28.69917587226003
 20
177.6177253034952
 10
28.7913225525651
 20
177.67723993959072
 10
28.886321247033102
 20
177.7320874614145
 10
28.98393577394137
 20
177.78213150938532
 10
29.08392344819567
 20
177.8272476661149
 10
29.186035684683524
 20
177.867323765729
 10
29.29001861629601
 20
177.9022601727295
 10
29.395613725081354
 20
177.93197002970396
 10
29.50255848496132
 20
177.9563794732668
 10
29.610587014412413
 20
177.97542781769528
 10
29.719430737489198
 20
177.98906770580388
 10
29.828819051546464
 20
177.99726522668163
 10
29.93848
 20
178.0
  0
LWPOLYLINE
  5
48
330
17
100
AcDbEntity
  8
IC_DELIKLER
100
AcDbPolyline
 90
128
 70
1
 10
61.23848
 20
178.0
 10
61.34814094845353
 20
177.99726522668163
 10
61.457529262510796
 20
177.98906770580388
 10
61.56637298558759
 20
177.97542781769528
 10
61.674401515038674
 20
177.9563794732668
 10
61.781346274918654
 20
177.93197002970396
 10
61.88694138370399
 20
177.9022601727295
 10
61.99092431531648
 20
177.867323765729
 10
62.09303655180433
 20
177.82724766611489
 10
62.193024226058625
 20
177.78213150938532
 10
62.2906387529669
 20
177.7320874614145
 10
62.385637447434895
 20
177.67723993959072
 10
62.47778412773997
 20
177.6177253034952
 10
62.566849702716056
 20
177.55369151589042
 10
62.65261274131039
 20
177.48529777486175
 10
62.73486002309603
 20
177.4127141180256
 10
62.81338706837139
 20
177.33612099978936
 10
62.88799864652903
 20
177.2557088427131
 10
62.958509261429676
 20
177.1716775640892
 10
63.02474361257489
 20
177.08423607891655
 10
63.086537030931694
 20
176.99360178050466
 10
63.14373588832577
 20
176.9
 10
63.19619797938524
 20
176.80366344617696
 10
63.24379287508568
 20
176.70483162688734
 10
63.28640224701726
 20
176.60375025360605
 10
63.3239201615677
 20
176.5006706305537
 10
63.35625334329003
 20
176.39584902991461
 10
63.38332140680002
 20
176.2895460547039
 10
63.40505705662686
 20
176.18202599086723
 10
63.42140625452038
 20
176.07355615022448
 10
63.432328353798596
 20
175.96440620589013
 10
63.43779620040179
 20
175.85484752182376
 10
63.43779620040179
 20
175.74515247817624
 10
63.432328353798596
 20
175.63559379410987
 10
63.42140625452038
 20
175.52644384977552
 10
63.40505705662686
 20
175.41797400913276
 10
63.38332140680002
 20
175.3104539452961
 10
63.35625334329003
 20
175.20415097008538
 10
63.3239201615677
 20
175.09932936944628
 10
63.28640224701726
 20
174.99624974639394
 10
63.24379287508568
 20
174.89516837311265
 10
63.19619797938524
 20
174.79633655382304
 10
63.14373588832577
 20
174.7
 10
63.086537030931694
 20
174.60639821949533
 10
63.02474361257489
 20
174.51576392108345
 10
62.958509261429676
 20
174.4283224359108
 10
62.88799864652903
 20
174.3442911572869
 10
62.81338706837139
 20
174.26387900021064
 10
62.73486002309603
 20
174.1872858819744
 10
62.65261274131039
 20
174.11470222513825
 10
62.566849702716056
 20
174.04630848410957
 10
62.47778412773997
 20
173.98227469650482
 10
62.385637447434895
 20
173.92276006040927
 10
62.2906387529669
 20
173.8679125385855
 10
62.193024226058625
 20
173.81786849061467
 10
62.09303655180433
 20
173.77275233388508
 10
61.99092431531648
 20
173.732676234271
 10
61.88694138370399
 20
173.69773982727048
 10
61.78134627491865
 20
173.66802997029603
 10
61.674401515038674
 20
173.6436205267332
 10
61.56637298558759
 20
173.62457218230472
 10
61.457529262510796
 20
173.61093229419612
 10
61.34814094845353
 20
173.60273477331836
 10
61.23848
 20
173.6
 10
50.63848
 20
173.6
 10
50.52881905154647
 20
173.60273477331836
 10
50.41943073748921
 20
173.61093229419612
 10
50.31058701441242
 20
173.62457218230472
 10
50.20255848496133
 20
173.6436205267332
 10
50.09561372508136
 20
173.66802997029603
 10
49.99001861629601
 20
173.69773982727048
 10
49.886035684683534
 20
173.732676234271
 10
49.78392344819567
 20
173.7727523338851
 10
49.68393577394137
 20
173.81786849061467
 10
49.586321247033105
 20
173.8679125385855
 10
49.49132255256511
 20
173.92276006040927
 10
49.39917587226004
 20
173.98227469650482
 10
49.310110297283956
 20
174.04630848410957
 10
49.22434725868962
 20
174.11470222513825
 10
49.142099976903985
 20
174.1872858819744
 10
49.06357293162863
 20
174.26387900021064
 10
48.98896135347099
 20
174.3442911572869
 10
48.91845073857034
 20
174.4283224359108
 10
48.852216387425116
 20
174.51576392108345
 10
48.7904229690683
 20
174.60639821949533
 10
48.73322411167424
 20
174.7
 10
48.68076202061477
 20
174.79633655382304
 10
48.63316712491432
 20
174.89516837311265
 10
48.590557752982754
 20
174.99624974639394
 10
48.55303983843231
 20
175.09932936944628
 10
48.520706656709976
 20
175.20415097008538
 10
48.49363859319999
 20
175.3104539452961
 10
48.471902943373145
 20
175.41797400913276
 10
48.45555374547963
 20
175.52644384977552
 10
48.44463164620141
 20
175.63559379410987
 10
48.439163799598205
 20
175.74515247817624
 10
48.439163799598205
 20
175.85484752182376
 10
48.44463164620141
 20
175.96440620589013
 10
48.45555374547963
 20
176.07355615022448
 10
48.471902943373145
 20
176.18202599086723
 10
48.49363859319999
 20
176.2895460547039
 10
48.520706656709976
 20
176.39584902991461
 10
48.55303983843231
 20
176.5006706305537
 10
48.590557752982754
 20
176.60375025360605
 10
48.63316712491432
 20
176.70483162688734
 10
48.68076202061477
 20
176.80366344617696
 10
48.73322411167424
 20
176.9
 10
48.7904229690683
 20
176.99360178050466
 10
48.852216387425116
 20
177.08423607891655
 10
48.91845073857034
 20
177.1716775640892
 10
48.98896135347099
 20
177.2557088427131
 10
49.06357293162863
 20
177.33612099978936
 10
49.142099976903985
 20
177.4127141180256
 10
49.22434725868962
 20
177.48529777486175
 10
49.310110297283956
 20
177.55369151589042
 10
49.39917587226004
 20
177.6177253034952
 10
49.49132255256511
 20
177.67723993959072
 10
49.586321247033105
 20
177.7320874614145
 10
49.68393577394137
 20
177.78213150938532
 10
49.78392344819567
 20
177.8272476661149
 10
49.886035684683534
 20
177.867323765729
 10
49.99001861629601
 20
177.9022601727295
 10
50.09561372508136
 20
177.93197002970396
 10
50.20255848496133
 20
177.9563794732668
 10
50.31058701441242
 20
177.97542781769528
 10
50.41943073748921
 20
177.98906770580388
 10
50.52881905154647
 20
177.99726522668163
 10
50.63848
 20
178.0
  0
LWPOLYLINE
  5
49
330
17
100
AcDbEntity
  8
IC_DELIKLER
100
AcDbPolyline
 90
128
 70
1
 10
40.53848
 20
186.5
 10
40.64814094845353
 20
186.49726522668163
 10
40.7575292625108
 20
186.48906770580388
 10
40.86637298558758
 20
186.47542781769528
 10
40.97440151503868
 20
186.4563794732668
 10
41.081346274918644
 20
186.43197002970396
 10
41.18694138370399
 20
186.4022601727295
 10
41.290924315316474
 20
186.367323765729
 10
41.39303655180433
 20
186.32724766611489
 10
41.49302422605863
 20
186.28213150938532
 10
41.590638752966896
 20
186.2320874614145
 10
41.6856374474349
 20
186.17723993959072
 10
41.77778412773996
 20
186.1177253034952
 10
41.866849702716046
 20
186.05369151589042
 10
41.95261274131038
 20
185.98529777486175
 10
42.034860023096016
 20
185.9127141180256
 10
42.11338706837138
 20
185.83612099978936
 10
42.18799864652901
 20
185.7557088427131
 10
42.258509261429666
 20
185.6716775640892
 10
42.324743612574885
 20
185.58423607891655
 10
42.3865370309317
 20
185.49360178050466
 10
42.44373588832576
 20
185.4
 10
42.49619797938523
 20
185.30366344617696
 10
42.54379287508568
 20
185.20483162688734
 10
42.58640224701725
 20
185.10375025360605
 10
42.62392016156769
 20
185.0006706305537
 10
42.656253343290025
 20
184.89584902991461
 10
42.683321406800005
 20
184.7895460547039
 10
42.705057056626856
 20
184.68202599086723
 10
42.721406254520375
 20
184.57355615022448
 10
42.73232835379859
 20
184.46440620589013
 10
42.737796200401796
 20
184.35484752182376
 10
42.737796200401796
 20
184.24515247817624
 10
42.73232835379859
 20
184.13559379410987
 10
42.721406254520375
 20
184.02644384977552
 10
42.705057056626856
 20
183.91797400913276
 10
42.683321406800005
 20
183.8104539452961
 10
42.656253343290025
 20
183.70415097008538
 10
42.62392016156769
 20
183.59932936944628
 10
42.58640224701725
 20
183.49624974639394
 10
42.54379287508568
 20
183.39516837311265
 10
42.49619797938523
 20
183.29633655382304
 10
42.44373588832576
 20
183.2
 10
42.3865370309317
 20
183.10639821949533
 10
42.324743612574885
 20
183.01576392108345
 10
42.258509261429666
 20
182.9283224359108
 10
42.18799864652901
 20
182.8442911572869
 10
42.11338706837138
 20
182.76387900021064
 10
42.034860023096016
 20
182.6872858819744
 10
41.95261274131038
 20
182.61470222513825
 10
41.866849702716046
 20
182.54630848410957
 10
41.77778412773996
 20
182.48227469650482
 10
41.6856374474349
 20
182.42276006040927
 10
41.590638752966896
 20
182.3679125385855
 10
41.49302422605863
 20
182.31786849061467
 10
41.39303655180433
 20
182.27275233388508
 10
41.290924315316474
 20
182.232676234271
 10
41.18694138370399
 20
182.19773982727048
 10
41.081346274918644
 20
182.16802997029603
 10
40.97440151503868
 20
182.1436205267332
 10
40.86637298558758
 20
182.12457218230472
 10
40.7575292625108
 20
182.11093229419612
 10
40.64814094845353
 20
182.10273477331836
 10
40.53848
 20
182.1
 10
29.93848
 20
182.1
 10
29.828819051546464
 20
182.10273477331836
 10
29.719430737489198
 20
182.11093229419612
 10
29.610587014412413
 20
182.12457218230472
 10
29.50255848496132
 20
182.1436205267332
 10
29.395613725081354
 20
182.16802997029603
 10
29.29001861629601
 20
182.19773982727048
 10
29.186035684683524
 20
182.232676234271
 10
29.08392344819567
 20
182.2727523338851
 10
28.98393577394137
 20
182.31786849061467
 10
28.886321247033102
 20
182.3679125385855
 10
28.7913225525651
 20
182.42276006040927
 10
28.69917587226003
 20
182.48227469650482
 10
28.61011029728395
 20
182.54630848410957
 10
28.524347258689613
 20
182.61470222513825
 10
28.44209997690398
 20
182.6872858819744
 10
28.363572931628617
 20
182.76387900021064
 10
28.288961353470985
 20
182.8442911572869
 10
28.218450738570333
 20
182.9283224359108
 10
28.152216387425113
 20
183.01576392108345
 10
28.0904229690683
 20
183.10639821949533
 10
28.033224111674237
 20
183.2
 10
27.98076202061477
 20
183.29633655382304
 10
27.93316712491432
 20
183.39516837311265
 10
27.89055775298275
 20
183.49624974639394
 10
27.853039838432306
 20
183.59932936944628
 10
27.820706656709973
 20
183.70415097008538
 10
27.79363859319999
 20
183.8104539452961
 10
27.771902943373142
 20
183.91797400913276
 10
27.75555374547962
 20
184.02644384977552
 10
27.7446316462014
 20
184.13559379410987
 10
27.739163799598202
 20
184.24515247817624
 10
27.739163799598202
 20
184.35484752182376
 10
27.7446316462014
 20
184.46440620589013
 10
27.75555374547962
 20
184.57355615022448
 10
27.771902943373142
 20
184.68202599086723
 10
27.79363859319999
 20
184.7895460547039
 10
27.820706656709973
 20
184.89584902991461
 10
27.853039838432306
 20
185.0006706305537
 10
27.89055775298275
 20
185.10375025360605
 10
27.93316712491432
 20
185.20483162688734
 10
27.98076202061477
 20
185.30366344617696
 10
28.033224111674237
 20
185.4
 10
28.0904229690683
 20
185.49360178050466
 10
28.152216387425113
 20
185.58423607891655
 10
28.218450738570333
 20
185.6716775640892
 10
28.288961353470985
 20
185.7557088427131
 10
28.363572931628617
 20
185.83612099978936
 10
28.44209997690398
 20
185.9127141180256
 10
28.524347258689613
 20
185.98529777486175
 10
28.61011029728395
 20
186.05369151589042
 10
28.69917587226003
 20
186.1177253034952
 10
28.7913225525651
 20
186.17723993959072
 10
28.886321247033102
 20
186.2320874614145
 10
28.98393577394137
 20
186.28213150938532
 10
29.08392344819567
 20
186.3272476661149
 10
29.186035684683524
 20
186.367323765729
 10
29.29001861629601
 20
186.4022601727295
 10
29.395613725081354
 20
186.43197002970396
 10
29.50255848496132
 20
186.4563794732668
 10
29.610587014412413
 20
186.47542781769528
 10
29.719430737489198
 20
186.48906770580388
 10
29.828819051546464
 20
186.49726522668163
 10
29.93848
 20
186.5
  0
LWPOLYLINE
  5
4A
330
17
100
AcDbEntity
  8
IC_DELIKLER
100
AcDbPolyline
 90
128
 70
1
 10
61.23848
 20
186.5
 10
61.34814094845353
 20
186.49726522668163
 10
61.457529262510796
 20
186.48906770580388
 10
61.56637298558759
 20
186.47542781769528
 10
61.674401515038674
 20
186.4563794732668
 10
61.781346274918654
 20
186.43197002970396
 10
61.88694138370399
 20
186.4022601727295
 10
61.99092431531648
 20
186.367323765729
 10
62.09303655180433
 20
186.32724766611489
 10
62.193024226058625
 20
186.28213150938532
 10
62.2906387529669
 20
186.2320874614145
 10
62.385637447434895
 20
186.17723993959072
 10
62.47778412773997
 20
186.1177253034952
 10
62.566849702716056
 20
186.05369151589042
 10
62.65261274131039
 20
185.98529777486175
 10
62.73486002309603
 20
185.9127141180256
 10
62.81338706837139
 20
185.83612099978936
 10
62.88799864652903
 20
185.7557088427131
 10
62.958509261429676
 20
185.6716775640892
 10
63.02474361257489
 20
185.58423607891655
 10
63.086537030931694
 20
185.49360178050466
 10
63.14373588832577
 20
185.4
 10
63.19619797938524
 20
185.30366344617696
 10
63.24379287508568
 20
185.20483162688734
 10
63.28640224701726
 20
185.10375025360605
 10
63.3239201615677
 20
185.0006706305537
 10
63.35625334329003
 20
184.89584902991461
 10
63.38332140680002
 20
184.7895460547039
 10
63.40505705662686
 20
184.68202599086723
 10
63.42140625452038
 20
184.57355615022448
 10
63.432328353798596
 20
184.46440620589013
 10
63.43779620040179
 20
184.35484752182376
 10
63.43779620040179
 20
184.24515247817624
 10
63.432328353798596
 20
184.13559379410987
 10
63.42140625452038
 20
184.02644384977552
 10
63.40505705662686
 20
183.91797400913276
 10
63.38332140680002
 20
183.8104539452961
 10
63.35625334329003
 20
183.70415097008538
 10
63.3239201615677
 20
183.59932936944628
 10
63.28640224701726
 20
183.49624974639394
 10
63.24379287508568
 20
183.39516837311265
 10
63.19619797938524
 20
183.29633655382304
 10
63.14373588832577
 20
183.2
 10
63.086537030931694
 20
183.10639821949533
 10
63.02474361257489
 20
183.01576392108345
 10
62.958509261429676
 20
182.9283224359108
 10
62.88799864652903
 20
182.8442911572869
 10
62.81338706837139
 20
182.76387900021064
 10
62.73486002309603
 20
182.6872858819744
 10
62.65261274131039
 20
182.61470222513825
 10
62.566849702716056
 20
182.54630848410957
 10
62.47778412773997
 20
182.48227469650482
 10
62.385637447434895
 20
182.42276006040927
 10
62.2906387529669
 20
182.3679125385855
 10
62.193024226058625
 20
182.31786849061467
 10
62.09303655180433
 20
182.27275233388508
 10
61.99092431531648
 20
182.232676234271
 10
61.88694138370399
 20
182.19773982727048
 10
61.78134627491865
 20
182.16802997029603
 10
61.674401515038674
 20
182.1436205267332
 10
61.56637298558759
 20
182.12457218230472
 10
61.457529262510796
 20
182.11093229419612
 10
61.34814094845353
 20
182.10273477331836
 10
61.23848
 20
182.1
 10
50.63848
 20
182.1
 10
50.52881905154647
 20
182.10273477331836
 10
50.41943073748921
 20
182.11093229419612
 10
50.31058701441242
 20
182.12457218230472
 10
50.20255848496133
 20
182.1436205267332
 10
50.09561372508136
 20
182.16802997029603
 10
49.99001861629601
 20
182.19773982727048
 10
49.886035684683534
 20
182.232676234271
 10
49.78392344819567
 20
182.2727523338851
 10
49.68393577394137
 20
182.31786849061467
 10
49.586321247033105
 20
182.3679125385855
 10
49.49132255256511
 20
182.42276006040927
 10
49.39917587226004
 20
182.48227469650482
 10
49.310110297283956
 20
182.54630848410957
 10
49.22434725868962
 20
182.61470222513825
 10
49.142099976903985
 20
182.6872858819744
 10
49.06357293162863
 20
182.76387900021064
 10
48.98896135347099
 20
182.8442911572869
 10
48.91845073857034
 20
182.9283224359108
 10
48.852216387425116
 20
183.01576392108345
 10
48.7904229690683
 20
183.10639821949533
 10
48.73322411167424
 20
183.2
 10
48.68076202061477
 20
183.29633655382304
 10
48.63316712491432
 20
183.39516837311265
 10
48.590557752982754
 20
183.49624974639394
 10
48.55303983843231
 20
183.59932936944628
 10
48.520706656709976
 20
183.70415097008538
 10
48.49363859319999
 20
183.8104539452961
 10
48.471902943373145
 20
183.91797400913276
 10
48.45555374547963
 20
184.02644384977552
 10
48.44463164620141
 20
184.13559379410987
 10
48.439163799598205
 20
184.24515247817624
 10
48.439163799598205
 20
184.35484752182376
 10
48.44463164620141
 20
184.46440620589013
 10
48.45555374547963
 20
184.57355615022448
 10
48.471902943373145
 20
184.68202599086723
 10
48.49363859319999
 20
184.7895460547039
 10
48.520706656709976
 20
184.89584902991461
 10
48.55303983843231
 20
185.0006706305537
 10
48.590557752982754
 20
185.10375025360605
 10
48.63316712491432
 20
185.20483162688734
 10
48.68076202061477
 20
185.30366344617696
 10
48.73322411167424
 20
185.4
 10
48.7904229690683
 20
185.49360178050466
 10
48.852216387425116
 20
185.58423607891655
 10
48.91845073857034
 20
185.6716775640892
 10
48.98896135347099
 20
185.7557088427131
 10
49.06357293162863
 20
185.83612099978936
 10
49.142099976903985
 20
185.9127141180256
 10
49.22434725868962
 20
185.98529777486175
 10
49.310110297283956
 20
186.05369151589042
 10
49.39917587226004
 20
186.1177253034952
 10
49.49132255256511
 20
186.17723993959072
 10
49.586321247033105
 20
186.2320874614145
 10
49.68393577394137
 20
186.28213150938532
 10
49.78392344819567
 20
186.3272476661149
 10
49.886035684683534
 20
186.367323765729
 10
49.99001861629601
 20
186.4022601727295
 10
50.09561372508136
 20
186.43197002970396
 10
50.20255848496133
 20
186.4563794732668
 10
50.31058701441242
 20
186.47542781769528
 10
50.41943073748921
 20
186.48906770580388
 10
50.52881905154647
 20
186.49726522668163
 10
50.63848
 20
186.5
  0
LWPOLYLINE
  5
4B
330
17
100
AcDbEntity
  8
IC_DELIKLER
100
AcDbPolyline
 90
4
 70
1
 10
134.573046875
 20
236.595166015625
 10
132.695166015625
 20
240.126953125
 10
136.226953125
 20
242.004833984375
 10
138.104833984375
 20
238.473046875
  0
LWPOLYLINE
  5
4C
330
17
100
AcDbEntity
  8
IC_DELIKLER
100
AcDbPolyline
 90
4
 70
1
 10
141.073046875
 20
240.095166015625
 10
139.195166015625
 20
243.626953125
 10
142.726953125
 20
245.504833984375
 10
144.604833984375
 20
241.973046875
  0
LWPOLYLINE
  5
4D
330
17
100
AcDbEntity
  8
IC_DELIKLER
100
AcDbPolyline
 90
4
 70
1
 10
148.073046875
 20
243.795166015625
 10
146.195166015625
 20
247.326953125
 10
149.726953125
 20
249.2048370361328
 10
151.604833984375
 20
245.673046875
  0
LWPOLYLINE
  5
4E
330
17
100
AcDbEntity
  8
IC_DELIKLER
100
AcDbPolyline
 90
4
 70
1
 10
154.373046875
 20
247.295166015625
 10
152.495166015625
 20
250.8269500732422
 10
156.026953125
 20
252.7048370361328
 10
157.904833984375
 20
249.1730499267578
  0
ENDSEC
  0
SECTION
  2
OBJECTS
  0
DICTIONARY
  5
A
330
0
100
AcDbDictionary
281
1
  3
ACAD_COLOR
350
B
  3
ACAD_GROUP
350
C
  3
ACAD_LAYOUT
350
D
  3
ACAD_MATERIAL
350
E
  3
ACAD_MLEADERSTYLE
350
F
  3
ACAD_MLINESTYLE
350
10
  3
ACAD_PLOTSETTINGS
350
11
  3
ACAD_PLOTSTYLENAME
350
12
  3
ACAD_SCALELIST
350
14
  3
ACAD_TABLESTYLE
350
15
  3
ACAD_VISUALSTYLE
350
16
  3
EZDXF_META
350
2D
  0
DICTIONARY
  5
B
330
A
100
AcDbDictionary
281
1
  0
DICTIONARY
  5
C
330
A
100
AcDbDictionary
281
1
  0
DICTIONARY
  5
D
330
A
100
AcDbDictionary
281
1
  3
Model
350
1A
  3
Layout1
350
1E
  0
DICTIONARY
  5
E
330
A
100
AcDbDictionary
281
1
  3
ByBlock
350
1F
  3
ByLayer
350
20
  3
Global
350
21
  0
DICTIONARY
  5
F
330
A
100
AcDbDictionary
281
1
  3
Standard
350
2C
  0
DICTIONARY
  5
10
330
A
100
AcDbDictionary
281
1
  3
Standard
350
22
  0
DICTIONARY
  5
11
330
A
100
AcDbDictionary
281
1
  0
ACDBDICTIONARYWDFLT
  5
12
330
A
100
AcDbDictionary
281
1
  3
Normal
350
13
100
AcDbDictionaryWithDefault
340
13
  0
ACDBPLACEHOLDER
  5
13
330
12
  0
DICTIONARY
  5
14
330
A
100
AcDbDictionary
281
1
  0
DICTIONARY
  5
15
330
A
100
AcDbDictionary
281
1
  0
DICTIONARY
  5
16
330
A
100
AcDbDictionary
281
1
  0
LAYOUT
  5
1A
330
D
100
AcDbPlotSettings
  1

  4
A3
  6

 40
7.5
 41
20.0
 42
7.5
 43
20.0
 44
420.0
 45
297.0
 46
0.0
 47
0.0
 48
0.0
 49
0.0
140
0.0
141
0.0
142
1.0
143
1.0
 70
1024
 72
1
 73
0
 74
5
  7

 75
16
 76
0
 77
2
 78
300
147
1.0
148
0.0
149
0.0
100
AcDbLayout
  1
Model
 70
1
 71
0
 10
0.0
 20
0.0
 11
420.0
 21
297.0
 12
0.0
 22
0.0
 32
0.0
 14
1e+20
 24
1e+20
 34
1e+20
 15
-1e+20
 25
-1e+20
 35
-1e+20
146
0.0
 13
0.0
 23
0.0
 33
0.0
 16
1.0
 26
0.0
 36
0.0
 17
0.0
 27
1.0
 37
0.0
 76
1
330
17
  0
LAYOUT
  5
1E
330
D
100
AcDbPlotSettings
  1

  4
A3
  6

 40
7.5
 41
20.0
 42
7.5
 43
20.0
 44
420.0
 45
297.0
 46
0.0
 47
0.0
 48
0.0
 49
0.0
140
0.0
141
0.0
142
1.0
143
1.0
 70
0
 72
1
 73
0
 74
5
  7

 75
16
 76
0
 77
2
 78
300
147
1.0
148
0.0
149
0.0
100
AcDbLayout
  1
Layout1
 70
1
 71
1
 10
0.0
 20
0.0
 11
420.0
 21
297.0
 12
0.0
 22
0.0
 32
0.0
 14
1e+20
 24
1e+20
 34
1e+20
 15
-1e+20
 25
-1e+20
 35
-1e+20
146
0.0
 13
0.0
 23
0.0
 33
0.0
 16
1.0
 26
0.0
 36
0.0
 17
0.0
 27
1.0
 37
0.0
 76
1
330
1B
  0
MATERIAL
  5
1F
102
{ACAD_REACTORS
330
E
102
}
330
E
100
AcDbMaterial
  1
ByBlock
  2

 70
0
 40
1.0
 71
1
 41
1.0
 91
-1023410177
 42
1.0
 72
1
  3

 73
1
 74
1
 75
1
 44
0.5
 73
0
 45
1.0
 46
1.0
 77
1
  4

 78
1
 79
1
170
1
 48
1.0
171
1
  6

172
1
173
1
174
1
140
1.0
141
1.0
175
1
  7

176
1
177
1
178
1
143
1.0
179
1
  8

270
1
271
1
272
1
145
1.0
146
1.0
273
1
  9

274
1
275
1
276
1
 42
1.0
 72
1
  3

 73
1
 74
1
 75
1
 94
63
  0
MATERIAL
  5
20
102
{ACAD_REACTORS
330
E
102
}
330
E
100
AcDbMaterial
  1
ByLayer
  2

 70
0
 40
1.0
 71
1
 41
1.0
 91
-1023410177
 42
1.0
 72
1
  3

 73
1
 74
1
 75
1
 44
0.5
 73
0
 45
1.0
 46
1.0
 77
1
  4

 78
1
 79
1
170
1
 48
1.0
171
1
  6

172
1
173
1
174
1
140
1.0
141
1.0
175
1
  7

176
1
177
1
178
1
143
1.0
179
1
  8

270
1
271
1
272
1
145
1.0
146
1.0
273
1
  9

274
1
275
1
276
1
 42
1.0
 72
1
  3

 73
1
 74
1
 75
1
 94
63
  0
MATERIAL
  5
21
102
{ACAD_REACTORS
330
E
102
}
330
E
100
AcDbMaterial
  1
Global
  2

 70
0
 40
1.0
 71
1
 41
1.0
 91
-1023410177
 42
1.0
 72
1
  3

 73
1
 74
1
 75
1
 44
0.5
 73
0
 45
1.0
 46
1.0
 77
1
  4

 78
1
 79
1
170
1
 48
1.0
171
1
  6

172
1
173
1
174
1
140
1.0
141
1.0
175
1
  7

176
1
177
1
178
1
143
1.0
179
1
  8

270
1
271
1
272
1
145
1.0
146
1.0
273
1
  9

274
1
275
1
276
1
 42
1.0
 72
1
  3

 73
1
 74
1
 75
1
 94
63
  0
MLINESTYLE
  5
22
102
{ACAD_REACTORS
330
10
102
}
330
10
100
AcDbMlineStyle
  2
Standard
 70
0
  3

 62
256
 51
90.0
 52
90.0
 71
2
 49
0.5
 62
256
  6
BYLAYER
 49
-0.5
 62
256
  6
BYLAYER
  0
MLEADERSTYLE
  5
2C
102
{ACAD_REACTORS
330
F
102
}
330
F
100
AcDbMLeaderStyle
179
2
170
2
171
1
172
0
 90
2
 40
0.0
 41
0.0
173
1
 91
-1056964608
 92
-2
290
1
 42
2.0
291
1
 43
8.0
  3
Standard
 44
4.0
300

342
29
174
1
175
1
176
0
178
1
 93
-1056964608
 45
4.0
292
0
297
0
 46
4.0
 94
-1056964608
 47
1.0
 49
1.0
140
1.0
294
1
141
0.0
177
0
142
1.0
295
0
296
0
143
3.75
271
0
272
9
273
9
  0
DICTIONARY
  5
2D
330
A
100
AcDbDictionary
280
1
281
1
  3
CREATED_BY_EZDXF
350
2E
  3
WRITTEN_BY_EZDXF
350
51
  0
DICTIONARYVAR
  5
2E
330
2D
100
DictionaryVariables
280
0
  1
1.4.4 @ 2026-09-23T09:12:15.734773+00:00
  0
DICTIONARYVAR
  5
51
330
2D
100
DictionaryVariables
280
0
  1
1.4.4 @ 2026-09-23T09:12:15.773444+00:00
  0
ENDSEC
  0
EOF
