  0
SECTION
  2
HEADER
  9
$ACADVER
  1
AC1024
  9
$ACADMAINTVER
 70
6
  9
$DWGCODEPAGE
  3
ANSI_1252
  9
$LASTSAVEDBY
  1
ezdxf
  9
$INSBASE
 10
0.0
 20
0.0
 30
0.0
  9
$EXTMIN
 10
1e+20
 20
1e+20
 30
1e+20
  9
$EXTMAX
 10
-1e+20
 20
-1e+20
 30
-1e+20
  9
$LIMMIN
 10
0.0
 20
0.0
  9
$LIMMAX
 10
420.0
 20
297.0
  9
$ORTHOMODE
 70
0
  9
$REGENMODE
 70
1
  9
$FILLMODE
 70
1
  9
$QTEXTMODE
 70
0
  9
$MIRRTEXT
 70
1
  9
$LTSCALE
 40
1.0
  9
$ATTMODE
 70
1
  9
$TEXTSIZE
 40
2.5
  9
$TRACEWID
 40
1.0
  9
$TEXTSTYLE
  7
Standard
  9
$CLAYER
  8
0
  9
$CELTYPE
  6
ByLayer
  9
$CECOLOR
 62
256
  9
$CELTSCALE
 40
1.0
  9
$DISPSILH
 70
0
  9
$DIMSCALE
 40
1.0
  9
$DIMASZ
 40
2.5
  9
$DIMEXO
 40
0.625
  9
$DIMDLI
 40
3.75
  9
$DIMRND
 40
0.0
  9
$DIMDLE
 40
0.0
  9
$DIMEXE
 40
1.25
  9
$DIMTP
 40
0.0
  9
$DIMTM
 40
0.0
  9
$DIMTXT
 40
2.5
  9
$DIMCEN
 40
2.5
  9
$DIMTSZ
 40
0.0
  9
$DIMTOL
 70
0
  9
$DIMLIM
 70
0
  9
$DIMTIH
 70
0
  9
$DIMTOH
 70
0
  9
$DIMSE1
 70
0
  9
$DIMSE2
 70
0
  9
$DIMTAD
 70
1
  9
$DIMZIN
 70
8
  9
$DIMBLK
  1

  9
$DIMASO
 70
1
  9
$DIMSHO
 70
1
  9
$DIMPOST
  1

  9
$DIMAPOST
  1

  9
$DIMALT
 70
0
  9
$DIMALTD
 70
3
  9
$DIMALTF
 40
0.03937007874
  9
$DIMLFAC
 40
1.0
  9
$DIMTOFL
 70
1
  9
$DIMTVP
 40
0.0
  9
$DIMTIX
 70
0
  9
$DIMSOXD
 70
0
  9
$DIMSAH
 70
0
  9
$DIMBLK1
  1

  9
$DIMBLK2
  1

  9
$DIMSTYLE
  2
ISO-25
  9
$DIMCLRD
 70
0
  9
$DIMCLRE
 70
0
  9
$DIMCLRT
 70
0
  9
$DIMTFAC
 40
1.0
  9
$DIMGAP
 40
0.625
  9
$DIMJUST
 70
0
  9
$DIMSD1
 70
0
  9
$DIMSD2
 70
0
  9
$DIMTOLJ
 70
0
  9
$DIMTZIN
 70
8
  9
$DIMALTZ
 70
0
  9
$DIMALTTZ
 70
0
  9
$DIMUPT
 70
0
  9
$DIMDEC
 70
2
  9
$DIMTDEC
 70
2
  9
$DIMALTU
 70
2
  9
$DIMALTTD
 70
3
  9
$DIMTXSTY
  7
Standard
  9
$DIMAUNIT
 70
0
  9
$DIMADEC
 70
0
  9
$DIMALTRND
 40
0.0
  9
$DIMAZIN
 70
0
  9
$DIMDSEP
 70
44
  9
$DIMATFIT
 70
3
  9
$DIMFRAC
 70
0
  9
$DIMLDRBLK
  1

  9
$DIMLUNIT
 70
2
  9
$DIMLWD
 70
-2
  9
$DIMLWE
 70
-2
  9
$DIMTMOVE
 70
0
  9
$DIMFXL
 40
1.0
  9
$DIMFXLON
 70
0
  9
$DIMJOGANG
 40
0.785398163397
  9
$DIMTFILL
 70
0
  9
$DIMTFILLCLR
 70
0
  9
$DIMARCSYM
 70
0
  9
$DIMLTYPE
  6

  9
$DIMLTEX1
  6

  9
$DIMLTEX2
  6

  9
$DIMTXTDIRECTION
 70
0
  9
$LUNITS
 70
2
  9
$LUPREC
 70
4
  9
$SKETCHINC
 40
1.0
  9
$FILLETRAD
 40
10.0
  9
$AUNITS
 70
0
  9
$AUPREC
 70
2
  9
$MENU
  1
.
  9
$ELEVATION
 40
0.0
  9
$PELEVATION
 40
0.0
  9
$THICKNESS
 40
0.0
  9
$LIMCHECK
 70
0
  9
$CHAMFERA
 40
0.0
  9
$CHAMFERB
 40
0.0
  9
$CHAMFERC
 40
0.0
  9
$CHAMFERD
 40
0.0
  9
$SKPOLY
 70
0
  9
$TDCREATE
 40
2461306.8256828706
  9
$TDUCREATE
 40
2458532.153996898
  9
$TDUPDATE
 40
2461306.8256828706
  9
$TDUUPDATE
 40
2458532.1544311
  9
$TDINDWG
 40
0.0
  9
$TDUSRTIMER
 40
0.0
  9
$USRTIMER
 70
1
  9
$ANGBASE
 50
0.0
  9
$ANGDIR
 70
0
  9
$PDMODE
 70
0
  9
$PDSIZE
 40
0.0
  9
$PLINEWID
 40
0.0
  9
$SPLFRAME
 70
0
  9
$SPLINETYPE
 70
6
  9
$SPLINESEGS
 70
8
  9
$HANDSEED
  5
54
  9
$SURFTAB1
 70
6
  9
$SURFTAB2
 70
6
  9
$SURFTYPE
 70
6
  9
$SURFU
 70
6
  9
$SURFV
 70
6
  9
$UCSBASE
  2

  9
$UCSNAME
  2

  9
$UCSORG
 10
0.0
 20
0.0
 30
0.0
  9
$UCSXDIR
 10
1.0
 20
0.0
 30
0.0
  9
$UCSYDIR
 10
0.0
 20
1.0
 30
0.0
  9
$UCSORTHOREF
  2

  9
$UCSORTHOVIEW
 70
0
  9
$UCSORGTOP
 10
0.0
 20
0.0
 30
0.0
  9
$UCSORGBOTTOM
 10
0.0
 20
0.0
 30
0.0
  9
$UCSORGLEFT
 10
0.0
 20
0.0
 30
0.0
  9
$UCSORGRIGHT
 10
0.0
 20
0.0
 30
0.0
  9
$UCSORGFRONT
 10
0.0
 20
0.0
 30
0.0
  9
$UCSORGBACK
 10
0.0
 20
0.0
 30
0.0
  9
$PUCSBASE
  2

  9
$PUCSNAME
  2

  9
$PUCSORG
 10
0.0
 20
0.0
 30
0.0
  9
$PUCSXDIR
 10
1.0
 20
0.0
 30
0.0
  9
$PUCSYDIR
 10
0.0
 20
1.0
 30
0.0
  9
$PUCSORTHOREF
  2

  9
$PUCSORTHOVIEW
 70
0
  9
$PUCSORGTOP
 10
0.0
 20
0.0
 30
0.0
  9
$PUCSORGBOTTOM
 10
0.0
 20
0.0
 30
0.0
  9
$PUCSORGLEFT
 10
0.0
 20
0.0
 30
0.0
  9
$PUCSORGRIGHT
 10
0.0
 20
0.0
 30
0.0
  9
$PUCSORGFRONT
 10
0.0
 20
0.0
 30
0.0
  9
$PUCSORGBACK
 10
0.0
 20
0.0
 30
0.0
  9
$USERI1
 70
0
  9
$USERI2
 70
0
  9
$USERI3
 70
0
  9
$USERI4
 70
0
  9
$USERI5
 70
0
  9
$USERR1
 40
0.0
  9
$USERR2
 40
0.0
  9
$USERR3
 40
0.0
  9
$USERR4
 40
0.0
  9
$USERR5
 40
0.0
  9
$WORLDVIEW
 70
1
  9
$SHADEDGE
 70
3
  9
$SHADEDIF
 70
70
  9
$TILEMODE
 70
1
  9
$MAXACTVP
 70
64
  9
$PINSBASE
 10
0.0
 20
0.0
 30
0.0
  9
$PLIMCHECK
 70
0
  9
$PEXTMIN
 10
1e+20
 20
1e+20
 30
1e+20
  9
$PEXTMAX
 10
-1e+20
 20
-1e+20
 30
-1e+20
  9
$PLIMMIN
 10
0.0
 20
0.0
  9
$PLIMMAX
 10
420.0
 20
297.0
  9
$UNITMODE
 70
0
  9
$VISRETAIN
 70
1
  9
$PLINEGEN
 70
0
  9
$PSLTSCALE
 70
1
  9
$TREEDEPTH
 70
3020
  9
$CMLSTYLE
  2
Standard
  9
$CMLJUST
 70
0
  9
$CMLSCALE
 40
20.0
  9
$PROXYGRAPHICS
 70
1
  9
$MEASUREMENT
 70
1
  9
$CELWEIGHT
370
-1
  9
$ENDCAPS
280
0
  9
$JOINSTYLE
280
0
  9
$LWDISPLAY
290
0
  9
$INSUNITS
 70
4
  9
$HYPERLINKBASE
  1

  9
$STYLESHEET
  1

  9
$XEDIT
290
1
  9
$CEPSNTYPE
380
0
  9
$PSTYLEMODE
290
1
  9
$FINGERPRINTGUID
  2
{C3A726AE-CF4C-4B2D-AC56-8783551B84F1}
  9
$VERSIONGUID
  2
{2D018664-C7EB-468C-9310-3714328594D2}
  9
$EXTNAMES
290
1
  9
$PSVPSCALE
 40
0.0
  9
$OLESTARTUP
290
0
  9
$SORTENTS
280
127
  9
$INDEXCTL
280
0
  9
$HIDETEXT
280
1
  9
$XCLIPFRAME
280
1
  9
$HALOGAP
280
0
  9
$OBSCOLOR
 70
257
  9
$OBSLTYPE
280
0
  9
$INTERSECTIONDISPLAY
280
0
  9
$INTERSECTIONCOLOR
 70
257
  9
$DIMASSOC
280
2
  9
$PROJECTNAME
  1

  9
$CAMERADISPLAY
290
0
  9
$LENSLENGTH
 40
50.0
  9
$CAMERAHEIGHT
 40
0.0
  9
$STEPSPERSEC
 40
24.0
  9
$STEPSIZE
 40
100.0
  9
$3DDWFPREC
 40
2.0
  9
$PSOLWIDTH
 40
0.005
  9
$PSOLHEIGHT
 40
0.08
  9
$LOFTANG1
 40
1.570796326795
  9
$LOFTANG2
 40
1.570796326795
  9
$LOFTMAG1
 40
0.0
  9
$LOFTMAG2
 40
0.0
  9
$LOFTPARAM
 70
7
  9
$LOFTNORMALS
280
1
  9
$LATITUDE
 40
37.795
  9
$LONGITUDE
 40
-122.394
  9
$NORTHDIRECTION
 40
0.0
  9
$TIMEZONE
 70
-8000
  9
$LIGHTGLYPHDISPLAY
280
1
  9
$TILEMODELIGHTSYNCH
280
1
  9
$CMATERIAL
347
20
  9
$SOLIDHIST
280
0
  9
$SHOWHIST
280
1
  9
$DWFFRAME
280
2
  9
$DGNFRAME
280
2
  9
$REALWORLDSCALE
290
1
  9
$INTERFERECOLOR
 62
256
  9
$CSHADOW
280
0
  9
$SHADOWPLANELOCATION
 40
0.0
  0
ENDSEC
  0
SECTION
  2
CLASSES
  0
CLASS
  1
ACDBDICTIONARYWDFLT
  2
AcDbDictionaryWithDefault
  3
ObjectDBX Classes
 90
0
 91
0
280
0
281
0
  0
CLASS
  1
SUN
  2
AcDbSun
  3
SCENEOE
 90
1153
 91
0
280
0
281
0
  0
CLASS
  1
VISUALSTYLE
  2
AcDbVisualStyle
  3
ObjectDBX Classes
 90
4095
 91
0
280
0
281
0
  0
CLASS
  1
MATERIAL
  2
AcDbMaterial
  3
ObjectDBX Classes
 90
1153
 91
0
280
0
281
0
  0
CLASS
  1
SCALE
  2
AcDbScale
  3
ObjectDBX Classes
 90
1153
 91
0
280
0
281
0
  0
CLASS
  1
TABLESTYLE
  2
AcDbTableStyle
  3
ObjectDBX Classes
 90
4095
 91
0
280
0
281
0
  0
CLASS
  1
MLEADERSTYLE
  2
AcDbMLeaderStyle
  3
ACDB_MLEADERSTYLE_CLASS
 90
4095
 91
0
280
0
281
0
  0
CLASS
  1
DICTIONARYVAR
  2
AcDbDictionaryVar
  3
ObjectDBX Classes
 90
0
 91
0
280
0
281
0
  0
CLASS
  1
CELLSTYLEMAP
  2
AcDbCellStyleMap
  3
ObjectDBX Classes
 90
1152
 91
0
280
0
281
0
  0
CLASS
  1
MENTALRAYRENDERSETTINGS
  2
AcDbMentalRayRenderSettings
  3
SCENEOE
 90
1024
 91
0
280
0
281
0
  0
CLASS
  1
ACDBDETAILVIEWSTYLE
  2
AcDbDetailViewStyle
  3
ObjectDBX Classes
 90
1025
 91
0
280
0
281
0
  0
CLASS
  1
ACDBSECTIONVIEWSTYLE
  2
AcDbSectionViewStyle
  3
ObjectDBX Classes
 90
1025
 91
0
280
0
281
0
  0
CLASS
  1
RASTERVARIABLES
  2
AcDbRasterVariables
  3
ISM
 90
0
 91
0
280
0
281
0
  0
CLASS
  1
ACDBPLACEHOLDER
  2
AcDbPlaceHolder
  3
ObjectDBX Classes
 90
0
 91
0
280
0
281
0
  0
CLASS
  1
LAYOUT
  2
AcDbLayout
  3
ObjectDBX Classes
 90
0
 91
0
280
0
281
0
  0
ENDSEC
  0
SECTION
  2
TABLES
  0
TABLE
  2
VPORT
  5
8
330
0
100
AcDbSymbolTable
 70
1
  0
VPORT
  5
23
330
8
100
AcDbSymbolTableRecord
100
AcDbViewportTableRecord
  2
*Active
 70
0
 10
0.0
 20
0.0
 11
1.0
 21
1.0
 12
0.0
 22
0.0
 13
0.0
 23
0.0
 14
0.5
 24
0.5
 15
0.5
 25
0.5
 16
0.0
 26
0.0
 36
1.0
 17
0.0
 27
0.0
 37
0.0
 40
1000.0
 41
1.34
 42
50.0
 43
0.0
 44
0.0
 50
0.0
 51
0.0
 71
0
 72
1000
 73
1
 74
3
 75
0
 76
0
 77
0
 78
0
281
0
 65
0
146
0.0
  0
ENDTAB
  0
TABLE
  2
LTYPE
  5
2
330
0
100
AcDbSymbolTable
 70
3
  0
LTYPE
  5
24
330
2
100
AcDbSymbolTableRecord
100
AcDbLinetypeTableRecord
  2
ByBlock
 70
0
  3

 72
65
 73
0
 40
0.0
  0
LTYPE
  5
25
330
2
100
AcDbSymbolTableRecord
100
AcDbLinetypeTableRecord
  2
ByLayer
 70
0
  3

 72
65
 73
0
 40
0.0
  0
LTYPE
  5
26
330
2
100
AcDbSymbolTableRecord
100
AcDbLinetypeTableRecord
  2
Continuous
 70
0
  3

 72
65
 73
0
 40
0.0
  0
ENDTAB
  0
TABLE
  2
LAYER
  5
1
330
0
100
AcDbSymbolTable
 70
4
  0
LAYER
  5
27
330
1
100
AcDbSymbolTableRecord
100
AcDbLayerTableRecord
  2
0
 70
0
 62
7
  6
Continuous
370
-3
390
13
347
21
  0
LAYER
  5
28
330
1
100
AcDbSymbolTableRecord
100
AcDbLayerTableRecord
  2
Defpoints
 70
0
 62
7
  6
Continuous
290
0
370
-3
390
13
347
21
  0
LAYER
  5
2F
330
1
100
AcDbSymbolTableRecord
100
AcDbLayerTableRecord
  2
DIS_KONTUR
 70
0
 62
1
  6
Continuous
370
-3
390
13
347
21
  0
LAYER
  5
30
330
1
100
AcDbSymbolTableRecord
100
AcDbLayerTableRecord
  2
IC_DELIKLER
 70
0
 62
5
  6
Continuous
370
-3
390
13
347
21
  0
ENDTAB
  0
TABLE
  2
STYLE
  5
5
330
0
100
AcDbSymbolTable
 70
1
  0
STYLE
  5
29
330
5
100
AcDbSymbolTableRecord
100
AcDbTextStyleTableRecord
  2
Standard
 70
0
 40
0.0
 41
1.0
 50
0.0
 71
0
 42
2.5
  3
txt
  4

  0
ENDTAB
  0
TABLE
  2
VIEW
  5
7
330
0
100
AcDbSymbolTable
 70
0
  0
ENDTAB
  0
TABLE
  2
UCS
  5
6
330
0
100
AcDbSymbolTable
 70
0
  0
ENDTAB
  0
TABLE
  2
APPID
  5
3
330
0
100
AcDbSymbolTable
 70
3
  0
APPID
  5
2A
330
3
100
AcDbSymbolTableRecord
100
AcDbRegAppTableRecord
  2
ACAD
 70
0
  0
APPID
  5
51
330
3
100
AcDbSymbolTableRecord
100
AcDbRegAppTableRecord
  2
HATCHBACKGROUNDCOLOR
 70
0
  0
APPID
  5
52
330
3
100
AcDbSymbolTableRecord
100
AcDbRegAppTableRecord
  2
EZDXF
 70
0
  0
ENDTAB
  0
TABLE
  2
DIMSTYLE
  5
4
330
0
100
AcDbSymbolTable
 70
1
100
AcDbDimStyleTable
  0
DIMSTYLE
105
2B
330
4
100
AcDbSymbolTableRecord
100
AcDbDimStyleTableRecord
  2
Standard
 70
0
 40
1.0
 41
2.5
 42
0.625
 43
3.75
 44
1.25
 45
0.0
 46
0.0
 47
0.0
 48
0.0
 49
2.5
140
2.5
141
2.5
142
0.0
143
0.03937007874
144
1.0
145
0.0
146
1.0
147
0.625
148
0.0
 69
0
 70
0
 71
0
 72
0
 73
0
 74
0
 75
0
 76
0
 77
1
 78
8
 79
3
170
0
171
3
172
1
173
0
174
0
175
0
176
0
177
0
178
0
179
2
271
2
272
2
273
2
274
3
275
0
276
0
277
2
278
44
279
0
280
0
281
0
282
0
283
0
284
8
285
0
286
0
288
0
289
3
290
0
371
-2
372
-2
  0
ENDTAB
  0
TABLE
  2
BLOCK_RECORD
  5
9
330
0
100
AcDbSymbolTable
 70
2
  0
BLOCK_RECORD
  5
17
330
9
100
AcDbSymbolTableRecord
100
AcDbBlockTableRecord
  2
*Model_Space
340
1A
 70
0
280
1
281
0
  0
BLOCK_RECORD
  5
1B
330
9
100
AcDbSymbolTableRecord
100
AcDbBlockTableRecord
  2
*Paper_Space
340
1E
 70
0
280
1
281
0
  0
ENDTAB
  0
ENDSEC
  0
SECTION
  2
BLOCKS
  0
BLOCK
  5
18
330
17
100
AcDbEntity
  8
0
100
AcDbBlockBegin
  2
*Model_Space
 70
0
 10
0.0
 20
0.0
 30
0.0
  3
*Model_Space
  1

  0
ENDBLK
  5
19
330
17
100
AcDbEntity
  8
0
100
AcDbBlockEnd
  0
BLOCK
  5
1C
330
1B
100
AcDbEntity
  8
0
100
AcDbBlockBegin
  2
*Paper_Space
 70
0
 10
0.0
 20
0.0
 30
0.0
  3
*Paper_Space
  1

  0
ENDBLK
  5
1D
330
1B
100
AcDbEntity
  8
0
100
AcDbBlockEnd
  0
ENDSEC
  0
SECTION
  2
ENTITIES
  0
LWPOLYLINE
  5
31
330
17
100
AcDbEntity
  8
DIS_KONTUR
100
AcDbPolyline
 90
4
 70
1
 10
0.0
 20
300.0
 10
300.0
 20
300.0
 10
300.0
 20
0.0
 10
0.0
 20
0.0
  0
LWPOLYLINE
  5
32
330
17
100
AcDbEntity
  8
IC_DELIKLER
100
AcDbPolyline
 90
9
 70
1
 10
300.00000000000006
 20
149.99999999999997
 10
300.00000000000006
 20
300.0
 10
150.00000000000003
 20
300.0
 10
0.0
 20
300.0
 10
0.0
 20
149.99999999999997
 10
0.0
 20
-5.684341886080802e-14
 10
150.00000000000003
 20
-5.684341886080802e-14
 10
300.00000000000006
 20
-5.684341886080802e-14
 10
300.00000000000006
 20
149.99999999999997
  0
LWPOLYLINE
  5
33
330
17
100
AcDbEntity
  8
IC_DELIKLER
100
AcDbPolyline
 90
713
 70
1
 10
10.27516365567205
 20
8.109159418020852
 10
9.883207316313483
 20
8.19584357615895
 10
9.526808502286707
 20
8.31987106527805
 10
9.206767355942027
 20
8.480684546937198
 10
8.923884019629755
 20
8.677726682695322
 10
8.678958635700187
 20
8.910440134111752
 10
8.47279134650363
 20
9.178267562745475
 10
8.306182294390391
 20
9.480651630155648
 10
8.229491998889115
 20
9.65699951693523
 10
8.16899494398426
 20
9.827033355773267
 10
8.123173056734577
 20
10.009999752569115
 10
8.090508264198823
 20
10.225145313222242
 10
8.069482493435753
 20
10.491716643631833
 10
8.058577671504123
 20
10.828960349697297
 10
8.056275725462696
 20
11.256123037317877
 10
8.061058582370219
 20
11.792451312392984
 10
8.071408169285453
 20
12.457191780821915
 10
8.073244719663428
 20
12.571470786730686
 10
8.075113941528459
 20
12.702091211044035
 10
8.077013021765623
 20
12.84857919103905
 10
8.078939147260009
 20
13.01046086399299
 10
8.080889504896694
 20
13.187262367183166
 10
8.082861281560755
 20
13.378509837887066
 10
8.084851664137272
 20
13.583729413381775
 10
8.08685783951133
 20
13.802447230944722
 10
8.088876994568011
 20
14.034189427852994
 10
8.090906316192386
 20
14.278482141384188
 10
8.092942991269544
 20
14.53485150881545
 10
8.094984206684563
 20
14.80282366742398
 10
8.097027149322523
 20
15.081924754487147
 10
8.099069006068504
 20
15.371680907282439
 10
8.101106963807585
 20
15.671618263086827
 10
8.10313820942485
 20
15.98126295917774
 10
8.10515992980538
 20
16.30014113283255
 10
8.107169311834248
 20
16.627778921328513
 10
8.10916354239654
 20
16.963702461942887
 10
8.111139808377338
 20
17.307437891952986
 10
8.11309529666172
 20
17.65851134863607
 10
8.115027194134766
 20
18.016448969269504
 10
8.116932687681556
 20
18.38077689113055
 10
8.118808964187174
 20
18.751021251496525
 10
8.120653210536695
 20
19.12670818764468
 10
8.122462613615204
 20
19.507363836852335
 10
8.124234360307776
 20
19.892514336396744
 10
8.125965637499498
 20
20.281685823555335
 10
8.127653632075445
 20
20.674404435605197
 10
8.129295530920704
 20
21.070196309823814
 10
8.130888520920347
 20
21.468587583488386
 10
8.13242978895946
 20
21.869104393876228
 10
8.13391652192312
 20
22.271272878264597
 10
8.135345906696411
 20
22.674619173930864
 10
8.136715130164411
 20
23.078669418152288
 10
8.138021379212203
 20
23.482949748206238
 10
8.139261840724863
 20
23.88698630136986
 10
8.141508701327666
 20
24.612014619468766
 10
8.14381784165936
 20
25.298823730023003
 10
8.146217123198712
 20
25.94856402491928
 10
8.148734407424488
 20
26.562385896044418
 10
8.151397555815462
 20
27.141439735285132
 10
8.154234429850396
 20
27.68687593452819
 10
8.157272891008057
 20
28.19984488566041
 10
8.160540800767215
 20
28.681496980568625
 10
8.164066020606635
 20
29.13298261113937
 10
8.167876412005086
 20
29.555452169259695
 10
8.171999836441334
 20
29.950056046816258
 10
8.176464155394147
 20
30.317944635695767
 10
8.181297230342294
 20
30.660268327785047
 10
8.186526922764537
 20
30.978177514970923
 10
8.192181094139649
 20
31.27282258914005
 10
8.198287605946396
 20
31.545353942179247
 10
8.204874319663542
 20
31.7969219659754
 10
8.211969096769858
 20
32.02867705241516
 10
8.219599798744111
 20
32.24176959338536
 10
8.227794287065066
 20
32.437349980772694
 10
8.236580423211489
 20
32.61656860646406
 10
8.245986068662154
 20
32.78057586234604
 10
8.256039084895823
 20
32.930522140305584
 10
8.266767333391265
 20
33.0675578322294
 10
8.278198675627246
 20
33.19283333000425
 10
8.290360973082535
 20
33.30749902551685
 10
8.303282087235898
 20
33.41270531065413
 10
8.3169898795661
 20
33.5096025773027
 10
8.331512211551916
 20
33.59934121734949
 10
8.346876944672106
 20
33.6830716226811
 10
8.363111940405439
 20
33.761944185184404
 10
8.380245060230683
 20
33.83710929674618
 10
8.434602625514065
 20
34.073771374715704
 10
8.476955210776564
 20
34.28880023923267
 10
8.50670153339877
 20
34.4958288271788
 10
8.523240310761262
 20
34.70849007543575
 10
8.52597026024462
 20
34.9404169208853
 10
8.51429009922943
 20
35.20524230040894
 10
8.487598545096276
 20
35.51659915088857
 10
8.445294315225741
 20
35.88812040920578
 10
8.386776126998408
 20
36.33343901224225
 10
8.31144269779486
 20
36.86618789687981
 10
8.218692744995677
 20
37.5
 10
8.214203997996595
 20
37.53793339541153
 10
8.209780258687696
 20
37.590284677308716
 10
8.20542177635703
 20
37.65679333359367
 10
8.201128800292643
 20
37.737198852169115
 10
8.196901579782589
 20
37.8312407209371
 10
8.192740364114918
 20
37.93865842780008
 10
8.188645402577675
 20
38.05919146066037
 10
8.184616944458915
 20
38.19257930742032
 10
8.180655239046683
 20
38.33856145598213
 10
8.176760535629032
 20
38.496877394248315
 10
8.172933083494016
 20
38.66726661012092
 10
8.169173131929677
 20
38.849468591502614
 10
8.165480930224069
 20
39.043222826295505
 10
8.161856727665244
 20
39.248268802401924
 10
8.158300773541246
 20
39.46434600772449
 10
8.154813317140128
 20
39.69119393016513
 10
8.15139460774994
 20
39.928552057626405
 10
8.148044894658732
 20
40.17615987801065
 10
8.144764427154557
 20
40.43375687922003
 10
8.141553454525459
 20
40.701082549157036
 10
8.138412226059488
 20
40.97787637572395
 10
8.135340991044702
 20
41.26387784682299
 10
8.13233999876914
 20
41.55882645035672
 10
8.12940949852086
 20
41.86246167422735
 10
8.126549739587906
 20
42.17452300633721
 10
8.123760971258335
 20
42.494749934588526
 10
8.121043442820191
 20
42.82288194688374
 10
8.118397403561525
 20
43.15865853112524
 10
8.115823102770388
 20
43.50181917521519
 10
8.11332078973483
 20
43.852103367055975
 10
8.110890713742899
 20
44.2092505945501
 10
8.108533124082648
 20
44.57300034559967
 10
8.106248270042123
 20
44.943092108107095
 10
8.104036400909376
 20
45.31926536997477
 10
8.10189776597246
 20
45.70125961910486
 10
8.099832614519418
 20
46.08881434339986
 10
8.097841195838305
 20
46.48166903076205
 10
8.09592375921717
 20
46.87956316909373
 10
8.094080553944062
 20
47.28223624629726
 10
8.09231182930703
 20
47.689427750274945
 10
8.090617834594127
 20
48.100877168929145
 10
8.0889988190934
 20
48.51632399016219
 10
8.087455032092901
 20
48.935507701876276
 10
8.085986722880676
 20
49.358167791973926
 10
8.084594140744782
 20
49.78404374835739
 10
8.083277534973261
 20
50.21287505892897
 10
8.082037154854167
 20
50.64440121159106
 10
8.08087324967555
 20
51.078361694245984
 10
8.07978606872546
 20
51.514495994795965
 10
8.078775861291941
 20
51.952543601143475
 10
8.077842876663054
 20
52.39224400119073
 10
8.076987364126841
 20
52.8333366828401
 10
8.076209572971353
 20
53.27556113399399
 10
8.075509752484644
 20
53.71865684255454
 10
8.074888151954756
 20
54.16236329642433
 10
8.074345020669744
 20
54.6064199835055
 10
8.073880607917658
 20
55.05056639170047
 10
8.073495162986548
 20
55.49454200891151
 10
8.073188935164461
 20
55.938086323041034
 10
8.07296217373945
 20
56.380938821991236
 10
8.072815127999565
 20
56.82283899366459
 10
8.072748047232853
 20
57.26352632596337
 10
8.072761180727365
 20
57.70274030678985
 10
8.072854777771154
 20
58.14022042404642
 10
8.073029087652266
 20
58.57570616563541
 10
8.07328435965875
 20
59.00893701945918
 10
8.073620843078661
 20
59.43965247341998
 10
8.074038787200044
 20
59.867592015420115
 10
8.074538441310953
 20
60.29249513336208
 10
8.075120054699434
 20
60.71410131514804
 10
8.075783876653539
 20
61.132150048680415
 10
8.076530156461319
 20
61.546380821861504
 10
8.077359143410819
 20
61.95653312259364
 10
8.078271086790094
 20
62.36234643877913
 10
8.079266235887193
 20
62.763560258320325
 10
8.080344839990161
 20
63.15991406911962
 10
8.081507148387058
 20
63.55114735907921
 10
8.082753410365923
 20
63.9369996161015
 10
8.084083875214814
 20
64.31721032808883
 10
8.085498792221776
 20
64.6915189829435
 10
8.086998410674859
 20
65.05966506856788
 10
8.088582979862116
 20
65.42138807286426
 10
8.090252749071595
 20
65.77642748373498
 10
8.092007967591346
 20
66.12452278908236
 10
8.093848884709418
 20
66.46541347680878
 10
8.095775749713862
 20
66.7988390348165
 10
8.097788811892729
 20
67.12453895100788
 10
8.099888320534067
 20
67.44225271328528
 10
8.102074524925925
 20
67.75171980955099
 10
8.104347674356356
 20
68.05267972770733
 10
8.106708018113407
 20
68.34487195565666
 10
8.10915580548513
 20
68.62803598130134
 10
8.111691285759575
 20
68.90191129254362
 10
8.11431470822479
 20
69.16623737728585
 10
8.117026322168824
 20
69.42075372343041
 10
8.11982637687973
 20
69.66519981887961
 10
8.122715121645559
 20
69.89931515153575
 10
8.125692805754355
 20
70.12283920930116
 10
8.128759678494172
 20
70.33551148007822
 10
8.13191598915306
 20
70.53707145176924
 10
8.135161987019067
 20
70.72725861227647
 10
8.138497921380244
 20
70.90581244950235
 10
8.141924041524643
 20
71.0724724513492
 10
8.14544059674031
 20
71.22697810571924
 10
8.149047836315296
 20
71.36906890051497
 10
8.152746009537651
 20
71.49848432363856
 10
8.156535365695426
 20
71.6149638629924
 10
8.160416154076671
 20
71.71824700647886
 10
8.164388623969435
 20
71.80807324200023
 10
8.168453024661767
 20
71.88418205745882
 10
8.17260960544172
 20
71.94631294075702
 10
8.17685861559734
 20
71.99420537979711
 10
8.181200304416677
 20
72.02759886248143
 10
8.185634921187786
 20
72.04623287671231
 10
8.230362406047869
 20
72.18441106733044
 10
8.273665391959897
 20
72.36976885587876
 10
8.315232094833188
 20
72.5974831597398
 10
8.354750730577056
 20
72.86273089629614
 10
8.391909515100819
 20
73.16068898293031
 10
8.42639666431379
 20
73.48653433702489
 10
8.457900394125279
 20
73.83544387596245
 10
8.486108920444606
 20
74.20259451712565
 10
8.510710459181078
 20
74.58316317789703
 10
8.53139322624402
 20
74.97232677565904
 10
8.54784543754274
 20
75.3652622277944
 10
8.559755308986558
 20
75.75714645168554
 10
8.566811056484783
 20
76.14315636471517
 10
8.568700895946732
 20
76.51846888426579
 10
8.565113043281718
 20
76.87826092771994
 10
8.55573571439906
 20
77.21770941246027
 10
8.540257125208068
 20
77.53199125586926
 10
8.532554361551417
 20
77.66213434070463
 10
8.52517938846094
 20
77.79941195951207
 10
8.518127940389324
 20
77.94424803661164
 10
8.51139575178927
 20
78.09706649632312
 10
8.504978557113477
 20
78.2582912629664
 10
8.498872090814631
 20
78.42834626086159
 10
8.493072087345432
 20
78.6076554143284
 10
8.487574281158578
 20
78.79664264768687
 10
8.48237440670676
 20
78.99573188525687
 10
8.477468198442681
 20
79.2053470513583
 10
8.472851390819024
 20
79.42591207031123
 10
8.468519718288492
 20
79.65785086643541
 10
8.464468915303781
 20
79.90158736405078
 10
8.460694716317583
 20
80.15754548747739
 10
8.4571928557826
 20
80.426149161035
 10
8.45395906815152
 20
80.70782230904356
 10
8.450989087877039
 20
81.00298885582305
 10
8.448278649411854
 20
81.31207272569341
 10
8.445823487208665
 20
81.63549784297444
 10
8.44361933572016
 20
81.9736881319862
 10
8.441661929399038
 20
82.32706751704845
 10
8.439947002697993
 20
82.69605992248123
 10
8.43847029006972
 20
83.08108927260446
 10
8.437227525966916
 20
83.48257949173802
 10
8.43621444484228
 20
83.90095450420182
 10
8.4354267811485
 20
84.33663823431579
 10
8.434860269338275
 20
84.79005460639988
 10
8.4345106438643
 20
85.26162754477394
 10
8.43437363917927
 20
85.751780973758
 10
8.434444989735882
 20
86.26093881767184
 10
8.434720429986827
 20
86.78952500083551
 10
8.435195694384808
 20
87.3379634475688
 10
8.435866517382513
 20
87.90667808219175
 10
8.436905120185408
 20
88.20827218031195
 10
8.439186758714209
 20
88.55769455385473
 10
8.442543160851958
 20
88.93923653490046
 10
8.446806054481694
 20
89.33718945552948
 10
8.45180716748645
 20
89.73584464782249
 10
8.457378227749265
 20
90.11949344385968
 10
8.463350963153172
 20
90.47242717572155
 10
8.465709188078652
 20
90.93537777154327
 10
8.454829575657087
 20
91.36136349740244
 10
8.430429140769501
 20
91.75379584478091
 10
8.392224898296933
 20
92.1160863051607
 10
8.33993386312041
 20
92.45164637002364
 10
8.27327305012096
 20
92.76388753085169
 10
8.18262413050344
 20
93.19801640212879
 10
8.130085536100678
 20
93.6073246462903
 10
8.11522573936566
 20
93.99692740181581
 10
8.137613212751383
 20
94.37193980718493
 10
8.202597695929446
 20
94.95206121423058
 10
8.260965675065794
 20
95.45568647342728
 10
8.314041327258428
 20
95.89168683050752
 10
8.363148829605363
 20
96.2689335312036
 10
8.409612359204598
 20
96.59629782124802
 10
8.454756093154145
 20
96.88265094637313
 10
8.499904208552007
 20
97.13686415231135
 10
8.54638088249619
 20
97.36780868479505
 10
8.595510292084702
 20
97.58435578955672
 10
8.648616614415545
 20
97.79537671232873
 10
8.760808875547097
 20
98.23315185407037
 10
8.86017780882109
 20
98.64013474139821
 10
8.925210552394699
 20
98.92821567705568
 10
8.983650145193831
 20
99.10562563714598
 10
9.065194067615147
 20
99.21647122378505
 10
9.153816260999244
 20
99.2389676390276
 10
9.215353308635313
 20
99.20818741644422
 10
9.28034016963502
 20
99.15473173539615
 10
9.3494749427613
 20
99.07688323539489
 10
9.42345572677708
 20
98.97292455595186
 10
9.502980620445298
 20
98.84113833657855
 10
9.588747722528876
 20
98.67980721678629
 10
9.68145513179075
 20
98.48721383608665
 10
9.781800946993858
 20
98.26164083399092
 10
9.890483266901121
 20
98.0013708500106
 10
10.00820019027548
 20
97.70468652365713
 10
10.13564981587986
 20
97.3698704944419
 10
10.273530242477195
 20
96.9952054018764
 10
10.42253956883042
 20
96.57897388547198
 10
10.58337589370246
 20
96.11945858474016
 10
10.756737315856249
 20
95.61494213919232
 10
10.94332193405472
 20
95.06370718833992
 10
11.143827847060807
 20
94.46403637169436
 10
11.358953153637438
 20
93.8142123287671
 10
11.48787755833446
 20
93.431053146773
 10
11.624086874836996
 20
93.04073121511325
 10
11.764281555341555
 20
92.65184296897067
 10
11.905162052044663
 20
92.27298484352795
 10
12.04342881714284
 20
91.9127532739677
 10
12.175782302832607
 20
91.57974469547264
 10
12.298922961310488
 20
91.28255554322541
 10
12.409551244773
 20
91.02978225240878
 10
12.504367605416665
 20
90.83002125820542
 10
12.637776649755862
 20
90.54357944957516
 10
12.775849010340837
 20
90.20869143444395
 10
12.911500003371527
 20
89.84526117518988
 10
13.037644945047871
 20
89.47319263419087
 10
13.147199151569808
 20
89.11238977382484
 10
13.233077939137276
 20
88.78275655646985
 10
13.322751505336491
 20
88.43878064009454
 10
13.433352440687692
 20
88.08141464729434
 10
13.560412346773942
 20
87.7225367265612
 10
13.69946282517834
 20
87.37402502638696
 10
13.846035477483955
 20
87.04775769526341
 10
13.99566190527387
 20
86.75561288168251
 10
14.122426707850625
 20
86.51103070798251
 10
14.262195768651813
 20
86.21530747925712
 10
14.409118114362725
 20
85.88249044275716
 10
14.557342771668665
 20
85.52662684573349
 10
14.701018767254915
 20
85.1617639354372
 10
14.834295127806765
 20
84.80194895911904
 10
14.951320880009513
 20
84.4612291640301
 10
15.034586012159922
 20
84.21804506044259
 10
15.132256661578394
 20
83.95197556349751
 10
15.24295132896175
 20
83.66586870138863
 10
15.365288515006785
 20
83.36257250231031
 10
15.497886720410326
 20
83.04493499445638
 10
15.639364445869171
 20
82.71580420602118
 10
15.788340192080138
 20
82.37802816519854
 10
15.943432459740022
 20
82.03445490018274
 10
16.103259749545643
 20
81.68793243916781
 10
16.266440562193814
 20
81.34130881034773
 10
16.43159339838134
 20
80.99743204191668
 10
16.597336758805035
 20
80.65915016206867
 10
16.7622891441617
 20
80.32931119899786
 10
16.92506905514815
 20
80.01076318089832
 10
17.084294992461196
 20
79.70635413596409
 10
17.238585456797644
 20
79.41893209238921
 10
17.386558948854308
 20
79.15134507836785
 10
17.526833969328
 20
78.90644112209404
 10
17.658029018915517
 20
78.68706825176193
 10
17.77876259831368
 20
78.49607449556547
 10
17.887653208219298
 20
78.33630788169887
 10
17.98331934932918
 20
78.21061643835614
 10
18.1461633390776
 20
77.99288876584771
 10
18.29853680184511
 20
77.7463674020727
 10
18.443777782129448
 20
77.4639762682502
 10
18.585224324428378
 20
77.13863928559914
 10
18.726214473239654
 20
76.7632803753385
 10
18.870086273061037
 20
76.33082345868735
 10
18.97982914259232
 20
75.99562640212673
 10
19.088246766848187
 20
75.69285903557187
 10
19.200432421216927
 20
75.41250088192973
 10
19.321479381086824
 20
75.14453146410713
 10
19.456480921846172
 20
74.87893030501075
 10
19.610530318883246
 20
74.6056769275475
 10
19.78872084758634
 20
74.31475085462412
 10
19.996145783343742
 20
73.99613160914734
 10
20.23789840154374
 20
73.6397987140241
 10
20.39006951238276
 20
73.41573191367166
 10
20.55755925201299
 20
73.16361871226192
 10
20.737217424138898
 20
72.88847568351167
 10
20.925893832464936
 20
72.59531940113814
 10
21.12043828069558
 20
72.2891664388583
 10
21.317700572535273
 20
71.97503337038904
 10
21.514530511688484
 20
71.65793676944745
 10
21.70777790185968
 20
71.34289320975049
 10
21.894292546753316
 20
71.03491926501519
 10
22.070924250073855
 20
70.7390315089585
 10
22.23452281552575
 20
70.46024651529748
 10
22.453799258524754
 20
70.08590051416991
 10
22.678313912320576
 20
69.70827017587186
 10
22.901726479840104
 20
69.33765113548051
 10
23.117696664010214
 20
68.98433902807298
 10
23.319884167757785
 20
68.6586294887264
 10
23.5019486940097
 20
68.37081815251787
 10
23.657549945692832
 20
68.13120065452466
 10
23.78034762573407
 20
67.95007262982372
 10
23.985404689246522
 20
67.65536997024654
 10
24.19233619265449
 20
67.35258955638895
 10
24.399796613343852
 20
67.04391309333488
 10
24.606440428700516
 20
66.73152228616823
 10
24.81092211611037
 20
66.4175988399727
 10
25.011896152959313
 20
66.10432445983221
 10
25.208017016633228
 20
65.79388085083065
 10
25.397939184518012
 20
65.48844971805184
 10
25.580317133999568
 20
65.19021276657952
 10
25.753805342463775
 20
64.90135170149773
 10
25.917058287296538
 20
64.62404822789011
 10
26.068730445883748
 20
64.36048405084068
 10
26.207476295611293
 20
64.11284087543316
 10
26.33195031386508
 20
63.88330040675146
 10
26.440806978030984
 20
63.67404434987935
 10
26.532700765494912
 20
63.4872544099008
 10
26.68315178822751
 20
63.18750699958463
 10
26.841738842804553
 20
62.908191605483694
 10
27.014475500182154
 20
62.641107659064744
 10
27.2073753313164
 20
62.378054591794694
 10
27.42645190716337
 20
62.110831835140345
 10
27.677718798679145
 20
61.83123882056873
 10
27.967189576819823
 20
61.53107497954662
 10
28.093405118030745
 20
61.4002911321229
 10
28.2353029035011
 20
61.24691180773948
 10
28.391544472190567
 20
61.072642523052195
 10
28.560791363058833
 20
60.87918879471724
 10
28.741705115065567
 20
60.66825613939068
 10
28.932947267170437
 20
60.441550073728564
 10
29.133179358333138
 20
60.20077611438691
 10
29.341062927513356
 20
59.94763977802174
 10
29.555259513670737
 20
59.68384658128923
 10
29.77443065576498
 20
59.41110204084535
 10
29.997237892755763
 20
59.13111167334611
 10
30.222342763602747
 20
58.845580995447676
 10
30.44840680726563
 20
58.55621552380603
 10
30.674091562704074
 20
58.26472077507725
 10
30.898058568877776
 20
57.97280226591735
 10
31.118969364746388
 20
57.682165512982436
 10
31.33548548926961
 20
57.39451603292855
 10
31.546268481407107
 20
57.111559342411766
 10
31.74997988011856
 20
56.8350009580881
 10
31.945281224363644
 20
56.56654639661363
 10
32.130834053102035
 20
56.3079011746444
 10
32.305299905293424
 20
56.06077080883648
 10
32.46734031989747
 20
55.82686081584589
 10
32.615616835873865
 20
55.60787671232873
 10
32.754215924456275
 20
55.4126687245826
 10
32.934859390797136
 20
55.177353114297944
 10
33.149922276033074
 20
54.91088449138482
 10
33.39177962130073
 20
54.62221746575341
 10
33.65280646773669
 20
54.32030664731377
 10
33.92537785647761
 20
54.014106645976
 10
34.20186882866011
 20
53.712572071650214
 10
34.4746544254208
 20
53.424657534246535
 10
34.749104023379
 20
53.13805358050618
 10
35.03036407076391
 20
52.84027517658387
 10
35.31047521612703
 20
52.54001356151002
 10
35.581478108019816
 20
52.245959974315014
 10
35.83541339499376
 20
51.96680565402929
 10
36.06432172560034
 20
51.7112418396832
 10
36.26024374839103
 20
51.4879597703071
 10
36.415220111917314
 20
51.30565068493149
 10
36.52086082303861
 20
51.18202523009418
 10
36.659768417208596
 20
51.02539062500003
 10
36.82862191912552
 20
50.83925848137838
 10
37.02410035348765
 20
50.62714041095887
 10
37.24288274499324
 20
50.39254802547089
 10
37.481648118340566
 20
50.13899293664383
 10
37.737075498227895
 20
49.86998675620717
 10
38.00584390935347
 20
49.58904109589042
 10
38.28463237641559
 20
49.299667567422915
 10
38.57011992411247
 20
49.005377782534225
 10
38.85898557714241
 20
48.70968335295373
 10
39.14790836020366
 20
48.41609589041093
 10
39.43917329146881
 20
48.1190663594561
 10
39.72481735009346
 20
47.82339631434979
 10
40.004204274582335
 20
47.52984572320645
 10
40.27669780344023
 20
47.239174554140305
 10
40.54166167517185
 20
46.95214277526583
 10
40.79845962828199
 20
46.66951035469717
 10
41.0464554012754
 20
46.39203726054876
 10
41.28501273265683
 20
46.12048346093485
 10
41.513495360931046
 20
45.85560892396981
 10
41.73126702460278
 20
45.598173617768055
 10
41.93769146217682
 20
45.34893751044376
 10
42.13213241215791
 20
45.10866057011131
 10
42.31395361305079
 20
44.878102764885
 10
42.48251880336024
 20
44.65802406287918
 10
42.63719172159101
 20
44.44918443220817
 10
42.77733610624786
 20
44.2523438409863
 10
42.90231569583552
 20
44.068262257327916
 10
43.01149422885878
 20
43.89769964934726
 10
43.10423544382238
 20
43.74141598515877
 10
43.179903079231075
 20
43.600171232876676
 10
43.24503493251387
 20
43.465187113022864
 10
43.30441738607822
 20
43.32982013936203
 10
43.35827799964704
 20
43.19106965163138
 10
43.40684433294335
 20
43.045934989567456
 10
43.45034394569002
 20
42.89141549290741
 10
43.48900439761006
 20
42.724510501387954
 10
43.5230532484264
 20
42.542219354745896
 10
43.55271805786199
 20
42.34154139271811
 10
43.57822638563978
 20
42.11947595504154
 10
43.59980579148271
 20
41.8730223814531
 10
43.61768383511374
 20
41.5991800116895
 10
43.63208807625582
 20
41.294948185487726
 10
43.643246074631904
 20
40.95732624258454
 10
43.65138538996494
 20
40.58331352271682
 10
43.656733581977875
 20
40.16990936562155
 10
43.65951821039367
 20
39.71411311103543
 10
43.65996683493524
 20
39.21292409869545
 10
43.65830701532559
 20
38.66334166833843
 10
43.654766311287624
 20
38.06236515970119
 10
43.64957228254431
 20
37.40699391252065
 10
43.64781647064885
 20
37.18446181923741
 10
43.64631657065516
 20
36.950711047054824
 10
43.64506918708446
 20
36.70630271593865
 10
43.64407092445798
 20
36.45179794585454
 10
43.64331838729695
 20
36.187757856768314
 10
43.64280818012261
 20
35.914743568645804
 10
43.642536907456176
 20
35.633316201452544
 10
43.64250117381885
 20
35.344036875154586
 10
43.64269758373191
 20
35.04746670971741
 10
43.64312274171653
 20
34.74416682510707
 10
43.64377325229398
 20
34.43469834128899
 10
43.64464571998547
 20
34.119622378229224
 10
43.64573674931223
 20
33.79950005589336
 10
43.64704294479547
 20
33.474892494247115
 10
43.64856091095644
 20
33.146360813256365
 10
43.65028725231636
 20
32.81446613288688
 10
43.65221857339645
 20
32.479769573104306
 10
43.654351478717956
 20
32.14283225387442
 10
43.65668257280208
 20
31.80421529516309
 10
43.65920846017007
 20
31.46447981693592
 10
43.66192574534314
 20
31.12418693915879
 10
43.66483103284252
 20
30.78389778179752
 10
43.66792092718945
 20
30.44417346481754
 10
43.67119203290515
 20
30.10557510818495
 10
43.67464095451082
 20
29.768663831865354
 10
43.67826429652773
 20
29.434000755824457
 10
43.68205866347708
 20
29.102147000028197
 10
43.68602065988011
 20
28.77366368444217
 10
43.690146890258035
 20
28.449111929032256
 10
43.69443395913209
 20
28.12905285376405
 10
43.69887847102352
 20
27.814047578603493
 10
43.70347703045352
 20
27.504657223516233
 10
43.70822624194333
 20
27.201442908467982
 10
43.713122710014176
 20
26.90496575342462
 10
43.717523318747574
 20
26.64555926806929
 10
43.72205649726306
 20
26.378358192540134
 10
43.72671502743304
 20
26.103787621351614
 10
43.7314916911299
 20
25.822272649018373
 10
43.736379270226074
 20
25.534238370054823
 10
43.74137054659397
 20
25.24010987897566
 10
43.74645830210601
 20
24.940312270295237
 10
43.751635318634605
 20
24.635270638528084
 10
43.756894378052166
 20
24.32541007818878
 10
43.7622282622311
 20
24.011155683791856
 10
43.76762975304383
 20
23.692932549851776
 10
43.773091632362764
 20
23.371165770883124
 10
43.77860668206032
 20
23.046280441400256
 10
43.78416768400889
 20
22.718701655917982
 10
43.789767420080935
 20
22.388854508950544
 10
43.79539867214882
 20
22.057164095012638
 10
43.80105422208498
 20
21.724055508618733
 10
43.80672685176184
 20
21.38995384428324
 10
43.81240934305176
 20
21.055284196520915
 10
43.81809447782722
 20
20.720471659846112
 10
43.82377503796061
 20
20.3859413287733
 10
43.829443805324324
 20
20.052118297817117
 10
43.83509356179079
 20
19.719427661492148
 10
43.84071708923242
 20
19.388294514312804
 10
43.84630716952164
 20
19.059143950793555
 10
43.851856584530836
 20
18.732401065448983
 10
43.857358116132446
 20
18.40849095279367
 10
43.86280454619887
 20
18.087838707341973
 10
43.86818865660253
 20
17.770869423608588
 10
43.87350322921583
 20
17.458008196107983
 10
43.87874104591118
 20
17.149680119354628
 10
43.88389488856101
 20
16.846310287863105
 10
43.888957539037726
 20
16.548323796147884
 10
43.89392177921373
 20
16.256145738723546
 10
43.89878039096144
 20
15.970201210104506
 10
43.90352615615329
 20
15.6909153048054
 10
43.90815185666167
 20
15.418713117340701
 10
43.912650274358995
 20
15.154019742224932
 10
43.917014191117694
 20
14.897260273972563
 10
43.931026336147866
 20
14.066618130178767
 10
43.94333857565618
 20
13.310229995824841
 10
43.95367489083771
 20
12.624428794160224
 10
43.96175926288744
 20
12.005547448434697
 10
43.96731567300042
 20
11.449918881897759
 10
43.97006810237167
 20
10.953876017799018
 10
43.96974053219621
 20
10.513751779388144
 10
43.966056943669045
 20
10.125879089914633
 10
43.95874131798522
 20
9.78659087262821
 10
43.94751763633978
 20
9.492220050778371
 10
43.93210987992771
 20
9.239099547614728
 10
43.912242029944046
 20
9.023562286387005
 10
43.88763806758383
 20
8.841941190344698
 10
43.85802197404205
 20
8.690569182737477
 10
43.82311773051377
 20
8.56577918681478
 10
43.782649318194004
 20
8.463904125826502
 10
43.73634071827776
 20
8.381276923021915
 10
43.683915911960064
 20
8.314230501650911
 10
43.62509888043596
 20
8.259097784962933
 10
43.55961360490045
 20
8.21221169620759
 10
43.48718406654857
 20
8.169905158634549
 10
43.407534246575345
 20
8.128511095493366
 10
43.38973410602658
 20
8.121338634162726
 10
43.36493915484963
 20
8.11437202671334
 10
43.33290215120464
 20
8.107609019149436
 10
43.29337585325172
 20
8.101047357475352
 10
43.246113019151
 20
8.094684787695485
 10
43.190866407062614
 20
8.08851905581406
 10
43.12738877514666
 20
8.082547907835533
 10
43.0554328815633
 20
8.07676908976407
 10
42.97475148447263
 20
8.071180347604127
 10
42.8850973420348
 20
8.065779427359928
 10
42.7862232124099
 20
8.060564075035927
 10
42.677881853758095
 20
8.055532036636293
 10
42.55982602423949
 20
8.05068105816548
 10
42.43180848201421
 20
8.04600888562777
 10
42.293581985242376
 20
8.041513265027504
 10
42.14489929208413
 20
8.037191942368906
 10
41.98551316069959
 20
8.033042663656431
 10
41.81517634924887
 20
8.029063174894304
 10
41.6336416158921
 20
8.025251222086979
 10
41.44066171878942
 20
8.021604551238738
 10
41.23598941610094
 20
8.018120908353694
 10
41.019377465986786
 20
8.014798039436528
 10
40.79057862660709
 20
8.011633690491351
 10
40.54934565612198
 20
8.008625607522504
 10
40.29543131269156
 20
8.005771536534382
 10
40.02858835447598
 20
8.003069223531213
 10
39.748569539635355
 20
8.000516414517335
 10
39.45512762632981
 20
7.9981108554972025
 10
39.14801537271947
 20
7.995850292474927
 10
38.82698553696447
 20
7.993732471455132
 10
38.49179087722492
 20
7.991755138441761
 10
38.14218415166095
 20
7.989916039439493
 10
37.777918118432694
 20
7.988212920452497
 10
37.39874553570027
 20
7.986643527485114
 10
37.00441916162381
 20
7.985205606541513
 10
36.5946917543634
 20
7.983896903626373
 10
36.16931607207924
 20
7.982715164743695
 10
35.7280448729314
 20
7.981658135897931
 10
35.270630915080005
 20
7.980723563093477
 10
34.7968269566852
 20
7.97990919233456
 10
34.306385755907115
 20
7.979212769625406
 10
33.79906007090585
 20
7.978632040970638
 10
33.27460265984156
 20
7.978164752374312
 10
32.732766280874344
 20
7.977808649840881
 10
32.17330369216433
 20
7.977561479374629
 10
31.595967651871668
 20
7.977420986979894
 10
31.000510918156465
 20
7.977384918661016
 10
30.38668624917884
 20
7.977451020422222
 10
29.75424640309893
 20
7.977617038267965
 10
29.102944138076854
 20
7.977880718202584
 10
28.432532212272744
 20
7.978239806230249
 10
27.74276338384672
 20
7.9786920483554695
 10
27.03339041095891
 20
7.979235190582415
 10
26.537040575184438
 20
7.9796934179638015
 10
26.044114737355436
 20
7.9802530204897835
 10
25.554820320601888
 20
7.980912390037304
 10
25.069364748053832
 20
7.981669918483249
 10
24.58795544284123
 20
7.982523997704732
 10
24.110799828094105
 20
7.983473019578753
 10
23.63810532694246
 20
7.9845153759821414
 10
23.170079362516294
 20
7.985649458792068
 10
22.70692935794561
 20
7.986873659885475
 10
22.24886273636041
 20
7.988186371139307
 10
21.79608692089068
 20
7.989585984430846
 10
21.348809334666456
 20
7.991070891636582
 10
20.907237400817717
 20
7.992639484634026
 10
20.471578542474454
 20
7.994290155299893
 10
20.042040182766705
 20
7.9960212955110705
 10
19.618829744824442
 20
7.997831297144899
 10
19.202154651777676
 20
7.999718552078093
 10
18.792222326756413
 20
8.001681452187768
 10
18.389240192890647
 20
8.003718389351036
 10
17.99341567331039
 20
8.00582775544467
 10
17.60495619114564
 20
8.008007942345785
 10
17.224069169526395
 20
8.010257341931379
 10
16.850962031582668
 20
8.012574346078395
 10
16.48584220044445
 20
8.014957346663834
 10
16.128917099241743
 20
8.017404735564753
 10
15.780394151104556
 20
8.019914904658151
 10
15.440480779162888
 20
8.022486245821028
 10
15.109384406546742
 20
8.025117150930328
 10
14.78731245638612
 20
8.027806011863106
 10
14.474472351811022
 20
8.030551220496193
 10
14.171071515951454
 20
8.033351168706872
 10
13.877317371937416
 20
8.036204248371916
 10
13.593417342898908
 20
8.03910885136844
 10
13.319578851965938
 20
8.042063369573441
 10
13.0560093222685
 20
8.04506619486375
 10
12.802916176936604
 20
8.048115719116595
 10
12.560506839100247
 20
8.05121033420886
 10
12.328988731889433
 20
8.054348432017491
 10
12.10856927843417
 20
8.057528404419543
 10
11.899455901864446
 20
8.06074864329213
 10
11.70185602531028
 20
8.064007540512023
 10
11.515977071901657
 20
8.067303487956451
 10
11.342026464768592
 20
8.070634877502187
 10
11.180211627041084
 20
8.074000101026456
 10
11.030739981849134
 20
8.077397550406033
 10
10.893818952322741
 20
8.08082561751803
 10
10.769655961591916
 20
8.084282694239448
 10
10.65845843278665
 20
8.0877671724474
 10
10.560433789036955
 20
8.091277444018544
 10
10.475789453472826
 20
8.09481190083028
 10
10.40473284922427
 20
8.098368934759321
 10
10.347471399421288
 20
8.101946937682726
 10
10.30421252719388
 20
8.105544301477607
 10
10.27516365567205
 20
8.109159418020852
  0
LWPOLYLINE
  5
34
330
17
100
AcDbEntity
  8
IC_DELIKLER
100
AcDbPolyline
 90
1651
 70
1
 10
51.8037767432264
 20
8.208317296290545
 10
51.50105074029833
 20
8.368555418033566
 10
51.20152744960169
 20
8.569605286504213
 10
50.913578449604955
 20
8.802763272534662
 10
50.64557531877661
 20
9.059325746956915
 10
50.405889635585126
 20
9.330589080603033
 10
50.202892978499
 20
9.607849644305134
 10
50.0449569259867
 20
9.88240380889522
 10
49.940453056516745
 20
10.145547945205465
 10
49.90126291949982
 20
10.30255216494345
 10
49.86755308181154
 20
10.489310493466292
 10
49.839306439811054
 20
10.7064290333509
 10
49.81650588985749
 20
10.954513887174073
 10
49.79913432830999
 20
11.234171157512662
 10
49.78717465152771
 20
11.54600694694335
 10
49.78060975586982
 20
11.890627358043218
 10
49.77942253769541
 20
12.268638493388835
 10
49.78359589336368
 20
12.68064645555728
 10
49.79311271923374
 20
13.127257347125237
 10
49.80795591166475
 20
13.609077270669559
 10
49.828108367015844
 20
14.126712328767098
 10
49.832521903860524
 20
14.27829929060664
 10
49.8348620755514
 20
14.473327858540586
 10
49.83520483183693
 20
14.708161518031886
 10
49.833626122465716
 20
14.979163754542924
 10
49.83020189718621
 20
15.282698053536478
 10
49.825008105746896
 20
15.615127900475272
 10
49.81812069789632
 20
15.972816780821915
 10
49.809615623382975
 20
16.352128180039074
 10
49.79956883195535
 20
16.749425583589527
 10
49.788056273361995
 20
17.161072476935885
 10
49.775153897351366
 20
17.583432345540928
 10
49.760937653671995
 20
18.012868674867207
 10
49.74548349207239
 20
18.445744950377332
 10
49.72886736230105
 20
18.878424657534197
 10
49.72222909137533
 20
19.05320699403501
 10
49.71567435276938
 20
19.24170546712054
 10
49.70920949425326
 20
19.443411398877515
 10
49.702840863596975
 20
19.657816111392947
 10
49.696574808570595
 20
19.884410926753844
 10
49.690417676944136
 20
20.122687167047218
 10
49.68437581648764
 20
20.372136154359737
 10
49.67845557497116
 20
20.63224921077847
 10
49.67266330016473
 20
20.902517658390423
 10
49.667005339838376
 20
21.182432819282326
 10
49.66148804176215
 20
21.47148601554136
 10
49.6561177537061
 20
21.769168569254134
 10
49.65090082344023
 20
22.07497180250789
 10
49.64584359873463
 20
22.38838703738935
 10
49.64095242735931
 20
22.708905595985527
 10
49.63623365708432
 20
23.036018800383317
 10
49.63169363567968
 20
23.369217972669674
 10
49.62733871091545
 20
23.707994434931493
 10
49.62317523056166
 20
24.05183950925573
 10
49.61920954238834
 20
24.400244517729277
 10
49.61544799416554
 20
24.75270078243915
 10
49.61189693366331
 20
25.108699625472127
 10
49.60856270865167
 20
25.46773236891522
 10
49.60545166690067
 20
25.829290334855443
 10
49.60257015618035
 20
26.192864845379518
 10
49.59992452426074
 20
26.557947222574512
 10
49.59752111891189
 20
26.92402878852738
 10
49.595366287903836
 20
27.29060086532502
 10
49.593466379006614
 20
27.657154775054266
 10
49.591827739990265
 20
28.023181839802135
 10
49.59045671862484
 20
28.388173381655463
 10
49.58935966268036
 20
28.751620722701375
 10
49.588542919926866
 20
29.113015185026597
 10
49.58801283813442
 20
29.471848090718197
 10
49.587775765073026
 20
29.827610761863014
 10
49.58783804851275
 20
30.179794520547944
 10
49.58807530031099
 20
30.614070380089288
 10
49.58825625035126
 20
31.046851049934332
 10
49.588381945162986
 20
31.477351417268096
 10
49.58845343127552
 20
31.904786369276167
 10
49.58847175521831
 20
32.32837079314328
 10
49.58843796352074
 20
32.74731957605513
 10
49.588353102712205
 20
33.160847605197034
 10
49.58821821932213
 20
33.568169767754
 10
49.58803435987991
 20
33.96850095091145
 10
49.58780257091494
 20
34.36105604185474
 10
49.58752389895663
 20
34.74504992776889
 10
49.58719939053439
 20
35.11969749583932
 10
49.586830092177586
 20
35.484213633251386
 10
49.58641705041567
 20
35.83781322719034
 10
49.585961311778014
 20
36.17971116484131
 10
49.58546392279405
 20
36.509122333389655
 10
49.58492592999315
 20
36.825261620020626
 10
49.584348379904725
 20
37.12734391191964
 10
49.583732319058186
 20
37.41458409627171
 10
49.583078793982935
 20
37.68619706026237
 10
49.58238885120837
 20
37.94139769107676
 10
49.5816635372639
 20
38.179400875900114
 10
49.58090389867892
 20
38.3994215019178
 10
49.58011098198284
 20
38.60067445631506
 10
49.579285833705065
 20
38.78237462627715
 10
49.57842950037499
 20
38.9437368989893
 10
49.577543028522015
 20
39.083976161637
 10
49.57662746467555
 20
39.202307301405256
 10
49.57568385536501
 20
39.29794520547944
 10
49.576400661380006
 20
39.66034437757543
 10
49.58696250969825
 20
40.01507993566344
 10
49.607465519306906
 20
40.36254499822428
 10
49.638005809193096
 20
40.70313268373877
 10
49.67867949834398
 20
41.03723611068756
 10
49.72958270574671
 20
41.36524839755157
 10
49.790811550388426
 20
41.68756266281139
 10
49.862462151256274
 20
42.00457202494806
 10
49.9446306273374
 20
42.31666960244212
 10
50.03741309761898
 20
42.62424851377449
 10
50.140905681088114
 20
42.927701877425875
 10
50.255204496731984
 20
43.22742281187709
 10
50.38040566353772
 20
43.52380443560884
 10
50.51660530049248
 20
43.81723986710199
 10
50.663899526583414
 20
44.10812222483733
 10
50.82238446079765
 20
44.39684462729551
 10
50.970843351868474
 20
44.652635154264004
 10
51.11628589581686
 20
44.89303222678316
 10
51.261145542678825
 20
45.120749763519115
 10
51.407855742490426
 20
45.338501683137906
 10
51.558849945287704
 20
45.54900190430578
 10
51.71656160110669
 20
45.75496434568876
 10
51.88342415998341
 20
45.959102925952976
 10
52.06187107195392
 20
46.164131563764556
 10
52.254335787054224
 20
46.37276417778966
 10
52.4632517553204
 20
46.58771468669437
 10
52.69105242678847
 20
46.81169700914481
 10
52.94017125149445
 20
47.04742506380714
 10
53.21304167947439
 20
47.29761276934744
 10
53.51209716076435
 20
47.56497404443189
 10
53.839771145400334
 20
47.85222280772652
 10
54.19849708341839
 20
48.16207297789748
 10
54.640124893801676
 20
48.54475238224475
 10
55.03778277371887
 20
48.89598330943565
 10
55.37527127510347
 20
49.2009164049573
 10
55.63639094988905
 20
49.44470231429656
 10
55.80494235000913
 20
49.61249168294043
 10
55.86472602739727
 20
49.68943515637608
 10
55.99314434201142
 20
49.87742169306452
 10
56.32980857221605
 20
50.277373356765054
 10
56.80183264755453
 20
50.80270267389287
 10
56.992630146630496
 20
51.01516044783756
 10
57.19560194351785
 20
51.251221150622996
 10
57.407910785653335
 20
51.50700253445302
 10
57.62671942047365
 20
51.778622351531766
 10
57.84919059541554
 20
52.06219835406321
 10
58.07248705791575
 20
52.35384829425138
 10
58.29377155541099
 20
52.649689924300276
 10
58.510206835338
 20
52.945840996413864
 10
58.718955645133484
 20
53.23841926279624
 10
58.91718073223421
 20
53.523542475651396
 10
59.102044844076865
 20
53.79732838718337
 10
59.27071072809822
 20
54.055894749596064
 10
59.420341131734965
 20
54.295359315093634
 10
59.54809880242386
 20
54.51183983587998
 10
59.6511464876016
 20
54.701454064159236
 10
59.84740674329952
 20
55.01312496835399
 10
60.143874175766804
 20
55.405295820713235
 10
60.47636511405695
 20
55.793063653200335
 10
60.715456030502466
 20
56.05679761688069
 10
60.948008622561495
 20
56.3218385644623
 10
61.17427605992774
 20
56.58850627505254
 10
61.39451151229496
 20
56.85712052775864
 10
61.6089681493569
 20
57.12800110168786
 10
61.81789914080729
 20
57.40146777594748
 10
62.021557656339915
 20
57.677840329644624
 10
62.2201968656485
 20
57.95743854188669
 10
62.41406993842677
 20
58.24058219178079
 10
62.63058542960748
 20
58.544014956891516
 10
62.901058953827565
 20
58.89551476322512
 10
63.190979442824414
 20
59.25151144577691
 10
63.46583582833541
 20
59.56843483954225
 10
63.688311473119754
 20
59.8316591714279
 10
63.933573719429255
 20
60.15077133737083
 10
64.18234508163204
 20
60.49880215928863
 10
64.41534807409613
 20
60.8487824590992
 10
64.61330521118956
 20
61.17374305872033
 10
64.84475627910639
 20
61.57003738052154
 10
65.08514882867689
 20
61.969273835260964
 10
65.30607330687154
 20
62.32496149506363
 10
65.47912016066081
 20
62.590609432054464
 10
65.74693388837001
 20
62.98310649406298
 10
65.98827878936389
 20
63.33461465040651
 10
66.20764538095287
 20
63.65135085260462
 10
66.40952418044724
 20
63.939532052177015
 10
66.59840570515733
 20
64.20537520064329
 10
66.77878047239355
 20
64.45509724952308
 10
66.95513899946621
 20
64.69491515033602
 10
67.13197180368572
 20
64.93104585460168
 10
67.31376940236235
 20
65.16970631383975
 10
67.5050223128065
 20
65.41711347956979
 10
67.7102210523285
 20
65.67948430331145
 10
67.92018508409949
 20
65.95539946802651
 10
68.13679401751706
 20
66.25584142581508
 10
68.3519337795209
 20
66.56847503983235
 10
68.55749029705063
 20
66.88096517323336
 10
68.74534949704582
 20
67.18097668917355
 10
68.90739730644611
 20
67.45617445080805
 10
69.03551965219111
 20
67.69422332129207
 10
69.20570431252624
 20
68.01927179576356
 10
69.40192807108076
 20
68.373061134625
 10
69.60820627034705
 20
68.72808060408084
 10
69.80855425281737
 20
69.05681947033557
 10
69.986987360984
 20
69.33176699959378
 10
70.0844221019252
 20
69.48315051315151
 10
70.19949512672639
 20
69.67536236543006
 10
70.32989404209721
 20
69.9037431430034
 10
70.47330645474725
 20
70.16363343244592
 10
70.62741997138612
 20
70.45037382033175
 10
70.78992219872343
 20
70.75930489323494
 10
70.95850074346886
 20
71.08576723772984
 10
71.13084321233198
 20
71.42510144039034
 10
71.30463721202241
 20
71.7726480877908
 10
71.47757034924977
 20
72.12374776650532
 10
71.64733023072371
 20
72.47374106310801
 10
71.81160446315378
 20
72.81796856417313
 10
71.96808065324969
 20
73.1517708562748
 10
72.11444640772099
 20
73.47048852598715
 10
72.2483893332773
 20
73.7694621598844
 10
72.36759703662827
 20
74.04403234454062
 10
72.46975712448351
 20
74.28953966653003
 10
72.55255720355264
 20
74.50132471242677
 10
72.62673867996943
 20
74.67694941407365
 10
72.7368624385678
 20
74.90638587224353
 10
72.87759230559278
 20
75.17992216465058
 10
73.04359210728956
 20
75.48784636900876
 10
73.22952566990321
 20
75.82044656303219
 10
73.43005681967885
 20
76.16801082443496
 10
73.63984938286158
 20
76.52082723093108
 10
73.85356718569655
 20
76.86918386023464
 10
74.1262517531892
 20
77.30812758656347
 10
74.36883867701312
 20
77.70317343281425
 10
74.584021572723
 20
78.05969142094489
 10
74.7744940558737
 20
78.38305157291276
 10
74.94294974201992
 20
78.67862391067567
 10
75.09208224671643
 20
78.95177845619111
 10
75.22458518551804
 20
79.20788523141681
 10
75.34315217397945
 20
79.4523142583104
 10
75.45047682765545
 20
79.69043555882953
 10
75.5492527621008
 20
79.92761915493176
 10
75.64217359287031
 20
80.16923506857484
 10
75.73193293551867
 20
80.42065332171629
 10
75.82122440560067
 20
80.68724393631385
 10
75.9127416186711
 20
80.97437693432511
 10
76.06286771697036
 20
81.41575339119564
 10
76.22645565857151
 20
81.82320630167271
 10
76.40245807285028
 20
82.19452598397956
 10
76.58982758918238
 20
82.52750275633952
 10
76.78751683694348
 20
82.81992693697609
 10
77.02228048006563
 20
83.16686313341768
 10
77.2099971022463
 20
83.51590409759532
 10
77.35180021110102
 20
83.86946669993682
 10
77.4488233142453
 20
84.22996781087016
 10
77.55106577156394
 20
84.70433269448992
 10
77.64772855081543
 20
85.08972328205914
 10
77.74876268785022
 20
85.41028203078614
 10
77.86411921851867
 20
85.69015139787919
 10
78.00374917867114
 20
85.95347384054665
 10
78.17760360415801
 20
86.22439181599697
 10
78.39563353082966
 20
86.52704778143834
 10
78.64111334239345
 20
86.8607045541342
 10
78.83592370930977
 20
87.14244388874349
 10
78.98697033136585
 20
87.39259258937321
 10
79.10115890834899
 20
87.63147746013027
 10
79.18539514004652
 20
87.87942530512149
 10
79.2465847262457
 20
88.15676292845376
 10
79.29163336673385
 20
88.48381713423396
 10
79.32744676129826
 20
88.88091472656896
 10
79.36093060972627
 20
89.36838250956563
 10
79.40079478609216
 20
89.91258290194352
 10
79.44576845500427
 20
90.3460965156795
 10
79.50105950347316
 20
90.69538761622101
 10
79.57187581850945
 20
90.98692046901516
 10
79.66342528712376
 20
91.24715933950927
 10
79.78091579632667
 20
91.50256849315068
 10
79.94360806620949
 20
91.83770836352073
 10
80.09462779827251
 20
92.17521338599369
 10
80.23355779957991
 20
92.51369611504262
 10
80.35998087719582
 20
92.85176910514065
 10
80.47347983818439
 20
93.18804491076082
 10
80.57363748960978
 20
93.52113608637615
 10
80.66003663853613
 20
93.84965518645976
 10
80.73226009202766
 20
94.17221476548468
 10
80.78989065714845
 20
94.487427377924
 10
80.83251114096268
 20
94.79390557825073
 10
80.85970435053454
 20
95.09026192093802
 10
80.88700728361049
 20
95.37301294444165
 10
80.93351664915525
 20
95.70576559037886
 10
80.99669483080304
 20
96.07558839869895
 10
81.07400421218809
 20
96.46954990935117
 10
81.16290717694457
 20
96.874718662285
 10
81.2608661087067
 20
97.27816319744963
 10
81.3653433911087
 20
97.6669520547945
 10
81.44891917652697
 20
97.96902305654211
 10
81.53802597334182
 20
98.30412509160601
 10
81.63045732384829
 20
98.6631944444444
 10
81.72400677034159
 20
99.03716739951511
 10
81.81646785511681
 20
99.41698024127626
 10
81.9056341204691
 20
99.79356925418571
 10
81.98929910869364
 20
100.15787072270135
 10
82.06525636208549
 20
100.50082093128134
 10
82.13129942293985
 20
100.81335616438355
 10
82.21500402516807
 20
101.20500109525142
 10
82.30828536182942
 20
101.61279278156866
 10
82.40717514566997
 20
102.02119880460995
 10
82.50770508943585
 20
102.41468674564999
 10
82.6059069058731
 20
102.77772418596354
 10
82.69781230772782
 20
103.09477870682537
 10
82.77945300774607
 20
103.3503178895102
 10
82.86178848987022
 20
103.6094476913394
 10
82.93483592144779
 20
103.8808570629075
 10
82.99960923263903
 20
104.17069357152988
 10
83.05712235360446
 20
104.48510478452198
 10
83.10838921450443
 20
104.83023826919924
 10
83.15442374549932
 20
105.21224159287712
 10
83.19623987674947
 20
105.63726232287107
 10
83.23485153841533
 20
106.11144802649648
 10
83.27222764507832
 20
106.58057524982794
 10
83.31079669159408
 20
106.9898375754577
 10
83.35276549817272
 20
107.35126017145006
 10
83.40034088502455
 20
107.67686820586937
 10
83.45572967235977
 20
107.97868684678005
 10
83.52113868038862
 20
108.26874126224632
 10
83.59877472932133
 20
108.55905662033257
 10
83.69084463936814
 20
108.86165808910312
 10
83.79955523073929
 20
109.18857083662229
 10
83.90425075683994
 20
109.50058790123686
 10
84.00085353864173
 20
109.80369600701397
 10
84.08971856656011
 20
110.09987342022578
 10
84.17120083101055
 20
110.39109840714437
 10
84.2456553224086
 20
110.67934923404175
 10
84.31343703116963
 20
110.96660416719007
 10
84.37490094770916
 20
111.25484147286139
 10
84.43040206244272
 20
111.54603941732773
 10
84.4802953657857
 20
111.84217626686132
 10
84.52493584815366
 20
112.14523028773411
 10
84.564678499962
 20
112.45717974621823
 10
84.59987831162626
 20
112.78000290858574
 10
84.63089027356189
 20
113.11567804110877
 10
84.65806937618437
 20
113.46618341005933
 10
84.68177060990917
 20
113.83349728170955
 10
84.70234896515178
 20
114.21959792233153
 10
84.72963342025452
 20
114.70672086705153
 10
84.76273544933903
 20
115.17284356843447
 10
84.79961227056533
 20
115.59674028447137
 10
84.83822110209343
 20
115.95718527315293
 10
84.87651916208331
 20
116.23295279247012
 10
84.91246366869497
 20
116.4028171004137
 10
84.94726424601413
 20
116.53624613390903
 10
84.98228237842888
 20
116.71123217345553
 10
85.01723004186205
 20
116.92425631904189
 10
85.05181921223641
 20
117.17179967065687
 10
85.08576186547482
 20
117.45034332828916
 10
85.11876997750005
 20
117.75636839192754
 10
85.15055552423492
 20
118.08635596156068
 10
85.18083048160224
 20
118.43678713717736
 10
85.20930682552483
 20
118.8041430187663
 10
85.23569653192547
 20
119.18490470631616
 10
85.25971157672701
 20
119.57555329981574
 10
85.28106393585222
 20
119.97256989925373
 10
85.29946558522393
 20
120.37243560461886
 10
85.31462850076493
 20
120.77163151589986
 10
85.32626465839803
 20
121.16663873308545
 10
85.33408603404607
 20
121.55393835616437
 10
85.34501646732676
 20
122.27650622759714
 10
85.35516305031692
 20
122.95752751032418
 10
85.36452051736583
 20
123.59845519808965
 10
85.37308360282289
 20
124.20074228463787
 10
85.38084704103741
 20
124.76584176371298
 10
85.38780556635875
 20
125.29520662905921
 10
85.39395391313624
 20
125.79028987442086
 10
85.39928681571926
 20
126.25254449354205
 10
85.40379900845707
 20
126.68342348016722
 10
85.40748522569913
 20
127.08437982804023
 10
85.41034020179468
 20
127.45686653090561
 10
85.41235867109316
 20
127.80233658250742
 10
85.41353536794384
 20
128.12224297659003
 10
85.4138650266961
 20
128.41803870689753
 10
85.41334238169927
 20
128.69117676717426
 10
85.41196216730268
 20
128.94311015116438
 10
85.4097191178557
 20
129.17529185261208
 10
85.40660796770769
 20
129.38917486526162
 10
85.40262345120796
 20
129.58621218285725
 10
85.39776030270585
 20
129.76785679914323
 10
85.39201325655074
 20
129.93556170786366
 10
85.38537704709195
 20
130.09077990276288
 10
85.37784640867883
 20
130.23496437758504
 10
85.36941607566074
 20
130.36956812607445
 10
85.36008078238697
 20
130.49604414197526
 10
85.34983526320693
 20
130.61584541903173
 10
85.33867425246993
 20
130.73042495098807
 10
85.32659248452532
 20
130.8412357315885
 10
85.31358469372243
 20
130.9497307545773
 10
85.29964561441065
 20
131.05736301369862
 10
85.28213387083446
 20
131.20480213089797
 10
85.26373228477716
 20
131.3908143074581
 10
85.24461354534854
 20
131.61236301369857
 10
85.22495034165831
 20
131.86641171993904
 10
85.20491536281622
 20
132.14992389649922
 10
85.18468129793199
 20
132.45986301369862
 10
85.1644208361154
 20
132.79319254185688
 10
85.14430666647618
 20
133.14687595129374
 10
85.12451147812406
 20
133.51787671232876
 10
85.10520796016877
 20
133.90315829528157
 10
85.08656880172006
 20
134.29968417047183
 10
85.06876669188767
 20
134.70441780821915
 10
85.05197431978135
 20
135.1143226788432
 10
85.03636437451081
 20
135.5263622526636
 10
85.02210954518583
 20
135.93749999999997
 10
85.00580442983282
 20
136.4070186773994
 10
84.98824350347178
 20
136.86747105330429
 10
84.9696594053264
 20
137.31480622704686
 10
84.9502847746205
 20
137.74497329795923
 10
84.93035225057767
 20
138.1539213653737
 10
84.9100944724217
 20
138.53759952862245
 10
84.88974407937626
 20
138.89195688703774
 10
84.86953371066505
 20
139.21294253995174
 10
84.8496960055118
 20
139.49650558669666
 10
84.83046360314022
 20
139.7385951266048
 10
84.81206914277404
 20
139.93516025900823
 10
84.79474526363693
 20
140.08215008323927
 10
84.7787246049526
 20
140.1755136986301
 10
84.75471549479778
 20
140.30807824567336
 10
84.72738275091382
 20
140.51161987710694
 10
84.69750507762126
 20
140.77744482496192
 10
84.66586117924066
 20
141.09685932126953
 10
84.63322976009265
 20
141.46116959806076
 10
84.60038952449774
 20
141.86168188736679
 10
84.5681191767766
 20
142.28970242121878
 10
84.53719742124973
 20
142.73653743164778
 10
84.50840296223772
 20
143.1934931506849
 10
84.4777258724863
 20
143.67188479585872
 10
84.44450570456732
 20
144.1246950913816
 10
84.4088401227494
 20
144.55108172362654
 10
84.37082679130114
 20
144.9502023789662
 10
84.33056337449116
 20
145.3212147437736
 10
84.28814753658808
 20
145.6632765044216
 10
84.24367694186049
 20
145.97554534728303
 10
84.197249254577
 20
146.25717895873075
 10
84.14896213900623
 20
146.50733502513768
 10
84.09891325941676
 20
146.7251712328767
 10
84.02597151242884
 20
147.04041230289906
 10
83.95237964447284
 20
147.40665228299474
 10
83.88177930214775
 20
147.80226906793283
 10
83.81781213205258
 20
148.2056405524823
 10
83.76411978078634
 20
148.59514463141215
 10
83.72434389494803
 20
148.9491591994915
 10
83.67445050012687
 20
149.37026462541752
 10
83.60489675410547
 20
149.82081733838055
 10
83.52209873921828
 20
150.26629679043538
 10
83.4324725377998
 20
150.67218243363672
 10
83.34243423218437
 20
151.00395372003945
 10
83.26747265290054
 20
151.2797996685126
 10
83.19191945248602
 20
151.6210229725736
 10
83.11950777809041
 20
152.00616996690542
 10
83.05397077686331
 20
152.4137869861911
 10
82.9990415959543
 20
152.82242036511366
 10
82.95845338251296
 20
153.21061643835614
 10
82.91098989987267
 20
153.72783809336858
 10
82.86234551844848
 20
154.19564276975507
 10
82.81174189243612
 20
154.617970279904
 10
82.75840067603126
 20
154.99876043620395
 10
82.70154352342963
 20
155.34195305104333
 10
82.64039208882693
 20
155.65148793681055
 10
82.57416802641886
 20
155.93130490589405
 10
82.50209299040114
 20
156.1853437706823
 10
82.4233886349695
 20
156.41754434356372
 10
82.33727661431959
 20
156.63184643692674
 10
82.24297858264717
 20
156.83218986315984
 10
82.14583833932095
 20
157.05530769863125
 10
82.03667051683415
 20
157.3593263892002
 10
81.9216876570839
 20
157.7234720524538
 10
81.80710230196736
 20
158.12697080597928
 10
81.69912699338174
 20
158.5490487673638
 10
81.60397427322418
 20
158.96893205419445
 10
81.52361687146804
 20
159.3402194186033
 10
81.43368911767433
 20
159.73746501224358
 10
81.33804048682674
 20
160.14481605680572
 10
81.24052045390887
 20
160.54641977398012
 10
81.1449784939043
 20
160.92642338545735
 10
81.05526408179661
 20
161.26897411292788
 10
80.97522669256941
 20
161.55821917808217
 10
80.80810412577414
 20
162.1402233090293
 10
80.66070758576078
 20
162.65537687906664
 10
80.53176051697938
 20
163.11014871861744
 10
80.41998636387987
 20
163.51100765810483
 10
80.32410857091233
 20
163.8644225279521
 10
80.24285058252681
 20
164.17686215858222
 10
80.17493584317327
 20
164.45479538041857
 10
80.11908779730176
 20
164.70469102388424
 10
80.07402988936228
 20
164.93301791940243
 10
80.03848556380487
 20
165.14624489739623
 10
80.01117826507951
 20
165.35084078828896
 10
79.99083143763627
 20
165.5532744225037
 10
79.97616852592515
 20
165.76001463046364
 10
79.96591297439615
 20
165.977530242592
 10
79.9587882274993
 20
166.21229008931192
 10
79.95351772968463
 20
166.47076300104658
 10
79.94882492540216
 20
166.75941780821915
 10
79.93703866251393
 20
167.28583378053392
 10
79.91841310726169
 20
167.72267766442909
 10
79.89071273928062
 20
168.08778286898144
 10
79.85170203820593
 20
168.3989828032677
 10
79.79914548367267
 20
168.67411087636484
 10
79.73080755531605
 20
168.93100049734957
 10
79.64445273277116
 20
169.18748507529875
 10
79.48557305688848
 20
169.66997123967107
 10
79.39517845772576
 20
170.07408358277758
 10
79.37387558202417
 20
170.41391724584608
 10
79.42227107652491
 20
170.70356737010442
 10
79.54097158796911
 20
170.95712909678048
 10
79.73058376309798
 20
171.18869756710208
 10
79.96226104352039
 20
171.3677825309758
 10
80.28255210552629
 20
171.54486409080002
 10
80.6559787853519
 20
171.70631525401245
 10
81.04706291923358
 20
171.83850902805082
 10
81.42032634340754
 20
171.92781842035282
 10
81.74029089411012
 20
171.9606164383562
 10
82.02617971450941
 20
172.03261282078697
 10
82.51378644060341
 20
172.22136009364613
 10
83.09754672962956
 20
172.48599544528366
 10
83.41732807191747
 20
172.63144015177136
 10
83.76716525161018
 20
172.77429149600147
 10
84.12777143230814
 20
172.90776299583985
 10
84.47985977761184
 20
173.0250681691522
 10
84.80414345112176
 20
173.11942053380434
 10
85.08133561643837
 20
173.18403360766197
 10
85.54009264890367
 20
173.27395922390065
 10
85.88218875838757
 20
173.35465699489285
 10
86.14529620594419
 20
173.44768348952883
 10
86.36708725262756
 20
173.57459527669903
 10
86.58523415949169
 20
173.75694892529407
 10
86.83740918759062
 20
174.0163010042042
 10
87.16128459797842
 20
174.37420808231997
 10
87.35542933117749
 20
174.58176596809406
 10
87.56219868529129
 20
174.7853759844699
 10
87.78582759057905
 20
174.98835773039315
 10
88.03055097730007
 20
175.19403080480936
 10
88.30060377571355
 20
175.40571480666395
 10
88.60022091607883
 20
175.62672933490262
 10
88.93363732865511
 20
175.86039398847078
 10
89.3050879437017
 20
176.1100283663141
 10
89.71880769147782
 20
176.37895206737807
 10
89.99547087139543
 20
176.55635188039597
 10
90.28710511555414
 20
176.74342657930958
 10
90.58886984131554
 20
176.93706714176315
 10
90.89592446604118
 20
177.13416454540112
 10
91.2034284070927
 20
177.33160976786772
 10
91.50654108183163
 20
177.52629378680732
 10
91.80042190761957
 20
177.71510757986414
 10
92.08023030181812
 20
177.8949421246826
 10
92.34112568178882
 20
178.06268839890691
 10
92.57826746489333
 20
178.2152373801814
 10
92.78681506849315
 20
178.34948004615046
 10
93.07100478916954
 20
178.5282280518647
 10
93.38679901541097
 20
178.71937416892467
 10
93.72366291202911
 20
178.9169908632722
 10
94.07106164383562
 20
179.11515060084878
 10
94.41846037564213
 20
179.3079258475961
 10
94.75532427226028
 20
179.4893890694559
 10
95.07111849850172
 20
179.65361273236977
 10
95.3553082191781
 20
179.79466930227943
 10
95.72210327790188
 20
179.97448548259229
 10
96.10305813148986
 20
180.16704945561662
 10
96.47853072072436
 20
180.36202308436657
 10
96.82887898638785
 20
180.54906823185627
 10
97.1344608692627
 20
180.71784676109982
 10
97.3756343101313
 20
180.8580205351114
 10
97.72950004738226
 20
181.04797287122426
 10
98.14886183856765
 20
181.23607593762893
 10
98.5812649534046
 20
181.40061289972556
 10
98.97425466161019
 20
181.51986692291433
 10
99.36562494751517
 20
181.6388434568648
 10
99.79361874420691
 20
181.80262487895604
 10
100.20645474453738
 20
181.98960974615272
 10
100.5523516413586
 20
182.17819661541955
 10
100.96996786864486
 20
182.4105654371098
 10
101.33221717536485
 20
182.55545445226346
 10
101.64572015786538
 20
182.61318779877888
 10
101.9170974124932
 20
182.58408961455447
 10
102.15296953559523
 20
182.4684840374885
 10
102.35995712351821
 20
182.26669520547944
 10
102.511302331643
 20
182.03997409070143
 10
102.58710538358463
 20
181.76974862206123
 10
102.60265525485504
 20
181.3386428492397
 10
102.57324092096614
 20
180.6292808219178
 10
102.55011682158614
 20
180.27482197012495
 10
102.51841852645003
 20
179.94294915130894
 10
102.47629863371073
 20
179.62408674864855
 10
102.42190974152115
 20
179.30865914532274
 10
102.3534044480342
 20
178.98709072451038
 10
102.26893535140277
 20
178.64980586939038
 10
102.1666550497798
 20
178.28722896314156
 10
102.04471614131822
 20
177.88978438894293
 10
101.90233686368009
 20
177.4264366926009
 10
101.79099758976136
 20
177.02863065549113
 10
101.70733591082019
 20
176.67815994071634
 10
101.64798941811468
 20
176.35681821137948
 10
101.60959570290288
 20
176.04639913058338
 10
101.58879235644294
 20
175.728696361431
 10
101.5822169699929
 20
175.3855035670251
 10
101.5759904681024
 20
175.07854641441725
 10
101.55854516002617
 20
174.76251257407074
 10
101.5302761543458
 20
174.43922888749023
 10
101.49157855964292
 20
174.1105221961801
 10
101.44284748449913
 20
173.7782193416451
 10
101.38447803749601
 20
173.44414716538967
 10
101.31686532721523
 20
173.1101325089184
 10
101.24040446223835
 20
172.7780022137359
 10
101.15549055114695
 20
172.44958312134673
 10
101.0625187025227
 20
172.12670207325544
 10
100.96188402494715
 20
171.8111859109666
 10
100.85398162700196
 20
171.5048614759847
 10
100.73920661726869
 20
171.20955560981446
 10
100.61795410432897
 20
170.92709515396035
 10
100.44442662218944
 20
170.52573884756757
 10
100.31190032470532
 20
170.1722803307833
 10
100.2127923532176
 20
169.8366536108136
 10
100.13951984906723
 20
169.48879269486451
 10
100.08449995359526
 20
169.09863159014208
 10
100.04014980814266
 20
168.63610430385233
 10
100.0070265740505
 20
168.29327613222475
 10
99.96356460864534
 20
167.9471854958991
 10
99.91017361795669
 20
167.59947498295583
 10
99.84726330801402
 20
167.25178718147532
 10
99.77524338484686
 20
166.9057646795379
 10
99.69452355448473
 20
166.56305006522393
 10
99.60551352295711
 20
166.22528592661388
 10
99.50862299629355
 20
165.89411485178806
 10
99.4042616805235
 20
165.57117942882684
 10
99.29283928167652
 20
165.25812224581068
 10
99.17476550578208
 20
164.95658589081987
 10
99.05045005886973
 20
164.66821295193483
 10
98.91196843564171
 20
164.33256970335773
 10
98.8137569676744
 20
164.01127247110162
 10
98.74841728750327
 20
163.66512749542738
 10
98.7085510276637
 20
163.25494101659575
 10
98.68675982069111
 20
162.7415192748676
 10
98.67323120408618
 20
162.3852842513855
 10
98.65105758499159
 20
161.9874678948305
 10
98.62195515777805
 20
161.57054452027108
 10
98.58764011681625
 20
161.15698844277574
 10
98.54982865647695
 20
160.76927397741292
 10
98.51023697113087
 20
160.4298754392512
 10
98.43496065692766
 20
159.84845124075522
 10
98.36926696484954
 20
159.33839861764656
 10
98.31215489442467
 20
158.8910931043179
 10
98.26262344518116
 20
158.497910235162
 10
98.21967161664706
 20
158.15022554457164
 10
98.18229840835046
 20
157.83941456693967
 10
98.14950281981947
 20
157.5568528366588
 10
98.12028385058218
 20
157.29391588812186
 10
98.09364050016669
 20
157.04197925572154
 10
98.06857176810105
 20
156.7924184738507
 10
98.04407665391342
 20
156.53660907690198
 10
98.01915415713185
 20
156.26592659926837
 10
97.99280327728444
 20
155.97174657534245
 10
97.94312017889285
 20
155.41853365683733
 10
97.89525698802763
 20
154.900684323851
 10
97.84886093211392
 20
154.41624571144206
 10
97.80357923857697
 20
153.96326495466883
 10
97.75905913484199
 20
153.5397891885897
 10
97.71494784833409
 20
153.14386554826334
 10
97.67089260647859
 20
152.773541168748
 10
97.62654063670057
 20
152.42686318510235
 10
97.58153916642524
 20
152.1018787323846
 10
97.53553542307789
 20
151.79663494565335
 10
97.4881766340836
 20
151.50917895996707
 10
97.43911002686764
 20
151.23755791038414
 10
97.38798282885513
 20
150.97981893196314
 10
97.33444226747135
 20
150.7340091597624
 10
97.27813557014147
 20
150.4981757288404
 10
97.21870996429065
 20
150.27036577425562
 10
97.15581267734414
 20
150.04862643106654
 10
97.08909093672708
 20
149.8310048343315
 10
97.01819196986467
 20
149.61554811910915
 10
96.94276300418217
 20
149.4003034204578
 10
96.86245126710469
 20
149.18331787343593
 10
96.77690398605749
 20
148.962638613102
 10
96.68576838846573
 20
148.7363127745145
 10
96.28316392274681
 20
147.75256849315068
 10
96.17277823752354
 20
144.34931506849313
 10
96.16083831321794
 20
143.99262418303644
 10
96.14803287875645
 20
143.63172159437855
 10
96.13439915779063
 20
143.26719232465155
 10
96.11997437397206
 20
142.89962139598748
 10
96.10479575095215
 20
142.52959383051865
 10
96.08890051238241
 20
142.1576946503772
 10
96.07232588191437
 20
141.78450887769517
 10
96.05510908319958
 20
141.4106215346048
 10
96.03728733988952
 20
141.03661764323812
 10
96.01889787563567
 20
140.66308222572735
 10
95.99997791408954
 20
140.2906003042047
 10
95.98056467890271
 20
139.91975690080216
 10
95.96069539372662
 20
139.55113703765196
 10
95.94040728221279
 20
139.1853257368863
 10
95.91973756801272
 20
138.82290802063721
 10
95.89872347477797
 20
138.46446891103687
 10
95.87740222616003
 20
138.11059343021745
 10
95.85581104581034
 20
137.76186660031112
 10
95.83398715738048
 20
137.41887344344997
 10
95.81196778452195
 20
137.08219898176608
 10
95.78979015088625
 20
136.75242823739177
 10
95.76749148012489
 20
136.43014623245904
 10
95.74510899588937
 20
136.11593798910013
 10
95.7226799218312
 20
135.8103885294471
 10
95.70024148160192
 20
135.51408287563214
 10
95.67783089885299
 20
135.22760604978737
 10
95.65548539723594
 20
134.95154307404496
 10
95.63324220040228
 20
134.68647897053705
 10
95.61113853200355
 20
134.43299876139577
 10
95.58921161569121
 20
134.19168746875326
 10
95.56749867511678
 20
133.9631301147417
 10
95.54603693393179
 20
133.74791172149318
 10
95.52486361578774
 20
133.54661731113984
 10
95.5040159443361
 20
133.35983190581393
 10
95.48353114322843
 20
133.1881405276475
 10
95.46344643611624
 20
133.03212819877268
 10
95.44379904665101
 20
132.89237994132168
 10
95.41437800895639
 20
132.60011208144698
 10
95.39781334543218
 20
132.2289781515097
 10
95.394371748121
 20
131.81134116520835
 10
95.40431990906538
 20
131.37956413624153
 10
95.42792452030793
 20
130.96601007830796
 10
95.45039199891221
 20
130.63307824281335
 10
95.46672046897238
 20
130.29477965862898
 10
95.47699562406024
 20
129.95266265490903
 10
95.48130315774758
 20
129.60827556080775
 10
95.47972876360623
 20
129.2631667054794
 10
95.47235813520801
 20
128.91888441807802
 10
95.45927696612472
 20
128.576977027758
 10
95.44057094992819
 20
128.23899286367347
 10
95.41632578019022
 20
127.90648025497865
 10
95.38662715048261
 20
127.5809875308278
 10
95.3515607543772
 20
127.26406302037509
 10
95.3112122854458
 20
126.95725505277474
 10
95.26566743726018
 20
126.66211195718097
 10
95.2150119033922
 20
126.38018206274805
 10
95.15933137741364
 20
126.11301369863011
 10
95.10145617700942
 20
125.84175989721734
 10
95.04151179251494
 20
125.53609245931023
 10
94.98012132751325
 20
125.20081879382056
 10
94.91790788558744
 20
124.84074630965995
 10
94.85549457032047
 20
124.46068241574025
 10
94.7935044852955
 20
124.06543452097321
 10
94.7325607340955
 20
123.65981003427049
 10
94.67328642030363
 20
123.24861636454378
 10
94.61630464750284
 20
122.83666092070499
 10
94.56223851927619
 20
122.4287511116658
 10
94.51171113920681
 20
122.02969434633792
 10
94.46534561087768
 20
121.6442980336331
 10
94.42376503787189
 20
121.27736958246311
 10
94.38759252377248
 20
120.93371640173962
 10
94.3574511721625
 20
120.61814590037449
 10
94.33396408662503
 20
120.33546548727932
 10
94.31775437074309
 20
120.09048257136598
 10
94.30944512809977
 20
119.88800456154613
 10
94.30965946227809
 20
119.73283886673153
 10
94.3190204768611
 20
119.62979289583393
 10
94.37471988108842
 20
119.41202588355853
 10
94.45861168719918
 20
119.20442845567527
 10
94.57140013777398
 20
119.00650967243178
 10
94.71378947539343
 20
118.81777859407524
 10
94.88648394263811
 20
118.63774428085318
 10
95.09018778208856
 20
118.46591579301312
 10
95.32560523632544
 20
118.30180219080245
 10
95.59344054792932
 20
118.14491253446869
 10
95.89439795948076
 20
117.99475588425915
 10
96.22918171356038
 20
117.8508413004214
 10
96.59849605274877
 20
117.7126778432027
 10
97.00304521962647
 20
117.57977457285074
 10
97.44353345677413
 20
117.45164054961276
 10
97.70307334881359
 20
117.37754897784754
 10
98.01107252093058
 20
117.2848429763992
 10
98.35607977259326
 20
117.17723802632088
 10
98.72664390326989
 20
117.05844960866554
 10
99.1113137124286
 20
116.93219320448634
 10
99.49863799953764
 20
116.80218429483642
 10
99.87716556406518
 20
116.6721383607688
 10
100.23544520547946
 20
116.54577088333656
 10
100.69734249890324
 20
116.3804619932628
 10
101.15047312705273
 20
116.21842392445984
 10
101.57334966380004
 20
116.06733055733423
 10
101.9444846830173
 20
115.9348557722926
 10
102.24239075857656
 20
115.82867344974139
 10
102.44558046434992
 20
115.75645747008735
 10
102.78155847025816
 20
115.61676906801117
 10
103.14269369605609
 20
115.43468362699292
 10
103.4508022268803
 20
115.24962170642826
 10
103.70140267499356
 20
115.08954893680007
 10
103.98168287781064
 20
114.92821658472221
 10
104.28614429833125
 20
114.7677106587904
 10
104.60928839955545
 20
114.61011716760012
 10
104.94561664448301
 20
114.45752211974695
 10
105.28963049611384
 20
114.31201152382641
 10
105.6358314174478
 20
114.17567138843407
 10
105.9787208714848
 20
114.0505877221656
 10
106.31280032122467
 20
113.9388465336165
 10
106.63257122966732
 20
113.84253383138227
 10
106.93253505981258
 20
113.76373562405854
 10
107.2071932746604
 20
113.70453792024091
 10
107.45104733721058
 20
113.66702672852483
 10
107.65859871046305
 20
113.65328805750599
 10
107.89555527501308
 20
113.62743183912531
 10
108.21091572540867
 20
113.55824766238578
 10
108.57960273691586
 20
113.45480718536828
 10
108.97653898480083
 20
113.32618206615379
 10
109.3766471443297
 20
113.1814439628229
 10
109.75484989076863
 20
113.02966453345647
 10
110.08606989938379
 20
112.8799154361354
 10
110.34522984544131
 20
112.74126832894049
 10
110.50725240420732
 20
112.62279486995249
 10
110.66127673211453
 20
112.44688797653032
 10
110.68045754690438
 20
112.33461702623612
 10
110.57363013698631
 20
112.23426647743568
 10
110.42380136986304
 20
112.17753992762536
 10
110.21618150684931
 20
112.1526859532874
 10
109.9957191780822
 20
112.1650853117527
 10
109.66966324200916
 20
112.21479643449427
 10
109.18521689497717
 20
112.28775978812388
 10
108.64726027397262
 20
112.36817918268042
 10
108.28777397260279
 20
112.42625434992146
 10
107.86803082191783
 20
112.50140009869972
 10
107.42255136986302
 20
112.58698443265675
 10
106.98585616438358
 20
112.67637535543417
 10
106.59246575342466
 20
112.76294087067393
 10
106.30207960131439
 20
112.82558039768881
 10
105.9562811648152
 20
112.8931857954324
 10
105.57118654999574
 20
112.96302045899179
 10
105.16291186292466
 20
113.03234778345379
 10
104.7475732096705
 20
113.09843116390559
 10
104.34128669630186
 20
113.1585339954342
 10
103.96016842888734
 20
113.20991967312659
 10
103.57903933287307
 20
113.2594167656882
 10
103.17272199964349
 20
113.31414439338315
 10
102.75733503417491
 20
113.37180177863621
 10
102.34899704144361
 20
113.4300881438723
 10
101.96382662642573
 20
113.4867027115163
 10
101.61794239409754
 20
113.53934470399312
 10
101.32746294943529
 20
113.58571334372769
 10
100.92053505059933
 20
113.65148875928065
 10
100.50972057920167
 20
113.71530156947301
 10
100.09893979035401
 20
113.7766708615776
 10
99.69211293916815
 20
113.83511572286693
 10
99.29316028075576
 20
113.89015524061375
 10
98.90600207022861
 20
113.94130850209078
 10
98.53455856269845
 20
113.98809459457067
 10
98.18275001327696
 20
114.03003260532606
 10
97.8544966770759
 20
114.06664162162977
 10
97.553718809207
 20
114.09744073075439
 10
97.28433666478199
 20
114.12194901997265
 10
97.05027049891262
 20
114.13968557655718
 10
96.85544056671061
 20
114.15016948778077
 10
96.70376712328768
 20
114.15291984091607
 10
96.40155166028757
 20
114.17115717868137
 10
96.00589843894248
 20
114.22504840242527
 10
95.5681323990915
 20
114.30627261987468
 10
95.13957848057366
 20
114.40650893875676
 10
94.784136360767
 20
114.49367875522151
 10
94.4712244494026
 20
114.55419020205682
 10
94.1964350319332
 20
114.58484367371034
 10
93.95536039381152
 20
114.58243956462962
 10
93.74359282049032
 20
114.54377826926248
 10
93.55672459742225
 20
114.46566018205658
 10
93.39034801006007
 20
114.34488569745969
 10
93.24005534385651
 20
114.17825520991946
 10
93.10143888426427
 20
113.96256911388355
 10
92.97009091673607
 20
113.69462780379962
 10
92.84160372672468
 20
113.37123167411542
 10
92.71156959968279
 20
112.9891811192787
 10
92.57558082106311
 20
112.54527653373705
 10
92.39793462026759
 20
111.93978695098434
 10
92.2499245863377
 20
111.42609776453537
 10
92.12897475106443
 20
110.99301777641153
 10
92.03250914623894
 20
110.62935578863394
 10
91.95795180365221
 20
110.32392060322425
 10
91.90272675509526
 20
110.06552102220368
 10
91.86425803235916
 20
109.84296584759355
 10
91.83996966723494
 20
109.64506388141527
 10
91.82728569151364
 20
109.46062392569019
 10
91.82363013698631
 20
109.27845478243972
 10
91.81065332645699
 20
108.82513746104883
 10
91.76571091441511
 20
108.44981163790587
 10
91.67978493017982
 20
108.12739744134325
 10
91.54385740307036
 20
107.83281499969303
 10
91.34891036240586
 20
107.54098444128746
 10
91.0859258375055
 20
107.22682589445881
 10
90.90250479536047
 20
107.00782907665638
 10
90.73718286512121
 20
106.77771702560176
 10
90.58892707313855
 20
106.53343754668373
 10
90.45670444576338
 20
106.27193844529103
 10
90.33948200934664
 20
105.99016752681243
 10
90.23622679023921
 20
105.68507259663653
 10
90.145905814792
 20
105.35360146015216
 10
90.06748610935588
 20
104.99270192274801
 10
89.99993470028177
 20
104.59932178981279
 10
89.94221861392057
 20
104.17040886673522
 10
89.89330487662319
 20
103.70291095890408
 10
89.8487987043426
 20
103.24174216945627
 10
89.80334017022625
 20
102.81847740294572
 10
89.75613317202354
 20
102.4283751278499
 10
89.70638160748409
 20
102.06669381264615
 10
89.65328937435729
 20
101.728691925812
 10
89.59606037039268
 20
101.40962793582489
 10
89.53389849333968
 20
101.10476031116221
 10
89.46600764094782
 20
100.80934752030143
 10
89.39159171096654
 20
100.51864803172
 10
89.30985460114536
 20
100.2279203138954
 10
89.2709221011382
 20
100.08600100767359
 10
89.23681476054885
 20
99.93898827537674
 10
89.20727139985193
 20
99.7808425375838
 10
89.18203083952228
 20
99.60552421487304
 10
89.16083190003451
 20
99.40699372782325
 10
89.14341340186341
 20
99.17921149701303
 10
89.12951416548363
 20
98.91613794302094
 10
89.1188730113699
 20
98.61173348642569
 10
89.11122875999693
 20
98.25995854780592
 10
89.10632023183945
 20
97.85477354774014
 10
89.10388624737215
 20
97.3901389068071
 10
89.10366562706973
 20
96.86001504558536
 10
89.10539719140691
 20
96.25836238465351
 10
89.10881976085844
 20
95.57914134459025
 10
89.11260222847433
 20
95.04779006035793
 10
89.11760351631258
 20
94.55089374573328
 10
89.1238668488142
 20
94.08743387939126
 10
89.13143545042023
 20
93.6563919400071
 10
89.14035254557173
 20
93.25674940625578
 10
89.15066135870977
 20
92.88748775681225
 10
89.16240511427536
 20
92.54758847035163
 10
89.17562703670956
 20
92.23603302554895
 10
89.19037035045339
 20
91.95180290107919
 10
89.20667827994792
 20
91.6938795756175
 10
89.22459404963422
 20
91.46124452783894
 10
89.24416088395333
 20
91.25287923641841
 10
89.26542200734623
 20
91.06776518003102
 10
89.288420644254
 20
90.90488383735189
 10
89.31320001911773
 20
90.763216687056
 10
89.35152247249204
 20
90.58482472984
 10
89.4024816875654
 20
90.37565749129885
 10
89.4650775380725
 20
90.1386481348741
 10
89.53830989774785
 20
89.87672982400773
 10
89.62117864032608
 20
89.59283572214122
 10
89.71268363954171
 20
89.28989899271653
 10
89.81182476912934
 20
88.97085279917528
 10
89.91760190282352
 20
88.63863030495935
 10
90.02901491435885
 20
88.29616467351042
 10
90.14506367746995
 20
87.94638906827018
 10
90.26474806589128
 20
87.59223665268044
 10
90.38706795335754
 20
87.23664059018293
 10
90.51102321360321
 20
86.8825340442194
 10
90.6356137203629
 20
86.53285017823166
 10
90.75983934737121
 20
86.19052215566134
 10
90.88269996836267
 20
85.85848313995032
 10
91.0031954570719
 20
85.53966629454018
 10
91.12032568723343
 20
85.23700478287284
 10
91.2330905325819
 20
84.95343176839
 10
91.34048986685181
 20
84.69188041453333
 10
91.44152356377776
 20
84.45528388474466
 10
91.53519149709436
 20
84.24657534246572
 10
91.63355153465041
 20
84.04430478468231
 10
91.7453912953167
 20
83.83315720232957
 10
91.87008917822207
 20
83.6138468236363
 10
92.00702358249538
 20
83.38708787683137
 10
92.15557290726541
 20
83.15359459014377
 10
92.31511555166112
 20
82.91408119180207
 10
92.48502991481128
 20
82.66926191003523
 10
92.66469439584473
 20
82.41985097307213
 10
92.85348739389035
 20
82.16656260914155
 10
93.05078730807695
 20
81.91011104647231
 10
93.25597253753345
 20
81.65121051329322
 10
93.46842148138857
 20
81.39057523783333
 10
93.68751253877129
 20
81.1289194483212
 10
93.91262410881035
 20
80.86695737298584
 10
94.14313459063463
 20
80.60540324005603
 10
94.378422383373
 20
80.34497127776055
 10
94.61786588615428
 20
80.08637571432834
 10
94.86084349810731
 20
79.83033077798825
 10
95.10673361836095
 20
79.57755069696896
 10
95.35491464604405
 20
79.32874969949947
 10
95.60476498028542
 20
79.08464201380858
 10
95.85566302021394
 20
78.8459418681251
 10
96.10698716495847
 20
78.61336349067778
 10
96.3581158136478
 20
78.3876211096956
 10
96.60842736541079
 20
78.16942895340739
 10
96.85730021937633
 20
77.95950125004185
 10
97.10411277467324
 20
77.75855222782798
 10
97.34824343043033
 20
77.56729611499455
 10
97.67508649957998
 20
77.31765072976458
 10
97.9901372862173
 20
77.0795132505001
 10
98.29428067371539
 20
76.85231372044746
 10
98.58840154544727
 20
76.63548218285305
 10
98.87338478478607
 20
76.42844868096299
 10
99.15011527510497
 20
76.23064325802338
 10
99.41947789977691
 20
76.04149595728072
 10
99.68235754217503
 20
75.86043682198118
 10
99.93963908567243
 20
75.68689589537107
 10
100.1922074136422
 20
75.5203032206964
 10
100.44094740945742
 20
75.36008884120363
 10
100.68674395649118
 20
75.20568280013902
 10
100.93048193811654
 20
75.05651514074876
 10
101.17304623770664
 20
74.9120159062791
 10
101.41532173863455
 20
74.77161513997623
 10
101.65819332427331
 20
74.63474288508655
 10
101.90254587799606
 20
74.50082918485617
 10
102.14926428317588
 20
74.36930408253141
 10
102.39923342318585
 20
74.23959762135851
 10
102.65333818139904
 20
74.1111398445837
 10
102.91246344118856
 20
73.98336079545325
 10
103.2658240138836
 20
73.80776158535281
 10
103.62180330888344
 20
73.62445436517561
 10
103.97280635133693
 20
73.43774833597402
 10
104.31123816639298
 20
73.2519526988003
 10
104.62950377920052
 20
73.0713766547066
 10
104.92000821490842
 20
72.90032940474512
 10
105.17515649866567
 20
72.74312014996818
 10
105.38735365562113
 20
72.60405809142802
 10
105.54900471092371
 20
72.48745243017677
 10
105.84203859686352
 20
72.28033415533685
 10
106.18593123044307
 20
72.07168765558424
 10
106.56274894182734
 20
71.87106122966887
 10
106.9545580611812
 20
71.68800317634057
 10
107.34342491866948
 20
71.53206179434949
 10
107.73580372432893
 20
71.38638422052762
 10
108.0816788094475
 20
71.25118324748797
 10
108.38931678513202
 20
71.12113030655519
 10
108.66698426248949
 20
70.99089682905361
 10
108.92294785262673
 20
70.85515424630788
 10
109.16547416665067
 20
70.70857398964233
 10
109.40282981566827
 20
70.54582749038155
 10
109.64328141078634
 20
70.36158617985004
 10
109.89509556311188
 20
70.15052148937221
 10
110.16653888375174
 20
69.90730485027262
 10
110.46587798381287
 20
69.62660769387577
 10
110.80137947440213
 20
69.30310145150614
 10
111.0510107911716
 20
69.05639346302681
 10
111.28949987325562
 20
68.8126965369593
 10
111.5178872261887
 20
68.57076770860817
 10
111.73721335550543
 20
68.3293640132782
 10
111.94851876674025
 20
68.0872424862738
 10
112.15284396542773
 20
67.84316016289964
 10
112.3512294571024
 20
67.59587407846027
 10
112.5447157472988
 20
67.3441412682603
 10
112.73434334155142
 20
67.08671876760434
 10
112.92115274539485
 20
66.82236361179696
 10
113.10618446436352
 20
66.54983283614274
 10
113.33512326285964
 20
66.21438370419921
 10
113.56527758147381
 20
65.8933287185983
 10
113.79428757225234
 20
65.5895527027086
 10
114.01979338724155
 20
65.30594047989871
 10
114.2394351784877
 20
65.0453768735371
 10
114.45085309803716
 20
64.81074670699238
 10
114.65168729793618
 20
64.60493480363306
 10
114.83957793023109
 20
64.43082598682767
 10
114.94027707562702
 20
64.33788654144351
 10
115.06455387296616
 20
64.21434759713452
 10
115.21039657368601
 20
64.06260911588734
 10
115.37579342922407
 20
63.88507105968836
 10
115.55873269101784
 20
63.68413339052421
 10
115.75720261050466
 20
63.46219607038168
 10
115.96919143912216
 20
63.22165906124704
 10
116.19268742830772
 20
62.96492232510701
 10
116.42567882949886
 20
62.69438582394807
 10
116.66615389413305
 20
62.412449519756876
 10
116.91210087364772
 20
62.12151337452002
 10
117.1615080194804
 20
61.823977350224
 10
117.4123635830685
 20
61.52224140885545
 10
117.66265581584959
 20
61.21870551240082
 10
117.91037296926106
 20
60.91576962284677
 10
118.15350329474042
 20
60.61583370217991
 10
118.39003504372515
 20
60.32129771238667
 10
118.61795646765269
 20
60.034561615453754
 10
118.83525581796057
 20
59.75802537336767
 10
119.03992134608619
 20
59.49408894811498
 10
119.22994130346711
 20
59.24515230168228
 10
119.40330394154073
 20
59.01361539605614
 10
119.55799751174457
 20
58.801878193223104
 10
119.68508021691193
 20
58.63639093707681
 10
119.86889085815935
 20
58.41255284133348
 10
120.09893767619016
 20
58.142382956873035
 10
120.36472891170762
 20
57.83790033457569
 10
120.65577280541493
 20
57.51112402532172
 10
120.96157759801541
 20
57.17407307999116
 10
121.27165153021225
 20
56.838766549464225
 10
121.54784527361953
 20
56.541026563555874
 10
121.83084484498504
 20
56.232051586697196
 10
122.11264478437684
 20
55.92083566150433
 10
122.38523963186289
 20
55.61637283059346
 10
122.64062392751117
 20
55.32765713658077
 10
122.87079221138974
 20
55.06368262208238
 10
123.06773902356653
 20
54.833443329714584
 10
123.2234589041096
 20
54.6459333020934
 10
123.42016775027943
 20
54.40343432294975
 10
123.6481745025255
 20
54.122056907762584
 10
123.89405119378135
 20
53.818390815728094
 10
124.14436985698052
 20
53.50902580604216
 10
124.38570252505663
 20
53.21055163790089
 10
124.60462123094321
 20
52.93955807050034
 10
124.7329846022432
 20
52.781867718006424
 10
124.8610991672512
 20
52.62733712508097
 10
124.99067036100543
 20
52.474238213260804
 10
125.1234036185443
 20
52.320842904082355
 10
125.26100437490598
 20
52.16542311908256
 10
125.40517806512888
 20
52.00625077979774
 10
125.55763012425126
 20
51.841597807764714
 10
125.72006598731149
 20
51.66973612451997
 10
125.8941910893478
 20
51.488937651600224
 10
126.08171086539849
 20
51.29747431054227
 10
126.28433075050194
 20
51.093618022882424
 10
126.5037561796964
 20
50.87564071015754
 10
126.74169258802017
 20
50.64181429390422
 10
126.99984541051161
 20
50.39041069565903
 10
127.27992008220897
 20
50.119701836958626
 10
127.58362203815061
 20
49.82795963933967
 10
127.91265671337476
 20
49.51345602433881
 10
128.2687295429198
 20
49.17446291349265
 10
128.653545961824
 20
48.80925222833781
 10
129.06881140512567
 20
48.41609589041093
 10
129.26839505419252
 20
48.22686744303928
 10
129.48028633403604
 20
48.02510980583281
 10
129.70296134944533
 20
47.812304433414624
 10
129.9348962052095
 20
47.58993278040808
 10
130.1745670061176
 20
47.35947630143622
 10
130.42044985695878
 20
47.122416451122234
 10
130.6710208625222
 20
46.8802346840894
 10
130.92475612759694
 20
46.63441245496065
 10
131.18013175697212
 20
46.38643121835932
 10
131.43562385543683
 20
46.137772428908534
 10
131.6897085277802
 20
45.88991754123148
 10
131.94086187879134
 20
45.6443480099513
 10
132.18756001325937
 20
45.40254528969112
 10
132.42827903597342
 20
45.16599083507421
 10
132.6614950517226
 20
44.93616610072368
 10
132.88568416529597
 20
44.71455254126269
 10
133.09932248148274
 20
44.50263161131437
 10
133.30088610507195
 20
44.30188476550197
 10
133.61000346043235
 20
43.995623451360416
 10
133.91273118592267
 20
43.700274649265054
 10
134.20823320220322
 20
43.41658182888585
 10
134.49567342993439
 20
43.1452884598927
 10
134.77421578977652
 20
42.887138011955415
 10
135.0430242023899
 20
42.642873954744175
 10
135.30126258843492
 20
42.41323975792875
 10
135.54809486857198
 20
42.198978891179024
 10
135.78268496346135
 20
42.000834824165054
 10
136.0041967937634
 20
41.81955102655667
 10
136.21179428013852
 20
41.65587096802375
 10
136.404641343247
 20
41.51053811823641
 10
136.5819019037492
 20
41.38429594686437
 10
136.85798763450214
 20
41.190202726543134
 10
137.14191372052218
 20
40.98289123672788
 10
137.43085365945026
 20
40.764781472045684
 10
137.72198094892744
 20
40.53829342712305
 10
138.0124690865948
 20
40.30584709658706
 10
138.29949157009318
 20
40.0698624750645
 10
138.58022189706375
 20
39.83275955718216
 10
138.85183356514747
 20
39.59695833756689
 10
139.11150007198526
 20
39.36487881084571
 10
139.35639491521826
 20
39.13894097164524
 10
139.5836915924874
 20
38.9215648145925
 10
139.79056360143375
 20
38.71517033431422
 10
139.9741844396982
 20
38.52217752543737
 10
140.13172760492188
 20
38.34500638258868
 10
140.4430755598997
 20
38.0304609115359
 10
140.84687327001828
 20
37.6897911094631
 10
141.25570061246847
 20
37.396750232489126
 10
141.51477406731087
 20
37.21631372740967
 10
141.81681079473202
 20
36.98235768296911
 10
142.1369991508964
 20
36.715556713070896
 10
142.45052749196836
 20
36.43658543161848
 10
142.7325841741123
 20
36.166118452515605
 10
143.0298236990035
 20
35.88764021729088
 10
143.36350834513738
 20
35.609513267258365
 10
143.71312924870927
 20
35.34712913204004
 10
144.05817754591422
 20
35.11587934125754
 10
144.37814437294728
 20
34.93115542453296
 10
144.6431438181572
 20
34.785521150888314
 10
144.92777296390454
 20
34.614979126306764
 10
145.2264791630216
 20
34.423809850080715
 10
145.53370976834069
 20
34.21629382150235
 10
145.84391213269402
 20
33.996711539863895
 10
146.15153360891375
 20
33.76934350445811
 10
146.45102154983226
 20
33.538470214577046
 10
146.73682330828174
 20
33.30837216951306
 10
147.00338623709445
 20
33.08332986855862
 10
147.24515768910263
 20
32.8676238110059
 10
147.45658501713856
 20
32.6655344961473
 10
147.6321155740345
 20
32.48134242327535
 10
147.76619671262264
 20
32.31932809168211
 10
147.97636759307363
 20
32.07972996625148
 10
148.2738823562507
 20
31.795700680330185
 10
148.61915580438966
 20
31.502771406235922
 10
148.97260273972606
 20
31.23647331628632
 10
149.27920195730772
 20
31.01437553143637
 10
149.5846712251891
 20
30.778865088164252
 10
149.88702330250769
 20
30.53219092381306
 10
150.1842709484009
 20
30.27660197572584
 10
150.4744269220062
 20
30.014347181245626
 10
150.755503982461
 20
29.747675477715575
 10
151.02551488890282
 20
29.4788358024785
 10
151.28247240046912
 20
29.21007709287761
 10
151.52438927629734
 20
28.943648286255893
 10
151.74927827552497
 20
28.68179831995633
 10
151.95515215728946
 20
28.426776131321958
 10
152.1400236807282
 20
28.180830657695992
 10
152.30190560497877
 20
27.94621083642113
 10
152.43881068917858
 20
27.725165604840754
 10
152.54875169246503
 20
27.519943900297676
 10
152.62974137397563
 20
27.33279466013505
 10
152.6797924928479
 20
27.165966821695918
 10
152.69691780821918
 20
27.021709322323147
 10
152.6692482858583
 20
26.765170269614146
 10
152.58383862712247
 20
26.59123084919679
 10
152.4370871945324
 20
26.49973436395527
 10
152.22539235060867
 20
26.49052411677394
 10
151.94515245787176
 20
26.56344341053716
 10
151.59276587884224
 20
26.718335548129346
 10
151.16463097604068
 20
26.955043832434797
 10
150.70298673560268
 20
27.220915208973906
 10
150.3467861475876
 20
27.410544058417372
 10
150.17314480321534
 20
27.482876712328732
 10
150.12501998460502
 20
27.49966790425441
 10
150.02671195165303
 20
27.548529342325708
 10
149.88197537675669
 20
27.62719281998352
 10
149.69456493231291
 20
27.733390130669022
 10
149.46823529071912
 20
27.86485306782322
 10
149.20674112437231
 20
28.019313424887116
 10
148.9138371056698
 20
28.194502995301775
 10
148.59327790700877
 20
28.38815357250826
 10
148.2488182007863
 20
28.59799694994757
 10
147.88421265939957
 20
28.82176492106089
 10
147.50321595524585
 20
29.05718927928916
 10
147.1095827607223
 20
29.302001818073393
 10
146.70706774822602
 20
29.55393433085476
 10
146.29942559015424
 20
29.810718611074265
 10
145.8904109589041
 20
30.07008645217286
 10
145.54727862779197
 20
30.28713622030091
 10
145.21102793673577
 20
30.497188403611744
 10
144.8813412180756
 20
30.700391417898516
 10
144.55790080415147
 20
30.896893678953973
 10
144.24038902730342
 20
31.086843602571207
 10
143.92848821987138
 20
31.270389604543254
 10
143.62188071419556
 20
31.447680100662808
 10
143.3202488426159
 20
31.618863506723073
 10
143.02327493747245
 20
31.78408823851686
 10
142.73064133110523
 20
31.943502711837084
 10
142.44203035585423
 20
32.0972553424769
 10
142.15712434405953
 20
32.245494546229054
 10
141.87560562806118
 20
32.38836873888664
 10
141.59715654019914
 20
32.52602633624247
 10
141.3214594128135
 20
32.65861575408957
 10
141.04819657824433
 20
32.78628540822086
 10
140.77705036883157
 20
32.90918371442933
 10
140.5077031169153
 20
33.02745908850801
 10
140.23983715483553
 20
33.141259946249704
 10
139.97313481493234
 20
33.25073470344745
 10
139.7072784295457
 20
33.35603177589411
 10
139.44195033101568
 20
33.45729957938278
 10
139.1768328516823
 20
33.55468652970626
 10
138.9116083238856
 20
33.64834104265765
 10
138.6459590799656
 20
33.73841153402975
 10
138.3795674522623
 20
33.82504641961566
 10
138.11211577311585
 20
33.90839411520824
 10
137.84328637486612
 20
33.988603036600466
 10
137.5727615898533
 20
34.06582159958526
 10
137.30022375041727
 20
34.14019821995561
 10
137.02535518889817
 20
34.21188131350448
 10
136.56295574440878
 20
34.3309702619336
 10
136.10897566992523
 20
34.45020293673167
 10
135.6749671441501
 20
34.56638819202192
 10
135.27248234578576
 20
34.67633488192723
 10
134.91307345353474
 20
34.77685186057079
 10
134.60829264609944
 20
34.864747982075755
 10
134.36969210218246
 20
34.93683210056503
 10
134.20882400048615
 20
34.98991307016183
 10
133.89845653885263
 20
35.07905011706873
 10
133.4768690727748
 20
35.16936706549183
 10
132.99942705437581
 20
35.25031670613379
 10
132.52149593577886
 20
35.3113518296974
 10
132.13167342640045
 20
35.35442390700359
 10
131.71867152845448
 20
35.40477741426764
 10
131.31385944405318
 20
35.45826737312734
 10
130.94860637530888
 20
35.51074880522094
 10
130.65428152433384
 20
35.558076732186635
 10
130.47673201104132
 20
35.588422744603065
 10
130.2999129831467
 20
35.61725044668731
 10
130.12286793572426
 20
35.644599037278454
 10
129.9446403638482
 20
35.67050771521576
 10
129.76427376259284
 20
35.69501567933821
 10
129.5808116270324
 20
35.71816212848489
 10
129.39329745224114
 20
35.73998626149506
 10
129.20077473329337
 20
35.760527277207814
 10
129.0022869652633
 20
35.77982437446224
 10
128.7968776432252
 20
35.79791675209748
 10
128.58359026225332
 20
35.81484360895263
 10
128.36146831742195
 20
35.830644143866834
 10
128.12955530380535
 20
35.845357555679186
 10
127.88689471647771
 20
35.85902304322883
 10
127.63253005051337
 20
35.871679805354916
 10
127.36550480098656
 20
35.88336704089653
 10
127.08486246297154
 20
35.894123948692766
 10
126.78964653154256
 20
35.903989727582825
 10
126.47890050177392
 20
35.913003576405856
 10
126.15166786873982
 20
35.92120469400078
 10
125.80699212751455
 20
35.928632279206965
 10
125.44391677317238
 20
35.935325530863395
 10
125.06148530078754
 20
35.941323647809156
 10
124.65874120543431
 20
35.94666582888351
 10
124.23472798218697
 20
35.95139127292549
 10
123.78848912611974
 20
35.95553917877419
 10
123.31906813230688
 20
35.95914874526886
 10
122.82550849582269
 20
35.96225917124849
 10
122.3068537117414
 20
35.96490965555222
 10
121.76214727513727
 20
35.96713939701925
 10
121.19043268108457
 20
35.968987594488624
 10
120.59075342465755
 20
35.97049344679954
 10
120.07307255287509
 20
35.97179985834737
 10
119.57350121089554
 20
35.97342401636956
 10
119.09143822437846
 20
35.975393331544126
 10
118.62628241898317
 20
35.97773521454906
 10
118.17743262036915
 20
35.980477076062584
 10
117.74428765419593
 20
35.98364632676248
 10
117.32624634612287
 20
35.98727037732692
 10
116.92270752180957
 20
35.99137663843379
 10
116.53307000691534
 20
35.99599252076143
 10
116.15673262709966
 20
36.00114543498762
 10
115.79309420802205
 20
36.00686279179041
 10
115.44155357534191
 20
36.01317200184798
 10
115.10150955471875
 20
36.02010047583809
 10
114.7723609718119
 20
36.02767562443921
 10
114.45350665228099
 20
36.03592485832894
 10
114.14434542178539
 20
36.044875588185505
 10
113.84427610598452
 20
36.054555224686965
 10
113.55269753053791
 20
36.06499117851121
 10
113.26900852110492
 20
36.07621086033663
 10
112.99260790334513
 20
36.088241680840724
 10
112.7228945029179
 20
36.101111050701945
 10
112.45926714548271
 20
36.11484638059818
 10
112.20112465669904
 20
36.12947508120749
 10
111.94786586222631
 20
36.14502456320787
 10
111.698889587724
 20
36.16152223727738
 10
111.45359465885154
 20
36.17899551409403
 10
111.21137990126842
 20
36.19747180433586
 10
110.9716441406341
 20
36.216978518680946
 10
110.73378620260797
 20
36.23754306780734
 10
110.49720491284955
 20
36.25919286239298
 10
110.26129909701827
 20
36.28195531311587
 10
110.02546758077361
 20
36.30585783065419
 10
109.78910918977499
 20
36.33092782568605
 10
109.55162274968187
 20
36.357192708889215
 10
109.31240708615373
 20
36.38467989094181
 10
109.07086102485003
 20
36.41341678252195
 10
108.82638339143018
 20
36.44343079430763
 10
108.5783730115537
 20
36.474749336976856
 10
108.32622871087996
 20
36.50739982120774
 10
108.06934931506851
 20
36.54140965767817
 10
107.75411945499788
 20
36.58193806467614
 10
107.39923346532537
 20
36.62472730040338
 10
107.01680640651756
 20
36.66848477596727
 10
106.61895333904111
 20
36.71191790247508
 10
106.2177893233626
 20
36.75373409103406
 10
105.82542941994865
 20
36.79264075275148
 10
105.45398868926586
 20
36.827345298734656
 10
105.11558219178083
 20
36.856555140090904
 10
104.83199310846315
 20
36.88145505799139
 10
104.54128629922903
 20
36.91025710409599
 10
104.24396973708816
 20
36.942875553734325
 10
103.94055139505018
 20
36.97922468223658
 10
103.63153924612479
 20
37.019218764932646
 10
103.31744126332163
 20
37.06277207715243
 10
102.99876541965034
 20
37.109798894225946
 10
102.67601968812072
 20
37.16021349148292
 10
102.34971204174232
 20
37.213930144253425
 10
102.02035045352488
 20
37.2708631278673
 10
101.68844289647804
 20
37.33092671765456
 10
101.35449734361147
 20
37.39403518894511
 10
101.01902176793489
 20
37.460102817068844
 10
100.6825241424579
 20
37.52904387735572
 10
100.34551244019022
 20
37.600772645135635
 10
100.00849463414153
 20
37.67520339573849
 10
99.67197869732146
 20
37.752250404494305
 10
99.33647260273973
 20
37.83182794673286
 10
98.90488284947992
 20
37.929536722132354
 10
98.47796134822595
 20
38.0146141828011
 10
98.08607562717724
 20
38.08185016070905
 10
97.75959321453314
 20
38.12603448782659
 10
97.52888163849293
 20
38.141956996123895
 10
97.32408027405305
 20
38.149118962164664
 10
97.07800388593694
 20
38.169698402921824
 10
96.79659780694097
 20
38.2025092962287
 10
96.48580736986169
 20
38.24636561991798
 10
96.15157790749554
 20
38.30008135182294
 10
95.79985475263895
 20
38.362470469776554
 10
95.43658323808842
 20
38.432346951611805
 10
95.06770869664038
 20
38.508524775161675
 10
94.69917646109127
 20
38.58981791825943
 10
94.33693186423757
 20
38.675040358737874
 10
93.98692023887574
 20
38.763006074430166
 10
93.65508691780225
 20
38.852529043169284
 10
93.34737723381352
 20
38.94242324278832
 10
93.06973651970604
 20
39.031502651120206
 10
92.81009762976379
 20
39.11389246828628
 10
92.50467222838013
 20
39.20142861466064
 10
92.16466454081522
 20
39.29143200338518
 10
91.8012787923292
 20
39.381223547601905
 10
91.42571920818216
 20
39.468124160452646
 10
91.04919001363429
 20
39.54945475507941
 10
90.68289543394575
 20
39.62253624462414
 10
90.3380396943766
 20
39.684689542228796
 10
89.99467224727175
 20
39.745519334464234
 10
89.63264315651188
 20
39.81480761962558
 10
89.26285756466102
 20
39.890141278440865
 10
88.89622061428308
 20
39.96910719163827
 10
88.54363744794205
 20
40.04929223994583
 10
88.2160132082019
 20
40.12828330409155
 10
87.92425303762661
 20
40.203667264803585
 10
87.67926207878014
 20
40.273031002810114
 10
87.3001216852473
 20
40.383553047242685
 10
86.88211367767934
 20
40.49953866291719
 10
86.45809554941076
 20
40.612253490500336
 10
86.06092479377604
 20
40.71296317065918
 10
85.72345890410959
 20
40.792933344060714
 10
85.39511590434518
 20
40.876154562722604
 10
85.02331818625025
 20
40.98590621251191
 10
84.6379297949103
 20
41.11238718486965
 10
84.26881477541069
 20
41.24579637123651
 10
83.9458371728368
 20
41.376332663053574
 10
83.67066628898586
 20
41.49009424168173
 10
83.34174476246864
 20
41.61689262933726
 10
82.9790737497987
 20
41.749580324566466
 10
82.60265440748968
 20
41.881009825915555
 10
82.23248789205522
 20
42.00403363193067
 10
81.88857536000884
 20
42.11150424115806
 10
81.67330488932393
 20
42.179080697175095
 10
81.43891728876424
 20
42.25810616639319
 10
81.18728991103384
 20
42.34774650849204
 10
80.92030010883697
 20
42.44716758315087
 10
80.63982523487763
 20
42.55553525004939
 10
80.34774264186011
 20
42.67201536886688
 10
80.04592968248845
 20
42.795773799282756
 10
79.73626370946685
 20
42.92597640097637
 10
79.42062207549938
 20
43.06178903362729
 10
79.10088213329021
 20
43.20237755691505
 10
78.77892123554349
 20
43.346907830518944
 10
78.45661673496335
 20
43.49454571411843
 10
78.13584598425392
 20
43.64445706739292
 10
77.81848633611934
 20
43.795807750021936
 10
77.50641514326375
 20
43.94776362168483
 10
77.2015097583913
 20
44.09949054206112
 10
76.9056475342061
 20
44.25015437083022
 10
76.62070582341231
 20
44.39892096767156
 10
76.34856197871407
 20
44.54495619226455
 10
76.09109335281549
 20
44.68742590428869
 10
75.81220626108956
 20
44.83858197950167
 10
75.51872319049774
 20
44.98673231753662
 10
75.212945519196
 20
45.131114765770064
 10
74.89717462534033
 20
45.27096717157838
 10
74.57371188708672
 20
45.40552738233822
 10
74.24485868259114
 20
45.534033245425945
 10
73.91291639000958
 20
45.655722608218184
 10
73.58018638749802
 20
45.76983331809129
 10
73.24897005321245
 20
45.875603222421915
 10
72.92156876530885
 20
45.97227016858645
 10
72.60028390194317
 20
46.05907200396146
 10
72.28741684127144
 20
46.135246575923446
 10
71.98526896144962
 20
46.20003173184884
 10
71.69614164063368
 20
46.25266531911424
 10
71.42233625697963
 20
46.292385185096066
 10
71.16615418864345
 20
46.318429177170856
 10
70.85272947015669
 20
46.33308139333275
 10
70.52129683276746
 20
46.331122179868004
 10
70.17718273824576
 20
46.31345460612698
 10
69.82571364836156
 20
46.28098174146001
 10
69.4722160248848
 20
46.234606655217476
 10
69.12201632958555
 20
46.17523241674968
 10
68.78044102423374
 20
46.10376209540695
 10
68.4528165705994
 20
46.021098760539616
 10
68.14446943045246
 20
45.92814548149801
 10
67.86072606556296
 20
45.82580532763245
 10
67.60691293770088
 20
45.714981368293365
 10
67.33568485744561
 20
45.57101790756829
 10
67.07627750257583
 20
45.407709333562934
 10
66.82912421893694
 20
45.225656882212206
 10
66.59465835237444
 20
45.02546178945053
 10
66.37331324873372
 20
44.807725291212705
 10
66.1655222538603
 20
44.57304862343349
 10
65.97171871359957
 20
44.32203302204749
 10
65.792335973797
 20
44.05527972298941
 10
65.627807380298
 20
43.773389962194074
 10
65.47856627894807
 20
43.47696497559593
 10
65.34504601559263
 20
43.166605999129956
 10
65.22767993607715
 20
42.84291426873068
 10
65.12690138624706
 20
42.50649102033276
 10
65.04314371194779
 20
42.15793748987102
 10
64.99558896801335
 20
41.90617953383372
 10
64.95517384214092
 20
41.63506320195302
 10
64.92186381869004
 20
41.34687486646834
 10
64.89562438202029
 20
41.0439008996193
 10
64.87642101649118
 20
40.72842767364551
 10
64.86421920646225
 20
40.40274156078641
 10
64.85898443629311
 20
40.069128933281604
 10
64.86068219034325
 20
39.72987616337065
 10
64.86927795297225
 20
39.38726962329309
 10
64.88473720853963
 20
39.043595685288494
 10
64.90702544140495
 20
38.701140721596516
 10
64.93610813592778
 20
38.362191104456485
 10
64.97195077646764
 20
38.029033206108124
 10
65.01451884738408
 20
37.703953398790986
 10
65.06377783303665
 20
37.38923805474457
 10
65.11969321778491
 20
37.087173546208476
 10
65.16166287944407
 20
36.86902016363763
 10
65.20212797700785
 20
36.64021260926995
 10
65.24106785607745
 20
36.401064169075596
 10
65.27846186225409
 20
36.15188812902437
 10
65.31428934113885
 20
35.8929977750866
 10
65.34852963833292
 20
35.62470639323243
 10
65.38116209943749
 20
35.3473272694319
 10
65.4121660700537
 20
35.06117368965511
 10
65.44152089578273
 20
34.7665589398722
 10
65.46920592222574
 20
34.463796306053325
 10
65.49520049498386
 20
34.15319907416864
 10
65.51948395965829
 20
33.835080530188065
 10
65.54203566185019
 20
33.50975396008192
 10
65.56283494716071
 20
33.17753264982019
 10
65.58186116119101
 20
32.838729885373084
 10
65.59909364954228
 20
32.493658952710746
 10
65.61451175781568
 20
32.142633137803216
 10
65.62809483161234
 20
31.78596572662059
 10
65.63982221653345
 20
31.423970005132958
 10
65.64967325818016
 20
31.056959259310588
 10
65.65762730215366
 20
30.68524677512346
 10
65.66366369405507
 20
30.309145838541724
 10
65.6677617794856
 20
29.928969735535475
 10
65.66990090404637
 20
29.54503175207492
 10
65.67006041333859
 20
29.157645174130153
 10
65.66821965296339
 20
28.76712328767121
 10
65.66400554173993
 20
28.337284899953033
 10
65.65760487899614
 20
27.930779611475543
 10
65.64874402000935
 20
27.54574598242499
 10
65.6371493200567
 20
27.18032257298853
 10
65.62254713441551
 20
26.832647943352526
 10
65.60466381836301
 20
26.50086065370391
 10
65.58322572717644
 20
26.18309926422927
 10
65.55795921613303
 20
25.877502335115366
 10
65.52859064051006
 20
25.582208426548846
 10
65.49484635558476
 20
25.29535609871641
 10
65.45645271663436
 20
25.015083911804766
 10
65.41313607893615
 20
24.739530426000613
 10
65.36462279776734
 20
24.466834201490713
 10
65.31063922840518
 20
24.195133798461654
 10
65.25091172612693
 20
23.92256777710014
 10
65.18516664620984
 20
23.64727469759299
 10
65.11313034393113
 20
23.36739312012685
 10
65.03452917456808
 20
23.08106160488836
 10
64.9490894933979
 20
22.786418712064346
 10
64.85653765569788
 20
22.481603001841336
 10
64.75660001674524
 20
22.164753034406147
 10
64.64900293181721
 20
21.834007369945425
 10
64.5413284494189
 20
21.496519042441264
 10
64.44809940249726
 20
21.178896355095674
 10
64.36771003887567
 20
20.872834984821168
 10
64.29855460637758
 20
20.570030608530317
 10
64.23902735282641
 20
20.262178903135464
 10
64.18752252604558
 20
19.940975545549293
 10
64.14243437385852
 20
19.598116212684147
 10
64.10215714408864
 20
19.225296581452596
 10
64.06508508455937
 20
18.8142123287671
 10
64.03951380729981
 20
18.47332533473866
 10
64.02031322976423
 20
18.140723620930146
 10
64.00763586050185
 20
17.815868065768257
 10
64.00163420806183
 20
17.498219547680037
 10
64.00246078099342
 20
17.18723894509236
 10
64.01026808784573
 20
16.88238713643227
 10
64.02520863716795
 20
16.583125000126756
 10
64.04743493750932
 20
16.288913414602575
 10
64.07709949741898
 20
15.999213258286773
 10
64.11435482544611
 20
15.713485409606335
 10
64.15935343013992
 20
15.431190746988023
 10
64.2122478200496
 20
15.151790148858879
 10
64.27319050372428
 20
14.874744493646006
 10
64.3423339897132
 20
14.599514659776048
 10
64.41983078656553
 20
14.325561525676164
 10
64.50583340283043
 20
14.052345969773228
 10
64.60049434705714
 20
13.779328870494226
 10
64.70396612779479
 20
13.505971106266031
 10
64.81640125359259
 20
13.231733555515518
 10
64.9379522329997
 20
12.956077096669787
 10
65.06877157456535
 20
12.678462608155712
 10
65.20901178683869
 20
12.398350968400166
 10
65.3588253783689
 20
12.115203055830136
 10
65.5183648577052
 20
11.82847974887261
 10
65.68778273339672
 20
11.537641925954517
 10
65.86723151399269
 20
11.242150465502732
 10
66.05686370804229
 20
10.941466245944298
 10
66.25683182409466
 20
10.635050145706032
 10
66.46728837069907
 20
10.32236304321492
 10
66.77204118112319
 20
9.860787178897567
 10
67.00490210425701
 20
9.470568109163594
 10
67.16795610322205
 20
9.143393361944845
 10
67.26328814113981
 20
8.870950465172655
 10
67.29298318113179
 20
8.644926946778412
 10
67.2591261863195
 20
8.457010334693848
 10
67.16380211982445
 20
8.298888156850296
 10
67.00909594476815
 20
8.16224794117926
 10
66.97397498900577
 20
8.141118563475118
 10
66.92980062301024
 20
8.121507523053651
 10
66.87452784078417
 20
8.103360939115817
 10
66.8061116363302
 20
8.086624930862968
 10
66.72250700365089
 20
8.071245617496118
 10
66.62166893674886
 20
8.057169118216905
 10
66.50155242962674
 20
8.044341552226172
 10
66.3601124762871
 20
8.032709038725272
 10
66.19530407073255
 20
8.02221769691539
 10
66.00508220696571
 20
8.012813645997767
 10
65.7874018789892
 20
8.004443005173528
 10
65.5402180808056
 20
7.997051893644084
 10
65.26148580641751
 20
7.990586430610392
 10
64.94916004982755
 20
7.984992735273863
 10
64.60119580503834
 20
7.980216926835624
 10
64.21554806605246
 20
7.9762051244968575
 10
63.79017182687253
 20
7.972903447458805
 10
63.32302208150114
 20
7.97025801492282
 10
62.812053823940914
 20
7.968214946089859
 10
62.25522204819444
 20
7.966720360161332
 10
61.65048174826433
 20
7.965720376338311
 10
60.995787918153205
 20
7.965161113822148
 10
60.28909555186365
 20
7.964988691814028
 10
59.528359643398275
 20
7.965149229515077
 10
58.71647410755299
 20
7.965558525094991
 10
57.967252224843385
 20
7.966182024508214
 10
57.2779595593479
 20
7.967105807159044
 10
56.64586167514489
 20
7.968415952452347
 10
56.06822413631274
 20
7.970198539792591
 10
55.54231250692986
 20
7.972539648584473
 10
55.06539235107463
 20
7.97552535823246
 10
54.634729232825435
 20
7.979241748141078
 10
54.24758871626067
 20
7.983774897715193
 10
53.90123636545873
 20
7.989210886359217
 10
53.59293774449801
 20
7.995635793477732
 10
53.31995841745688
 20
8.003135698475376
 10
53.07956394841375
 20
8.011796680756731
 10
52.869019901447004
 20
8.021704819726438
 10
52.68559184063503
 20
8.032946194788963
 10
52.52654533005621
 20
8.04560688534906
 10
52.38914593378896
 20
8.059772970811196
 10
52.270659215911635
 20
8.07553053058001
 10
52.16835074050266
 20
8.092965644060087
 10
52.079486071640396
 20
8.112164390656119
 10
52.00133077340325
 20
8.133212849772576
 10
51.93115040986961
 20
8.15619710081404
 10
51.866210545117866
 20
8.18120322318515
 10
51.8037767432264
 20
8.208317296290545
  0
LWPOLYLINE
  5
35
330
17
100
AcDbEntity
  8
IC_DELIKLER
100
AcDbPolyline
 90
518
 70
1
 10
79.3664383561644
 20
8.139726021001593
 10
79.03620245538393
 20
8.21933727315286
 10
78.75911981506778
 20
8.306636524476119
 10
78.51797501238632
 20
8.414340698770218
 10
78.29555262450988
 20
8.555166719833721
 10
78.0746372286089
 20
8.741831511465307
 10
77.83801340185374
 20
8.987051997463709
 10
77.56846572141474
 20
9.303545101627435
 10
77.24877876446234
 20
9.704027747755276
 10
76.95960877687331
 20
10.052980114258446
 10
76.64459212313756
 20
10.399956297510187
 10
76.3282429461234
 20
10.720144653674595
 10
76.03507538869908
 20
10.988733538916051
 10
75.78960359373286
 20
11.180911309399107
 10
75.44494214509257
 20
11.438504537216659
 10
75.16313887822974
 20
11.689400250973506
 10
75.00520274782606
 20
11.879280821917803
 10
74.95898279070198
 20
12.011196534567205
 10
74.91872989803107
 20
12.216372693587289
 10
74.88457256579649
 20
12.484298253382917
 10
74.85663928998152
 20
12.804462168357759
 10
74.83505856656926
 20
13.166353392916335
 10
74.81995889154297
 20
13.559460881463053
 10
74.81146876088583
 20
13.973273588401923
 10
74.80971667058104
 20
14.39728046813741
 10
74.81483111661178
 20
14.82097047507375
 10
74.82694059496129
 20
15.233832563615238
 10
74.84617360161272
 20
15.625355688166053
 10
74.87265863254932
 20
15.985028803130547
 10
74.90652418375424
 20
16.30234086291307
 10
74.9478987512107
 20
16.566780821917803
 10
75.01288208588704
 20
16.91531180539465
 10
75.0818762173854
 20
17.30458547819012
 10
75.14963079127186
 20
17.703676006042315
 10
75.21089545311239
 20
18.081657554689627
 10
75.26041984847295
 20
18.407604289870562
 10
75.33205107418618
 20
18.800725809686355
 10
75.43321715831082
 20
19.222327103962755
 10
75.55046725123394
 20
19.621840963795933
 10
75.67035050334263
 20
19.94870018028155
 10
75.77855695482701
 20
20.187918496908935
 10
75.91582148387415
 20
20.468550954194086
 10
76.07627248220106
 20
20.780260404292164
 10
76.25403834152459
 20
21.112709699358504
 10
76.4432474535617
 20
21.455561691548667
 10
76.63802821002933
 20
21.798479233017872
 10
76.83250900264439
 20
22.131125175921397
 10
77.02081822312385
 20
22.443162372414633
 10
77.19708426318462
 20
22.72425367465297
 10
77.35543551454363
 20
22.964061934791687
 10
77.49000036891783
 20
23.152250004986286
 10
77.65489352901955
 20
23.388873427172598
 10
77.87159317793086
 20
23.727343301978408
 10
78.11195201863714
 20
24.12248142430184
 10
78.34782275412384
 20
24.52910958904107
 10
78.5200124281011
 20
24.820577935551
 10
78.72898868389032
 20
25.152452701084712
 10
78.9618508733551
 20
25.505566043141187
 10
79.20569834835905
 20
25.860750119219176
 10
79.44763046076577
 20
26.19883708681789
 10
79.67474656243887
 20
26.50065910343602
 10
79.92472585627634
 20
26.82388256155167
 10
80.15409395368016
 20
27.122212068223803
 10
80.36500745316036
 20
27.396627441007922
 10
80.55962295322703
 20
27.648108497459475
 10
80.74009705239018
 20
27.877635055134192
 10
80.90858634915999
 20
28.08618693158718
 10
81.06724744204645
 20
28.27474394437411
 10
81.21823692955961
 20
28.4442859110506
 10
81.36371141020956
 20
28.595792649171983
 10
81.50582748250636
 20
28.730243976293877
 10
81.64674174496011
 20
28.84861970997173
 10
81.7886107960808
 20
28.951899667761097
 10
81.93359123437857
 20
29.041063667217315
 10
82.08383965836342
 20
29.117091525896058
 10
82.24151266654545
 20
29.180963061352827
 10
82.40876685743476
 20
29.2336580911429
 10
82.58775882954134
 20
29.27615643282195
 10
82.78064518137529
 20
29.309437903945536
 10
82.98958251144668
 20
29.33448232206905
 10
83.21672741826559
 20
29.352269504747994
 10
83.46423650034205
 20
29.363779269537872
 10
83.73426635618614
 20
29.369991433994187
 10
84.02897358430793
 20
29.3718858156725
 10
84.35051478321749
 20
29.370442232128198
 10
84.70104655142485
 20
29.3666405009169
 10
85.08272548744013
 20
29.36146043959394
 10
85.49770818977333
 20
29.355881865715048
 10
85.94815125693458
 20
29.350884596835556
 10
86.60065349759938
 20
29.344501827029035
 10
87.167040355361
 20
29.33789479016565
 10
87.65635771148204
 20
29.33029882250969
 10
88.07765144722515
 20
29.320949260324994
 10
88.43996744385295
 20
29.30908143987557
 10
88.75235158262798
 20
29.293930697425537
 10
89.02384974481295
 20
29.27473236923879
 10
89.26350781167041
 20
29.25072179157945
 10
89.48037166446298
 20
29.221134300711526
 10
89.68348718445326
 20
29.185205232898966
 10
89.88190025290388
 20
29.142169924405835
 10
90.08465675107745
 20
29.09126371149614
 10
90.30080256023656
 20
29.03172193043389
 10
90.53938356164385
 20
28.962779917483147
 10
90.94979581068596
 20
28.83731164087908
 10
91.35648925333426
 20
28.703123583205127
 10
91.73048283698144
 20
28.57049336300105
 10
92.04279550902018
 20
28.44969859880655
 10
92.26444621684307
 20
28.351016909161558
 10
92.49882304014984
 20
28.240352841680533
 10
92.78043249318834
 20
28.12021186828298
 10
93.1003827634081
 20
27.993423265222248
 10
93.44978203825893
 20
27.862816308751235
 10
93.81973850519044
 20
27.73122027512335
 10
94.20136035165227
 20
27.601464440591712
 10
94.58575576509416
 20
27.47637808140962
 10
94.96403293296571
 20
27.358790473830254
 10
95.3273000427166
 20
27.251530894106963
 10
95.66666528179653
 20
27.157428618492702
 10
95.97323683765515
 20
27.079312923240877
 10
96.23812289774212
 20
27.020013084604557
 10
96.45243164950712
 20
26.982358378837148
 10
96.60727128039979
 20
26.969178082191775
 10
96.90535738861514
 20
26.95420278161282
 10
97.22494052003856
 20
26.91090848489324
 10
97.55801238480636
 20
26.841742599558756
 10
97.89656469305494
 20
26.74915253313526
 10
98.23258915492065
 20
26.635585693148585
 10
98.55807748053981
 20
26.50348948712457
 10
98.8650213800488
 20
26.35531132258899
 10
99.14541256358399
 20
26.19349860706768
 10
99.45149103331633
 20
26.00628397106641
 10
99.73709290378017
 20
25.84859263530234
 10
100.01571541701063
 20
25.715594650092953
 10
100.30085581504278
 20
25.602460065755963
 10
100.60601133991173
 20
25.50435893260891
 10
100.9446792336526
 20
25.416461300969445
 10
101.33035673830045
 20
25.333937221155225
 10
101.77654109589042
 20
25.251956743483618
 10
102.12752392608094
 20
25.18686268341247
 10
102.47294991189966
 20
25.114150147737405
 10
102.81284945694662
 20
25.033808983996494
 10
103.147252964822
 20
24.945829039727926
 10
103.47619083912582
 20
24.850200162469662
 10
103.7996934834582
 20
24.746912199759834
 10
104.11779130141923
 20
24.635954999136516
 10
104.43051469660904
 20
24.51731840813767
 10
104.7378940726277
 20
24.390992274301425
 10
105.03995983307527
 20
24.256966445165858
 10
105.33674238155191
 20
24.115230768269043
 10
105.62827212165767
 20
23.965775091149112
 10
106.10727934758883
 20
23.7320249589863
 10
106.52245424457348
 20
23.56530611472317
 10
106.78391358749128
 20
23.5017123287671
 10
106.96783436932039
 20
23.485164315290774
 10
107.23475291081074
 20
23.438903042299955
 10
107.5653354288674
 20
23.36800266095281
 10
107.94024814039533
 20
23.277537322406943
 10
108.34015726229961
 20
23.172581177820177
 10
108.74572901148525
 20
23.0582083783504
 10
109.13762960485734
 20
22.939493075155212
 10
109.49652525932085
 20
22.821509419392555
 10
109.80308219178083
 20
22.7093315622202
 10
110.1442839891047
 20
22.562472874608147
 10
110.55115241783466
 20
22.367668743874503
 10
110.97267235845092
 20
22.150302119733
 10
111.35782869143364
 20
21.93575595189725
 10
111.66400864775581
 20
21.760482444602758
 10
111.93695072931195
 20
21.614944877022936
 10
112.19233169883964
 20
21.494045541106686
 10
112.44582831907638
 20
21.39268672880263
 10
112.71311735275987
 20
21.30577073205933
 10
113.00987556262761
 20
21.22819984282546
 10
113.35177971141722
 20
21.1548763530497
 10
113.75450656186625
 20
21.080702554680784
 10
114.23373287671234
 20
21.0005807396671
 10
114.59823485557627
 20
20.935931841661954
 10
114.96417206854888
 20
20.86035693809066
 10
115.32830953224534
 20
20.774894199595792
 10
115.68741226328088
 20
20.680581796820206
 10
116.03824527827072
 20
20.578457900406477
 10
116.37757359383006
 20
20.469560680997347
 10
116.70216222657416
 20
20.354928309235277
 10
117.0087761931182
 20
20.23559895576318
 10
117.29418051007744
 20
20.112610791223517
 10
117.55514019406704
 20
19.98700198625903
 10
117.78842026170226
 20
19.85981071151241
 10
118.02298104697745
 20
19.74458925206426
 10
118.3411637086342
 20
19.619469318183576
 10
118.71407134496427
 20
19.49416113786566
 10
119.1128070542595
 20
19.378374939105413
 10
119.50847393481158
 20
19.28182094989802
 10
119.8069151181184
 20
19.21138051528152
 10
120.14325534506612
 20
19.122585323038777
 10
120.50294855750562
 20
19.01986495108133
 10
120.87144869728759
 20
18.907648977320548
 10
121.23420970626266
 20
18.79036697966842
 10
121.57668552628161
 20
18.672448536036256
 10
121.88433009919514
 20
18.558323224335822
 10
122.0577735444758
 20
18.492226836252826
 10
122.26819938862344
 20
18.414108544828252
 10
122.5117497809837
 20
18.32531722737184
 10
122.78456687090234
 20
18.227201761193328
 10
123.08279280772497
 20
18.121111023602737
 10
123.40256974079723
 20
18.00839389190992
 10
123.74003981946478
 20
17.89039924342461
 10
124.09134519307334
 20
17.76847595545678
 10
124.4526280109685
 20
17.64397290531616
 10
124.82003042249596
 20
17.518238970312666
 10
125.18969457700139
 20
17.392623027756088
 10
125.55776262383044
 20
17.268473954956335
 10
125.92037671232877
 20
17.14714062922326
 10
126.31118558899303
 20
17.016084216117633
 10
126.70357823303443
 20
16.88287544354239
 10
127.09295743264904
 20
16.749158575713523
 10
127.47472597603316
 20
16.616577876846804
 10
127.84428665138279
 20
16.486777611158345
 10
128.19704224689423
 20
16.361402042863688
 10
128.52839555076352
 20
16.242095436178886
 10
128.83374935118692
 20
16.13050205531971
 10
129.10850643636059
 20
16.028266164501986
 10
129.34806959448062
 20
15.937032027941768
 10
129.54784161374326
 20
15.858443909854657
 10
129.70322528234456
 20
15.794146074456762
 10
129.99868294550743
 20
15.676621806310095
 10
130.3446932739988
 20
15.554655369208433
 10
130.7206548123391
 20
15.434528678270851
 10
131.10596610504896
 20
15.322523648616595
 10
131.480025696649
 20
15.224922195364684
 10
131.82223213165963
 20
15.148006233634135
 10
132.02055385814208
 20
15.103517377644096
 10
132.2632129957462
 20
15.04160021361065
 10
132.54442581698098
 20
14.964067356825808
 10
132.85840859435524
 20
14.872731422581523
 10
133.19937760037794
 20
14.769405026170034
 10
133.561549107558
 20
14.65590078288318
 10
133.93913938840421
 20
14.534031308013027
 10
134.32636471542568
 20
14.405609216851701
 10
134.71744136113122
 20
14.272447124691212
 10
135.10658559802974
 20
14.136357646823456
 10
135.48801369863014
 20
13.99915339854067
 10
135.79246531660607
 20
13.889107631013019
 10
136.1132321079117
 20
13.775256398298268
 10
136.44687412636287
 20
13.65872915255784
 10
136.7899514257758
 20
13.54065534595253
 10
137.13902405996643
 20
13.422164430643988
 10
137.4906520827509
 20
13.30438585879341
 10
137.84139554794518
 20
13.188449082561931
 10
138.1878145093654
 20
13.075483554110804
 10
138.5264690208275
 20
12.966618725601563
 10
138.85391913614762
 20
12.862984049195177
 10
139.16672490914175
 20
12.765708977053066
 10
139.46144639362595
 20
12.675922961336312
 10
139.73464364341626
 20
12.59475545420645
 10
139.9828767123288
 20
12.52333590782456
 10
140.23110978124126
 20
12.453312240625621
 10
140.50430703103163
 20
12.37622702167198
 10
140.7990285155158
 20
12.293051679066878
 10
141.11183428850995
 20
12.204757640912817
 10
141.43928440383004
 20
12.112316335312812
 10
141.77793891529214
 20
12.016699190369422
 10
142.12435787671237
 20
11.918877634185776
 10
142.47510134190665
 20
11.81982309486449
 10
142.8267293646911
 20
11.720507000508462
 10
143.17580199888178
 20
11.621900779220482
 10
143.51887929829468
 20
11.524975859103392
 10
143.8525213167459
 20
11.43070366825998
 10
144.17328810805145
 20
11.340055634793146
 10
144.4777397260274
 20
11.254003186805619
 10
145.07763358497903
 20
11.082437590879636
 10
145.6310339899326
 20
10.919870632683569
 10
146.139526417728
 20
10.76560970928523
 10
146.60469634520524
 20
10.618962217752198
 10
147.02812924920434
 20
10.479235555152627
 10
147.41141060656525
 20
10.345737118554041
 10
147.7561258941279
 20
10.21777430502442
 10
148.06386058873224
 20
10.094654511631518
 10
148.33620016721832
 20
9.975685135443086
 10
148.5747301064261
 20
9.860173573526993
 10
148.78103588319547
 20
9.747427222951046
 10
148.95670297436652
 20
9.636753480782943
 10
149.10331685677914
 20
9.527459744090606
 10
149.22246300727335
 20
9.41885340994179
 10
149.31572690268905
 20
9.310241875404301
 10
149.3846940198663
 20
9.200932537545896
 10
149.43094983564498
 20
9.090232793434495
 10
149.43012979614855
 20
8.855243843974336
 10
149.29047557562325
 20
8.625817928289166
 10
149.02840384525766
 20
8.415151586353716
 10
148.66033127624007
 20
8.2364413581426
 10
148.2026745397589
 20
8.102883783630602
 10
148.18586412611447
 20
8.100106022548403
 10
148.16151528452343
 20
8.097356849087873
 10
148.12969473854452
 20
8.094636227537649
 10
148.09046921173666
 20
8.091944122186021
 10
148.04390542765853
 20
8.089280497321568
 10
147.99007010986898
 20
8.086645317232978
 10
147.92902998192687
 20
8.084038546208546
 10
147.86085176739093
 20
8.081460148536848
 10
147.78560218982003
 20
8.07891008850629
 10
147.70334797277292
 20
8.076388330405564
 10
147.61415583980846
 20
8.073894838523017
 10
147.5180925144855
 20
8.071429577147057
 10
147.41522472036272
 20
8.068992510566488
 10
147.30561918099895
 20
8.066583603069546
 10
147.1893426199531
 20
8.06420281894492
 10
147.0664617607839
 20
8.061850122481019
 10
146.93704332705016
 20
8.059525477966247
 10
146.80115404231074
 20
8.057228849689295
 10
146.6588606301244
 20
8.054960201938627
 10
146.51022981404992
 20
8.052719499002592
 10
146.35532831764624
 20
8.05050670516971
 10
146.19422286447204
 20
8.048321784728614
 10
146.02698017808612
 20
8.046164701967882
 10
145.85366698204734
 20
8.04403542117575
 10
145.67434999991457
 20
8.041933906640793
 10
145.48909595524646
 20
8.039860122651703
 10
145.29797157160195
 20
8.037814033496659
 10
145.10104357253985
 20
8.035795603464464
 10
144.89837868161877
 20
8.033804796843697
 10
144.6900436223978
 20
8.031841577922364
 10
144.47610511843558
 20
8.029905910989385
 10
144.25662989329095
 20
8.027997760333164
 10
144.03168467052276
 20
8.026117090242167
 10
143.80133617368972
 20
8.024263865004855
 10
143.56565112635076
 20
8.022438048909862
 10
143.32469625206457
 20
8.020639606245652
 10
143.07853827439007
 20
8.018868501300517
 10
142.82724391688598
 20
8.017124698363318
 10
142.57087990311115
 20
8.015408161722235
 10
142.30951295662436
 20
8.013718855665843
 10
142.04320980098444
 20
8.012056744482834
 10
141.77203715975014
 20
8.010421792461614
 10
141.49606175648037
 20
8.008813963890532
 10
141.21535031473394
 20
8.007233223058051
 10
140.92996955806956
 20
8.00567953425309
 10
140.6399862100461
 20
8.004152861763771
 10
140.34546699422233
 20
8.002653169878613
 10
140.0464786341571
 20
8.001180422886307
 10
139.74308785340918
 20
7.999734585075316
 10
139.43536137553738
 20
7.998315620733933
 10
139.1233659241006
 20
7.996923494150792
 10
138.80716822265748
 20
7.995558169614583
 10
138.486834994767
 20
7.994219611413428
 10
138.16243296398784
 20
7.992907783836131
 10
137.83402885387886
 20
7.991622651171156
 10
137.5016893879989
 20
7.990364177706908
 10
137.16548128990667
 20
7.989132327731795
 10
136.82547128316108
 20
7.987927065534507
 10
136.48172609132087
 20
7.986748355403563
 10
136.1343124379449
 20
7.985596161627143
 10
135.7832970465919
 20
7.984470448494392
 10
135.42874664082083
 20
7.983371180293034
 10
135.07072794419034
 20
7.982298321312157
 10
134.7093076802593
 20
7.981251835839885
 10
134.34455257258648
 20
7.980231688164906
 10
133.97652934473078
 20
7.979237842575742
 10
133.60530472025093
 20
7.978270263360912
 10
133.2309454227057
 20
7.9773289148088224
 10
132.85351817565405
 20
7.976413761207823
 10
132.47308970265462
 20
7.975524766846775
 10
132.0897267272663
 20
7.974661896013913
 10
131.70349597304792
 20
7.973825112997929
 10
131.31446416355826
 20
7.973014382087115
 10
130.92269802235612
 20
7.9722296675701045
 10
130.52826427300027
 20
7.971470933735361
 10
130.13122963904962
 20
7.970738144871291
 10
129.73166084406284
 20
7.970031265266698
 10
129.32962461159892
 20
7.969350259209705
 10
128.9251876652165
 20
7.968695090989115
 10
128.51841672847448
 20
7.968065724893279
 10
128.10937852493163
 20
7.967462125210602
 10
127.69813977814674
 20
7.966884256229832
 10
127.28476721167868
 20
7.966332082239262
 10
126.8693275490862
 20
7.965805567527639
 10
126.45188751392814
 20
7.965304676383084
 10
126.03251382976333
 20
7.96482937309446
 10
125.61127322015048
 20
7.964379621950002
 10
125.1882324086485
 20
7.9639553872384
 10
124.76345811881619
 20
7.963556633248061
 10
124.33701707421228
 20
7.963183324267504
 10
123.90897599839565
 20
7.9628354245853075
 10
123.47940161492512
 20
7.962512898489763
 10
123.04836064735937
 20
7.962215710269675
 10
122.61591981925739
 20
7.961943824213222
 10
122.18214585417789
 20
7.961697204609095
 10
121.74710547567965
 20
7.961475815745814
 10
121.31086540732156
 20
7.961279621911785
 10
120.87349237266235
 20
7.961108587395472
 10
120.43505309526088
 20
7.960962676485508
 10
119.99561429867592
 20
7.960841853470413
 10
119.55524270646634
 20
7.960746082638536
 10
119.11400504219084
 20
7.960675328278512
 10
118.67196802940833
 20
7.9606295546787464
 10
118.22919839167757
 20
7.960608726127759
 10
117.78576285255738
 20
7.960612806914128
 10
117.34172813560657
 20
7.960641761326258
 10
116.89716096438393
 20
7.960695553652727
 10
116.45212806244834
 20
7.960774148181827
 10
116.00669615335843
 20
7.960877509202476
 10
115.56093196067326
 20
7.961005601002739
 10
115.11490220795145
 20
7.9611583878713645
 10
114.66867361875185
 20
7.961335834096815
 10
114.22231291663327
 20
7.96153790396761
 10
113.77588682515457
 20
7.9617645617721
 10
113.3294620678745
 20
7.962015771798917
 10
112.88310536835186
 20
7.96229149833664
 10
112.4368834501455
 20
7.962591705673617
 10
111.99086303681425
 20
7.962916358098369
 10
111.54511085191683
 20
7.9632654198994715
 10
111.09969361901211
 20
7.963638855365389
 10
110.65467806165888
 20
7.964036628784527
 10
110.21013090341596
 20
7.964458704445576
 10
109.76611886784214
 20
7.964905046636943
 10
109.32270867849627
 20
7.965375619647034
 10
108.8799670589371
 20
7.9658703877644825
 10
108.43796073272345
 20
7.966389315277752
 10
107.99675642341414
 20
7.966932366475362
 10
107.556420854568
 20
7.967499505645719
 10
107.1170207497438
 20
7.968090697077514
 10
106.67862283250038
 20
7.968705905058982
 10
106.24129382639651
 20
7.969345093878928
 10
105.80510045499103
 20
7.970008227825588
 10
105.37010944184276
 20
7.970695271187537
 10
104.93638751051046
 20
7.971406188253411
 10
104.50400138455299
 20
7.972140943311501
 10
104.07301778752911
 20
7.972899500650499
 10
103.64350344299766
 20
7.9736818245588665
 10
103.21552507451744
 20
7.974487879324897
 10
102.78914940564722
 20
7.975317629237395
 10
102.3644431599459
 20
7.976171038584653
 10
101.9414730609722
 20
7.977048071655247
 10
101.52030583228496
 20
7.977948692737641
 10
101.101008197443
 20
7.978872866120412
 10
100.68364688000509
 20
7.9798205560919655
 10
100.26828860353007
 20
7.980791726940936
 10
99.85500009157674
 20
7.981786342955672
 10
99.44384806770391
 20
7.982804368424695
 10
99.03489925547039
 20
7.983845767636581
 10
98.62822037843499
 20
7.984910504879849
 10
98.22387816015653
 20
7.985998544442907
 10
97.82193932419375
 20
7.987109850614445
 10
97.42247059410555
 20
7.9882443876826414
 10
97.02553869345068
 20
7.989402119936187
 10
96.63121034578795
 20
7.990583011663659
 10
96.2395522746762
 20
7.991787027153407
 10
95.85063120367423
 20
7.993014130694064
 10
95.4645138563408
 20
7.99426428657398
 10
95.08126695623478
 20
7.995537459081731
 10
94.70095722691494
 20
7.996833612505895
 10
94.3236513919401
 20
7.998152711134878
 10
93.94941617486909
 20
7.999494719257143
 10
93.57831829926066
 20
8.000859601161324
 10
93.2104244886737
 20
8.002247321135883
 10
92.84580146666693
 20
8.003657843469114
 10
92.48451595679923
 20
8.005091132449877
 10
92.12663468262936
 20
8.006547152366409
 10
91.77222436771615
 20
8.008025867507342
 10
91.4213517356184
 20
8.009527242161084
 10
91.0740835098949
 20
8.011051240616155
 10
90.73048641410452
 20
8.012597827161073
 10
90.39062717180602
 20
8.01416696608436
 10
90.0545725065582
 20
8.015758621674536
 10
89.72238914191986
 20
8.01737275822012
 10
89.39414380144989
 20
8.019009340009404
 10
89.06990320870699
 20
8.020668331331137
 10
88.74973408725003
 20
8.022349696473725
 10
88.4337031606378
 20
8.02405339972563
 10
88.12187715242912
 20
8.025779405375431
 10
87.8143227861828
 20
8.02752767771159
 10
87.51110678545761
 20
8.029298181022568
 10
87.21229587381241
 20
8.031090879596888
 10
86.91795677480597
 20
8.032905737723183
 10
86.62815621199711
 20
8.034742719689746
 10
86.34296090894465
 20
8.036601789785209
 10
86.06243758920736
 20
8.038482912298036
 10
85.7866529763441
 20
8.040386051516691
 10
85.51567379391365
 20
8.04231117172975
 10
85.24956676547482
 20
8.04425823722562
 10
84.9883986145864
 20
8.046227212292877
 10
84.73223606480724
 20
8.048218061220041
 10
84.48114583969613
 20
8.050230748295519
 10
84.23519466281186
 20
8.052265237807944
 10
83.99444925771324
 20
8.054321494045723
 10
83.75897634795909
 20
8.05639948129732
 10
83.52884265710823
 20
8.058499163851366
 10
83.30411490871943
 20
8.060620505996155
 10
83.08485982635155
 20
8.062763472020379
 10
82.87114413356333
 20
8.064928026212556
 10
82.66303455391365
 20
8.067114132861036
 10
82.46059781096127
 20
8.069321756254396
 10
82.26390062826502
 20
8.071550860681157
 10
82.07300972938368
 20
8.07380141042978
 10
81.88799183787611
 20
8.07607336978873
 10
81.70891367730108
 20
8.07836670304664
 10
81.5358419712174
 20
8.080681374491917
 10
81.36884344318386
 20
8.08301734841308
 10
81.2079848167593
 20
8.085374589098592
 10
81.05333281550254
 20
8.087753060836974
 10
80.90495416297233
 20
8.090152727916688
 10
80.76291558272754
 20
8.092573554626426
 10
80.62728379832694
 20
8.095015505254423
 10
80.49812553332937
 20
8.09747854408937
 10
80.37550751129359
 20
8.099962635419729
 10
80.25949645577843
 20
8.102467743533964
 10
80.15015909034273
 20
8.104993832720595
 10
80.04756213854526
 20
8.107540867268085
 10
79.95177232394485
 20
8.110108811464897
 10
79.86285637010027
 20
8.112697629599666
 10
79.78088100057036
 20
8.115307285960853
 10
79.70591293891394
 20
8.117937744836922
 10
79.63801890868979
 20
8.120588970516394
 10
79.5772656334567
 20
8.123260927287674
 10
79.52371983677354
 20
8.125953579439454
 10
79.47744824219907
 20
8.128666891260082
 10
79.43851757329212
 20
8.131400827038078
 10
79.40699455361147
 20
8.13415535106202
 10
79.38294590671597
 20
8.136930427620314
 10
79.3664383561644
 20
8.139726021001593
  0
LWPOLYLINE
  5
36
330
17
100
AcDbEntity
  8
IC_DELIKLER
100
AcDbPolyline
 90
548
 70
1
 10
181.3998287671233
 20
8.102974138342574
 10
181.16558219178089
 20
8.142644794383443
 10
180.82345890410963
 20
8.181416733721392
 10
180.4058219178082
 20
8.216566197194084
 10
179.94503424657537
 20
8.24536942563958
 10
179.4734589041096
 20
8.265102659895774
 10
178.97465100460965
 20
8.290047348186249
 10
178.531190914206
 20
8.333024283836153
 10
178.14110350859247
 20
8.394724602620045
 10
177.80241366346308
 20
8.475839440312768
 10
177.5131462545118
 20
8.577059932688826
 10
177.27132615743258
 20
8.699077215522891
 10
177.07497824791943
 20
8.84258242458958
 10
176.92212740166627
 20
9.008266695663451
 10
176.8107984943671
 20
9.196821164519235
 10
176.76908167005666
 20
9.358069453128621
 10
176.7488696528701
 20
9.598323233431415
 10
176.74845586159876
 20
9.901563648419028
 10
176.7661337150345
 20
10.251771841082473
 10
176.8001966319686
 20
10.632928954413103
 10
176.84893803119266
 20
11.029016131402102
 10
176.9106513314983
 20
11.424014515040767
 10
176.98362995167693
 20
11.801905248320281
 10
177.0661673105202
 20
12.146669474231942
 10
177.15655682681952
 20
12.442288335766932
 10
177.2394467815921
 20
12.695392795498776
 10
177.316115314101
 20
12.966177524359694
 10
177.38643935185544
 20
13.252756308350229
 10
177.45029582236452
 20
13.553242933470699
 10
177.50756165313734
 20
13.86575118572182
 10
177.55811377168283
 20
14.188394851104249
 10
177.60182910551015
 20
14.519287715618304
 10
177.6385845821285
 20
14.856543565264587
 10
177.6682571290469
 20
15.198276186043643
 10
177.69072367377433
 20
15.542599363956072
 10
177.70586114382002
 20
15.887626885002362
 10
177.713546466693
 20
16.231472535182945
 10
177.71365656990238
 20
16.572250100498536
 10
177.70606838095722
 20
16.908073366949623
 10
177.69065882736663
 20
17.237056120536693
 10
177.66730483663966
 20
17.557312147260348
 10
177.63588333628545
 20
17.86695523312102
 10
177.59627125381306
 20
18.164099164119364
 10
177.5483455167316
 20
18.44685772625587
 10
177.4993939781498
 20
18.715074562435007
 10
177.4443438899125
 20
19.03394202836415
 10
177.38556868216853
 20
19.388630639616167
 10
177.32544178506663
 20
19.764310911764028
 10
177.26633662875562
 20
20.146153360381106
 10
177.21062664338416
 20
20.519328501040434
 10
177.16068525910103
 20
20.869006849315042
 10
177.09746618885677
 20
21.30131487312417
 10
177.03486248634124
 20
21.66430599433238
 10
176.9657241715967
 20
21.98019157444793
 10
176.8829012646656
 20
22.27118297497924
 10
176.77924378559032
 20
22.559491557434512
 10
176.64760175441327
 20
22.86732868332234
 10
176.48082519117682
 20
23.216905714150755
 10
176.27176411592336
 20
23.630434011428235
 10
176.10326599888157
 20
23.964267086647396
 10
175.9286958661356
 20
24.320488950417655
 10
175.75464362936165
 20
24.684946681296424
 10
175.58769920023568
 20
25.043487357840945
 10
175.43445249043367
 20
25.381958058608916
 10
175.30149341163167
 20
25.686205862157635
 10
175.19541187550576
 20
25.942077847044686
 10
175.1207821604144
 20
26.124749225056178
 10
175.0253965379573
 20
26.35078559458765
 10
174.91207342447865
 20
26.613849822542647
 10
174.78363123632286
 20
26.90760477582438
 10
174.64288838983398
 20
27.225713321336457
 10
174.49266330135634
 20
27.561838325982308
 10
174.33577438723412
 20
27.909642656665426
 10
174.17504006381165
 20
28.262789180289133
 10
174.01327874743302
 20
28.61494076375709
 10
173.8533088544426
 20
28.959760273972563
 10
173.65744760325376
 20
29.382825737352903
 10
173.46826875452942
 20
29.797420825983068
 10
173.2903745061016
 20
30.193047697186046
 10
173.1283670558024
 20
30.559208508284826
 10
172.98684860146383
 20
30.885405416602225
 10
172.87042134091797
 20
31.16114057946129
 10
172.78368747199684
 20
31.37591615418478
 10
172.73124919253252
 20
31.519234298095853
 10
172.65012179210532
 20
31.744524481560234
 10
172.5230549525393
 20
32.06716957329246
 10
172.3624909062072
 20
32.45696409384044
 10
172.1808718854816
 20
32.883702563752024
 10
171.99064012273504
 20
33.31717950357529
 10
171.79694062715157
 20
33.76053465031441
 10
171.64962656618465
 20
34.12623297204743
 10
171.54127128259594
 20
34.442920662651545
 10
171.46444811914702
 20
34.73924391600411
 10
171.41173041859926
 20
35.04384892598273
 10
171.37569152371435
 20
35.38538188646476
 10
171.34890477725375
 20
35.79248899132767
 10
171.33302112545252
 20
36.17147352810275
 10
171.33062351615777
 20
36.5126279129517
 10
171.3432490569267
 20
36.8325585208367
 10
171.3724348553166
 20
37.14787172671987
 10
171.41971801888445
 20
37.475173905563736
 10
171.48663565518746
 20
37.831071432330305
 10
171.57472487178276
 20
38.23217068198204
 10
171.64595232490018
 20
38.52536317627977
 10
171.7279461085292
 20
38.83622407661085
 10
171.8196127402555
 20
39.16177428839791
 10
171.91985873766464
 20
39.499034717063864
 10
172.02759061834215
 20
39.84502626803152
 10
172.14171489987365
 20
40.19676984672384
 10
172.26113809984477
 20
40.55128635856346
 10
172.3847667358411
 20
40.90559670897318
 10
172.51150732544824
 20
41.25672180337597
 10
172.64026638625174
 20
41.601682547194514
 10
172.7699504358373
 20
41.937499845851676
 10
172.89946599179035
 20
42.26119460477031
 10
173.02771957169668
 20
42.56978772937316
 10
173.15361769314174
 20
42.860300125083086
 10
173.27606687371116
 20
43.12975269732294
 10
173.39397363099062
 20
43.375166351515475
 10
173.5062444825656
 20
43.59356199308354
 10
173.61178594602177
 20
43.78196052744994
 10
173.78637783372685
 20
44.09867862890562
 10
173.9712214835649
 20
44.47028345123633
 10
174.15228606111336
 20
44.8661026574305
 10
174.3155407319497
 20
45.25546391047675
 10
174.44695466165132
 20
45.60769487336387
 10
174.5746044407807
 20
45.95521536102774
 10
174.72739006783792
 20
46.331475604859776
 10
174.892515820307
 20
46.707348892531
 10
175.0571859756719
 20
47.05370851171273
 10
175.20860481141645
 20
47.34142775007621
 10
175.36337686842046
 20
47.62827958626579
 10
175.537373170413
 20
47.97222674315179
 10
175.71669771915228
 20
48.344427124743504
 10
175.88745451639656
 20
48.71603863505044
 10
176.03574756390404
 20
49.05821917808217
 10
176.1717001425016
 20
49.38036857412257
 10
176.3158309778794
 20
49.71417240761855
 10
176.46648744389407
 20
50.05617718886302
 10
176.62201691440237
 20
50.40292942814909
 10
176.78076676326097
 20
50.75097563576969
 10
176.94108436432666
 20
51.096862322017785
 10
177.1013170914561
 20
51.43713599718629
 10
177.25981231850602
 20
51.76834317156832
 10
177.4149174193332
 20
52.08703035545679
 10
177.56497976779414
 20
52.389744059144675
 10
177.70834673774579
 20
52.67303079292495
 10
177.84336570304478
 20
52.93343706709064
 10
177.96838403754776
 20
53.16750939193474
 10
178.08174911511153
 20
53.37179427775021
 10
178.18180830959272
 20
53.542838234830015
 10
178.28520144414426
 20
53.72479088200964
 10
178.4129514321278
 20
53.96800851524668
 10
178.56002462099852
 20
54.26191428312316
 10
178.7213873582115
 20
54.595931334221035
 10
178.89200599122177
 20
54.95948281712225
 10
179.0668468674845
 20
55.34199188040881
 10
179.24087633445475
 20
55.73288167266264
 10
179.40906073958766
 20
56.12157534246572
 10
179.4802120499456
 20
56.28655969071062
 10
179.5623265506518
 20
56.47325663527391
 10
179.65469588419376
 20
56.68016601562499
 10
179.75661169305923
 20
56.90578767123279
 10
179.8673656197356
 20
57.148621441566746
 10
179.98624930671062
 20
57.40716716609586
 10
180.11255439647178
 20
57.679924684289404
 10
180.24557253150678
 20
57.965393835616396
 10
180.38459535430317
 20
58.26207445954614
 10
180.5289145073484
 20
58.568466395547915
 10
180.67782163313026
 20
58.883069483090736
 10
180.8306083741362
 20
59.20438356164382
 10
180.98656637285393
 20
59.53090847067631
 10
181.144987271771
 20
59.861144049657526
 10
181.30516271337493
 20
60.193590138056464
 10
181.4663843401534
 20
60.5267465753424
 10
181.62794379459396
 20
60.85911320098458
 10
181.78913271918418
 20
61.189189854452025
 10
181.94924275641173
 20
61.515476375214035
 10
182.1075655487641
 20
61.83647260273969
 10
182.30329459117885
 20
62.23293983773007
 10
182.4967402298924
 20
62.62613374892976
 10
182.68676417239857
 20
63.01368399842141
 10
182.87222812619115
 20
63.39322024828766
 10
183.05199379876396
 20
63.76237216061105
 10
183.22492289761095
 20
64.1187693974743
 10
183.38987713022595
 20
64.46004162095994
 10
183.54571820410285
 20
64.78381849315068
 10
183.69130782673534
 20
65.08772967612904
 10
183.8255077056174
 20
65.3694048319777
 10
183.9471795482429
 20
65.62647362277929
 10
184.05518506210564
 20
65.8565657106164
 10
184.14838595469945
 20
66.05731075757168
 10
184.2256439335182
 20
66.22633842572773
 10
184.2858207060558
 20
66.36127837716714
 10
184.32777797980603
 20
66.45976027397259
 10
184.3688782872139
 20
66.55698006501328
 10
184.4263611822138
 20
66.68778909584262
 10
184.49924486608805
 20
66.8501345964986
 10
184.586547540119
 20
67.04196379701918
 10
184.6872874055891
 20
67.26122392744202
 10
184.80048266378043
 20
67.50586221780546
 10
184.9251515159757
 20
67.77382589814704
 10
185.06031216345698
 20
68.06306219850492
 10
185.2049828075067
 20
68.37151834891694
 10
185.35818164940727
 20
68.69714157942104
 10
185.51892689044087
 20
69.03787912005515
 10
185.6862367318901
 20
69.3916782008572
 10
185.85912937503713
 20
69.75648605186507
 10
186.03662302116436
 20
70.13024990311669
 10
186.21773587155405
 20
70.51091698465012
 10
186.4014861274888
 20
70.89643452650299
 10
186.5868919902506
 20
71.28474975871356
 10
186.7729716611221
 20
71.67380991131952
 10
186.9587433413855
 20
72.0615622143589
 10
187.1432252323232
 20
72.4459538978696
 10
187.3254355352175
 20
72.82493219188953
 10
187.5043924513508
 20
73.19644432645666
 10
187.6791141820054
 20
73.55843753160883
 10
187.84861892846374
 20
73.90885903738402
 10
188.01192489200807
 20
74.24565607382021
 10
188.16805027392076
 20
74.56677587095521
 10
188.31601327548418
 20
74.870165658827
 10
188.45483209798067
 20
75.15377266747353
 10
188.5835249426926
 20
75.4155441269327
 10
188.70111001090225
 20
75.65342726724239
 10
188.80660550389206
 20
75.86536931844057
 10
188.89902962294428
 20
76.0493175105652
 10
188.97740056934137
 20
76.20321907365411
 10
189.0407365443656
 20
76.32502123774532
 10
189.08805574929931
 20
76.41267123287668
 10
189.16232983213757
 20
76.55258188172954
 10
189.26437694432943
 20
76.75498724561697
 10
189.39032761250985
 20
77.01174847792993
 10
189.53631236331347
 20
77.31472673205926
 10
189.69846172337543
 20
77.65578316139576
 10
189.87290621933045
 20
78.0267789193303
 10
190.05577637781354
 20
78.41957515925358
 10
190.2432027254595
 20
78.82603303455662
 10
190.4313157889033
 20
79.23801369863011
 10
190.57092729032289
 20
79.54440893064717
 10
190.715530387981
 20
79.85994219979696
 10
190.86473316344103
 20
80.18381286081674
 10
191.01814369826636
 20
80.51522026844353
 10
191.17537007402007
 20
80.85336377741461
 10
191.33602037226558
 20
81.19744274246708
 10
191.49970267456618
 20
81.54665651833815
 10
191.66602506248518
 20
81.9002044597649
 10
191.8345956175858
 20
82.25728592148462
 10
192.0050224214314
 20
82.61710025823433
 10
192.17691355558523
 20
82.97884682475134
 10
192.34987710161067
 20
83.34172497577262
 10
192.5235211410709
 20
83.70493406603552
 10
192.6974537555293
 20
84.06767345027708
 10
192.87128302654918
 20
84.42914248323447
 10
193.04461703569376
 20
84.78854051964487
 10
193.21706386452632
 20
85.14506691424552
 10
193.38823159461032
 20
85.49792102177338
 10
193.55772830750888
 20
85.8463021969659
 10
193.7251620847853
 20
86.18940979456002
 10
193.890141008003
 20
86.52644316929292
 10
194.05227315872523
 20
86.85660167590183
 10
194.21116661851522
 20
87.17908466912388
 10
194.36642946893627
 20
87.4930915036962
 10
194.5176697915518
 20
87.79782153435599
 10
194.66449566792502
 20
88.09247411584047
 10
194.80651517961914
 20
88.37624860288665
 10
194.9433364081976
 20
88.64834435023184
 10
195.07456743522366
 20
88.90796071261309
 10
195.19981634226056
 20
89.15429704476762
 10
195.3186912108716
 20
89.38655270143258
 10
195.43080012262016
 20
89.60392703734513
 10
195.53575115906946
 20
89.8056194072424
 10
195.63315240178278
 20
89.99082916586158
 10
195.72261193232347
 20
90.15875566793986
 10
195.80373783225482
 20
90.30859826821435
 10
195.8761381831401
 20
90.43955632142223
 10
195.9394210665426
 20
90.55082918230067
 10
195.99319456402563
 20
90.64161620558679
 10
196.03706675715253
 20
90.71111674601781
 10
196.07064572748652
 20
90.75853015833084
 10
196.2835667818218
 20
91.0431233375594
 10
196.4746445276413
 20
91.32090303799222
 10
196.60251161791194
 20
91.53173138633971
 10
196.87146297891246
 20
91.8742115351468
 10
197.173746706378
 20
91.9923122999061
 10
197.4568786598076
 20
91.8655283852024
 10
197.5596913699289
 20
91.70869993954287
 10
197.6087566965482
 20
91.49918782573494
 10
197.60445038056287
 20
91.23901693202626
 10
197.54714816287043
 20
90.9302121466645
 10
197.43722578436822
 20
90.57479835789755
 10
197.27505898595362
 20
90.17480045397312
 10
197.0610235085241
 20
89.73224332313899
 10
196.87617425592487
 20
89.3410665250365
 10
196.7064305134566
 20
88.92011347133109
 10
196.5706100199892
 20
88.51995137092692
 10
196.48753051439266
 20
88.19114743272803
 10
196.42986663868035
 20
87.96294832483684
 10
196.32947856694454
 20
87.66020696027115
 10
196.19439876821113
 20
87.30316903610355
 10
196.0326597115063
 20
86.9120802494063
 10
195.8522938658561
 20
86.50718629725176
 10
195.66133370028646
 20
86.10873287671231
 10
195.54298900667123
 20
85.86486599282131
 10
195.41969638519996
 20
85.59883239065533
 10
195.29254139467676
 20
85.31355765378015
 10
195.1626095939054
 20
85.01196736576162
 10
195.03098654168983
 20
84.69698711016548
 10
194.89875779683402
 20
84.37154247055744
 10
194.76700891814187
 20
84.03855903050331
 10
194.6368254644174
 20
83.70096237356881
 10
194.5092929944645
 20
83.36167808331979
 10
194.38549706708704
 20
83.02363174332191
 10
194.2665232410891
 20
82.68974893714102
 10
194.15345707527436
 20
82.36295524834287
 10
194.04738412844708
 20
82.04617626049316
 10
193.949389959411
 20
81.74233755715775
 10
193.8605601269701
 20
81.45436472190238
 10
193.78198018992833
 20
81.18518333829277
 10
193.71473570708957
 20
80.93771898989468
 10
193.65991223725783
 20
80.71489726027394
 10
193.5910965745624
 20
80.44345890410949
 10
193.48875963598866
 20
80.07523972602738
 10
193.36267204654868
 20
79.6436815068493
 10
193.2226044312544
 20
79.18222602739723
 10
193.0783274151178
 20
78.72431506849313
 10
192.99722644675882
 20
78.4664687185788
 10
192.92084907711177
 20
78.21146229673917
 10
192.84902897037514
 20
77.95809182708769
 10
192.7815997907471
 20
77.70515333373794
 10
192.71839520242608
 20
77.45144284080328
 10
192.65924886961034
 20
77.19575637239728
 10
192.60399445649824
 20
76.93688995263346
 10
192.5524656272881
 20
76.67363960562531
 10
192.50449604617822
 20
76.40480135548631
 10
192.459919377367
 20
76.12917122632985
 10
192.41856928505268
 20
75.84554524226962
 10
192.38027943343363
 20
75.55271942741899
 10
192.34488348670817
 20
75.24948980589147
 10
192.3122151090746
 20
74.9346524018006
 10
192.2821079647313
 20
74.60700323925977
 10
192.25439571787652
 20
74.26533834238259
 10
192.22891203270868
 20
73.90845373528254
 10
192.20549057342603
 20
73.53514544207306
 10
192.18396500422693
 20
73.14420948686765
 10
192.1641689893097
 20
72.73444189377983
 10
192.14593619287265
 20
72.30463868692308
 10
192.1291002791141
 20
71.85359589041093
 10
192.11127302244338
 20
71.3231882747385
 10
192.09586010114543
 20
70.82083321722317
 10
192.0830320601692
 20
70.35526048431043
 10
192.0729594444639
 20
69.93519984244548
 10
192.06581279897856
 20
69.5693810580735
 10
192.0617626686622
 20
69.26653389763979
 10
192.060979598464
 20
69.03538812758953
 10
192.063634133333
 20
68.88467351436802
 10
192.06989681821835
 20
68.82311982442042
 10
192.07474262416875
 20
68.79300971904422
 10
192.0810974141575
 20
68.71811459799474
 10
192.08887265870572
 20
68.60049229464767
 10
192.09797982833436
 20
68.4422006423786
 10
192.10833039356447
 20
68.24529747456319
 10
192.1198358249171
 20
68.01184062457699
 10
192.13240759291324
 20
67.74388792579569
 10
192.14595716807403
 20
67.4434972115948
 10
192.16039602092044
 20
67.11272631534999
 10
192.17563562197353
 20
66.75363307043688
 10
192.19158744175434
 20
66.36827531023107
 10
192.2081629507839
 20
65.95871086810823
 10
192.22527361958322
 20
65.52699757744384
 10
192.24283091867338
 20
65.07519327161364
 10
192.2607463185754
 20
64.60535578399319
 10
192.2789312898103
 20
64.11954294795808
 10
192.29729730289915
 20
63.619812596883975
 10
192.31575582836302
 20
63.108222564146445
 10
192.32987922687659
 20
62.704058518163265
 10
192.34311022165315
 20
62.306572325673784
 10
192.35544645671527
 20
61.91561301666718
 10
192.36688557608534
 20
61.53102962113272
 10
192.37742522378588
 20
61.15267116905963
 10
192.38706304383942
 20
60.78038669043707
 10
192.39579668026835
 20
60.414025215254355
 10
192.4036237770953
 20
60.05343577350061
 10
192.4105419783428
 20
59.698467395165125
 10
192.41654892803314
 20
59.348969110236965
 10
192.42164227018915
 20
59.004789948705536
 10
192.42581964883303
 20
58.6657789405599
 10
192.4290787079874
 20
58.33178511578936
 10
192.43141709167472
 20
58.00265750438308
 10
192.4328324439175
 20
57.67824513633036
 10
192.43332240873832
 20
57.35839704162032
 10
192.43288463015955
 20
57.042962250242255
 10
192.43151675220378
 20
56.73178979218528
 10
192.4292164188935
 20
56.424728697438724
 10
192.42598127425114
 20
56.1216279959917
 10
192.42180896229928
 20
55.82233671783348
 10
192.41669712706036
 20
55.52670389295329
 10
192.41064341255694
 20
55.234578551340434
 10
192.4036454628115
 20
54.94580972298377
 10
192.39570092184647
 20
54.66024643787296
 10
192.38680743368442
 20
54.37773772599698
 10
192.37696264234782
 20
54.09813261734507
 10
192.3661641918592
 20
53.82128014190644
 10
192.35440972624107
 20
53.54702932967032
 10
192.34169688951584
 20
53.27522921062598
 10
192.3280233257061
 20
53.00572881476259
 10
192.31338667883432
 20
52.738377172069335
 10
192.297784592923
 20
52.4730233125355
 10
192.2812147119946
 20
52.20951626615022
 10
192.2636746800717
 20
51.94770506290274
 10
192.24516214117676
 20
51.68743873278228
 10
192.22567473933225
 20
51.428566305778105
 10
192.20521011856067
 20
51.17093681187936
 10
192.1837659228846
 20
50.914399281075276
 10
192.16133979632642
 20
50.658802743355096
 10
192.13792938290874
 20
50.403996228708024
 10
192.11353232665397
 20
50.14982876712327
 10
192.08146253162278
 20
49.82221484484191
 10
192.0456274838833
 20
49.455287251887
 10
192.0075577323706
 20
49.06477145652781
 10
191.96878382601957
 20
48.66639292703377
 10
191.9308363137651
 20
48.27587713167455
 10
191.89524574454208
 20
47.908949538719526
 10
191.86354266728543
 20
47.58133561643834
 10
191.8365463458453
 20
47.31618670881366
 10
191.80512643773355
 20
47.03293086436244
 10
191.76960378222563
 20
46.7336494587349
 10
191.73029921859674
 20
46.42042386758138
 10
191.6875335861224
 20
46.09533546655189
 10
191.64162772407798
 20
45.76046563129671
 10
191.59290247173874
 20
45.4178957374661
 10
191.5416786683802
 20
45.069707160710095
 10
191.48827715327772
 20
44.71798127667901
 10
191.43301876570658
 20
44.364799461022955
 10
191.37622434494227
 20
44.01224308939217
 10
191.31821473026008
 20
43.66239353743691
 10
191.25931076093548
 20
43.31733218080723
 10
191.19983327624377
 20
42.979140395153365
 10
191.1401031154604
 20
42.649899556125604
 10
191.0804411178607
 20
42.33169103937399
 10
191.02116812272
 20
42.02659622054881
 10
190.96260496931384
 20
41.73669647530022
 10
190.89573737505793
 20
41.37386250545609
 10
190.8353758083955
 20
40.97208678108382
 10
190.78399155544443
 20
40.55384361725203
 10
190.7440559023228
 20
40.141607329029114
 10
190.7180401351485
 20
39.75785223148347
 10
190.70841554003945
 20
39.42505263968377
 10
190.69619514415166
 20
39.01257125589467
 10
190.66253472851773
 20
38.5841664238053
 10
190.60951966915266
 20
38.156654553888586
 10
190.5392353420711
 20
37.74685205661768
 10
190.4537671232877
 20
37.371575342465746
 10
190.35557282063752
 20
36.94365576629991
 10
190.27482954951245
 20
36.49054597920133
 10
190.219892961087
 20
36.06627804052829
 10
190.19911870653593
 20
35.7248840096392
 10
190.1823190104197
 20
35.43923284023862
 10
190.13692034660755
 20
35.05640725553843
 10
190.06824446257104
 20
34.61092780348372
 10
189.98161310578163
 20
34.1373150320195
 10
189.88234802371073
 20
33.670089489091254
 10
189.82370839962616
 20
33.39767217990385
 10
189.76400694778718
 20
33.08903330181141
 10
189.704556417336
 20
32.75288396344308
 10
189.64666955741487
 20
32.397935273428175
 10
189.5916591171662
 20
32.03289834039572
 10
189.5408378457322
 20
31.666484272975026
 10
189.4955184922553
 20
31.307404179795242
 10
189.45701380587764
 20
30.964369169485508
 10
189.4266365357416
 20
30.646090350674967
 10
189.39654487100918
 20
30.29745686381125
 10
189.36834526030478
 20
29.983751243055963
 10
189.34076323599444
 20
29.698026627793297
 10
189.3125243304445
 20
29.43333615740727
 10
189.2823540760209
 20
29.182732971281894
 10
189.24897800509
 20
28.93927020880119
 10
189.21112165001796
 20
28.69600100934929
 10
189.1675105431708
 20
28.44597851231009
 10
189.11687021691483
 20
28.18225585706773
 10
189.05792620361612
 20
27.89788618300622
 10
188.98940403564092
 20
27.585922629509582
 10
188.91002924535533
 20
27.239418335961886
 10
188.81852736512556
 20
26.851426441747265
 10
188.71362392731774
 20
26.415000086249563
 10
188.594044464298
 20
25.923192408852913
 10
188.45851450843264
 20
25.369056548941444
 10
188.3807774533134
 20
25.056139489526856
 10
188.30259096185964
 20
24.750560456998983
 10
188.22367083592553
 20
24.451550718281737
 10
188.14373287736555
 20
24.15834154029949
 10
188.0624928880342
 20
23.87016418997564
 10
187.9796666697856
 20
23.586249934234843
 10
187.8949700244743
 20
23.30583004000067
 10
187.8081187539546
 20
23.02813577419721
 10
187.71882866008102
 20
22.752398403748543
 10
187.62681554470785
 20
22.477849195578585
 10
187.53179520968948
 20
22.20371941661125
 10
187.43348345688028
 20
21.929240333770792
 10
187.33159608813463
 20
21.653643213980956
 10
187.22584890530695
 20
21.376159324165883
 10
187.1159577102516
 20
21.096019931249486
 10
187.00163830482296
 20
20.812456302155795
 10
186.88260649087545
 20
20.524699703808892
 10
186.75857807026338
 20
20.231981403132636
 10
186.62926884484122
 20
19.93353266705111
 10
186.4943946164633
 20
19.62858476248823
 10
186.35367118698397
 20
19.316368956368137
 10
186.2068143582577
 20
18.996116515614688
 10
186.05353993213882
 20
18.667058707151966
 10
185.89356371048174
 20
18.328426797903887
 10
185.72660149514078
 20
17.97945205479448
 10
185.58861367665233
 20
17.687746685981324
 10
185.44501379895843
 20
17.37492506149465
 10
185.29808842625906
 20
17.046458013852998
 10
185.150124122754
 20
16.70781637557502
 10
185.00340745264305
 20
16.364470979179316
 10
184.86022498012628
 20
16.02189265718431
 10
184.72286326940346
 20
15.6855522421086
 10
184.59360888467452
 20
15.360920566470782
 10
184.47474839013938
 20
15.05346846278934
 10
184.36856834999784
 20
14.768666763582814
 10
184.27735532844986
 20
14.51198630136986
 10
184.14165858255404
 20
14.116153573734891
 10
184.03000755658252
 20
13.780862359637695
 10
183.93987822453553
 20
13.49091689348569
 10
183.86874656041326
 20
13.23112140968641
 10
183.81408853821586
 20
12.986280142646876
 10
183.7733801319436
 20
12.741197326774568
 10
183.74409731559663
 20
12.480677196476847
 10
183.72371606317523
 20
12.189523986160964
 10
183.7097123486796
 20
11.852541930234281
 10
183.69956214610988
 20
11.454535263104276
 10
183.69074142946633
 20
10.980308219178028
 10
183.67962730250647
 20
10.457721034604276
 10
183.6653299954116
 20
9.964118182188145
 10
183.64878093521253
 20
9.521482576901292
 10
183.63091154894005
 20
9.151797133715206
 10
183.612653263625
 20
8.87704476760149
 10
183.59493750629812
 20
8.719208393531687
 10
183.51265740982595
 20
8.529501017928112
 10
183.34932976666943
 20
8.36464363718801
 10
183.11803427932438
 20
8.22830812440884
 10
182.83185065028653
 20
8.124166352688292
 10
182.50385858205175
 20
8.055890195123823
 10
182.14713777711574
 20
8.027151524813064
 10
181.77476793797433
 20
8.041622214853419
 10
181.3998287671233
 20
8.102974138342574
  0
LWPOLYLINE
  5
37
330
17
100
AcDbEntity
  8
IC_DELIKLER
100
AcDbPolyline
 90
1087
 70
1
 10
232.96232876712332
 20
8.050770606605283
 10
232.66600964438888
 20
8.11031557592429
 10
232.39561295850328
 20
8.187455132640025
 10
232.140011360903
 20
8.28874508009892
 10
231.8880775030246
 20
8.420741221647575
 10
231.6286840363045
 20
8.589999360632191
 10
231.35070361217927
 20
8.803075300399428
 10
231.04300888208536
 20
9.066524844295657
 10
230.6944724974593
 20
9.386903795667422
 10
230.28493940097388
 20
9.759959428629656
 10
229.92905975071545
 20
10.056520144486797
 10
229.62292144009464
 20
10.279434540911211
 10
229.36261236252219
 20
10.431551215575496
 10
229.14422041140853
 20
10.515718766152247
 10
228.95139720749052
 20
10.551777565557927
 10
228.65398346343983
 20
10.590077718003101
 10
228.2741659016732
 20
10.628584558785235
 10
227.83413124460756
 20
10.665263423201907
 10
227.35606621465973
 20
10.698079646550298
 10
226.8621575342466
 20
10.724998564128157
 10
226.51967700825625
 20
10.743130927319555
 10
226.1573527570927
 20
10.765958269617556
 10
225.783990907953
 20
10.792710056358317
 10
225.40839758803426
 20
10.82261575287788
 10
225.03937892453374
 20
10.854904824512062
 10
224.6857410446486
 20
10.888806736597076
 10
224.35629007557594
 20
10.923550954468794
 10
224.05983214451308
 20
10.958366943463204
 10
223.80517337865706
 20
10.992484168916405
 10
223.55242433008613
 20
11.031961775655304
 10
223.2882050883173
 20
11.078552440828446
 10
223.01339810854319
 20
11.131949268596884
 10
222.72888584595626
 20
11.191845363121956
 10
222.4355507557492
 20
11.257933828564887
 10
222.1342752931145
 20
11.329907769086788
 10
221.82594191324483
 20
11.407460288848938
 10
221.51143307133273
 20
11.49028449201245
 10
221.1916312225708
 20
11.578073482738546
 10
220.86741882215156
 20
11.670520365188452
 10
220.5396783252677
 20
11.767318243523334
 10
220.20929218711166
 20
11.868160221904418
 10
219.87714286287616
 20
11.97273940449304
 10
219.54411280775366
 20
12.080748895450085
 10
219.21108447693686
 20
12.191881798937004
 10
218.87894032561823
 20
12.305831219114907
 10
218.54856280899045
 20
12.422290260145019
 10
218.22083438224604
 20
12.540952026188563
 10
217.89663750057758
 20
12.661509621406594
 10
217.57685461917765
 20
12.783656149960564
 10
217.26236819323884
 20
12.907084716011468
 10
216.95406067795375
 20
13.031488423720589
 10
216.652814528515
 20
13.156560377249093
 10
216.35951220011506
 20
13.281993680758205
 10
216.07503614794658
 20
13.407481438409093
 10
215.80026882720213
 20
13.532716754363037
 10
215.53609269307432
 20
13.657392732781148
 10
215.28339020075566
 20
13.78120247782465
 10
215.04304380543883
 20
13.903839093654767
 10
214.81593596231633
 20
14.024995684432668
 10
214.60294912658074
 20
14.144365354319575
 10
214.40496575342468
 20
14.261641207476657
 10
213.96551262842468
 20
14.519601252106668
 10
213.52846746575344
 20
14.758233117708585
 10
213.1443974743151
 20
14.950971482194802
 10
212.86386986301372
 20
15.071251023477828
 10
212.72405794485624
 20
15.123835555860865
 10
212.5584015944089
 20
15.191400556650933
 10
212.36829389414982
 20
15.273252923059488
 10
212.1551279265569
 20
15.368699552297812
 10
211.92029677410807
 20
15.477047341577475
 10
211.66519351928142
 20
15.597603188109588
 10
211.39121124455477
 20
15.72967398910589
 10
211.09974303240614
 20
15.87256664177761
 10
210.79218196531355
 20
16.0255880433362
 10
210.46992112575495
 20
16.188045090993
 10
210.1343535962082
 20
16.35924468195958
 10
209.78687245915148
 20
16.538493713447167
 10
209.42887079706256
 20
16.725099082667157
 10
209.06174169241956
 20
16.918367686831118
 10
208.6868782277003
 20
17.117606423150335
 10
208.30567348538293
 20
17.322122188836204
 10
207.91952054794524
 20
17.53122188110018
 10
207.53234654256747
 20
17.741107007735366
 10
207.14581215218325
 20
17.94926769165147
 10
206.77018884110126
 20
18.15026449051129
 10
206.41574807363017
 20
18.338657961977276
 10
206.0927613140786
 20
18.509008663712166
 10
205.81150002675517
 20
18.65587715337864
 10
205.58223567596858
 20
18.77382398863932
 10
205.4152397260274
 20
18.85740972715695
 10
205.12124431333638
 20
19.00531234904946
 10
204.8052908046273
 20
19.17240216651942
 10
204.47413117591307
 20
19.354553546103944
 10
204.13451740320684
 20
19.547640854340443
 10
203.79320146252158
 20
19.74753845776604
 10
203.45693532987033
 20
19.950120722917916
 10
203.13247098126615
 20
20.151262016333362
 10
202.82656039272212
 20
20.346836704549617
 10
202.54595554025124
 20
20.532719154103745
 10
202.2974083998665
 20
20.704783731533155
 10
202.087670947581
 20
20.85890480337497
 10
201.92349515940774
 20
20.99095673616648
 10
201.68612383094197
 20
21.228572932054192
 10
201.43750626197843
 20
21.533596607358618
 10
201.20713999104467
 20
21.866727896249586
 10
201.024522556668
 20
22.18866693289675
 10
200.66352739726028
 20
22.923801369862986
 10
200.67085881656962
 20
26.198630136986253
 10
200.67819023587896
 20
29.473458904109577
 10
201.13663091926298
 20
30.757705479452
 10
201.2538593066529
 20
31.08293908346792
 10
201.3856371004498
 20
31.44309192443734
 10
201.52628630277334
 20
31.822987838305608
 10
201.67012891574322
 20
32.20745066101813
 10
201.81148694147893
 20
32.58130422852071
 10
201.94468238210013
 20
32.929372376758806
 10
202.06403723972642
 20
33.23647894167806
 10
202.20330016262736
 20
33.60644531026173
 10
202.319729443704
 20
33.951687617964524
 10
202.41603642641556
 20
34.28353962669797
 10
202.49493245422093
 20
34.613335098373625
 10
202.5591288705789
 20
34.95240779490314
 10
202.61133701894852
 20
35.31209147819811
 10
202.6542682427887
 20
35.70371991017021
 10
202.70196367343578
 20
36.12339642401389
 10
202.7634513624914
 20
36.52469221596016
 10
202.8390676292317
 20
36.90913681660618
 10
202.9291487929326
 20
37.278259756548664
 10
203.0340311728703
 20
37.633590566384726
 10
203.15405108832073
 20
37.97665877671125
 10
203.30774789778113
 20
38.41062809308687
 10
203.4464168213928
 20
38.85282887524795
 10
203.5548409829433
 20
39.25147854409988
 10
203.61780350622035
 20
39.554794520547944
 10
203.65161314178386
 20
39.71282331910845
 10
203.7154138947879
 20
39.941322640196915
 10
203.80550265280715
 20
40.22949427774506
 10
203.91817630341635
 20
40.5665400256849
 10
204.04973173419017
 20
40.94166167794839
 10
204.19646583270332
 20
41.34406102846742
 10
204.35467548653048
 20
41.76293987117401
 10
204.52065758324636
 20
42.1875
 10
204.64539995468613
 20
42.506873115280484
 10
204.77306212784828
 20
42.84477180099424
 10
204.90172530340092
 20
43.19552260119593
 10
205.02947068201217
 20
43.55345205994047
 10
205.15437946435026
 20
43.912886721282746
 10
205.27453285108322
 20
44.26815312927758
 10
205.38801204287927
 20
44.61357782797975
 10
205.49289824040653
 20
44.94348736144417
 10
205.58727264433315
 20
45.25220827372556
 10
205.66921645532724
 20
45.53406710887887
 10
205.73681087405697
 20
45.78339041095887
 10
205.8532860192604
 20
46.23033405859928
 10
205.96642308089747
 20
46.65734864582706
 10
206.07647131335312
 20
47.0652324687087
 10
206.1836799710122
 20
47.45478382331103
 10
206.2882983082598
 20
47.82680100570059
 10
206.39057557948087
 20
48.18208231194407
 10
206.4907610390601
 20
48.52142603810816
 10
206.58910394138258
 20
48.84563048025947
 10
206.68585354083328
 20
49.15549393446466
 10
206.78125909179704
 20
49.451814696790336
 10
206.87556984865887
 20
49.73539106330327
 10
206.96903506580372
 20
50.00702133006996
 10
207.06190399761644
 20
50.26750379315715
 10
207.15442589848203
 20
50.517636748631446
 10
207.24685002278537
 20
50.75821849255959
 10
207.33942562491146
 20
50.99004732100812
 10
207.43240195924514
 20
51.21392153004376
 10
207.5556475749261
 20
51.51789164180292
 10
207.68398593489684
 20
51.85791782105238
 10
207.81252796214983
 20
52.21945400964273
 10
207.9363845796774
 20
52.587954149424604
 10
208.05066671047186
 20
52.94887218224886
 10
208.1504852775255
 20
53.28766204996623
 10
208.23095120383064
 20
53.58977769442734
 10
208.27904058759648
 20
53.77485634553477
 10
208.3416410211398
 20
54.00150063455885
 10
208.4172807766202
 20
54.264950296922706
 10
208.5044881261976
 20
54.5604450680496
 10
208.60179134203173
 20
54.88322468336281
 10
208.70771869628243
 20
55.22852887828543
 10
208.8207984611095
 20
55.59159738824084
 10
208.9395589086727
 20
55.967669948652116
 10
209.06252831113187
 20
56.35198629494255
 10
209.1882349406468
 20
56.739786162535324
 10
209.31520706937727
 20
57.12630928685371
 10
209.44197296948312
 20
57.506795403320865
 10
209.6063634481561
 20
58.002866984886765
 10
209.76131343226524
 20
58.48273138417869
 10
209.90417958333254
 20
58.937386513819234
 10
210.03231856288008
 20
59.3578302864307
 10
210.14308703243006
 20
59.73506061463553
 10
210.23384165350453
 20
60.06007541105606
 10
210.30193908762558
 20
60.32387258831466
 10
210.34473599631534
 20
60.517450059033735
 10
210.35958904109592
 20
60.631805735835684
 10
210.41180650754822
 20
60.95932772634748
 10
210.54870094662573
 20
61.44179477428756
 10
210.74063541790971
 20
61.97475525072042
 10
210.9028840614163
 20
62.39751906944389
 10
211.06296823820287
 20
62.84514144789506
 10
211.2024402089769
 20
63.264246226822024
 10
211.30285223444574
 20
63.60145724697273
 10
211.4161618553036
 20
64.02018204634084
 10
211.52661558675672
 20
64.4210846826538
 10
211.63453964931105
 20
64.80509089505762
 10
211.74026026347266
 20
65.17312642269832
 10
211.84410364974784
 20
65.52611700472173
 10
211.94639602864268
 20
65.8649883802737
 10
212.04746362066317
 20
66.1906662885003
 10
212.14763264631551
 20
66.50407646854745
 10
212.2472293261058
 20
66.80614465956117
 10
212.34657988054022
 20
67.09779660068722
 10
212.4460105301248
 20
67.37995803107165
 10
212.54584749536568
 20
67.65355468986036
 10
212.64641699676898
 20
67.91951231619936
 10
212.74804525484083
 20
68.17875664923451
 10
212.85105849008738
 20
68.43221342811177
 10
212.95578292301465
 20
68.68080839197711
 10
213.06254477412887
 20
68.92546727997646
 10
213.17167026393605
 20
69.16711583125567
 10
213.28348561294234
 20
69.40667978496086
 10
213.39831704165388
 20
69.64508488023779
 10
213.5164907705768
 20
69.88325685623252
 10
213.66305818104678
 20
70.20397310175034
 10
213.800629081364
 20
70.5604576380714
 10
213.9217453499206
 20
70.9299573393047
 10
214.0189488651088
 20
71.28971907955943
 10
214.08478150532048
 20
71.61698973294486
 10
214.13206256583726
 20
71.90486040759205
 10
214.18404697464052
 20
72.19615997601218
 10
214.24087031385974
 20
72.49142858492647
 10
214.30266816562477
 20
72.79120638105579
 10
214.36957611206518
 20
73.09603351112122
 10
214.4417297353106
 20
73.40645012184382
 10
214.5192646174907
 20
73.72299635994463
 10
214.60231634073517
 20
74.04621237214471
 10
214.6910204871735
 20
74.37663830516513
 10
214.78551263893547
 20
74.71481430572686
 10
214.88592837815077
 20
75.06128052055098
 10
214.9924032869489
 20
75.41657709635854
 10
215.10507294745963
 20
75.78124417987061
 10
215.22407294181255
 20
76.1558219178082
 10
215.34747450377574
 20
76.54489621190933
 10
215.471182352537
 20
76.94537147050596
 10
215.59080870848382
 20
77.34230849874197
 10
215.70196579200365
 20
77.7207681017612
 10
215.8002658234837
 20
78.06581108470783
 10
215.88132102331144
 20
78.36249825272569
 10
215.94074361187424
 20
78.59589041095887
 10
216.01949970039485
 20
78.91489726027388
 10
216.11808794434228
 20
79.29940068493147
 10
216.22799180814525
 20
79.71703767123284
 10
216.34069475623238
 20
80.13544520547941
 10
216.447680253032
 20
80.52226027397259
 10
216.52816390137465
 20
80.80925006989091
 10
216.622076173548
 20
81.1453819541515
 10
216.72515461591098
 20
81.51532359519149
 10
216.83313677482232
 20
81.90374266144806
 10
216.94176019664073
 20
82.29530682135868
 10
217.046762427725
 20
82.67468374336033
 10
217.1438810144339
 20
83.0265410958904
 10
217.2518312186769
 20
83.39859110555713
 10
217.3724842872178
 20
83.7792975222761
 10
217.50361298121376
 20
84.16353281750378
 10
217.64299006182225
 20
84.54616946269678
 10
217.7883882902003
 20
84.92207992931179
 10
217.9375804275051
 20
85.28613668880544
 10
218.08833923489394
 20
85.63321221263439
 10
218.23843747352402
 20
85.95817897225515
 10
218.38564790455257
 20
86.25590943912451
 10
218.5277432891367
 20
86.52127608469891
 10
218.66249638843388
 20
86.74915138043502
 10
218.787679963601
 20
86.93440779778962
 10
218.90106677579553
 20
87.07191780821915
 10
219.08795961427944
 20
87.29442598874843
 10
219.24495014388907
 20
87.5423318206627
 10
219.3747531585863
 20
87.82397922975596
 10
219.48008345233285
 20
88.14771214182218
 10
219.5636558190903
 20
88.52187448265568
 10
219.62818505282056
 20
88.95481017805045
 10
219.67638594748522
 20
89.45486315380063
 10
219.70470373117095
 20
89.75240677858645
 10
219.74498926379252
 20
90.05800264372141
 10
219.7975659103632
 20
90.37315105097267
 10
219.8627570358962
 20
90.69935230210731
 10
219.94088600540465
 20
91.03810669889242
 10
220.0322761839017
 20
91.39091454309519
 10
220.13725093640053
 20
91.75927613648261
 10
220.2561336279144
 20
92.14469178082189
 10
220.35065307200148
 20
92.44619263539309
 10
220.45208640096158
 20
92.77965187350807
 10
220.55788324237383
 20
93.13610724649533
 10
220.6654932238176
 20
93.50659650568315
 10
220.77236597287236
 20
93.88215740239988
 10
220.87595111711747
 20
94.25382768797394
 10
220.97369828413224
 20
94.6126451137336
 10
221.06305710149618
 20
94.94964743100724
 10
221.14147719678854
 20
95.25587239112318
 10
221.27419048894637
 20
95.77824070662967
 10
221.4005170211391
 20
96.25966278789022
 10
221.5211868551175
 20
96.70227864552976
 10
221.6369300526323
 20
97.10822829017323
 10
221.74847667543432
 20
97.47965173244569
 10
221.85655678527417
 20
97.81868898297222
 10
221.96190044390275
 20
98.12748005237788
 10
222.06523771307064
 20
98.4081649512876
 10
222.1672986545287
 20
98.66288369032645
 10
222.26881333002763
 20
98.89377628011954
 10
222.37051180131823
 20
99.10298273129177
 10
222.47312413015115
 20
99.29264305446821
 10
222.5773803782772
 20
99.46489726027394
 10
222.69879757600935
 20
99.65802814040399
 10
222.79493561624506
 20
99.8303583681959
 10
222.87011319097954
 20
100.00527380896278
 10
222.92864899220834
 20
100.20616032801752
 10
222.9748617119269
 20
100.45640379067302
 10
223.01307004213066
 20
100.77939006224227
 10
223.0475926748151
 20
101.19850500803818
 10
223.08274830197558
 20
101.73713449337367
 10
223.12285561560765
 20
102.41866438356163
 10
223.1474500141061
 20
102.86740537119991
 10
223.1685868275647
 20
103.30355014127034
 10
223.18627203188467
 20
103.72679148822726
 10
223.20051160296748
 20
104.13682220652512
 10
223.21131151671435
 20
104.53333509061866
 10
223.2186777490265
 20
104.91602293496231
 10
223.22261627580528
 20
105.28457853401068
 10
223.2231330729521
 20
105.63869468221824
 10
223.22023411636823
 20
105.97806417403945
 10
223.21392538195485
 20
106.30237980392906
 10
223.2042128456134
 20
106.61133436634145
 10
223.19110248324512
 20
106.90462065573115
 10
223.17460027075137
 20
107.18193146655273
 10
223.15471218403343
 20
107.44295959326075
 10
223.13144419899265
 20
107.68739783030972
 10
223.1048022915302
 20
107.9149389721542
 10
223.07479243754756
 20
108.12527581324869
 10
223.04142061294596
 20
108.31810114804773
 10
223.00469279362667
 20
108.49310777100587
 10
222.9346293931489
 20
108.76735169254096
 10
222.84598617036835
 20
109.06754599679792
 10
222.74099651055093
 20
109.38828433343426
 10
222.62189379896242
 20
109.72416035210722
 10
222.4909114208686
 20
110.06976770247434
 10
222.35028276153542
 20
110.41970003419286
 10
222.20224120622856
 20
110.76855099692028
 10
222.04902014021397
 20
111.11091424031395
 10
221.8928529487574
 20
111.44138341403121
 10
221.7359730171247
 20
111.75455216772946
 10
221.58061373058172
 20
112.04501415106617
 10
221.42900847439424
 20
112.30736301369862
 10
221.28269300582468
 20
112.53904922884269
 10
221.12679045895493
 20
112.7660001985119
 10
220.96155258298873
 20
112.9880720832019
 10
220.7872311271295
 20
113.20512104340787
 10
220.60407784058086
 20
113.41700323962525
 10
220.41234447254658
 20
113.6235748323493
 10
220.21228277222986
 20
113.82469198207556
 10
220.0041444888347
 20
114.02021084929922
 10
219.78818137156426
 20
114.20998759451581
 10
219.56464516962257
 20
114.39387837822053
 10
219.3337876322128
 20
114.57173936090896
 10
219.0958605085389
 20
114.74342670307618
 10
218.8511155478041
 20
114.90879656521776
 10
218.59980449921218
 20
115.06770510782903
 10
218.3421791119667
 20
115.22000849140534
 10
218.07849113527112
 20
115.36556287644208
 10
217.80899231832922
 20
115.50422442343458
 10
217.53393441034444
 20
115.63584929287822
 10
217.25356916052036
 20
115.76029364526835
 10
216.9681483180606
 20
115.87741364110039
 10
216.67792363216873
 20
115.98706544086966
 10
216.38314685204836
 20
116.08910520507155
 10
216.08406972690304
 20
116.1833890942014
 10
215.78094400593636
 20
116.26977326875456
 10
215.47402143835183
 20
116.34811388922648
 10
215.16355377335313
 20
116.41826711611242
 10
214.84979276014377
 20
116.48008910990788
 10
214.53299014792736
 20
116.53343603110807
 10
214.21339768590747
 20
116.57816404020846
 10
213.8912671232877
 20
116.61412929770438
 10
213.31065030175594
 20
116.67308326751075
 10
212.77476168513613
 20
116.73265640070969
 10
212.2822982118911
 20
116.7934853559089
 10
211.83195682048378
 20
116.85620679171578
 10
211.42243444937736
 20
116.9214573667378
 10
211.05242803703487
 20
116.98987373958224
 10
210.72063452191918
 20
117.06209256885674
 10
210.4257508424933
 20
117.13875051316867
 10
210.16647393722027
 20
117.22048423112551
 10
209.9415007445632
 20
117.30793038133464
 10
209.74952820298495
 20
117.40172562240366
 10
209.58925325094862
 20
117.50250661293987
 10
209.4593728269171
 20
117.61091001155083
 10
209.35858386935357
 20
117.72757247684387
 10
209.2855833167209
 20
117.85313066742654
 10
209.23906810748213
 20
117.98822124190627
 10
209.21773518010028
 20
118.1334808588905
 10
209.22028147303843
 20
118.28954617698665
 10
209.2454039247594
 20
118.45705385480224
 10
209.29179947372634
 20
118.63664055094466
 10
209.35816505840222
 20
118.82894292402139
 10
209.3638075299055
 20
118.84271847171632
 10
209.37321299276246
 20
118.86435188267603
 10
209.38634829691017
 20
118.89377355549951
 10
209.40318029228573
 20
118.9309138887858
 10
209.423675828826
 20
118.97570328113409
 10
209.4478017564681
 20
119.02807213114332
 10
209.47552492514907
 20
119.08795083741259
 10
209.50681218480585
 20
119.15526979854096
 10
209.54163038537553
 20
119.22995941312757
 10
209.57994637679502
 20
119.31195007977135
 10
209.62172700900157
 20
119.40117219707145
 10
209.66693913193203
 20
119.49755616362694
 10
209.7155495955234
 20
119.60103237803685
 10
209.76752524971278
 20
119.71153123890022
 10
209.82283294443715
 20
119.82898314481622
 10
209.88143952963355
 20
119.95331849438381
 10
209.94331185523907
 20
120.08446768620203
 10
210.00841677119064
 20
120.22236111887003
 10
210.0767211274252
 20
120.3669291909869
 10
210.14819177388
 20
120.5181023011516
 10
210.22279556049185
 20
120.6758108479633
 10
210.3004993371979
 20
120.83998523002094
 10
210.38126995393517
 20
121.01055584592368
 10
210.4650742606406
 20
121.18745309427055
 10
210.55187910725118
 20
121.37060737366062
 10
210.64165134370404
 20
121.55994908269295
 10
210.73435781993618
 20
121.75540861996666
 10
210.82996538588466
 20
121.95691638408067
 10
210.92844089148645
 20
122.16440277363415
 10
211.02975118667854
 20
122.37779818722615
 10
211.13386312139798
 20
122.59703302345574
 10
211.24074354558175
 20
122.82203768092202
 10
211.35035930916698
 20
123.05274255822391
 10
211.46267726209058
 20
123.28907805396065
 10
211.57766425428966
 20
123.5309745667312
 10
211.69528713570122
 20
123.77836249513467
 10
211.81551275626217
 20
124.03117223777014
 10
211.9383079659097
 20
124.28933419323661
 10
212.06363961458075
 20
124.55277876013312
 10
212.19147455221238
 20
124.8214363370588
 10
212.3217796287415
 20
125.09523732261272
 10
212.4545216941052
 20
125.37411211539393
 10
212.5896675982405
 20
125.65799111400153
 10
212.72718419108458
 20
125.94680471703444
 10
212.86703832257422
 20
126.24048332309192
 10
213.00919684264653
 20
126.53895733077289
 10
213.15362660123853
 20
126.84215713867647
 10
213.30029444828727
 20
127.15001314540174
 10
213.44916723372975
 20
127.4624557495477
 10
213.60021180750303
 20
127.7794153497135
 10
213.75339501954403
 20
128.10082234449814
 10
213.90868371978988
 20
128.4266071325007
 10
214.06604475817753
 20
128.75670011232026
 10
214.22544498464407
 20
129.09103168255587
 10
214.38685124912644
 20
129.42953224180658
 10
214.55023040156172
 20
129.77213218867146
 10
214.7155492918869
 20
130.1187619217496
 10
214.88277477003902
 20
130.46935183964007
 10
215.05187368595512
 20
130.82383234094186
 10
215.22281288957217
 20
131.18213382425412
 10
215.39555923082725
 20
131.54418668817587
 10
215.57007955965733
 20
131.9099213313062
 10
215.7463407259995
 20
132.2792681522441
 10
215.92430957979064
 20
132.65215754958874
 10
216.10395297096795
 20
133.0285199219391
 10
216.2852377494683
 20
133.40828566789435
 10
216.46813076522886
 20
133.79138518605342
 10
216.65259886818654
 20
134.17774887501542
 10
216.8386089082784
 20
134.56730713337947
 10
217.02612773544143
 20
134.95999035974458
 10
217.2151221996127
 20
135.35572895270982
 10
217.40555915072923
 20
135.75445331087425
 10
217.59740543872798
 20
136.15609383283697
 10
217.790627913546
 20
136.56058091719703
 10
217.98519342512034
 20
136.96784496255344
 10
218.18106882338805
 20
137.37781636750535
 10
218.37822095828608
 20
137.79042553065176
 10
218.57661667975145
 20
138.20560285059176
 10
218.7762228377212
 20
138.62327872592442
 10
218.9770062821324
 20
139.04338355524874
 10
219.17893386292204
 20
139.4658477371639
 10
219.38197243002713
 20
139.89060167026886
 10
219.58608883338468
 20
140.31757575316274
 10
219.7912499229317
 20
140.7467003844446
 10
219.9974225486053
 20
141.17790596271348
 10
220.20457356034242
 20
141.61112288656844
 10
220.4126698080801
 20
142.04628155460858
 10
220.62167814175535
 20
142.48331236543294
 10
220.83156541130523
 20
142.92214571764057
 10
221.04229846666675
 20
143.36271200983057
 10
221.25384415777685
 20
143.80494164060198
 10
221.51945138399475
 20
144.36011684351945
 10
221.78185750922285
 20
144.9085082226975
 10
222.0410722772579
 20
145.45013580158334
 10
222.29710543189688
 20
145.98501960362395
 10
222.5499667169364
 20
146.51317965226661
 10
222.79966587617352
 20
147.03463597095842
 10
223.04621265340495
 20
147.54940858314646
 10
223.28961679242767
 20
148.05751751227783
 10
223.52988803703835
 20
148.55898278179978
 10
223.76703613103388
 20
149.05382441515934
 10
224.0010708182112
 20
149.5420624358036
 10
224.23200184236703
 20
150.02371686717981
 10
224.45983894729832
 20
150.49880773273497
 10
224.68459187680185
 20
150.9673550559163
 10
224.90627037467436
 20
151.42937886017097
 10
225.12488418471293
 20
151.8848991689459
 10
225.3404430507142
 20
152.33393600568834
 10
225.55295671647508
 20
152.77650939384554
 10
225.7624349257924
 20
153.21263935686446
 10
225.9688874224631
 20
153.64234591819223
 10
226.1723239502838
 20
154.06564910127614
 10
226.3727542530515
 20
154.4825689295631
 10
226.57018807456305
 20
154.89312542650035
 10
226.76463515861522
 20
155.29733861553507
 10
226.9561052490049
 20
155.69522852011428
 10
227.14460808952893
 20
156.08681516368515
 10
227.33015342398406
 20
156.47211856969483
 10
227.51275099616726
 20
156.8511587615904
 10
227.69241054987523
 20
157.22395576281903
 10
227.86914182890507
 20
157.59052959682782
 10
228.0429545770534
 20
157.95090028706386
 10
228.213858538117
 20
158.30508785697438
 10
228.38186345589278
 20
158.6531123300065
 10
228.54697907417778
 20
158.99499372960724
 10
228.70921513676865
 20
159.33075207922374
 10
228.8685813874622
 20
159.66040740230324
 10
229.02508757005535
 20
159.9839797222928
 10
229.1787434283449
 20
160.30148906263955
 10
229.32955870612778
 20
160.61295544679055
 10
229.47754314720075
 20
160.91839889819298
 10
229.62270649536057
 20
161.21783944029409
 10
229.76505849440423
 20
161.51129709654083
 10
229.90460888812856
 20
161.79879189038036
 10
230.04136742033035
 20
162.08034384525988
 10
230.17534383480643
 20
162.35597298462642
 10
230.30654787535357
 20
162.62569933192725
 10
230.4349892857688
 20
162.88954291060935
 10
230.56067780984887
 20
163.14752374411992
 10
230.68362319139058
 20
163.39966185590606
 10
230.8038351741908
 20
163.64597726941494
 10
230.92132350204636
 20
163.88649000809363
 10
231.0360979187541
 20
164.12122009538933
 10
231.14816816811094
 20
164.35018755474906
 10
231.25754399391357
 20
164.57341240962003
 10
231.36423513995894
 20
164.79091468344936
 10
231.4682513500439
 20
165.00271439968415
 10
231.56960236796522
 20
165.20883158177156
 10
231.6682979375198
 20
165.40928625315865
 10
231.76434780250446
 20
165.6040984372926
 10
231.85776170671602
 20
165.7932881576206
 10
231.94854939395134
 20
165.97687543758965
 10
232.0367206080073
 20
166.15488030064697
 10
232.12228509268064
 20
166.32732277023962
 10
232.2052525917683
 20
166.49422286981476
 10
232.28563284906707
 20
166.65560062281955
 10
232.3634356083738
 20
166.81147605270104
 10
232.43867061348536
 20
166.9618691829064
 10
232.51134760819858
 20
167.1068000368828
 10
232.5814763363102
 20
167.24628863807726
 10
232.6490665416172
 20
167.38035500993703
 10
232.7141279679164
 20
167.50901917590917
 10
232.77667035900456
 20
167.6323011594408
 10
232.83670345867858
 20
167.75022098397906
 10
232.89423701073528
 20
167.8627986729711
 10
232.94928075897155
 20
167.97005424986398
 10
233.00184444718414
 20
168.07200773810496
 10
233.05193781917
 20
168.168679161141
 10
233.0995706187259
 20
168.2600885424193
 10
233.14475258964865
 20
168.34625590538707
 10
233.18749347573515
 20
168.4272012734913
 10
233.22780302078223
 20
168.5029446701792
 10
233.26569096858674
 20
168.57350611889788
 10
233.30116706294547
 20
168.63890564309443
 10
233.33424104765535
 20
168.69916326621606
 10
233.3649226665131
 20
168.75429901170986
 10
233.39322166331564
 20
168.8043329030229
 10
233.4191477818599
 20
168.84928496360234
 10
233.44271076594256
 20
168.88917521689532
 10
233.46392035936046
 20
168.924023686349
 10
233.48278630591057
 20
168.95385039541046
 10
233.49931834938968
 20
168.97867536752682
 10
233.51352623359455
 20
168.99851862614526
 10
233.7343303287672
 20
169.31350145967153
 10
233.92087795572695
 20
169.6271523724965
 10
234.07679638133206
 20
169.94691017025147
 10
234.20571287244076
 20
170.280213658568
 10
234.3112546959112
 20
170.63450164307747
 10
234.34845431351897
 20
170.75937166724302
 10
234.405633571938
 20
170.9251642672373
 10
234.48139246600422
 20
171.12860402322485
 10
234.57433099055413
 20
171.36641551536985
 10
234.68304914042375
 20
171.6353233238368
 10
234.80614691044934
 20
171.93205202878997
 10
234.94222429546713
 20
172.2533262103937
 10
235.08988129031326
 20
172.59587044881246
 10
235.24771788982383
 20
172.95640932421057
 10
235.4143340888353
 20
173.3316674167524
 10
235.58832988218361
 20
173.71836930660223
 10
235.76830526470516
 20
174.11323957392452
 10
235.952860231236
 20
174.51300279888358
 10
236.14059477661237
 20
174.91438356164383
 10
236.46933987591134
 20
175.61159364124018
 10
236.76135640088503
 20
176.2283764460497
 10
237.0193933699961
 20
176.76988195906034
 10
237.24619980170726
 20
177.24126016326022
 10
237.4445247144813
 20
177.64766104163732
 10
237.61711712678087
 20
177.9942345771796
 10
237.76672605706875
 20
178.2861307528751
 10
237.8961005238076
 20
178.52849955171183
 10
238.00798954546025
 20
178.72649095667782
 10
238.10514214048922
 20
178.88525495076112
 10
238.1903073273574
 20
179.0099415169497
 10
238.26623412452747
 20
179.10570063823158
 10
238.33567155046205
 20
179.1776822975948
 10
238.401368623624
 20
179.23103647802736
 10
238.46607436247595
 20
179.27091316251727
 10
238.5968089831728
 20
179.31795931811052
 10
238.8558544871338
 20
179.39197414219703
 10
239.22116029667055
 20
179.48736734555973
 10
239.6706758340947
 20
179.59854863898147
 10
240.1823505217179
 20
179.71992773324519
 10
240.73413378185177
 20
179.84591433913369
 10
241.13872687697207
 20
179.93953279564653
 10
241.5251917127646
 20
180.03527689250512
 10
241.89418381413194
 20
180.13356410358762
 10
242.24635870597672
 20
180.234811902772
 10
242.5823719132018
 20
180.3394377639362
 10
242.9028789607095
 20
180.4478591609584
 10
243.20853537340258
 20
180.5604935677165
 10
243.49999667618368
 20
180.6777584580885
 10
243.7779183939555
 20
180.80007130595243
 10
244.04295605162062
 20
180.9278495851864
 10
244.29576517408174
 20
181.0615107696683
 10
244.53700128624132
 20
181.20147233327626
 10
244.76731991300215
 20
181.34815174988822
 10
244.98737657926682
 20
181.5019664933822
 10
245.197826809938
 20
181.66333403763628
 10
245.39932612991828
 20
181.8326718565284
 10
245.5925300641103
 20
182.0103974239366
 10
245.77809413741673
 20
182.19692821373894
 10
245.95667387474018
 20
182.39268169981338
 10
246.1289248009833
 20
182.59807535603795
 10
246.29550244104868
 20
182.8135266562907
 10
246.45706231983905
 20
183.03945307444957
 10
246.61425996225694
 20
183.27627208439267
 10
246.7677508932051
 20
183.52440115999798
 10
246.91819063758606
 20
183.7842577751435
 10
247.07191575347508
 20
184.07931597900347
 10
247.23297249978012
 20
184.42567199293717
 10
247.39295822991852
 20
184.80265289296796
 10
247.54347029730783
 20
185.1895857551193
 10
247.67610605536535
 20
185.56579765541454
 10
247.7824628575086
 20
185.9106156698772
 10
247.88305639464974
 20
186.2551699315528
 10
247.99944346363705
 20
186.63063821915176
 10
248.12478307679163
 20
187.01641907719466
 10
248.2522342464347
 20
187.391911050202
 10
248.37495598488752
 20
187.73651268269435
 10
248.4861073044712
 20
188.02962251919223
 10
248.59053750129604
 20
188.31944511049906
 10
248.69431000977718
 20
188.65477883235587
 10
248.792405049693
 20
189.01591296668994
 10
248.87980284082195
 20
189.38313679542836
 10
248.9514836029425
 20
189.73673960049825
 10
249.00242755583295
 20
190.05701066382684
 10
249.05806778618285
 20
190.41562942752523
 10
249.12943065540415
 20
190.7603125297034
 10
249.21697381464554
 20
191.09222938472232
 10
249.32115491505579
 20
191.41254940694284
 10
249.44243160778376
 20
191.7224420107259
 10
249.58126154397817
 20
192.02307661043244
 10
249.73810237478784
 20
192.31562262042337
 10
249.91341175136156
 20
192.6012494550596
 10
250.10764732484813
 20
192.88112652870203
 10
250.311173781474
 20
193.19673087712619
 10
250.46464783603892
 20
193.51976533652925
 10
250.56715496825586
 20
193.846331542381
 10
250.61778065783787
 20
194.17253113015104
 10
250.61561038449796
 20
194.49446573530906
 10
250.55972962794905
 20
194.8082369933247
 10
250.46741478646123
 20
195.0571287553546
 10
250.32379350294045
 20
195.32283128301384
 10
250.1368726234887
 20
195.5968373581084
 10
249.91465899420805
 20
195.8706397624439
 10
249.66515946120083
 20
196.13573127782618
 10
249.396380870569
 20
196.38360468606106
 10
249.11633006841478
 20
196.6057527689543
 10
248.8330139008403
 20
196.79366830831165
 10
248.5544392139477
 20
196.93884408593897
 10
248.1176287603819
 20
197.16761608115738
 10
247.80065015667788
 20
197.4183893922604
 10
247.597433573811
 20
197.69956230791286
 10
247.50190918275652
 20
198.01953311677954
 10
247.50800715448963
 20
198.38670010752537
 10
247.5137000245455
 20
198.40975732054477
 10
247.5262972217427
 20
198.44716491280928
 10
247.54568825539187
 20
198.49868614046983
 10
247.57176263480378
 20
198.56408425967717
 10
247.6044098692891
 20
198.64312252658223
 10
247.64351946815867
 20
198.73556419733586
 10
247.6889809407232
 20
198.8411725280888
 10
247.74068379629344
 20
198.95971077499206
 10
247.7985175441802
 20
199.09094219419632
 10
247.86237169369417
 20
199.2346300418525
 10
247.93213575414595
 20
199.39053757411153
 10
248.0076992348465
 20
199.55842804712415
 10
248.08895164510645
 20
199.73806471704125
 10
248.17578249423659
 20
199.92921084001364
 10
248.2680812915476
 20
200.13162967219222
 10
248.3657375463503
 20
200.3450844697278
 10
248.46864076795546
 20
200.56933848877122
 10
248.57668046567377
 20
200.80415498547336
 10
248.6897461488159
 20
201.04929721598506
 10
248.80772732669277
 20
201.30452843645716
 10
248.930513508615
 20
201.56961190304054
 10
249.05799420389334
 20
201.84431087188597
 10
249.19005892183853
 20
202.1283885991444
 10
249.3265971717613
 20
202.42160834096654
 10
249.46749846297251
 20
202.7237333535034
 10
249.6126523047828
 20
203.03452689290572
 10
249.76194820650295
 20
203.35375221532433
 10
249.91527567744373
 20
203.68117257691017
 10
250.0725242269158
 20
204.01655123381403
 10
250.23358336423
 20
204.35965144218676
 10
250.39834259869698
 20
204.71023645817922
 10
250.56669143962756
 20
205.06806953794228
 10
250.7385193963324
 20
205.43291393762672
 10
250.91371597812238
 20
205.80453291338347
 10
251.0921706943081
 20
206.18268972136326
 10
251.2737730542004
 20
206.56714761771707
 10
251.45841256711006
 20
206.9576698585957
 10
251.64597874234767
 20
207.35401970014996
 10
251.8363610892241
 20
207.7559603985307
 10
252.0294491170501
 20
208.16325520988886
 10
252.22513233513627
 20
208.5756673903752
 10
252.42330025279352
 20
208.99296019614056
 10
252.6238423793325
 20
209.4148968833358
 10
252.826648224064
 20
209.84124070811185
 10
253.0316072962988
 20
210.27175492661942
 10
253.23860910534754
 20
210.70620279500946
 10
253.44754316052104
 20
211.1443475694328
 10
253.65829897113
 20
211.58595250604026
 10
253.87076604648524
 20
212.0307808609827
 10
254.08483389589742
 20
212.47859589041093
 10
254.4414627441388
 20
213.2243242610429
 10
254.7876672798249
 20
213.9482291551161
 10
255.12361250825572
 20
214.6506497131487
 10
255.44946343473134
 20
215.3319250756589
 10
255.7653850645515
 20
215.99239438316485
 10
256.07154240301605
 20
216.6323967761848
 10
256.368100455425
 20
217.25227139523693
 10
256.65522422707835
 20
217.85235738083935
 10
256.9330787232759
 20
218.43299387351033
 10
257.20182894931753
 20
218.99452001376807
 10
257.46163991050315
 20
219.5372749421307
 10
257.7126766121327
 20
220.06159779911638
 10
257.9551040595063
 20
220.56782772524338
 10
258.1890872579235
 20
221.05630386102985
 10
258.41479121268435
 20
221.527365346994
 10
258.6323809290889
 20
221.98135132365394
 10
258.842021412437
 20
222.41860093152792
 10
259.04387766802836
 20
222.83945331113415
 10
259.2381147011631
 20
223.24424760299078
 10
259.4248975171411
 20
223.63332294761597
 10
259.6043911212624
 20
224.00701848552794
 10
259.77676051882656
 20
224.36567335724487
 10
259.9421707151337
 20
224.70962670328498
 10
260.1007867154838
 20
225.03921766416642
 10
260.2527735251768
 20
225.35478538040735
 10
260.3982961495123
 20
225.65666899252602
 10
260.5375195937905
 20
225.9452076410406
 10
260.6706088633113
 20
226.22074046646927
 10
260.7977289633746
 20
226.48360660933017
 10
260.91904489928004
 20
226.73414521014155
 10
261.0347216763279
 20
226.97269540942162
 10
261.14492429981794
 20
227.19959634768844
 10
261.24981777505
 20
227.41518716546034
 10
261.3495671073241
 20
227.61980700325546
 10
261.44433730194015
 20
227.81379500159193
 10
261.534293364198
 20
227.99749030098798
 10
261.61960029939763
 20
228.17123204196182
 10
261.70042311283885
 20
228.3353593650316
 10
261.77692680982165
 20
228.49021141071555
 10
261.8492763956459
 20
228.6361273195318
 10
261.9176368756115
 20
228.7734462319986
 10
261.9821732550185
 20
228.90250728863407
 10
262.04305053916664
 20
229.02364962995642
 10
262.1004337333559
 20
229.13721239648387
 10
262.1544878428862
 20
229.24353472873457
 10
262.2053778730575
 20
229.34295576722673
 10
262.2532688291696
 20
229.43581465247854
 10
262.29832571652247
 20
229.52245052500814
 10
262.340713540416
 20
229.60320252533378
 10
262.38059730615015
 20
229.67840979397363
 10
262.4181420190248
 20
229.74841147144582
 10
262.4535126843399
 20
229.8135466982686
 10
262.4868743073953
 20
229.87415461496016
 10
262.51839189349084
 20
229.93057436203867
 10
262.54823044792664
 20
229.98314508002227
 10
262.57655497600246
 20
230.03220590942922
 10
262.6035304830183
 20
230.07809599077768
 10
262.6293219742739
 20
230.1211544645858
 10
262.6540944550694
 20
230.16172047137184
 10
262.6780129307046
 20
230.20013315165392
 10
262.70124240647937
 20
230.23673164595027
 10
262.7239478876937
 20
230.27185509477903
 10
262.7462943796475
 20
230.30584263865848
 10
262.76844688764055
 20
230.33903341810668
 10
262.79057041697297
 20
230.37176657364193
 10
262.96249820270265
 20
230.65013200184012
 10
263.1514076224332
 20
230.99716116711852
 10
263.3343958862677
 20
231.368607761686
 10
263.48856020430924
 20
231.7202254777515
 10
263.6480870643183
 20
232.08614491059382
 10
263.8456763087578
 20
232.496531823118
 10
264.0561951797838
 20
232.90119265897226
 10
264.25451091955233
 20
233.24993386180495
 10
264.41431448593653
 20
233.535230884846
 10
264.59036673618226
 20
233.88479993690692
 10
264.76883780859015
 20
234.2688784744853
 10
264.9358978414607
 20
234.65770395407878
 10
265.0777169730943
 20
235.02151383218498
 10
265.20865596177543
 20
235.37059927926202
 10
265.3426716786129
 20
235.7084841918855
 10
265.4800354526745
 20
236.035553312918
 10
265.62101861302773
 20
236.35219138522217
 10
265.7658924887406
 20
236.65878315166054
 10
265.9149284088806
 20
236.95571335509578
 10
266.06839770251565
 20
237.24336673839036
 10
266.22657169871326
 20
237.52212804440703
 10
266.3897217265413
 20
237.7923820160083
 10
266.5581191150676
 20
238.05451339605676
 10
266.73203519335965
 20
238.30890692741505
 10
266.9117412904853
 20
238.55594735294574
 10
267.09750873551224
 20
238.7960194155114
 10
267.28960885750814
 20
239.02950785797472
 10
267.48831298554086
 20
239.2567974231982
 10
267.693892448678
 20
239.47827285404446
 10
267.9066185759874
 20
239.69431889337613
 10
268.1267626965367
 20
239.9053202840558
 10
268.35459613939355
 20
240.11166176894602
 10
268.59039023362584
 20
240.31372809090942
 10
268.83441630830123
 20
240.5119039928086
 10
269.0869456924874
 20
240.70657421750616
 10
269.3278748088983
 20
240.88313917172977
 10
269.58866701231966
 20
241.06600912272455
 10
269.8662491563419
 20
241.25343929714
 10
270.15754809455524
 20
241.44368492162562
 10
270.45949068054983
 20
241.63500122283082
 10
270.7690037679162
 20
241.82564342740514
 10
271.0830142102445
 20
242.01386676199803
 10
271.39844886112496
 20
242.19792645325896
 10
271.7122345741479
 20
242.37607772783744
 10
272.0212982029036
 20
242.54657581238288
 10
272.3225666009823
 20
242.70767593354483
 10
272.61296662197446
 20
242.8576333179727
 10
272.88942511947005
 20
242.994703192316
 10
273.1488689470596
 20
243.1171407832242
 10
273.38822495833335
 20
243.22320131734676
 10
273.60442000688147
 20
243.31114002133316
 10
273.7943809462943
 20
243.3792121218329
 10
273.92426372903066
 20
243.42280136152664
 10
274.04849554225234
 20
243.46755381625675
 10
274.17109298035183
 20
243.51609373627863
 10
274.29607263772095
 20
243.5710453718478
 10
274.4274511087521
 20
243.6350329732196
 10
274.5692449878373
 20
243.71068079064963
 10
274.7254708693686
 20
243.80061307439328
 10
274.90014534773854
 20
243.90745407470598
 10
275.0972850173389
 20
244.03382804184326
 10
275.32090647256194
 20
244.18235922606056
 10
275.5750263077999
 20
244.3556718776133
 10
275.8636611174448
 20
244.55639024675696
 10
276.1908274958889
 20
244.78713858374698
 10
276.5605420375243
 20
245.05054113883887
 10
276.9768213367433
 20
245.34922216228807
 10
277.4436819879378
 20
245.68580590435
 10
277.96514058550014
 20
246.06291661528016
 10
278.5452137238224
 20
246.483178545334
 10
278.76850951248895
 20
246.6526288542873
 10
278.9948751628362
 20
246.83904101610807
 10
279.2232111363122
 20
247.0409752189076
 10
279.45241789436585
 20
247.2569916507969
 10
279.6813958984453
 20
247.48565049988727
 10
279.9090456099993
 20
247.7255119542898
 10
280.1342674904761
 20
247.9751362021157
 10
280.35596200132443
 20
248.23308343147605
 10
280.5730296039926
 20
248.49791383048205
 10
280.78437075992906
 20
248.76818758724494
 10
280.98888593058246
 20
249.0424648898758
 10
281.18547557740106
 20
249.31930592648578
 10
281.3730401618336
 20
249.59727088518608
 10
281.5504801453284
 20
249.8749199540879
 10
281.716695989334
 20
250.15081332130228
 10
281.8705881552989
 20
250.4235111749405
 10
282.0110571046715
 20
250.6915737031137
 10
282.13700329890037
 20
250.953561093933
 10
282.2473271994339
 20
251.20803353550957
 10
282.3409292677207
 20
251.4535512159546
 10
282.40892699143126
 20
251.63344517058187
 10
282.4927205951122
 20
251.83223334771202
 10
282.5926272275784
 20
252.05049692997036
 10
282.7089640376448
 20
252.28881709998228
 10
282.84204817412626
 20
252.5477750403731
 10
282.9921967858377
 20
252.82795193376816
 10
283.159727021594
 20
253.1299289627928
 10
283.34495603021
 20
253.45428731007237
 10
283.54820096050076
 20
253.80160815823217
 10
283.76977896128113
 20
254.1724726898976
 10
284.01000718136595
 20
254.56746208769394
 10
284.2692027695701
 20
254.98715753424656
 10
284.5381299546919
 20
255.42203418882846
 10
284.7684161606207
 20
255.80154732858665
 10
284.9642509898084
 20
256.1353815585621
 10
285.12982404470705
 20
256.4332214837957
 10
285.26932492776865
 20
256.7047517093285
 10
285.3869432414451
 20
256.9596568402015
 10
285.4868685881885
 20
257.20762148145565
 10
285.57329057045064
 20
257.4583302381319
 10
285.65039879068377
 20
257.7214677152713
 10
285.7223828513397
 20
258.0067185179147
 10
285.7934323548705
 20
258.3237672511031
 10
285.8677369037281
 20
258.6822985198776
 10
285.9452859884673
 20
259.0543372285013
 10
286.02367449684124
 20
259.40607353601774
 10
286.1038877344909
 20
259.7403572034883
 10
286.18691100705803
 20
260.06003799197424
 10
286.2737296201835
 20
260.36796566253673
 10
286.36532887950864
 20
260.6669899762371
 10
286.4626940906749
 20
260.9599606941367
 10
286.5668105593233
 20
261.2497275772967
 10
286.6786635910952
 20
261.5391403867785
 10
286.7992384916319
 20
261.8310488836433
 10
286.9295205665746
 20
262.12830282895237
 10
287.07049512156453
 20
262.433751983767
 10
287.223147462243
 20
262.7502461091485
 10
287.38846289425123
 20
263.0806349661582
 10
287.57967834560594
 20
263.4562380557296
 10
287.75598979792284
 20
263.80194260709436
 10
287.91825073109817
 20
264.12014342888835
 10
288.06731462502785
 20
264.4132353297474
 10
288.2040349596079
 20
264.6836131183075
 10
288.32926521473456
 20
264.9336716032046
 10
288.4438588703039
 20
265.1658055930745
 10
288.548669406212
 20
265.3824098965532
 10
288.64455030235484
 20
265.58587932227664
 10
288.7323550386286
 20
265.7786086788807
 10
288.81293709492945
 20
265.9629927750013
 10
288.8871499511531
 20
266.14142641927435
 10
288.9558470871961
 20
266.31630442033577
 10
289.01988198295413
 20
266.49002158682157
 10
289.0801081183236
 20
266.6649727273675
 10
289.1373789732005
 20
266.8435526506096
 10
289.1925480274808
 20
267.02815616518376
 10
289.2464687610606
 20
267.22117807972586
 10
289.29999465383605
 20
267.4250132028719
 10
289.3539791857032
 20
267.6420563432577
 10
289.40927583655815
 20
267.8747023095193
 10
289.46673808629697
 20
268.1253459102925
 10
289.52721941481576
 20
268.39638195421327
 10
289.5915733020106
 20
268.6902052499175
 10
289.6606532277775
 20
269.00921060604117
 10
289.7353126720127
 20
269.3557928312201
 10
289.8164051146121
 20
269.7323467340903
 10
289.9047840354719
 20
270.14126712328766
 10
290.0307447988785
 20
270.68395323911125
 10
290.15765877850697
 20
271.15317834937827
 10
290.28606737190034
 20
271.550138214841
 10
290.41651197660235
 20
271.8760285962518
 10
290.549533990156
 20
272.1320452543627
 10
290.6856748101047
 20
272.3193839499262
 10
290.82547583399173
 20
272.43924044369436
 10
290.9694784593606
 20
272.4928104964196
 10
291.1297486402711
 20
272.4932104574252
 10
291.25974562895505
 20
272.42332913143895
 10
291.3737854880673
 20
272.25349710756836
 10
291.48618428026253
 20
271.954044974921
 10
291.6112580681956
 20
271.4953033226044
 10
291.763322914521
 20
270.847602739726
 10
292.03964213729347
 20
269.6275684931507
 10
292.0065505207015
 20
139.11957735015753
 10
291.97345890410963
 20
8.611586207164407
 10
291.6809413083722
 20
8.319063651527415
 10
291.38842371263473
 20
8.026541095890366
 10
262.33590706179683
 20
8.011506793311469
 10
261.8374772414251
 20
8.01125681892671
 10
261.3409145207254
 20
8.011023637792562
 10
260.8462886205121
 20
8.010807156712872
 10
260.3536692615996
 20
8.010607282491662
 10
259.8631261648021
 20
8.01042392193267
 10
259.37472905093415
 20
8.010256981839575
 10
258.88854764081003
 20
8.010106369016398
 10
258.4046516552441
 20
8.00997199026699
 10
257.92311081505085
 20
8.009853752394974
 10
257.44399484104446
 20
8.009751562204258
 10
256.96737345403943
 20
8.009665326498691
 10
256.49331637485005
 20
8.009594952082239
 10
256.0218933242907
 20
8.00954034575858
 10
255.55317402317587
 20
8.009501414331453
 10
255.08722819231969
 20
8.009478064604878
 10
254.62412555253667
 20
8.009470203382648
 10
254.16393582464124
 20
8.009477737468444
 10
253.7067287294476
 20
8.009500573666344
 10
253.25257398777026
 20
8.00953861877997
 10
252.80154132042347
 20
8.009591779613174
 10
252.35370044822167
 20
8.009659962969863
 10
251.9091210919792
 20
8.009743075653773
 10
251.46787297251055
 20
8.009841024468813
 10
251.0300258106298
 20
8.009953716218831
 10
250.59564932715153
 20
8.010081057707623
 10
250.16481324289015
 20
8.010222955738925
 10
249.73758727865982
 20
8.010379317116701
 10
249.31404115527508
 20
8.010550048644745
 10
248.89424459355027
 20
8.010735057126738
 10
248.47826731429967
 20
8.010934249366812
 10
248.06617903833774
 20
8.011147532168536
 10
247.6580494864788
 20
8.01137481233576
 10
247.2539483795372
 20
8.011615996672447
 10
246.85394543832734
 20
8.011870991982335
 10
246.45811038366364
 20
8.012139705069217
 10
246.06651293636028
 20
8.012422042737057
 10
245.67922281723185
 20
8.01271791178965
 10
245.29630974709258
 20
8.013027219030562
 10
244.91784344675682
 20
8.013349871263983
 10
244.54389363703905
 20
8.013685775293652
 10
244.1745300387536
 20
8.014034837923248
 10
243.80982237271468
 20
8.014396965956678
 10
243.44984035973684
 20
8.014772066197906
 10
243.09465372063443
 20
8.0151600454505
 10
242.74433217622172
 20
8.01556081051848
 10
242.39894544731317
 20
8.015974268205639
 10
242.0585632547231
 20
8.016400325315772
 10
241.72325531926586
 20
8.016838888652728
 10
241.39309136175584
 20
8.01728986502036
 10
241.06814110300743
 20
8.017753161222345
 10
240.74847426383494
 20
8.018228684062763
 10
240.43416056505274
 20
8.018716340345293
 10
240.1252697274753
 20
8.019216036873729
 10
239.82187147191684
 20
8.019727680452036
 10
239.5240355191918
 20
8.020251177883893
 10
239.23183159011455
 20
8.020786435973264
 10
238.94532940549948
 20
8.02133336152383
 10
238.66459868616087
 20
8.021891861339554
 10
238.38970915291313
 20
8.022461842224175
 10
238.12073052657067
 20
8.023043210981541
 10
237.8577325279478
 20
8.023635874415561
 10
237.6007848778589
 20
8.024239739329971
 10
237.34995729711838
 20
8.024854712528622
 10
237.1053195065405
 20
8.025480700815422
 10
236.86694122693976
 20
8.02611761099405
 10
236.63489217913042
 20
8.026765349868413
 10
236.40924208392684
 20
8.027423824242305
 10
236.1900606621435
 20
8.028092940919635
 10
235.97741763459467
 20
8.028772606704194
 10
235.7713827220947
 20
8.029462728399835
 10
235.57202564545807
 20
8.030163212810294
 10
235.37941612549903
 20
8.03087396673942
 10
235.193623883032
 20
8.031594896991123
 10
235.01471863887133
 20
8.032325910369195
 10
234.84277011383142
 20
8.03306691367743
 10
234.67784802872654
 20
8.033817813719793
 10
234.52002210437118
 20
8.034578517299849
 10
234.36936206157964
 20
8.03534893122162
 10
234.22593762116625
 20
8.036128962289013
 10
234.08981850394548
 20
8.03691851730565
 10
233.96107443073157
 20
8.037717503075385
 10
233.839775122339
 20
8.038525826402179
 10
233.72599029958207
 20
8.039343394089826
 10
233.61978968327517
 20
8.040170112942064
 10
233.5212429942327
 20
8.0410058897628
 10
233.43041995326888
 20
8.041850631355885
 10
233.34739028119827
 20
8.042704244524998
 10
233.27222369883512
 20
8.04356663607416
 10
233.20498992699382
 20
8.04443771280711
 10
233.1457586864887
 20
8.045317381527639
 10
233.09459969813423
 20
8.046205549039655
 10
233.05158268274468
 20
8.047102122146896
 10
233.01677736113447
 20
8.048007007653268
 10
232.9902534541179
 20
8.048920112362566
 10
232.97208068250944
 20
8.04984134307864
 10
232.96232876712332
 20
8.050770606605283
  0
LWPOLYLINE
  5
38
330
17
100
AcDbEntity
  8
IC_DELIKLER
100
AcDbPolyline
 90
516
 70
1
 10
166.46982087406306
 20
45.00607389828011
 10
166.2768072792154
 20
45.21335344867151
 10
166.07057078737645
 20
45.51553469263183
 10
165.86227588769734
 20
45.89427841730392
 10
165.66308706932924
 20
46.3312454098305
 10
165.56028289267417
 20
46.56148479300148
 10
165.42573165989413
 20
46.835659819497494
 10
165.26514149847958
 20
47.14352360643284
 10
165.08422053592082
 20
47.4748292709219
 10
164.88867689970826
 20
47.81932993007911
 10
164.68421871733233
 20
48.1667787010189
 10
164.4765541162834
 20
48.50692870085555
 10
164.2713912240519
 20
48.82953304670349
 10
164.08628543028877
 20
49.11637498432185
 10
163.89312039512083
 20
49.420117689578944
 10
163.69643309463845
 20
49.733362211012235
 10
163.50076050493223
 20
50.04870959715879
 10
163.3106396020926
 20
50.358760896555566
 10
163.13060736221004
 20
50.65611715773983
 10
162.9652007613751
 20
50.93337942924862
 10
162.8189567756782
 20
51.183148759619115
 10
162.69641238120994
 20
51.39802619738842
 10
162.58502221513348
 20
51.596193970243746
 10
162.44982342396793
 20
51.835475231749086
 10
162.2944814298846
 20
52.109442866962695
 10
162.1226616550549
 20
52.41166976094223
 10
161.9380295216501
 20
52.73572879874587
 10
161.7442504518416
 20
53.07519286543152
 10
161.54498986780072
 20
53.42363484605724
 10
161.34391319169882
 20
53.77462762568092
 10
161.14468584570724
 20
54.12174408936073
 10
160.9509732519973
 20
54.4585571221545
 10
160.71504181113366
 20
54.87266682739906
 10
160.48538720852247
 20
55.28400454043063
 10
160.26771873596377
 20
55.68177920358414
 10
160.0677456852575
 20
56.055199759194295
 10
159.89117734820368
 20
56.39347514959604
 10
159.74372301660222
 20
56.6858143171242
 10
159.6310919822532
 20
56.92142620411357
 10
159.55899353695645
 20
57.08951975289904
 10
159.4584256878738
 20
57.30597153742664
 10
159.29801177648417
 20
57.59383415288079
 10
159.08997004255923
 20
57.93381793391569
 10
158.84651872587077
 20
58.30663321518543
 10
158.5798760661906
 20
58.692990331344134
 10
158.30226030329038
 20
59.073599617045886
 10
158.061036126921
 20
59.40266026929726
 10
157.82127274783196
 20
59.744662421364154
 10
157.59132928783018
 20
60.086621891421885
 10
157.3795648687226
 20
60.41555449764573
 10
157.19433861231602
 20
60.71847605821125
 10
157.04400964041736
 20
60.982402391293704
 10
156.93693707483348
 20
61.19434931506848
 10
156.8407203638505
 20
61.38321131876066
 10
156.70113361161836
 20
61.625274240154084
 10
156.52479466942347
 20
61.91052998581975
 10
156.3183213885523
 20
62.22897046232873
 10
156.08833162029137
 20
62.57058757625211
 10
155.8414432159271
 20
62.92537323416093
 10
155.58427402674602
 20
63.28331934262627
 10
155.3234419040346
 20
63.634417808219155
 10
155.15950705748344
 20
63.853103409262616
 10
154.98832938746577
 20
64.08517367201111
 10
154.81068706851127
 20
64.32944821985856
 10
154.62735827514973
 20
64.58474667619865
 10
154.43912118191068
 20
64.84988866442552
 10
154.24675396332373
 20
65.12369380793305
 10
154.0510347939186
 20
65.40498173011508
 10
153.8527418482249
 20
65.69257205436548
 10
153.65265330077233
 20
65.98528440407821
 10
153.4515473260904
 20
66.28193840264726
 10
153.2502020987088
 20
66.58135367346645
 10
153.0493957931573
 20
66.88234983992965
 10
152.84990658396538
 20
67.18374652543082
 10
152.65251264566274
 20
67.48436335336385
 10
152.4579921527791
 20
67.78301994712265
 10
152.267123279844
 20
68.07853593010117
 10
152.08068420138704
 20
68.36973092569326
 10
151.89945309193803
 20
68.6554245572928
 10
151.7242081260265
 20
68.93443644829378
 10
151.55572747818206
 20
69.20558622209012
 10
151.39478932293449
 20
69.4676935020756
 10
151.24217183481332
 20
69.71957791164422
 10
151.0986531883482
 20
69.96005907418987
 10
150.9650115580688
 20
70.18795661310645
 10
150.84202511850475
 20
70.40209015178786
 10
150.73047204418572
 20
70.60127931362803
 10
150.52361925442472
 20
70.96313349078198
 10
150.3003628314555
 20
71.33156057935898
 10
150.07793860123616
 20
71.67959140127681
 10
149.87358238972462
 20
71.98025677845322
 10
149.70453002287877
 20
72.20658753280611
 10
149.4333417684477
 20
72.5600973285199
 10
149.14666960027787
 20
72.96203590585287
 10
148.90657656508662
 20
73.32538563466062
 10
148.74713691518937
 20
73.55222579837533
 10
148.5184421750896
 20
73.83814588023279
 10
148.2419202435419
 20
74.15833423639717
 10
147.93899901930095
 20
74.48797922303297
 10
147.63110640112126
 20
74.80226919630445
 10
147.45957700809197
 20
74.97550281920277
 10
147.27944941199164
 20
75.1658895988206
 10
147.09167498690502
 20
75.37211672654638
 10
146.8972051069171
 20
75.59287139376838
 10
146.69699114611277
 20
75.82684079187467
 10
146.49198447857677
 20
76.07271211225381
 10
146.2831364783941
 20
76.32917254629402
 10
146.07139851964956
 20
76.5949092853835
 10
145.85772197642808
 20
76.8686095209105
 10
145.6430582228145
 20
77.1489604442634
 10
145.42835863289366
 20
77.43464924683047
 10
145.21457458075045
 20
77.72436311999999
 10
145.00265744046976
 20
78.01678925516023
 10
144.79355858613644
 20
78.31061484369951
 10
144.5882293918354
 20
78.60452707700603
 10
144.38762123165148
 20
78.89721314646818
 10
144.19268547966956
 20
79.18736024347416
 10
144.0043735099745
 20
79.47365555941226
 10
143.82363669665125
 20
79.75478628567083
 10
143.65142641378455
 20
80.02943961363809
 10
143.48869403545933
 20
80.29630273470241
 10
143.33639093576048
 20
80.55406284025193
 10
143.1954684887729
 20
80.80140712167506
 10
143.0668780685814
 20
81.03702277036001
 10
142.95157104927088
 20
81.25959697769514
 10
142.81332926610898
 20
81.50658464335885
 10
142.62843287322025
 20
81.79526095196374
 10
142.4093294158536
 20
82.10847382273474
 10
142.16846643925803
 20
82.42907117489654
 10
141.91829148868254
 20
82.73990092767377
 10
141.67125210937613
 20
83.02381100029132
 10
141.45396988080273
 20
83.2737046919789
 10
141.2219701629958
 20
83.56103551349364
 10
140.98448006288282
 20
83.87301975608813
 10
140.75072668739108
 20
84.19687371101531
 10
140.52993714344782
 20
84.51981366952819
 10
140.33133853798037
 20
84.82905592287949
 10
140.16415797791603
 20
85.11181676232218
 10
139.96981584621383
 20
85.44117477340708
 10
139.75769638016524
 20
85.76882933065235
 10
139.53688330663365
 20
86.08241320765379
 10
139.3164603524827
 20
86.36955917800688
 10
139.10551124457575
 20
86.61790001530727
 10
138.91311970977634
 20
86.81506849315068
 10
138.6371887310082
 20
87.07749660931808
 10
138.3845174808111
 20
87.33061463963688
 10
138.1531870442377
 20
87.57716117545834
 10
137.94127850634086
 20
87.81987480813393
 10
137.74687295217316
 20
88.06149412901493
 10
137.56805146678744
 20
88.30475772945263
 10
137.40289513523643
 20
88.55240420079832
 10
137.24948504257281
 20
88.80717213440337
 10
137.1059022738493
 20
89.07180012161908
 10
136.97022791411865
 20
89.34902675379686
 10
136.84054304843366
 20
89.64159062228791
 10
136.71492876184695
 20
89.95223031844364
 10
136.49521365778864
 20
90.49669637490203
 10
136.30812700611963
 20
90.89183538321856
 10
136.12343337334644
 20
91.18576541811132
 10
135.91089732597544
 20
91.42660455429865
 10
135.64028343051302
 20
91.66247086649886
 10
135.20687091334725
 20
92.02561755231434
 10
134.90753338455826
 20
92.31670730736718
 10
134.72020514053943
 20
92.56498519450602
 10
134.62282047768406
 20
92.79969627657971
 10
134.59331369238538
 20
93.05008561643731
 10
134.65890038989758
 20
93.44613912704256
 10
134.8729137075569
 20
93.67583782836161
 10
135.24543317953788
 20
93.74999999999997
 10
135.5154786287828
 20
93.68569529225974
 10
135.78111064391285
 20
93.50066685709783
 10
136.03222354867899
 20
93.20674322660233
 10
136.2587116668321
 20
92.81575293286107
 10
136.45046932212307
 20
92.33952450796227
 10
136.55477908351895
 20
92.0646319510411
 10
136.68050164044712
 20
91.82783818004731
 10
136.8453180636946
 20
91.61229630108792
 10
137.06690942404836
 20
91.4011594202698
 10
137.36295679229528
 20
91.17758064370017
 10
137.75114123922233
 20
90.92471307748602
 10
138.24914383561645
 20
90.62570982773431
 10
138.41900094516282
 20
90.51872494624396
 10
138.5997683775812
 20
90.39009989618472
 10
138.79353390677522
 20
90.2378860029369
 10
139.00238530664873
 20
90.06013459188043
 10
139.22841035110537
 20
89.85489698839547
 10
139.47369681404896
 20
89.62022451786211
 10
139.74033246938316
 20
89.35416850566057
 10
140.0304050910118
 20
89.05478027717092
 10
140.34600245283855
 20
88.72011115777332
 10
140.68921232876713
 20
88.34821247284785
 10
141.03002338076573
 20
87.97332421390166
 10
141.35848546653713
 20
87.60782192711693
 10
141.6666578197864
 20
87.26083240345167
 10
141.94659967421822
 20
86.941482433864
 10
142.19037026353757
 20
86.65889880931192
 10
142.39002882144928
 20
86.42220832075358
 10
142.53763458165812
 20
86.24053775914706
 10
142.62524677786908
 20
86.12301391545037
 10
142.81781416456744
 20
85.83376190364964
 10
143.06646350038537
 20
85.45952932956018
 10
143.31736348581597
 20
85.08133561643834
 10
143.46848805710204
 20
84.874803169752
 10
143.66052750233803
 20
84.64653711088181
 10
143.886108901494
 20
84.40323060883134
 10
144.13785933454005
 20
84.15157683260392
 10
144.40840588144633
 20
83.89826895120328
 10
144.69037562218287
 20
83.65000013363277
 10
144.97639563671973
 20
83.41346354889595
 10
145.25909300502698
 20
83.19535236599637
 10
145.5310948070747
 20
83.00235975393755
 10
145.78502812283295
 20
82.84117888172295
 10
145.98044828208018
 20
82.73720559371154
 10
146.1969250579314
 20
82.6430063346263
 10
146.43317490900418
 20
82.558652734455
 10
146.68791429391612
 20
82.48421642318544
 10
146.95985967128482
 20
82.41976903080547
 10
147.2477274997278
 20
82.36538218730274
 10
147.55023423786267
 20
82.32112752266517
 10
147.86609634430712
 20
82.28707666688035
 10
148.19403027767862
 20
82.26330124993612
 10
148.5327524965948
 20
82.24987290182031
 10
148.8809794596733
 20
82.2468632525206
 10
149.23742762553164
 20
82.25434393202491
 10
149.60081345278746
 20
82.27238657032083
 10
149.96985340005827
 20
82.30106279739621
 10
150.3432639259617
 20
82.34044424323886
 10
150.71976148911543
 20
82.39060253783649
 10
151.09806254813694
 20
82.4516093111769
 10
151.47688356164386
 20
82.52353619324785
 10
151.72324923119936
 20
82.56904295267665
 10
152.02858540676547
 20
82.617633977814
 10
152.37795289348614
 20
82.66737657842839
 10
152.75641249650548
 20
82.71633806428852
 10
153.14902502096731
 20
82.76258574516314
 10
153.5408512720157
 20
82.80418693082092
 10
153.91695205479454
 20
82.8392089310305
 10
154.35420321139304
 20
82.88350019035707
 10
154.80316469143273
 20
82.94129381683163
 10
155.24105261986887
 20
83.00877820412617
 10
155.6450831216567
 20
83.08214174591234
 10
155.99247232175156
 20
83.15757283586188
 10
156.26043634510876
 20
83.23125986764668
 10
156.74823370513417
 20
83.37668935227131
 10
157.25574892583433
 20
83.50786707055084
 10
157.67310757798546
 20
83.59639372265141
 10
157.86446980837474
 20
83.6310269135125
 10
158.14038093717627
 20
83.68337430018005
 10
158.4851347670152
 20
83.75033791400881
 10
158.88302510051648
 20
83.82881978635353
 10
159.3183457403049
 20
83.91572194856917
 10
159.7753904890055
 20
84.00794643201044
 10
160.23845314924327
 20
84.10239526803218
 10
160.69819213189865
 20
84.19413286704548
 10
161.1457771828646
 20
84.27864075284756
 10
161.56626910728522
 20
84.35344662687194
 10
161.94472871030456
 20
84.41607819055224
 10
162.26621679706645
 20
84.46406314532231
 10
162.51579417271492
 20
84.49492919261567
 10
162.67852164239397
 20
84.50620403386611
 10
162.9118564524696
 20
84.51944614229404
 10
163.20327242973033
 20
84.55488350064849
 10
163.53966590688688
 20
84.60951975505242
 10
163.90793321665026
 20
84.68035855162853
 10
164.2949706917312
 20
84.76440353649986
 10
164.6876746648407
 20
84.85865835578917
 10
165.07294146868952
 20
84.96012665561943
 10
165.43766743598863
 20
85.06581208211344
 10
165.76874889944875
 20
85.17271828139414
 10
166.05308219178085
 20
85.27784889958437
 10
166.4491121660965
 20
85.4295425008612
 10
166.84212550794246
 20
85.565547471587
 10
167.22260780663407
 20
85.68329140285036
 10
167.58104465148676
 20
85.78020188573984
 10
167.9079216318158
 20
85.85370651134417
 10
168.19372433693658
 20
85.90123287075201
 10
168.4289383561644
 20
85.92020855505194
 10
168.693398021309
 20
85.9507857661344
 10
169.0163622526636
 20
86.0240638816534
 10
169.32791095890414
 20
86.12417856732117
 10
169.67350721996863
 20
86.2543320574427
 10
170.04223682318937
 20
86.38914015530224
 10
170.42585427721363
 20
86.52588673068308
 10
170.81611409068864
 20
86.66185565336846
 10
171.2047707722616
 20
86.79433079314165
 10
171.58357883057997
 20
86.92059601978582
 10
171.94429277429083
 20
87.03793520308426
 10
172.27866711204152
 20
87.1436322128202
 10
172.57845635247932
 20
87.23497091877684
 10
172.83541500425144
 20
87.3092351907375
 10
173.0412975760052
 20
87.36370889848536
 10
173.18785857638784
 20
87.39567591180366
 10
173.43041271570758
 20
87.44499297997933
 10
173.72364002543682
 20
87.51646191561136
 10
174.05691696954133
 20
87.60659452665709
 10
174.41962001198706
 20
87.71190262107362
 10
174.80112561673988
 20
87.8288980068182
 10
175.1908102477658
 20
87.95409249184797
 10
175.5780503690306
 20
88.0839978841201
 10
175.95222244450025
 20
88.2151259915918
 10
176.30270293814064
 20
88.3439886222202
 10
176.61886831391766
 20
88.46709758396253
 10
176.89009503579717
 20
88.58096468477589
 10
177.10575956774514
 20
88.68210173261758
 10
177.27772500417868
 20
88.76758406047085
 10
177.45650043852496
 20
88.85278299125918
 10
177.6425423296672
 20
88.93784400757383
 10
177.83630713648876
 20
89.02291259200572
 10
178.0382513178729
 20
89.10813422714631
 10
178.2488313327028
 20
89.19365439558669
 10
178.4685036398618
 20
89.27961857991801
 10
178.6977246982332
 20
89.3661722627314
 10
178.93695096670024
 20
89.4534609266181
 10
179.1866389041462
 20
89.5416300541693
 10
179.4472449694543
 20
89.63082512797621
 10
179.7192256215079
 20
89.7211916306299
 10
180.00303731919016
 20
89.8128750447217
 10
180.29913652138444
 20
89.90602085284263
 10
180.607979686974
 20
90.00077453758396
 10
180.93002327484214
 20
90.09728158153689
 10
181.26572374387206
 20
90.19568746729254
 10
181.61553755294705
 20
90.29613767744215
 10
181.9799211609504
 20
90.39877769457681
 10
182.35933102676537
 20
90.50375300128775
 10
182.75422360927527
 20
90.61120908016616
 10
183.16505536736332
 20
90.72129141380321
 10
183.59228275991282
 20
90.83414548479013
 10
184.03636224580703
 20
90.94991677571795
 10
184.49775028392926
 20
91.06875076917802
 10
184.9769033331627
 20
91.19079294776145
 10
185.3448464046356
 20
91.28904746463479
 10
185.721740024447
 20
91.39885005207654
 10
186.0936502614269
 20
91.51551016672494
 10
186.4466431844051
 20
91.63433726521842
 10
186.7667848622113
 20
91.75064080419543
 10
187.04014136367533
 20
91.85973024029443
 10
187.25277875762708
 20
91.95691503015377
 10
187.72435320039054
 20
92.17374083579199
 10
188.10223897930243
 20
92.29355636584299
 10
188.412114661554
 20
92.31842218400712
 10
188.6796588143365
 20
92.25039885398473
 10
188.930550004841
 20
92.09154693947636
 10
189.1287808758347
 20
91.87274099521636
 10
189.21300373662598
 20
91.53588007243732
 10
189.22755893265332
 20
90.90361885728456
 10
189.2140719444383
 20
90.49145967984401
 10
189.17456469873213
 20
90.12995215372135
 10
189.10163712669288
 20
89.78399109771374
 10
188.98788915947856
 20
89.41847133061844
 10
188.82592072824713
 20
88.99828767123284
 10
188.81712920442965
 20
88.97766082391047
 10
188.80382638313395
 20
88.9476046504025
 10
188.78606943619675
 20
88.90823900574509
 10
188.7639155354549
 20
88.85968374497443
 10
188.73742185274514
 20
88.8020587231268
 10
188.70664555990425
 20
88.73548379523822
 10
188.67164382876894
 20
88.66007881634494
 10
188.63247383117601
 20
88.5759636414831
 10
188.58919273896228
 20
88.48325812568899
 10
188.54185772396448
 20
88.38208212399866
 10
188.49052595801942
 20
88.27255549144832
 10
188.43525461296377
 20
88.15479808307418
 10
188.37610086063438
 20
88.0289297539124
 10
188.3131218728681
 20
87.8950703589991
 10
188.2463748215015
 20
87.75333975337051
 10
188.17591687837154
 20
87.60385779206285
 10
188.10180521531487
 20
87.44674433011221
 10
188.0240970041683
 20
87.2821192225548
 10
187.94284941676864
 20
87.11010232442683
 10
187.85811962495265
 20
86.9308134907644
 10
187.76996480055706
 20
86.74437257660378
 10
187.67844211541862
 20
86.55089943698101
 10
187.58360874137412
 20
86.35051392693248
 10
187.48552185026048
 20
86.14333590149411
 10
187.38423861391428
 20
85.92948521570224
 10
187.2798162041723
 20
85.70908172459306
 10
187.17231179287143
 20
85.48224528320264
 10
187.06178255184835
 20
85.24909574656732
 10
186.94828565293986
 20
85.00975296972305
 10
186.83187826798272
 20
84.7643368077062
 10
186.71261756881376
 20
84.51296711555278
 10
186.59056072726963
 20
84.25576374829913
 10
186.46576491518718
 20
83.99284656098135
 10
186.33828730440322
 20
83.7243354086356
 10
186.20818506675448
 20
83.45035014629812
 10
186.0755153740776
 20
83.171010629005
 10
185.94033539820967
 20
82.88643671179244
 10
185.80270231098717
 20
82.59674824969667
 10
185.66267328424695
 20
82.30206509775383
 10
185.52030548982583
 20
82.00250711100003
 10
185.37565609956056
 20
81.69819414447159
 10
185.22878228528785
 20
81.38924605320457
 10
185.0797412188446
 20
81.07578269223521
 10
184.9285900720674
 20
80.75792391659968
 10
184.77538601679322
 20
80.43578958133403
 10
184.6201862248587
 20
80.10949954147469
 10
184.4630478681007
 20
79.77917365205761
 10
184.3040281183559
 20
79.44493176811903
 10
184.14318414746106
 20
79.10689374469516
 10
183.98057312725308
 20
78.76517943682214
 10
183.81625222956862
 20
78.4199086995362
 10
183.65027862624444
 20
78.07120138787349
 10
183.4827094891174
 20
77.71917735687012
 10
183.31360199002424
 20
77.36395646156231
 10
183.14301330080173
 20
77.0056585569863
 10
182.9710005932866
 20
76.64440349817818
 10
182.79762103931563
 20
76.2803111401742
 10
182.62293181072562
 20
75.91350133801043
 10
182.44699007935336
 20
75.54409394672317
 10
182.26985301703556
 20
75.1722088213485
 10
182.09157779560908
 20
74.79796581692264
 10
181.91222158691056
 20
74.42148478848176
 10
181.7318415627769
 20
74.04288559106203
 10
181.55049489504478
 20
73.66228807969964
 10
181.36823875555106
 20
73.2798121094308
 10
181.18513031613242
 20
72.89557753529161
 10
181.00122674862567
 20
72.50970421231824
 10
180.8165852248676
 20
72.122311995547
 10
180.63126291669494
 20
71.73352074001389
 10
180.4453169959445
 20
71.34345030075517
 10
180.25880463445299
 20
70.95222053280708
 10
180.07178300405727
 20
70.55995129120566
 10
179.8843092765941
 20
70.1667624309872
 10
179.69644062390014
 20
69.77277380718778
 10
179.5082342178123
 20
69.37810527484368
 10
179.31974723016725
 20
68.98287668899101
 10
179.13103683280187
 20
68.58720790466592
 10
178.9421601975528
 20
68.19121877690469
 10
178.75317449625692
 20
67.79502916074344
 10
178.56413690075087
 20
67.39875891121832
 10
178.3751045828716
 20
67.00252788336553
 10
178.1861347144557
 20
66.60645593222122
 10
177.9972844673401
 20
66.21066291282153
 10
177.80861101336149
 20
65.81526868020282
 10
177.62017152435664
 20
65.42039308940107
 10
177.4320231721623
 20
65.02615599545251
 10
177.24422312861532
 20
64.63267725339338
 10
177.05682856555242
 20
64.24007671825979
 10
176.8698966548104
 20
63.848474245087885
 10
176.6834845682259
 20
63.457989688913955
 10
176.4976494776359
 20
63.06874290477407
 10
176.312448554877
 20
62.680853747704475
 10
176.12793897178608
 20
62.29444207274133
 10
175.9441779001999
 20
61.90962773492075
 10
175.76122251195514
 20
61.52653058927899
 10
175.5791299788886
 20
61.145270490852226
 10
175.3979574728372
 20
60.76596729467656
 10
175.2177621656375
 20
60.3887408557882
 10
175.0386012291264
 20
60.01371102922337
 10
174.86053183514065
 20
59.64099767001821
 10
174.68361115551699
 20
59.27072063320884
 10
174.50789636209225
 20
58.90299977383157
 10
174.3334446267031
 20
58.53795494692247
 10
174.16031312118642
 20
58.17570600751773
 10
173.9885590173789
 20
57.816372810653576
 10
173.81823948711735
 20
57.46007521136613
 10
173.64941170223855
 20
57.10693306469156
 10
173.48213283457926
 20
56.75706622566611
 10
173.31646005597622
 20
56.41059454932591
 10
173.15245053826624
 20
56.06763789070712
 10
172.9901614532861
 20
55.72831610484596
 10
172.82964997287252
 20
55.39274904677853
 10
172.67097326886233
 20
55.06105657154117
 10
172.51418851309225
 20
54.73335853416987
 10
172.3593528773991
 20
54.40977478970086
 10
172.20652353361962
 20
54.09042519317032
 10
172.05575765359055
 20
53.77542959961454
 10
171.90711240914874
 20
53.46490786406957
 10
171.7606449721309
 20
53.15897984157155
 10
171.61641251437382
 20
52.8577653871568
 10
171.47447220771429
 20
52.561384355861435
 10
171.33488122398902
 20
52.26995660272155
 10
171.19769673503487
 20
51.98360198277339
 10
171.06297591268856
 20
51.70244035105313
 10
170.9307759287868
 20
51.42659156259694
 10
170.80115395516646
 20
51.15617547244102
 10
170.6741671636643
 20
50.89131193562153
 10
170.5498727261171
 20
50.63212080717463
 10
170.42832781436152
 20
50.378721942136536
 10
170.30958960023446
 20
50.131235195543354
 10
170.1937152555726
 20
49.88978042243127
 10
170.0807619522128
 20
49.654477477836565
 10
169.97078686199174
 20
49.42544621679528
 10
169.8638471567463
 20
49.202806494343776
 10
169.76000000831314
 20
48.98667816551793
 10
169.6593025885291
 20
48.77718108535419
 10
169.5618120692309
 20
48.57443510888865
 10
169.46758562225537
 20
48.3785600911574
 10
169.37668041943923
 20
48.18967588719681
 10
169.28915363261927
 20
48.007902352042834
 10
169.20506243363226
 20
47.83335934073176
 10
169.12446399431502
 20
47.666166708299784
 10
169.04741548650426
 20
47.50644430978298
 10
168.9739740820367
 20
47.3543120002177
 10
168.90419695274923
 20
47.20988963463992
 10
168.8381412704786
 20
47.073297068085935
 10
168.7758642070615
 20
46.94465415559196
 10
168.71742293433473
 20
46.82408075219405
 10
168.66287462413513
 20
46.711696712928415
 10
168.6122764482994
 20
46.60762189283133
 10
168.56568557866433
 20
46.51197614693885
 10
168.5231591870667
 20
46.42487933028718
 10
168.48475444534333
 20
46.34645129791252
 10
168.4505285253309
 20
46.27681190485106
 10
168.4205385988662
 20
46.21608100613898
 10
168.39484183778603
 20
46.164378456812386
 10
168.37349541392715
 20
46.1218241119075
 10
168.14509661200012
 20
45.696377405040835
 10
167.92816167081983
 20
45.350545051823076
 10
167.71958601527427
 20
45.08250745007351
 10
167.5162650702515
 20
44.89044499761127
 10
167.3150942606397
 20
44.77253809225547
 10
167.11296901132687
 20
44.72696713182532
 10
166.9067847472011
 20
44.751912514139946
 10
166.69343689315045
 20
44.845554637018495
 10
166.46982087406306
 20
45.00607389828011
  0
LWPOLYLINE
  5
39
330
17
100
AcDbEntity
  8
IC_DELIKLER
100
AcDbPolyline
 90
69
 70
1
 10
34.240492499734074
 20
71.66142143675606
 10
33.92753691338452
 20
71.79421318023978
 10
33.64608723100896
 20
71.98268585201515
 10
33.403065594329874
 20
72.21564862096494
 10
33.2053941450698
 20
72.48191065597194
 10
33.05999502495124
 20
72.7702811259189
 10
32.97379037569672
 20
73.06956919968863
 10
32.953702339028744
 20
73.3685840461639
 10
33.00665305666981
 20
73.65613483422752
 10
33.146337315409276
 20
73.95630048634388
 10
33.35395681250972
 20
74.23760105141926
 10
33.61496818597041
 20
74.48814881533966
 10
33.91482807379068
 20
74.69605606399102
 10
34.2389931139698
 20
74.84943508325941
 10
34.57291994450705
 20
74.93639815903072
 10
34.70201457166279
 20
74.94913913999875
 10
34.90236544122694
 20
74.96018359796446
 10
35.16642886144397
 20
74.96944587863351
 10
35.48666114055845
 20
74.97684032771127
 10
35.85551858681487
 20
74.98228129090359
 10
36.26545750845775
 20
74.9856831139158
 10
36.708934213731624
 20
74.98696014245363
 10
37.178405010880994
 20
74.98602672222262
 10
37.66632620815038
 20
74.98279719892835
 10
38.1651541137843
 20
74.97718591827649
 10
38.940357610192905
 20
74.96589879413989
 10
39.57542765576346
 20
74.95422214307064
 10
40.08660832184978
 20
74.94069110844714
 10
40.490143679805804
 20
74.9238408336476
 10
40.80227780098533
 20
74.90220646205057
 10
41.03925475674227
 20
74.87432313703422
 10
41.21731861843045
 20
74.83872600197702
 10
41.35271345740377
 20
74.79395020025726
 10
41.46168334501607
 20
74.73853087525342
 10
41.56047235262123
 20
74.67100317034374
 10
41.82545113676369
 20
74.45070122187661
 10
42.04225151904896
 20
74.22285854852419
 10
42.21087351345611
 20
73.98898350996802
 10
42.33131713396427
 20
73.7505844658894
 10
42.40358239455249
 20
73.50916977596998
 10
42.427669309199885
 20
73.26624779989106
 10
42.40357789188554
 20
73.02332689733427
 10
42.33130815658853
 20
72.78191542798086
 10
42.210860117287964
 20
72.54352175151249
 10
42.04223378796293
 20
72.30965422761048
 10
41.8254291825925
 20
72.08182121595638
 10
41.56044631515579
 20
71.86153107623156
 10
41.47016712962613
 20
71.79904177572735
 10
41.37246600634967
 20
71.74702859707932
 10
41.25370118813244
 20
71.7044090257269
 10
41.100230917780465
 20
71.67010054710983
 10
40.89841343809979
 20
71.64302064666776
 10
40.63460699189642
 20
71.62208680984023
 10
40.295169821976394
 20
71.60621652206689
 10
39.866460171145754
 20
71.59432726878734
 10
39.33483628221051
 20
71.58533653544114
 10
38.68665639797669
 20
71.57816180746798
 10
37.90827876125034
 20
71.57172057030743
 10
37.4186170849435
 20
71.56928514029221
 10
36.942840049701
 20
71.56939230073277
 10
36.48673454594296
 20
71.5719005250931
 10
36.05608746408951
 20
71.57666828683705
 10
35.656685694560764
 20
71.58355405942868
 10
35.29431612777685
 20
71.59241631633174
 10
34.974765654157885
 20
71.60311353101025
 10
34.70382116412401
 20
71.615504176928
 10
34.487269548095334
 20
71.62944672754895
 10
34.33089769649198
 20
71.64479965633697
 10
34.240492499734074
 20
71.66142143675606
  0
LWPOLYLINE
  5
3A
330
17
100
AcDbEntity
  8
IC_DELIKLER
100
AcDbPolyline
 90
65
 70
1
 10
52.80351950308545
 20
71.66264211776493
 10
52.15852969667808
 20
71.74167888203357
 10
51.700447885711036
 20
71.85341566071847
 10
51.39878345602935
 20
72.00528982182723
 10
51.13868963860673
 20
72.2220500730333
 10
50.9262517751009
 20
72.44726251420329
 10
50.761457178843585
 20
72.67926882921887
 10
50.6442931631665
 20
72.91641070196164
 10
50.57474704140135
 20
73.15702981631333
 10
50.55280612687987
 20
73.39946785615538
 10
50.578457732933764
 20
73.64206650536954
 10
50.65168917289476
 20
73.88316744783737
 10
50.77248776009459
 20
74.12111236744047
 10
50.940840807864944
 20
74.35424294806057
 10
51.15673562953756
 20
74.5809008735792
 10
51.42015953844414
 20
74.79942782787799
 10
51.52922288533766
 20
74.87379958011579
 10
51.647825957989056
 20
74.93273500918099
 10
51.796028804218636
 20
74.97795455734698
 10
51.99389147184677
 20
75.01117866688699
 10
52.261474008693824
 20
75.03412778007421
 10
52.618836462580155
 20
75.04852233918194
 10
53.08603888132611
 20
75.05608278648324
 10
53.68314131275205
 20
75.05852956425147
 10
54.430203804678335
 20
75.05758311475986
 10
54.91572811508213
 20
75.0548032085012
 10
55.39268385286805
 20
75.04909584778716
 10
55.85165128600964
 20
75.04076350200731
 10
56.283210682480494
 20
75.03010864055088
 10
56.67794231025421
 20
75.0174337328072
 10
57.02642643730433
 20
75.00304124816569
 10
57.319243331604476
 20
74.98723365601555
 10
57.54697326112821
 20
74.97031342574621
 10
57.70019649384913
 20
74.95258302674699
 10
58.026234220070606
 20
74.87356631152662
 10
58.32970907852468
 20
74.74819554044694
 10
58.605476331096945
 20
74.58306156509349
 10
58.848391239673134
 20
74.38475523705125
 10
59.053309066138866
 20
74.15986740790567
 10
59.21508507237981
 20
73.91498892924207
 10
59.32857452028164
 20
73.65671065264578
 10
59.38863267173
 20
73.39162342970201
 10
59.390114788610546
 20
73.12631811199623
 10
59.32787613280896
 20
72.86738555111361
 10
59.16656035036164
 20
72.54673663349001
 10
58.941161242585295
 20
72.24918960622188
 10
58.669156972121876
 20
71.99131472087083
 10
58.36802570161329
 20
71.78968222899846
 10
58.055245593701486
 20
71.66086238216656
 10
57.930020824715434
 20
71.63590484928508
 10
57.750050446752205
 20
71.61429919821958
 10
57.521265429973276
 20
71.59604341904807
 10
57.24959674454011
 20
71.58113550184893
 10
56.94097536061416
 20
71.56957343670024
 10
56.601332248356925
 20
71.56135521368032
 10
56.236598377929845
 20
71.55647882286726
 10
55.85270471949439
 20
71.55494225433932
 10
55.455582243212035
 20
71.55674349817477
 10
55.051161919244244
 20
71.56188054445164
 10
54.64537471775248
 20
71.57035138324832
 10
54.244151608898214
 20
71.58215400464294
 10
53.85342356284291
 20
71.59728639871372
 10
53.47912154974804
 20
71.61574655553883
 10
53.127176539775064
 20
71.6375324651965
 10
52.80351950308545
 20
71.66264211776493
  0
LWPOLYLINE
  5
3B
330
17
100
AcDbEntity
  8
IC_DELIKLER
100
AcDbPolyline
 90
64
 70
1
 10
51.834670581925856
 20
79.75179831118683
 10
51.52160115523355
 20
79.88490103531765
 10
51.240100983632566
 20
80.07356366561916
 10
50.99707679619285
 20
80.306618180339
 10
50.79943532198436
 20
80.57289655772499
 10
50.654083290077054
 20
80.86123077602483
 10
50.56792742954085
 20
81.1604528134863
 10
50.547874469445716
 20
81.45939464835712
 10
50.600831138861594
 20
81.74688825888504
 10
50.740489475031005
 20
82.04697308303827
 10
50.94810941135985
 20
82.32825354084596
 10
51.2091566660814
 20
82.57884754247883
 10
51.509096957428916
 20
82.78687299810747
 10
51.8333960036357
 20
82.94044781790245
 10
52.167519522934995
 20
83.02768991203448
 10
52.30932732399403
 20
83.04183112810281
 10
52.52632193419038
 20
83.05384418987288
 10
52.80926512709279
 20
83.06361160174194
 10
53.1489186762701
 20
83.07101586810728
 10
53.53604435529114
 20
83.07593949336598
 10
53.96140393772471
 20
83.07826498191545
 10
54.41575919713964
 20
83.07787483815281
 10
54.889871907104734
 20
83.07465156647535
 10
55.374503841188826
 20
83.06847767128025
 10
56.11092111713763
 20
83.05581568796222
 10
56.70277296483606
 20
83.04228965522873
 10
57.16894298789683
 20
83.02597507965774
 10
57.52831478993274
 20
83.00494746782712
 10
57.799771974556585
 20
82.97728232631454
 10
58.002198145381136
 20
82.94105516169788
 10
58.15447690601918
 20
82.89434148055489
 10
58.275491860083484
 20
82.8352167894634
 10
58.38412661118686
 20
82.76175659500129
 10
58.64909755875809
 20
82.54144858003562
 10
58.86589164367392
 20
82.31360370558622
 10
59.03450887628376
 20
82.07972950261401
 10
59.1549492669371
 20
81.84133350207992
 10
59.22721282598339
 20
81.59992323494487
 10
59.25129956377211
 20
81.35700623216977
 10
59.227209490652726
 20
81.11409002471558
 10
59.1549426169747
 20
80.87268214354307
 10
59.0344989530875
 20
80.63429011961327
 10
58.86587850934058
 20
80.40042148388707
 10
58.64908129608343
 20
80.17258376732539
 10
58.384107323665496
 20
79.95228450088914
 10
58.28567231902779
 20
79.88471798203184
 10
58.17840007841793
 20
79.82943823083608
 10
58.046583369201045
 20
79.78505002719899
 10
57.874514958742374
 20
79.75015815101747
 10
57.646487614407086
 20
79.72336738218894
 10
57.34679410356038
 20
79.7032825006103
 10
56.9597271935674
 20
79.68850828617877
 10
56.46957965179335
 20
79.6776495187915
 10
55.86064424560342
 20
79.6693109783456
 10
55.11721374236278
 20
79.66209744473821
 10
54.589436300235874
 20
79.65940971724717
 10
54.08035773100698
 20
79.66048853999803
 10
53.59943392032343
 20
79.66507551543327
 10
53.156120753832546
 20
79.67291224599529
 10
52.75987411718174
 20
79.68374033412624
 10
52.420149896018295
 20
79.69730138226859
 10
52.14640397598961
 20
79.71333699286458
 10
51.948092242743
 20
79.73158876835652
 10
51.834670581925856
 20
79.75179831118683
  0
LWPOLYLINE
  5
3C
330
17
100
AcDbEntity
  8
IC_DELIKLER
100
AcDbPolyline
 90
73
 70
1
 10
33.59836921206284
 20
79.88081738376044
 10
33.2854794224612
 20
80.01342932656917
 10
33.00405891869888
 20
80.20179214828593
 10
32.761038752030295
 20
80.43470183785294
 10
32.56334997370988
 20
80.70095438421234
 10
32.41792363499208
 20
80.98934577630644
 10
32.3316907871313
 20
81.28867200307747
 10
32.31158248138199
 20
81.58772905346768
 10
32.36452976899858
 20
81.87531291641929
 10
32.50424289933993
 20
82.17556573753987
 10
32.71187260685198
 20
82.45689020169237
 10
32.972880863946166
 20
82.70740560766899
 10
33.27272964303392
 20
82.9152312542617
 10
33.59688091652666
 20
83.06848644026263
 10
33.93079665683582
 20
83.15529046446392
 10
34.0478954897596
 20
83.1669030220664
 10
34.229776220221964
 20
83.17712772378854
 10
34.470365946758726
 20
83.18590021629106
 10
34.7635917679056
 20
83.19315614623494
 10
35.10338078219838
 20
83.19883116028095
 10
35.483660088172826
 20
83.20286090508998
 10
35.89835678436473
 20
83.20518102732288
 10
36.34139796930984
 20
83.20572717364044
 10
36.80671074154392
 20
83.20443499070356
 10
37.28822219960276
 20
83.201240125173
 10
37.7798594420221
 20
83.19607822370969
 10
38.5551534178903
 20
83.18585750914178
 10
39.20148799706849
 20
83.17549491320801
 10
39.73229772887366
 20
83.16386518963066
 10
40.161017162622834
 20
83.14984309213224
 10
40.50108084763301
 20
83.13230337443514
 10
40.76592333322118
 20
83.11012079026179
 10
40.96897916870439
 20
83.08217009333461
 10
41.12368290339962
 20
83.04732603737597
 10
41.24346908662388
 20
83.0044633761083
 10
41.34177226769418
 20
82.95245686325401
 10
41.43202699592754
 20
82.89018125253554
 10
41.69701212231389
 20
82.66988496915795
 10
41.91381768350095
 20
82.44204482146966
 10
42.08244369379659
 20
82.208169801975
 10
42.202890167508755
 20
81.969768903178
 10
42.27515711894536
 20
81.72835111758303
 10
42.29924456241433
 20
81.48542543769409
 10
42.275152512223606
 20
81.24250085601548
 10
42.202880982681094
 20
81.00108636505132
 10
42.08242998809474
 20
80.76269095730586
 10
41.91379954277242
 20
80.52882362528328
 10
41.696989661022116
 20
80.30099336148771
 10
41.432000357151715
 20
80.08070915842336
 10
41.34887386007389
 20
80.02273986194487
 10
41.25979368188043
 20
79.97374968221754
 10
41.15331184097857
 20
79.93289051565534
 10
41.01798035577555
 20
79.89931425867206
 10
40.84235124467859
 20
79.87217280768161
 10
40.61497652609495
 20
79.85061805909785
 10
40.32440821843184
 20
79.83380190933465
 10
39.95919834009652
 20
79.82087625480582
 10
39.50789890949623
 20
79.81099299192525
 10
38.95906194503817
 20
79.80330401710683
 10
38.301239465129605
 20
79.79696122676435
 10
37.52298348817778
 20
79.79111651731179
 10
37.03894967665989
 20
79.78881243501598
 10
36.56755983830193
 20
79.78864975237644
 10
36.11358346962001
 20
79.7905194579237
 10
35.68179006713024
 20
79.794312540188
 10
35.27694912734871
 20
79.79991998769978
 10
34.90383014679158
 20
79.80723278898932
 10
34.567202621974914
 20
79.81614193258704
 10
34.271836049414865
 20
79.82653840702326
 10
34.022499925627514
 20
79.83831320082837
 10
33.82396374712898
 20
79.85135730253268
 10
33.68099701043539
 20
79.86556170066663
 10
33.59836921206284
 20
79.88081738376044
  0
LWPOLYLINE
  5
3D
330
17
100
AcDbEntity
  8
IC_DELIKLER
100
AcDbPolyline
 90
62
 70
1
 10
52.47679386959709
 20
88.99823258947316
 10
52.16368175673401
 20
89.1314518855433
 10
51.882162651824515
 20
89.32018571038478
 10
51.63913750553184
 20
89.55327459681396
 10
51.44150726851917
 20
89.81955907764728
 10
51.29617289144972
 20
90.10787968570122
 10
51.21003532498671
 20
90.40707695379217
 10
51.18999551979335
 20
90.70599141473656
 10
51.242954426532826
 20
90.99346360135081
 10
51.38273761817506
 20
91.2939109917055
 10
51.59045606003288
 20
91.5753024973603
 10
51.85167713083051
 20
91.82585379573007
 10
52.15196820929221
 20
92.03378056422963
 10
52.476896674142225
 20
92.18729848027368
 10
52.81202990410479
 20
92.27462322127727
 10
52.952148019913636
 20
92.28882277267226
 10
53.163444931345886
 20
92.30087958593728
 10
53.437052348874346
 20
92.3106761654696
 10
53.764101982971816
 20
92.31809501566661
 10
54.13572554411111
 20
92.3230186409254
 10
54.54305474276506
 20
92.32532954564317
 10
54.977221289406465
 20
92.32491023421721
 10
55.42935689450814
 20
92.32164321104477
 10
55.890593268542894
 20
92.31541098052304
 10
56.664860741249235
 20
92.30104117575539
 10
57.27026954136847
 20
92.28519179153434
 10
57.73204670586049
 20
92.26517189249887
 10
58.07541927168517
 20
92.23829054328789
 10
58.325614275802394
 20
92.20185680854024
 10
58.50785875517203
 20
92.15317975289497
 10
58.64737974675398
 20
92.08956844099089
 10
58.76940428750812
 20
92.00833193746703
 10
59.03437372418896
 20
91.78802336094284
 10
59.251166661191505
 20
91.56017866091642
 10
59.419783106068316
 20
91.3263051781847
 10
59.54022306637207
 20
91.0879102535446
 10
59.61248654965535
 20
90.84650122779308
 10
59.63657356347079
 20
90.60358544172703
 10
59.612484115371
 20
90.36067023614348
 10
59.540218212908606
 20
90.11926295183929
 10
59.41977586363623
 20
89.88087092961138
 10
59.25115707510648
 20
89.64700151025673
 10
59.03436185487198
 20
89.41916203457225
 10
58.769390210485334
 20
89.19885984335485
 10
58.660224325216554
 20
89.12481753572891
 10
58.53881726842523
 20
89.06562878683715
 10
58.384748876045414
 20
89.01940460303521
 10
58.1775989840112
 20
88.98425599067875
 10
57.896947428256645
 20
88.95829395612333
 10
57.52237404471586
 20
88.93962950572461
 10
57.03345866932293
 20
88.92637364583811
 10
56.40978113801191
 20
88.91663738281954
 10
55.630921286716884
 20
88.90853172302451
 10
55.126149463351595
 20
88.90582100729682
 10
54.63875536326171
 20
88.90688258887019
 10
54.17782495020023
 20
88.91145807018711
 10
53.752444187920176
 20
88.91928905368994
 10
53.37169904017457
 20
88.93011714182094
 10
53.04467547071644
 20
88.94368393702243
 10
52.7804594432988
 20
88.95973104173672
 10
52.588136921674675
 20
88.9780000584062
 10
52.47679386959709
 20
88.99823258947316
  0
LWPOLYLINE
  5
3E
330
17
100
AcDbEntity
  8
IC_DELIKLER
100
AcDbPolyline
 90
73
 70
1
 10
33.59836921206284
 20
89.12739272622619
 10
33.2854794224612
 20
89.26000466903494
 10
33.00405891869888
 20
89.4483674907517
 10
32.761038752030295
 20
89.68127718031869
 10
32.56334997370988
 20
89.94752972667808
 10
32.41792363499208
 20
90.23592111877218
 10
32.3316907871313
 20
90.53524734554321
 10
32.31158248138199
 20
90.83430439593346
 10
32.36452976899858
 20
91.12188825888504
 10
32.50424289933993
 20
91.42214108000564
 10
32.71187260685198
 20
91.70346554415815
 10
32.972880863946166
 20
91.95398095013473
 10
33.27272964303392
 20
92.16180659672747
 10
33.59688091652666
 20
92.31506178272838
 10
33.93079665683582
 20
92.40186580692966
 10
34.0478954897596
 20
92.41347836453221
 10
34.229776220221964
 20
92.42370306625429
 10
34.470365946758726
 20
92.43247555875686
 10
34.7635917679056
 20
92.43973148870069
 10
35.10338078219838
 20
92.44540650274675
 10
35.483660088172826
 20
92.44943624755578
 10
35.89835678436473
 20
92.45175636978865
 10
36.34139796930984
 20
92.45230251610622
 10
36.80671074154392
 20
92.45101033316928
 10
37.28822219960276
 20
92.44781546763872
 10
37.7798594420221
 20
92.44265356617544
 10
38.5551534178903
 20
92.43243285160756
 10
39.20148799706849
 20
92.42207025567373
 10
39.73229772887366
 20
92.41044053209637
 10
40.161017162622834
 20
92.39641843459799
 10
40.50108084763301
 20
92.37887871690086
 10
40.76592333322118
 20
92.35669613272754
 10
40.96897916870439
 20
92.32874543580039
 10
41.12368290339962
 20
92.29390137984171
 10
41.24346908662388
 20
92.25103871857405
 10
41.34177226769418
 20
92.19903220571976
 10
41.43202699592754
 20
92.13675659500129
 10
41.69701212231389
 20
91.91646031162372
 10
41.91381768350095
 20
91.68862016393538
 10
42.08244369379659
 20
91.45474514444075
 10
42.202890167508755
 20
91.21634424564377
 10
42.27515711894536
 20
90.97492646004878
 10
42.29924456241433
 20
90.73200078015984
 10
42.275152512223606
 20
90.48907619848129
 10
42.202880982681094
 20
90.24766170751712
 10
42.08242998809474
 20
90.00926629977161
 10
41.91379954277242
 20
89.77539896774906
 10
41.696989661022116
 20
89.54756870395343
 10
41.432000357151715
 20
89.3272845008891
 10
41.34887386007389
 20
89.26931520441062
 10
41.25979368188043
 20
89.22032502468326
 10
41.15331184097857
 20
89.17946585812109
 10
41.01798035577555
 20
89.14588960113781
 10
40.84235124467859
 20
89.11874815014733
 10
40.61497652609495
 20
89.0971934015636
 10
40.32440821843184
 20
89.08037725180037
 10
39.95919834009652
 20
89.06745159727154
 10
39.50789890949623
 20
89.057568334391
 10
38.95906194503817
 20
89.04987935957257
 10
38.301239465129605
 20
89.04353656923013
 10
37.52298348817778
 20
89.03769185977754
 10
37.03894967665989
 20
89.0353877774817
 10
36.56755983830193
 20
89.03522509484216
 10
36.11358346962001
 20
89.03709480038944
 10
35.68179006713024
 20
89.04088788265378
 10
35.27694912734871
 20
89.0464953301655
 10
34.90383014679158
 20
89.0538081314551
 10
34.567202621974914
 20
89.06271727505285
 10
34.271836049414865
 20
89.07311374948901
 10
34.022499925627514
 20
89.08488854329411
 10
33.82396374712898
 20
89.09793264499842
 10
33.68099701043539
 20
89.11213704313235
 10
33.59836921206284
 20
89.12739272622619
  0
LWPOLYLINE
  5
3F
330
17
100
AcDbEntity
  8
IC_DELIKLER
100
AcDbPolyline
 90
63
 70
1
 10
52.07619863013699
 20
97.11520208730525
 10
51.76115409427461
 20
97.26348735350433
 10
51.463930183598386
 20
97.4751223137981
 10
51.2018894735661
 20
97.73301897366568
 10
50.99239453963555
 20
98.02008933858622
 10
50.85280795726447
 20
98.31924541403896
 10
50.80042240267842
 20
98.59730045146742
 10
50.81780971713241
 20
98.88499981814067
 10
50.89930175505637
 20
99.173129718458
 10
51.039230370880205
 20
99.45247635681883
 10
51.23192741903385
 20
99.71382593762249
 10
51.47172475394721
 20
99.9479646652683
 10
51.75295423005019
 20
100.14567874415567
 10
52.069947701772755
 20
100.297754378684
 10
52.19724490527599
 20
100.33058260465339
 10
52.41489921875658
 20
100.36889416643825
 10
52.71107520529343
 20
100.41130098535015
 10
53.073937427965454
 20
100.45641498270061
 10
53.49165044985154
 20
100.50284807980125
 10
53.95237883403059
 20
100.5492121979637
 10
54.444287143581505
 20
100.59411925849938
 10
54.95553994158321
 20
100.63618118272001
 10
55.60860038728193
 20
100.68452418014175
 10
56.175609551366655
 20
100.72034333101581
 10
56.66452503217741
 20
100.7427295471561
 10
57.08330442805427
 20
100.75077374037613
 10
57.43990533733729
 20
100.74356682248975
 10
57.74228535836651
 20
100.72019970531053
 10
57.99840208948201
 20
100.67976330065224
 10
58.216213129023856
 20
100.62134852032861
 10
58.40367607533209
 20
100.54404627615321
 10
58.56874852674678
 20
100.44694747993984
 10
58.71938808160798
 20
100.32914304350214
 10
58.86355233825574
 20
100.18972387865384
 10
59.095046428885134
 20
99.90904535320124
 10
59.25979715735896
 20
99.62396813393403
 10
59.35782130643366
 20
99.33684976294967
 10
59.38913565886569
 20
99.05004778234556
 10
59.35375699741146
 20
98.76591973421912
 10
59.251702104827444
 20
98.48682316066774
 10
59.082987763870065
 20
98.21511560378883
 10
58.84763075729576
 20
97.95315460567988
 10
58.70259686900386
 20
97.82297092007613
 10
58.55479805923941
 20
97.71137033111884
 10
58.39406627223395
 20
97.61596741297006
 10
58.21023345221898
 20
97.53437673979195
 10
57.99313154342605
 20
97.46421288574663
 10
57.73259249008669
 20
97.40309042499621
 10
57.41844823643244
 20
97.34862393170278
 10
57.04053072669483
 20
97.29842798002846
 10
56.58867190510539
 20
97.25011714413529
 10
56.05270371589567
 20
97.20130599818546
 10
55.42245810329717
 20
97.14960911634105
 10
54.69083906614511
 20
97.09215307039793
 10
54.09385334997592
 20
97.04717765967084
 10
53.61409621690734
 20
97.01450392454046
 10
53.234162929057184
 20
96.99395290538729
 10
52.93664874854316
 20
96.98534564259202
 10
52.70414893748306
 20
96.98850317653523
 10
52.519258757994635
 20
97.00324654759751
 10
52.36457347219564
 20
97.02939679615955
 10
52.22268834220384
 20
97.0667749626019
 10
52.07619863013699
 20
97.11520208730525
  0
LWPOLYLINE
  5
40
330
17
100
AcDbEntity
  8
IC_DELIKLER
100
AcDbPolyline
 90
63
 70
1
 10
35.01104044493955
 20
97.21748226913394
 10
34.697950000206745
 20
97.35064239395058
 10
34.41644050623334
 20
97.53934008166112
 10
34.17341584683248
 20
97.77241152253055
 10
33.975779905817255
 20
98.0386929068242
 10
33.8304365670008
 20
98.32702042480705
 10
33.74428971419625
 20
98.62623026674427
 10
33.724243231216704
 20
98.92515862290111
 10
33.77720100187529
 20
99.21264168354259
 10
33.91692084300556
 20
99.51290510834758
 10
34.12458928157604
 20
99.79424026519135
 10
34.385722076759315
 20
100.04481321892592
 10
34.685834987727944
 20
100.25279003440355
 10
35.010443773654494
 20
100.40633677647614
 10
35.34506419371155
 20
100.49361950999597
 10
35.48602410501047
 20
100.50778943578797
 10
35.70016759459531
 20
100.5198240298507
 10
35.97844140330768
 20
100.52960579658156
 10
36.31179227198924
 20
100.53701724037776
 10
36.69116694148167
 20
100.54194086563655
 10
37.107512152626605
 20
100.54425917675508
 10
37.551774646265734
 20
100.54385467813063
 10
38.01490116324069
 20
100.54060987416042
 10
38.48783844439314
 20
100.53440726924174
 10
39.20457280798042
 20
100.52170213024533
 10
39.781204233365976
 20
100.50809963980939
 10
40.23603429360271
 20
100.49169210332937
 10
40.58736456174352
 20
100.47057182620057
 10
40.85349661084136
 20
100.44283111381819
 10
41.05273201394913
 20
100.40656227157757
 10
41.20337234411975
 20
100.3598576048739
 10
41.32371917440612
 20
100.30080941910256
 10
41.43207407786119
 20
100.22751001965881
 10
41.69704416482736
 20
100.00720158749854
 10
41.91383758529285
 20
99.77935671656363
 10
42.082454348349614
 20
99.54548283435841
 10
42.202894463089656
 20
99.30708736838699
 10
42.275157938604934
 20
99.06567774615382
 10
42.29924478398747
 20
98.82276139516298
 10
42.27515500832923
 20
98.57984574291879
 10
42.20288862072223
 20
98.33843821692554
 10
42.08244563025841
 20
98.1000462446874
 10
41.91382604602979
 20
97.86617725370877
 10
41.69702987712835
 20
97.63833867149373
 10
41.43205713264608
 20
97.41803792554663
 10
41.322655218927785
 20
97.34386894636796
 10
41.20060225239608
 20
97.28461690417075
 10
41.044914588672526
 20
97.23838006750765
 10
40.8346085833787
 20
97.20325670493119
 10
40.54870059213618
 20
97.17734508499382
 10
40.16620697056651
 20
97.15874347624799
 10
39.6661440742913
 20
97.14555014724633
 10
39.02752825893211
 20
97.13586336654126
 10
38.2293758801105
 20
97.12778140268532
 10
37.71310122113824
 20
97.12508235469329
 10
37.214864861758784
 20
97.12615268706847
 10
36.743937727094
 20
97.13073400225323
 10
36.30959074226578
 20
97.13856790268997
 10
35.921094832396044
 20
97.14939599082095
 10
35.58772092260666
 20
97.16295986908852
 10
35.31873993801952
 20
97.179001139935
 10
35.12342280375651
 20
97.19726140580269
 10
35.01104044493955
 20
97.21748226913394
  0
LWPOLYLINE
  5
41
330
17
100
AcDbEntity
  8
IC_DELIKLER
100
AcDbPolyline
 90
379
 70
1
 10
72.09304256701584
 20
98.48869424475254
 10
71.6591601561516
 20
98.67343214148869
 10
71.29056489019376
 20
98.84140303530651
 10
70.97544878130682
 20
99.00065077356038
 10
70.70200384165533
 20
99.1592192036048
 10
70.45842208340389
 20
99.32515217279405
 10
70.23289551871696
 20
99.50649352848254
 10
70.01361615975918
 20
99.71128711802464
 10
69.78877601869505
 20
99.94757678877474
 10
69.54656710768916
 20
100.2234063880872
 10
69.27926044943338
 20
100.51727244000574
 10
68.98452710926698
 20
100.81047514073228
 10
68.6981537187013
 20
101.06903497906379
 10
68.45592690924774
 20
101.2589724437974
 10
68.2599044315286
 20
101.42414367067033
 10
68.01872489229373
 20
101.6728484750785
 10
67.75298099228208
 20
101.9811930007861
 10
67.48326543223254
 20
102.32528339155746
 10
67.23017091288405
 20
102.68122579115706
 10
67.0205060907431
 20
102.98513937200843
 10
66.80722345133594
 20
103.27865647782585
 10
66.5908911770155
 20
103.56114861065669
 10
66.37207745013458
 20
103.8319872725481
 10
66.15135045304613
 20
104.09054396554737
 10
65.92927836810306
 20
104.33619019170166
 10
65.70642937765821
 20
104.56829745305825
 10
65.4833716640645
 20
104.78623725166432
 10
65.26067340967485
 20
104.9893810895671
 10
65.03890279684211
 20
105.17710046881379
 10
64.81862800791919
 20
105.34876689145167
 10
64.53040518648483
 20
105.59575006367498
 10
64.24130404342503
 20
105.89564542136148
 10
64.0139134860002
 20
106.1835271654243
 10
63.841923249966925
 20
106.42456944778795
 10
63.60974700449927
 20
106.7311040747866
 10
63.3478137786242
 20
107.06376697578125
 10
63.0865526013687
 20
107.38319408013311
 10
62.878597491246325
 20
107.65389841317864
 10
62.66636427039272
 20
107.9692505797014
 10
62.4654239592301
 20
108.30336016874253
 10
62.29134757818066
 20
108.63033676934305
 10
62.1597061476666
 20
108.92428997054407
 10
62.05003686754974
 20
109.1770539872617
 10
61.9030282609387
 20
109.47538835575145
 10
61.72859514067852
 20
109.80138496480618
 10
61.53665231961438
 20
110.13713570321863
 10
61.33711461059138
 20
110.46473245978152
 10
61.13989682645463
 20
110.76626712328766
 10
60.90757714630965
 20
111.11542976959007
 10
60.70622158019419
 20
111.43809572524555
 10
60.533408135239675
 20
111.74025419082199
 10
60.38671481857757
 20
112.02789436688715
 10
60.263719637339314
 20
112.30700545400896
 10
60.162000598656334
 20
112.58357665275528
 10
60.07913570966007
 20
112.8635971636939
 10
60.012702977481986
 20
113.1530561873927
 10
59.960280409253485
 20
113.45794292441963
 10
59.91944601210602
 20
113.78424657534245
 10
59.88117676985962
 20
114.06082587434844
 10
59.82209435753387
 20
114.33816299186287
 10
59.73649964792254
 20
114.63203825760567
 10
59.61869351381935
 20
114.9582320012967
 10
59.46297682801797
 20
115.33252455265617
 10
59.26365046331217
 20
115.77069624140401
 10
59.01501529249563
 20
116.28852739726025
 10
58.793440137281216
 20
116.74857270158327
 10
58.601922561110996
 20
117.16217202157873
 10
58.43857568589636
 20
117.53535532464727
 10
58.30151263354866
 20
117.87415257818955
 10
58.188846525979294
 20
118.18459374960617
 10
58.098690485099624
 20
118.47270880629767
 10
58.02915763282105
 20
118.74452771566479
 10
57.97836109105493
 20
119.00608044510801
 10
57.94441398171268
 20
119.26339696202805
 10
57.92542942670565
 20
119.52250723382548
 10
57.91952054794521
 20
119.78944122790091
 10
57.899492033189574
 20
120.10783901400387
 10
57.8449589484589
 20
120.51197026765158
 10
57.764249983057496
 20
120.94997334389464
 10
57.66569382628968
 20
121.3699865977839
 10
57.537426159247346
 20
121.9094356938063
 10
57.445150664574584
 20
122.40614351876044
 10
57.40884451122119
 20
122.75257538889329
 10
57.38563860126753
 20
123.00155079388182
 10
57.32468859278673
 20
123.36299668372956
 10
57.2352556085005
 20
123.78845281657019
 10
57.12660077113058
 20
124.22945895053712
 10
57.072652057146456
 20
124.43905986896786
 10
57.0259859661828
 20
124.63929640989176
 10
56.986058208752745
 20
124.83831274375359
 10
56.95232449536935
 20
125.04425304099794
 10
56.92424053654574
 20
125.26526147206948
 10
56.90126204279494
 20
125.50948220741287
 10
56.8828447246301
 20
125.78505941747287
 10
56.868444292564256
 20
126.10013727269401
 10
56.857516457110535
 20
126.46285994352101
 10
56.849516928782016
 20
126.88137160039858
 10
56.843901418091775
 20
127.36381641377122
 10
56.84012563555292
 20
127.91833855408376
 10
56.83764529167853
 20
128.55308219178082
 10
56.82791095890411
 20
131.82791095890408
 10
57.195144929181595
 20
132.59845890410958
 10
57.3628668401188
 20
132.99566633336462
 10
57.48956693715204
 20
133.40016588265462
 10
57.5776478113974
 20
133.82119207965843
 10
57.62951205397095
 20
134.2679794520548
 10
57.69801038468991
 20
134.8023246916167
 10
57.813091919737865
 20
135.29759287330407
 10
57.9577632520263
 20
135.6806506849315
 10
58.05348692164852
 20
135.89967153291653
 10
58.127001449111376
 20
136.13954822048615
 10
58.17863720343692
 20
136.40564284709762
 10
58.20872455364725
 20
136.70331751220817
 10
58.217593868764446
 20
137.03793431527504
 10
58.20557551781056
 20
137.41485535575538
 10
58.17299986980768
 20
137.83944273310655
 10
58.120197293777885
 20
138.3170585467856
 10
58.07653053699091
 20
138.7243529920385
 10
58.07568207646402
 20
139.03003040030174
 10
58.13300333377193
 20
139.30873049154042
 10
58.26384573048937
 20
139.6350929857196
 10
58.48356068819102
 20
140.0837576028046
 10
58.6064332049181
 20
140.33746060710075
 10
58.719770791569026
 20
140.592991079003
 10
58.82490470595546
 20
140.85500218589434
 10
58.92316620588911
 20
141.12814709515774
 10
59.01588654918163
 20
141.41707897417615
 10
59.10439699364471
 20
141.7264509903325
 10
59.19002879709004
 20
142.06091631100963
 10
59.2741132173293
 20
142.42512810359054
 10
59.35798151217419
 20
142.82373953545812
 10
59.442964939436365
 20
143.26140377399537
 10
59.53039475692753
 20
143.74277398658518
 10
59.572631707338154
 20
143.95687491428313
 10
59.62569622286296
 20
144.1828545920831
 10
59.6892054346464
 20
144.41991990609998
 10
59.76277647383293
 20
144.66727774244876
 10
59.846026471567065
 20
144.9241349872443
 10
59.9385725589932
 20
145.1896985266016
 10
60.04003186725584
 20
145.4631752466355
 10
60.15002152749946
 20
145.743772033461
 10
60.268158670868544
 20
146.03069577319303
 10
60.39406042850753
 20
146.32315335194647
 10
60.52734393156089
 20
146.6203516558363
 10
60.6676263111731
 20
146.92149757097744
 10
60.81452469848863
 20
147.22579798348474
 10
60.96765622465193
 20
147.53245977947327
 10
61.1266380208075
 20
147.84068984505785
 10
61.29108721809978
 20
148.14969506635344
 10
61.46062094767327
 20
148.45868232947498
 10
61.6348563406724
 20
148.7668585205374
 10
61.81341052824166
 20
149.07343052565557
 10
61.99590064152552
 20
149.37760523094448
 10
62.18194381166843
 20
149.67858952251908
 10
62.37115716981489
 20
149.97559028649428
 10
62.563157847109345
 20
150.26781440898498
 10
62.75756297469627
 20
150.5544687761061
 10
62.95398968372013
 20
150.8347602739726
 10
63.15964474959815
 20
151.13981900149827
 10
63.38128993721464
 20
151.49574593321915
 10
63.592281902822606
 20
151.85829476134415
 10
63.76597730267512
 20
152.18321917808217
 10
63.921998502490716
 20
152.45188356164377
 10
64.14253010098479
 20
152.77371575342463
 10
64.40707250247026
 20
153.12174657534246
 10
64.69512611126011
 20
153.46900684931504
 10
64.98619133166726
 20
153.78852739726025
 10
65.27599186306055
 20
154.10554759833084
 10
65.56052805553061
 20
154.44585378255854
 10
65.81971528947304
 20
154.78329719817933
 10
66.03346894528345
 20
155.09172909342922
 10
66.18170440335746
 20
155.34500071654423
 10
66.4214251715244
 20
155.76834480388294
 10
66.67477447083814
 20
156.10843646526544
 10
66.94278411268998
 20
156.36608675130762
 10
67.2264859084712
 20
156.5421067126254
 10
67.5269116695732
 20
156.63730739983473
 10
67.84509320738724
 20
156.65249986355144
 10
68.1741514017577
 20
156.59710832767524
 10
68.41861629808643
 20
156.47472949286362
 10
68.62033931484606
 20
156.2644125890682
 10
68.71490387922375
 20
156.12933396523644
 10
68.77505391888793
 20
156.00275256580105
 10
68.79187423940296
 20
155.86375493875883
 10
68.75644964633322
 20
155.69142763210638
 10
68.6598649452431
 20
155.46485719384043
 10
68.49320494169702
 20
155.1631301719577
 10
68.24755444125935
 20
154.7653331144548
 10
67.91399824949448
 20
154.25055256932848
 10
67.4836211719668
 20
153.59787508457535
 10
67.3369985718624
 20
153.37392396372636
 10
67.19145555434255
 20
153.14716690332335
 10
67.04688014770971
 20
152.91738809628242
 10
66.90316038026644
 20
152.68437173551962
 10
66.76018428031529
 20
152.44790201395088
 10
66.6178398761587
 20
152.20776312449254
 10
66.47601519609921
 20
151.96373926006052
 10
66.33459826843935
 20
151.71561461357092
 10
66.19347712148168
 20
151.4631733779398
 10
66.05253978352863
 20
151.2061997460832
 10
65.9116742828828
 20
150.94447791091724
 10
65.77076864784665
 20
150.67779206535795
 10
65.62971090672272
 20
150.40592640232146
 10
65.48838908781353
 20
150.12866511472382
 10
65.34669121942159
 20
149.84579239548106
 10
65.20450532984941
 20
149.5570924375093
 10
65.06171944739953
 20
149.26234943372458
 10
64.91822160037444
 20
148.96134757704306
 10
64.77389981707668
 20
148.65387106038065
 10
64.62864212580877
 20
148.3397040766535
 10
64.48233655487319
 20
148.0186308187778
 10
64.3348711325725
 20
147.69043547966942
 10
64.1861338872092
 20
147.35490225224456
 10
64.0360128470858
 20
147.01181532941925
 10
63.88439604050484
 20
146.66095890410958
 10
63.64885520844778
 20
146.1110048216331
 10
63.44214060150368
 20
145.6237276717519
 10
63.26228090621308
 20
145.1926328295065
 10
63.10730480911644
 20
144.8112256699374
 10
62.97524099675432
 20
144.47301156808493
 10
62.864118155667235
 20
144.17149589898963
 10
62.77196497239569
 20
143.9001840376919
 10
62.69681013348022
 20
143.65258135923216
 10
62.63668232546134
 20
143.42219323865095
 10
62.58961023487955
 20
143.20252505098867
 10
62.553622548275385
 20
142.98708217128572
 10
62.52674795218936
 20
142.76936997458262
 10
62.507015133161985
 20
142.54289383591978
 10
62.49245277773378
 20
142.30115913033765
 10
62.481089572445256
 20
142.0376712328767
 10
62.45819024110786
 20
141.61429743194023
 10
62.42179480376621
 20
141.23092989309274
 10
62.36977444380106
 20
140.87541510114437
 10
62.30000034459316
 20
140.5355995409052
 10
62.21034368952325
 20
140.19932969718522
 10
62.09867566197209
 20
139.8544520547945
 10
61.97654583463427
 20
139.49844160262012
 10
61.87182317226564
 20
139.17633898455733
 10
61.78255248438042
 20
138.87775533499382
 10
61.70677858049282
 20
138.59230178831743
 10
61.64254627011708
 20
138.3095894789159
 10
61.58790036276744
 20
138.019229541177
 10
61.54088566795813
 20
137.71083310948842
 10
61.499546995203374
 20
137.37401131823788
 10
61.46192915401742
 20
136.99837530181318
 10
61.42607695391449
 20
136.57353619460204
 10
61.39003520440882
 20
136.08910513099224
 10
61.36302285878455
 20
135.7611127176713
 10
61.32730116794284
 20
135.4088273341135
 10
61.28411895537355
 20
135.04083358024914
 10
61.234725044566574
 20
134.66571605600836
 10
61.18036825901176
 20
134.2920593613212
 10
61.12229742219903
 20
133.9284480961179
 10
61.061761357618266
 20
133.58346686032854
 10
61.00000888875931
 20
133.2657002538833
 10
60.93828883911209
 20
132.9837328767123
 10
60.86540712145962
 20
132.6690064668983
 10
60.80447983258737
 20
132.3913289098088
 10
60.754751548565956
 20
132.13894811718544
 10
60.715466845466054
 20
131.9001120007698
 10
60.68587029935827
 20
131.66306847230356
 10
60.6652064863133
 20
131.4160654435283
 10
60.65271998240175
 20
131.14735082618566
 10
60.6476553636943
 20
130.84517253201722
 10
60.64925720626159
 20
130.49777847276457
 10
60.65677008617426
 20
130.09341656016937
 10
60.66943857950297
 20
129.62033470597325
 10
60.686507262318365
 20
129.0667808219178
 10
60.701559653357634
 20
128.64618385599715
 10
60.71970991943388
 20
128.23177601465665
 10
60.740867296266266
 20
127.82423566564458
 10
60.76494101957387
 20
127.42424117670964
 10
60.79184032507584
 20
127.0324709156001
 10
60.82147444849125
 20
126.64960325006456
 10
60.85375262553927
 20
126.2763165478514
 10
60.888584091938974
 20
125.91328917670916
 10
60.92587808340949
 20
125.56119950438631
 10
60.96554383566997
 20
125.22072589863123
 10
61.00749058443947
 20
124.89254672719247
 10
61.051627565437165
 20
124.57734035781851
 10
61.097864014382154
 20
124.27578515825778
 10
61.14610916699353
 20
123.98855949625874
 10
61.19627225899044
 20
123.71634173956991
 10
61.248262526092
 20
123.45981025593971
 10
61.30198920401731
 20
123.21964341311667
 10
61.3573615284855
 20
122.99651957884919
 10
61.41428873521567
 20
122.79111712088576
 10
61.47268005992696
 20
122.6041144069749
 10
61.532444738338484
 20
122.436189804865
 10
61.59349200616935
 20
122.28802168230459
 10
61.71288936971589
 20
121.98449429979954
 10
61.81756488486049
 20
121.6436190154819
 10
61.905962581385886
 20
121.27193813089855
 10
61.97652648907482
 20
120.87599394759664
 10
62.02770063771006
 20
120.46232876712327
 10
62.05758316562495
 20
120.19215086822717
 10
62.09545694270018
 20
119.91135859940206
 10
62.14099026953413
 20
119.62100037702234
 10
62.193851446725226
 20
119.3221246174624
 10
62.253708774871924
 20
119.01577973709647
 10
62.320230554572554
 20
118.70301415229906
 10
62.3930850864256
 20
118.38487627944448
 10
62.471940671029444
 20
118.0624145349071
 10
62.556465608982535
 20
117.73667733506127
 10
62.646328200883275
 20
117.40871309628133
 10
62.74119674733005
 20
117.07957023494168
 10
62.840739548921306
 20
116.75029716741676
 10
62.94462490625544
 20
116.4219423100808
 10
63.05252111993088
 20
116.09555407930822
 10
63.164096490546044
 20
115.77218089147334
 10
63.279019318699326
 20
115.45287116295063
 10
63.39695790498917
 20
115.13867331011437
 10
63.51758055001398
 20
114.830635749339
 10
63.640555554372156
 20
114.5298068969987
 10
63.76555121866215
 20
114.23723516946805
 10
63.892235843482325
 20
113.95396898312137
 10
64.02027772943114
 20
113.6810567543329
 10
64.14934517710698
 20
113.41954689947713
 10
64.27910648710828
 20
113.17048783492837
 10
64.40922996003347
 20
112.934927977061
 10
64.63395207715892
 20
112.52147459712074
 10
64.83098719885741
 20
112.12367088211016
 10
64.97908104831303
 20
111.78676300072243
 10
65.05697934870982
 20
111.55599712165065
 10
65.13672008528128
 20
111.24829012659191
 10
65.23975105793765
 20
110.95060788362034
 10
65.36888327714598
 20
110.65819809813408
 10
65.52692775337333
 20
110.36630847553121
 10
65.71669549708675
 20
110.07018672121
 10
65.94099751875326
 20
109.76508054056859
 10
66.20264482883996
 20
109.44623763900512
 10
66.50444843781388
 20
109.1089057219177
 10
66.7974779323066
 20
108.78528447748414
 10
67.03619205742594
 20
108.50071503531359
 10
67.23341939947532
 20
108.23483611107298
 10
67.40198854475824
 20
107.96728642042919
 10
67.55472807957808
 20
107.67770467904927
 10
67.7044665902383
 20
107.34572960260013
 10
67.86403266304237
 20
106.95099990674873
 10
67.9590985697724
 20
106.71742523255699
 10
68.06151155604125
 20
106.48613688159125
 10
68.17198583525814
 20
106.2561353983065
 10
68.29123562083221
 20
106.02642132715764
 10
68.41997512617267
 20
105.79599521259962
 10
68.55891856468867
 20
105.5638575990875
 10
68.70878014978935
 20
105.32900903107611
 10
68.8702740948839
 20
105.09045005302059
 10
69.0441146133815
 20
104.84718120937575
 10
69.2310159186913
 20
104.59820304459663
 10
69.43169222422247
 20
104.34251610313822
 10
69.64685774338423
 20
104.07912092945537
 10
69.87722668958568
 20
103.80701806800315
 10
70.12351327623603
 20
103.5252080632365
 10
70.38643171674441
 20
103.23269145961041
 10
70.66669622452004
 20
102.92846880157973
 10
70.96502101297206
 20
102.61154063359953
 10
71.1689622720227
 20
102.39547064622309
 10
71.39613013989715
 20
102.15213023704783
 10
71.6403279947452
 20
101.8883068664775
 10
71.89535921471673
 20
101.61078799491551
 10
72.15502717796156
 20
101.32636108276557
 10
72.41313526262952
 20
101.04181359043125
 10
72.66348684687047
 20
100.76393297831598
 10
72.89988530883426
 20
100.49950670682347
 10
73.11613402667068
 20
100.25532223635724
 10
73.58448652857379
 20
99.7129093752655
 10
73.90466032792077
 20
99.31132320100178
 10
74.10198967912858
 20
99.01215478610476
 10
74.2018088366142
 20
98.77699520311316
 10
74.22945205479454
 20
98.56743552456584
 10
74.21016341712775
 20
98.34663879065502
 10
74.14875411007323
 20
98.17931107639356
 10
74.03990904254982
 20
98.06525648437687
 10
73.87831312347632
 20
98.00427911720024
 10
73.65865126177154
 20
97.99618307745894
 10
73.37560836635427
 20
98.04077246774818
 10
73.02386934614337
 20
98.13785139066337
 10
72.59811911005761
 20
98.28722394879972
 10
72.09304256701584
 20
98.48869424475254
  0
LWPOLYLINE
  5
42
330
17
100
AcDbEntity
  8
IC_DELIKLER
100
AcDbPolyline
 90
380
 70
1
 10
23.714253539654806
 20
103.61670470953558
 10
23.58215864680836
 20
103.82415322091356
 10
23.515545977954083
 20
104.07218797567467
 10
23.511218482204388
 20
104.34930071164356
 10
23.565979108671716
 20
104.64398316664503
 10
23.676630806468484
 20
104.94472707850372
 10
23.839976524707122
 20
105.24002418504435
 10
24.052819212500054
 20
105.51836622409166
 10
24.311961818959706
 20
105.76824493347038
 10
24.594013989118125
 20
106.02759307340656
 10
24.81403656039144
 20
106.29388845249318
 10
24.97686007422723
 20
106.57765799220792
 10
25.087315072073093
 20
106.88942861402845
 10
25.150232095376627
 20
107.23972723943234
 10
25.170441685585423
 20
107.63908078989729
 10
25.174999208388478
 20
107.82784595051854
 10
25.191754602147096
 20
108.00923806280122
 10
25.22597672788645
 20
108.19704672680689
 10
25.282934446631717
 20
108.40506154259694
 10
25.367896619408036
 20
108.64707211023284
 10
25.486132107240582
 20
108.93686802977618
 10
25.642909771154525
 20
109.28823890128842
 10
25.843498472175014
 20
109.71497432483105
 10
26.093167071327212
 20
110.23086390046558
 10
26.39718442963629
 20
110.84969722825346
 10
26.56875179329665
 20
111.19696953379784
 10
26.744811532690655
 20
111.55238646967285
 10
26.923105136018783
 20
111.91143657110075
 10
27.101374091481528
 20
112.26960837330358
 10
27.27735988727938
 20
112.62239041150352
 10
27.44880401161284
 20
112.96527122092255
 10
27.613447952682385
 20
113.29373933678298
 10
27.769033198688525
 20
113.60328329430686
 10
27.913301237831742
 20
113.88939162871623
 10
28.043993558312525
 20
114.14755287523332
 10
28.158851648331368
 20
114.37325556908016
 10
28.25561699608877
 20
114.56198824547894
 10
28.430751904265808
 20
114.9169532553114
 10
28.602838151406893
 20
115.29355478784711
 10
28.763694857588
 20
115.67181567413627
 10
28.905141142885107
 20
116.03175874522918
 10
29.018996127374187
 20
116.35340683217595
 10
29.097078931131225
 20
116.61678276602692
 10
29.19749360543207
 20
116.99605934610005
 10
29.31641437157264
 20
117.4169788713705
 10
29.438970234783493
 20
117.82828962385338
 10
29.550290200295187
 20
118.1787398855638
 10
29.67330993096335
 20
118.6183123982141
 10
29.761051944748722
 20
119.06476399559617
 10
29.794520547945208
 20
119.42144020817355
 10
29.813962412902487
 20
119.71835394038527
 10
29.866898183825768
 20
120.15102324227612
 10
29.945243124792224
 20
120.6613735899713
 10
30.04091249987903
 20
121.19133045959603
 10
30.08414342707915
 20
121.42197404627109
 10
30.126099245366404
 20
121.66435337685934
 10
30.16675590296184
 20
121.9178667207924
 10
30.20608934808646
 20
122.18191234750216
 10
30.244075528961304
 20
122.4558885264203
 10
30.280690393807408
 20
122.73919352697857
 10
30.31590989084579
 20
123.03122561860866
 10
30.349709968297507
 20
123.33138307074225
 10
30.382066574383558
 20
123.63906415281113
 10
30.412955657324975
 20
123.95366713424713
 10
30.4423531653428
 20
124.27459028448186
 10
30.470235046658054
 20
124.60123187294707
 10
30.496577249491782
 20
124.93299016907446
 10
30.52135572206498
 20
125.26926344229591
 10
30.544546412598717
 20
125.60944996204296
 10
30.566125269314
 20
125.95294799774743
 10
30.58606824043186
 20
126.29915581884109
 10
30.604351274173336
 20
126.64747169475558
 10
30.620950318759434
 20
126.99729389492279
 10
30.635841322411213
 20
127.34802068877426
 10
30.649000233349682
 20
127.6990503457418
 10
30.66040299979589
 20
128.04978113525718
 10
30.670025569970846
 20
128.39961132675205
 10
30.677843892095588
 20
128.74793918965827
 10
30.68383391439114
 20
129.09416299340748
 10
30.687971585078543
 20
129.4376810074314
 10
30.69023285237882
 20
129.7778915011618
 10
30.690593664513
 20
130.1141927440304
 10
30.689029969702112
 20
130.44598300546892
 10
30.685517716167183
 20
130.77266055490912
 10
30.680032852129255
 20
131.0936236617827
 10
30.67255132580934
 20
131.40827059552143
 10
30.663049085428483
 20
131.71599962555698
 10
30.651502079207695
 20
132.01620902132117
 10
30.637886255368024
 20
132.30829705224565
 10
30.62217756213049
 20
132.59166198776222
 10
30.604351947716122
 20
132.86570209730255
 10
30.584385360345955
 20
133.12981565029838
 10
30.56225374824102
 20
133.38340091618147
 10
30.537933059622333
 20
133.62585616438355
 10
30.509702711029362
 20
133.91266705238652
 10
30.482360126652488
 20
134.23597361943493
 10
30.456575683430177
 20
134.5847142885809
 10
30.433019758300887
 20
134.9478274828767
 10
30.412362728203075
 20
135.31425162537457
 10
30.395274970075217
 20
135.67292513912668
 10
30.382426860855762
 20
136.01278644718533
 10
30.374488777483172
 20
136.32277397260273
 10
30.36190194659414
 20
136.69954186257183
 10
30.338107637744447
 20
137.0732121964493
 10
30.303607996483674
 20
137.44153198728662
 10
30.25890516836142
 20
137.8022482481353
 10
30.204501298927262
 20
138.15310799204684
 10
30.14089853373079
 20
138.4918582320729
 10
30.06859901832159
 20
138.81624598126498
 10
29.988104898249244
 20
139.12401825267457
 10
29.89991831906334
 20
139.4129220593533
 10
29.80454142631346
 20
139.6807044143526
 10
29.7024763655492
 20
139.92511233072406
 10
29.594225282320128
 20
140.14389282151924
 10
29.48029032217585
 20
140.33479289978965
 10
29.39196727331946
 20
140.47926543604976
 10
29.29497377217328
 20
140.65806055864272
 10
29.190422381978973
 20
140.86830584748347
 10
29.079425665978203
 20
141.10712888248662
 10
28.963096187412624
 20
141.371657243567
 10
28.842546509523924
 20
141.65901851063936
 10
28.71888919555374
 20
141.9663402636184
 10
28.59323680874375
 20
142.29075008241892
 10
28.46670191233562
 20
142.62937554695566
 10
28.340397069570997
 20
142.97934423714338
 10
28.215434843691554
 20
143.3377837328968
 10
28.09292779793896
 20
143.70182161413072
 10
27.973988495554867
 20
144.0685854607599
 10
27.85972949978094
 20
144.43520285269906
 10
27.751263373858844
 20
144.79880136986299
 10
27.648444640222223
 20
145.14503764368024
 10
27.53701579285495
 20
145.50841611088404
 10
27.421517387339232
 20
145.8749016119222
 10
27.30648997925726
 20
146.2304589872426
 10
27.19647412419119
 20
146.56105307729314
 10
27.096010377723232
 20
146.85264872252168
 10
27.009639295435548
 20
147.09121076337615
 10
26.925230457482513
 20
147.29539204338658
 10
26.818649140664323
 20
147.51871086587565
 10
26.691754765327367
 20
147.75858829953086
 10
26.546406751818033
 20
148.0124454130398
 10
26.384464520482716
 20
148.27770327509012
 10
26.207787491667805
 20
148.55178295436934
 10
26.01823508571968
 20
148.832105519565
 10
25.817666722984743
 20
149.1160920393648
 10
25.607941823809373
 20
149.40116358245618
 10
25.39091980853997
 20
149.68474121752678
 10
25.168460097522917
 20
149.9642460132642
 10
24.942422111104598
 20
150.23709903835598
 10
24.714665269631418
 20
150.50072136148967
 10
24.48704899344975
 20
150.75253405135288
 10
24.261432702905992
 20
150.98995817663322
 10
24.039675818346538
 20
151.2104148060182
 10
23.84663344272646
 20
151.39895167747102
 10
23.67876979624638
 20
151.57162095715424
 10
23.528990500918344
 20
151.73995969666674
 10
23.39020117875438
 20
151.91550494760764
 10
23.25530745176654
 20
152.10979376157582
 10
23.11721494196687
 20
152.3343631901702
 10
22.968829271367408
 20
152.60075028498983
 10
22.803056061980204
 20
152.92049209763357
 10
22.612800935817297
 20
153.30512567970044
 10
22.390969514890735
 20
153.7661880827893
 10
22.130467421212558
 20
154.31521635849924
 10
22.00382548947811
 20
154.5517164200391
 10
21.846157268814817
 20
154.78603974264638
 10
21.649680342828443
 20
155.02699202580666
 10
21.40661229512477
 20
155.28337896900553
 10
21.1091707093096
 20
155.56400627172852
 10
20.74957316898869
 20
155.87767963346113
 10
20.371104254556112
 20
156.20433005397916
 10
20.046962869667066
 20
156.4983096689132
 10
19.772120952852543
 20
156.76573254179098
 10
19.541550442643565
 20
157.01271273614014
 10
19.350223277571136
 20
157.24536431548833
 10
19.193111396166277
 20
157.46980134336326
 10
19.06518673695999
 20
157.69213788329247
 10
18.96142123848329
 20
157.91848799880373
 10
18.87678683926719
 20
158.15496575342465
 10
18.753666860501315
 20
158.49672754089755
 10
18.586474485515215
 20
158.8988990392669
 10
18.411406001677022
 20
159.27441219218466
 10
18.258517174449757
 20
159.62138438154594
 10
18.149471466795013
 20
159.9487322727537
 10
18.107876712328768
 20
160.18558673472162
 10
18.22578498450949
 20
160.55953206190412
 10
18.540787778160585
 20
160.81898166012303
 10
18.994802058945478
 20
160.91609589041096
 10
19.18028284000789
 20
160.88786432981033
 10
19.433169195689583
 20
160.80851865173474
 10
19.738689035162285
 20
160.68608236177352
 10
20.082070267597704
 20
160.5285789655161
 10
20.44854080216756
 20
160.34403196855197
 10
20.82332854804359
 20
160.14046487647045
 10
21.191661414397498
 20
159.92590119486098
 10
21.53876731040102
 20
159.70836442931295
 10
21.849874145225872
 20
159.49587808541574
 10
22.11020982804378
 20
159.29646566875877
 10
22.30500226802645
 20
159.1181506849315
 10
22.658920287313197
 20
158.74835291818266
 10
22.979636021786597
 20
158.41786685589673
 10
23.27030892043121
 20
158.1236061934473
 10
23.53409843223159
 20
157.8624846262077
 10
23.774164006172295
 20
157.63141584955144
 10
23.993665091237883
 20
157.42731355885198
 10
24.195761136412916
 20
157.24709144948278
 10
24.383611590681934
 20
157.08766321681728
 10
24.695485340161348
 20
156.78217321519057
 10
25.017996335130544
 20
156.3900023628314
 10
25.281322607606505
 20
155.99605362777618
 10
25.394851765566397
 20
155.80738770451947
 10
25.527641881825488
 20
155.603138092677
 10
25.67923076439091
 20
155.3838826284308
 10
25.84915622126983
 20
155.1501991479628
 10
26.036956060469375
 20
154.90266548745515
 10
26.242168089996717
 20
154.64185948308977
 10
26.464330117858992
 20
154.36835897104865
 10
26.702979952063362
 20
154.08274178751384
 10
26.957655400616964
 20
153.78558576866732
 10
27.22789427152696
 20
153.47746875069114
 10
27.513234372800497
 20
153.1589685697672
 10
27.81321351244472
 20
152.83066306207763
 10
28.0398320330968
 20
152.57210293003246
 10
28.282130349383866
 20
152.27315738090707
 10
28.52712665152794
 20
151.95138454765416
 10
28.761839129751035
 20
151.6243425632264
 10
28.973285974275182
 20
151.30958956057654
 10
29.14848537532241
 20
151.02468367265723
 10
29.35110507497238
 20
150.68906639273422
 10
29.580122098075577
 20
150.33407469980642
 10
29.81716760463994
 20
149.98663218368395
 10
30.043872754673405
 20
149.673662434177
 10
30.241868708183887
 20
149.4220890410959
 10
30.515665373962623
 20
149.0897707566981
 10
30.73384445083593
 20
148.80737213245285
 10
30.906720619637827
 20
148.55435123212925
 10
31.044608561202327
 20
148.31016611949642
 10
31.15782295636346
 20
148.05427485832348
 10
31.256678485955245
 20
147.76613551237958
 10
31.35148983081169
 20
147.4252061454339
 10
31.452571671766822
 20
147.01094482125546
 10
31.566267644455788
 20
146.55061834995294
 10
31.67654917922173
 20
146.16029901911762
 10
31.789890157786147
 20
145.82628757781106
 10
31.912764461870534
 20
145.53488477509487
 10
32.05164597319638
 20
145.27239136003067
 10
32.21300857348519
 20
145.02510808168
 10
32.403326144458454
 20
144.77933568910453
 10
32.62907256783766
 20
144.52137493136573
 10
32.82393598189872
 20
144.296559041026
 10
32.971575031674924
 20
144.08597702444308
 10
33.08100619640936
 20
143.85875804854632
 10
33.161245955345144
 20
143.58403128026524
 10
33.221310787725315
 20
143.23092588652938
 10
33.27021717279298
 20
142.7685710342681
 10
33.31698158979122
 20
142.16609589041093
 10
33.34673598077024
 20
141.86933682933787
 10
33.395686211922154
 20
141.52254566210044
 10
33.46003548366641
 20
141.14632384417808
 10
33.53598699642246
 20
140.7612728310502
 10
33.61974395060977
 20
140.38799407819633
 10
33.70750954664776
 20
140.0470890410959
 10
33.83259749581483
 20
139.56603364951744
 10
33.935273376284464
 20
139.11065069163897
 10
34.0049246644736
 20
138.73228536945834
 10
34.030938836799116
 20
138.4822828849733
 10
34.057171750349816
 20
138.15538932055583
 10
34.12441091809872
 20
137.691538788868
 10
34.21809940682186
 20
137.19115253903811
 10
34.264704135343045
 20
136.9587418196583
 10
34.309650913408575
 20
136.71292039496427
 10
34.35291454384553
 20
136.45444818036475
 10
34.39446982948104
 20
136.18408509126817
 10
34.43429157314217
 20
135.90259104308313
 10
34.472354577656006
 20
135.61072595121834
 10
34.508633645849635
 20
135.30924973108213
 10
34.54310358055017
 20
134.9989222980832
 10
34.57573918458468
 20
134.68050356763
 10
34.60651526078025
 20
134.35475345513132
 10
34.63540661196399
 20
134.02243187599555
 10
34.66238804096298
 20
133.68429874563134
 10
34.6874343506043
 20
133.34111397944716
 10
34.71052034371505
 20
132.99363749285166
 10
34.73162082312233
 20
132.64262920125336
 10
34.75071059165321
 20
132.28884902006084
 10
34.76776445213479
 20
131.93305686468264
 10
34.78275720739418
 20
131.57601265052736
 10
34.795663660258406
 20
131.2184762930036
 10
34.806458613554625
 20
130.86120770751987
 10
34.815116870109904
 20
130.50496680948473
 10
34.821613232751325
 20
130.1505135143068
 10
34.825922504305986
 20
129.79860773739458
 10
34.828019487600976
 20
129.45000939415664
 10
34.827878985463386
 20
129.10547840000163
 10
34.82547580072029
 20
128.765774670338
 10
34.8207847361988
 20
128.4316581205744
 10
34.813780594726
 20
128.10388866611936
 10
34.80443817912897
 20
127.78322622238147
 10
34.79273229223482
 20
127.47043070476926
 10
34.77863773687061
 20
127.16626202869134
 10
34.76212931586345
 20
126.87148010955622
 10
34.743181832040435
 20
126.58684486277252
 10
34.72177008822863
 20
126.31311620374876
 10
34.697868887255154
 20
126.05105404789353
 10
34.671453031947074
 20
125.80141831061539
 10
34.6424973251315
 20
125.5649689073229
 10
34.610976569635504
 20
125.34246575342465
 10
34.567026399740975
 20
125.03882421206117
 10
34.52087472092519
 20
124.6922155928938
 10
34.47389988702997
 20
124.3147549563891
 10
34.427480251897116
 20
123.91855736301366
 10
34.382994169368416
 20
123.51573787323414
 10
34.34181999328567
 20
123.1184115475171
 10
34.305336077490686
 20
122.73869344632917
 10
34.27492077582525
 20
122.38869863013696
 10
34.22880259637726
 20
121.86608376922197
 10
34.18122047969069
 20
121.43831554806499
 10
34.12748542257449
 20
121.08329271233262
 10
34.06290842183756
 20
120.77891400769172
 10
33.982800474288815
 20
120.50307817980917
 10
33.88247257673715
 20
120.23368397435175
 10
33.757235725991485
 20
119.94863013698628
 10
33.62295095395077
 20
119.62856413945994
 10
33.48263634648032
 20
119.24111495883997
 10
33.34681667515861
 20
118.81899314183175
 10
33.22601671156406
 20
118.39490923514063
 10
33.1307612272751
 20
118.00157378547217
 10
33.05157562193109
 20
117.67525124924717
 10
32.95004102493125
 20
117.3209484048333
 10
32.83275329621546
 20
116.95801813465073
 10
32.706308295723616
 20
116.60581332111948
 10
32.577301883395634
 20
116.28368684665963
 10
32.4523299191714
 20
116.01099159369136
 10
32.269158382671726
 20
115.62943553086265
 10
32.095030799452175
 20
115.23980305290709
 10
31.949625168066166
 20
114.88776865924962
 10
31.852619487067123
 20
114.61900684931504
 10
31.76577970856764
 20
114.40119863013689
 10
31.620976279129376
 20
114.1047945205479
 10
31.43279176275207
 20
113.75676369863012
 10
31.215808723435433
 20
113.3840753424657
 10
30.984609725179183
 20
113.01369863013696
 10
30.837991684575194
 20
112.78439757128137
 10
30.680589564296596
 20
112.53261288492479
 10
30.514271267934046
 20
112.2616263265503
 10
30.340904699078155
 20
111.97471965164104
 10
30.162357761319576
 20
111.67517461568002
 10
29.98049835824895
 20
111.36627297415038
 10
29.7971943934569
 20
111.05129648253529
 10
29.61431377053407
 20
110.73352689631773
 10
29.4337243930711
 20
110.41624597098081
 10
29.257294164658628
 20
110.10273546200767
 10
29.086890988887287
 20
109.79627712488139
 10
28.92438276934772
 20
109.50015271508505
 10
28.771637409630564
 20
109.2176439881018
 10
28.630522813326454
 20
108.95203269941464
 10
28.502906884026025
 20
108.70660060450675
 10
28.390657525319924
 20
108.48462945886115
 10
28.29564264079878
 20
108.28940101796096
 10
28.079811200428406
 20
107.90847134555116
 10
27.82366162009211
 20
107.5624382405284
 10
27.58264896357405
 20
107.32621608645411
 10
27.411997488128765
 20
107.18394362116328
 10
27.20517154175559
 20
106.98234346674386
 10
26.971637289442505
 20
106.73323502985431
 10
26.720860896177484
 20
106.44843771715315
 10
26.462308526948526
 20
106.13977093529888
 10
26.205446346743596
 20
105.81905409095003
 10
25.959740520550678
 20
105.49810659076513
 10
25.73465721335777
 20
105.18874784140252
 10
25.53966259015284
 20
104.90279724952086
 10
25.38422281592387
 20
104.65207422177863
 10
25.277804055658844
 20
104.44839816483426
 10
25.041833834761377
 20
104.03745532950785
 10
24.748365837488326
 20
103.69797300435093
 10
24.436771100314463
 20
103.46706604699423
 10
24.146420659714575
 20
103.38184931506848
 10
24.006668258046993
 20
103.4140332024584
 10
23.85140821861811
 20
103.49840717750774
 10
23.714253539654806
 20
103.61670470953558
  0
LWPOLYLINE
  5
43
330
17
100
AcDbEntity
  8
IC_DELIKLER
100
AcDbPolyline
 90
952
 70
1
 10
127.19119849752116
 20
109.8224710726924
 10
127.0364381624335
 20
109.87268433289404
 10
126.88684065605044
 20
109.93921047578291
 10
126.74234682609527
 20
110.02221610744922
 10
126.60289752029144
 20
110.12186783398298
 10
126.46843358636212
 20
110.23833226147454
 10
126.3388958720307
 20
110.37177599601412
 10
126.21422522502056
 20
110.52236564369176
 10
126.09436249305497
 20
110.69026781059779
 10
125.9792485238573
 20
110.87564910282231
 10
125.8688241651508
 20
111.07867612645558
 10
125.76303026465882
 20
111.29951548758783
 10
125.66180767010475
 20
111.53833379230915
 10
125.56509722921186
 20
111.7952976467098
 10
125.4728397897035
 20
112.07057365687996
 10
125.38497619930297
 20
112.3643284289098
 10
125.3014473057336
 20
112.67672856888959
 10
125.22219395671873
 20
113.00794068290949
 10
125.14715699998166
 20
113.35813137705966
 10
125.07627728324576
 20
113.7274672574303
 10
125.00949565423433
 20
114.11611493011168
 10
124.94675296067071
 20
114.52424100119384
 10
124.8879900502782
 20
114.95201207676715
 10
124.83314777078014
 20
115.39959476292168
 10
124.78216696989988
 20
115.8671556657477
 10
124.7349884953607
 20
116.3548613913353
 10
124.69155319488596
 20
116.86287854577483
 10
124.65867872740522
 20
117.22833957147691
 10
124.61850368663066
 20
117.59838729596774
 10
124.57152257561917
 20
117.96996430873347
 10
124.51822989742776
 20
118.34001319925997
 10
124.45912015511342
 20
118.7054765570332
 10
124.39468785173315
 20
119.06329697153913
 10
124.32542749034391
 20
119.41041703226367
 10
124.25183357400266
 20
119.74377932869285
 10
124.17440060576645
 20
120.06032645031254
 10
124.08943385566977
 20
120.39420427614712
 10
124.01044063658546
 20
120.71414999160615
 10
123.93708182374239
 20
121.02230054839075
 10
123.86901829236939
 20
121.32079289820211
 10
123.80591091769533
 20
121.61176399274143
 10
123.74742057494907
 20
121.89735078370992
 10
123.69320813935948
 20
122.17969022280869
 10
123.64293448615545
 20
122.46091926173887
 10
123.59626049056583
 20
122.74317485220166
 10
123.55284702781945
 20
123.02859394589825
 10
123.51235497314522
 20
123.31931349452978
 10
123.47444520177197
 20
123.61747044979742
 10
123.43877858892864
 20
123.9252017634023
 10
123.40501600984399
 20
124.24464438704567
 10
123.37281833974694
 20
124.57793527242865
 10
123.34184645386637
 20
124.92721137125235
 10
123.31176122743112
 20
125.29460963521802
 10
123.28222353567004
 20
125.6822670160268
 10
123.25527802591789
 20
126.07353575811356
 10
123.23230190500783
 20
126.46178043169095
 10
123.21327068741405
 20
126.84630761824488
 10
123.19815988761071
 20
127.22642389926125
 10
123.18694502007213
 20
127.60143585622578
 10
123.17960159927257
 20
127.97065007062423
 10
123.17610513968616
 20
128.33337312394255
 10
123.17643115578717
 20
128.6889115976665
 10
123.1805551620498
 20
129.03657207328195
 10
123.18845267294834
 20
129.37566113227464
 10
123.20009920295696
 20
129.70548535613045
 10
123.21547026654991
 20
130.0253513263352
 10
123.23454137820137
 20
130.33456562437473
 10
123.25728805238563
 20
130.63243483173488
 10
123.28368580357692
 20
130.91826552990136
 10
123.31371014624939
 20
131.19136430036014
 10
123.34733659487736
 20
131.45103772459692
 10
123.38454066393498
 20
131.69659238409756
 10
123.42529786789653
 20
131.92733486034797
 10
123.4695837212362
 20
132.14257173483384
 10
123.51737373842825
 20
132.34160958904107
 10
123.61097145184729
 20
132.71147260273966
 10
123.71057710947873
 20
133.121404109589
 10
123.80859521255985
 20
133.5390410958904
 10
123.89743026232792
 20
133.9320205479452
 10
123.96948676002013
 20
134.2679794520548
 10
124.05015535528283
 20
134.64922789905012
 10
124.13439914226126
 20
135.02790884444812
 10
124.22173361330456
 20
135.40239050699037
 10
124.31167426076196
 20
135.77104110541848
 10
124.40373657698268
 20
136.13222885847378
 10
124.49743605431584
 20
136.4843219848981
 10
124.5922881851107
 20
136.8256887034327
 10
124.68780846171639
 20
137.15469723281933
 10
124.78351237648211
 20
137.46971579179942
 10
124.87891542175706
 20
137.76911259911458
 10
124.97353308989044
 20
138.05125587350634
 10
125.06688087323141
 20
138.3145138337162
 10
125.1584742641292
 20
138.55725469848576
 10
125.24782875493295
 20
138.7778466865566
 10
125.33445983799189
 20
138.97465801667013
 10
125.41788300565518
 20
139.14605690756798
 10
125.57997782480462
 20
139.47160908185083
 10
125.75189756525454
 20
139.83688516899232
 10
125.92057154927642
 20
140.21275845666358
 10
126.07292909914163
 20
140.5701022325358
 10
126.19589953712148
 20
140.87978978428032
 10
126.29085905959147
 20
141.12007356786953
 10
126.40008518796942
 20
141.3747819412086
 10
126.52257203782854
 20
141.6421793112986
 10
126.65731372474187
 20
141.92053008514034
 10
126.80330436428257
 20
142.20809866973482
 10
126.95953807202372
 20
142.50314947208304
 10
127.12500896353846
 20
142.803946899186
 10
127.29871115439992
 20
143.10875535804453
 10
127.47963876018122
 20
143.41583925565968
 10
127.66678589645544
 20
143.72346299903234
 10
127.85914667879574
 20
144.02989099516356
 10
128.0557152227752
 20
144.3333876510542
 10
128.25548564396698
 20
144.63221737370532
 10
128.45745205794415
 20
144.92464457011775
 10
128.66060858027987
 20
145.20893364729258
 10
128.86394932654727
 20
145.4833490122307
 10
129.13218000834485
 20
145.8441665395484
 10
129.40153429809027
 20
146.21680871713343
 10
129.6587753731439
 20
146.58221051658413
 10
129.89066641086626
 20
146.92130690949884
 10
130.08397058861775
 20
147.2150328674759
 10
130.22545108375883
 20
147.4443233621137
 10
130.43053925052124
 20
147.7642713672416
 10
130.69014607024505
 20
148.12274494481264
 10
130.97098873038718
 20
148.47591832886195
 10
131.2397844184046
 20
148.77996575342465
 10
131.45272506553877
 20
149.01140005613405
 10
131.6640866124832
 20
149.2555833705665
 10
131.87300820068984
 20
149.5112447634932
 10
132.07862897161075
 20
149.77711330168523
 10
132.2800880666979
 20
150.05191805191382
 10
132.47652462740334
 20
150.33438808095008
 10
132.66707779517907
 20
150.62325245556528
 10
132.8508867114771
 20
150.91724024253048
 10
133.02709051774943
 20
151.2150805086169
 10
133.19482835544807
 20
151.5155023205957
 10
133.3532393660251
 20
151.81723474523804
 10
133.50146269093239
 20
152.11900684931504
 10
133.63443276526763
 20
152.3901719521128
 10
133.76896763977368
 20
152.64411387929343
 10
133.90718683823474
 20
152.88264057092252
 10
134.05120988443494
 20
153.10755996706575
 10
134.2031563021586
 20
153.32068000778872
 10
134.36514561518987
 20
153.52380863315705
 10
134.53929734731295
 20
153.71875378323637
 10
134.72773102231216
 20
153.9073233980922
 10
134.93256616397153
 20
154.09132541779024
 10
135.15592229607546
 20
154.27256778239607
 10
135.39991894240808
 20
154.45285843197533
 10
135.66667562675354
 20
154.63400530659362
 10
135.95831187289622
 20
154.81781634631653
 10
136.27694720462017
 20
155.0060994912097
 10
136.6247011457097
 20
155.2006626813387
 10
137.003693219949
 20
155.40331385676924
 10
137.41604295112225
 20
155.61586095756684
 10
137.86386986301372
 20
155.84011192379714
 10
138.3993607237316
 20
156.10626576208756
 10
138.85298571925367
 20
156.33538670159848
 10
139.23569154110186
 20
156.5345019663683
 10
139.55842488079801
 20
156.7106387804354
 10
139.83213242986412
 20
156.87082436783822
 10
140.06776087982206
 20
157.02208595261502
 10
140.27625692219368
 20
157.17145075880424
 10
140.46856724850107
 20
157.32594601044417
 10
140.65563855026602
 20
157.49259893157327
 10
140.84841751901052
 20
157.6784367462299
 10
141.05785084625643
 20
157.89048667845236
 10
141.3284186269631
 20
158.17003503725783
 10
141.56495430891047
 20
158.41968418577724
 10
141.77172898613702
 20
158.6468068646131
 10
141.95301375268144
 20
158.85877581436776
 10
142.1130797025823
 20
159.0629637756438
 10
142.25619792987817
 20
159.26674348904362
 10
142.3866395286077
 20
159.47748769516963
 10
142.50867559280945
 20
159.70256913462435
 10
142.62657721652198
 20
159.94936054801028
 10
142.74461549378393
 20
160.22523467592978
 10
142.8670615186339
 20
160.53756425898536
 10
142.99818638511047
 20
160.89372203777947
 10
143.14226118725225
 20
161.3010807529146
 10
143.3035570190978
 20
161.76701314499317
 10
143.4208061800072
 20
162.10351584281415
 10
143.53921969261776
 20
162.4352147111342
 10
143.6588607057207
 20
162.76225659838164
 10
143.779792368107
 20
163.08478835298473
 10
143.90207782856763
 20
163.40295682337174
 10
144.02578023589373
 20
163.71690885797085
 10
144.15096273887642
 20
164.02679130521037
 10
144.27768848630663
 20
164.33275101351848
 10
144.4060206269755
 20
164.6349348313235
 10
144.5360223096741
 20
164.93348960705367
 10
144.6677566831935
 20
165.22856218913714
 10
144.80128689632463
 20
165.5202994260023
 10
144.9366760978587
 20
165.8088481660773
 10
145.07398743658672
 20
166.09435525779043
 10
145.21328406129973
 20
166.3769675495699
 10
145.35462912078881
 20
166.656831889844
 10
145.49808576384504
 20
166.93409512704093
 10
145.64371713925942
 20
167.208904109589
 10
145.7491578977617
 20
167.40908920074293
 10
145.8824618203876
 20
167.66781515027378
 10
146.0369572512239
 20
167.97181815819496
 10
146.20597253435753
 20
168.30783442451997
 10
146.38283601387525
 20
168.66260014926232
 10
146.56087603386388
 20
169.02285153243548
 10
146.73342093841032
 20
169.37532477405298
 10
146.95109531400422
 20
169.81375598180844
 10
147.1653837201868
 20
170.22775385909728
 10
147.37660032689348
 20
170.61763216104987
 10
147.58505930405937
 20
170.98370464279674
 10
147.79107482162004
 20
171.32628505946826
 10
147.9949610495106
 20
171.64568716619496
 10
148.19703215766643
 20
171.94222471810724
 10
148.39760231602278
 20
172.2162114703356
 10
148.59698569451498
 20
172.46796117801048
 10
148.79549646307834
 20
172.69778759626223
 10
148.99344879164815
 20
172.90600448022144
 10
149.19115685015973
 20
173.09292558501852
 10
149.38893480854836
 20
173.2588646657839
 10
149.58709683674934
 20
173.40413547764803
 10
149.785957104698
 20
173.52905177574132
 10
149.98582978232963
 20
173.63392731519434
 10
150.18702903957956
 20
173.71907585113746
 10
150.389869046383
 20
173.78481113870112
 10
150.5946639726754
 20
173.83144693301583
 10
150.80172798839192
 20
173.859296989212
 10
151.01137526346793
 20
173.8686750624201
 10
151.22391996783875
 20
173.85989490777055
 10
151.59028233125753
 20
173.8085464961092
 10
151.90670314002978
 20
173.70362916279782
 10
152.23732353061789
 20
173.5161585131254
 10
152.64628463948418
 20
173.217150152381
 10
152.98073545813654
 20
172.96852198027528
 10
153.3317928166156
 20
172.72591129614807
 10
153.65776294035658
 20
172.51711722012584
 10
153.91695205479454
 20
172.36993887233518
 10
154.00592903025523
 20
172.31773009837173
 10
154.1158317640469
 20
172.24092646493946
 10
154.24535306489105
 20
172.14086908052053
 10
154.3931857415094
 20
172.01889905359687
 10
154.55802260262328
 20
171.8763574926506
 10
154.7385564569543
 20
171.71458550616387
 10
154.93348011322414
 20
171.5349242026186
 10
155.1414863801542
 20
171.33871469049694
 10
155.36126806646604
 20
171.12729807828094
 10
155.59151798088118
 20
170.90201547445264
 10
155.83092893212122
 20
170.6642079874942
 10
156.07819372890765
 20
170.41521672588755
 10
156.33200517996207
 20
170.15638279811486
 10
156.59105609400595
 20
169.88904731265814
 10
156.85403927976088
 20
169.61455137799945
 10
157.11964754594837
 20
169.3342361026209
 10
157.38657370129002
 20
169.04944259500454
 10
157.65351055450728
 20
168.7615119636324
 10
157.9191509143218
 20
168.47178531698654
 10
158.182187589455
 20
168.18160376354913
 10
158.44131338862852
 20
167.8923084118021
 10
158.69522112056387
 20
167.60524037022765
 10
158.94260359398254
 20
167.3217407473077
 10
159.18215361760613
 20
167.04315065152443
 10
159.4125640001562
 20
166.77081119135985
 10
159.63252755035424
 20
166.50606347529603
 10
159.88055328331126
 20
166.20581193219942
 10
160.1344155808498
 20
165.90082176702074
 10
160.3895137275185
 20
165.59648681537652
 10
160.64124700786627
 20
165.29820091288312
 10
160.88501470644152
 20
165.01135789515703
 10
161.11621610779306
 20
164.74135159781463
 10
161.3302504964696
 20
164.49357585647243
 10
161.52251715701976
 20
164.27342450674678
 10
161.68841537399223
 20
164.0862913842542
 10
161.82334443193565
 20
163.9375703246111
 10
162.0125852050776
 20
163.72827797140954
 10
162.23651767048747
 20
163.473445953776
 10
162.48478950404967
 20
163.1852829074693
 10
162.74704838164843
 20
162.87599746824807
 10
163.01294197916798
 20
162.5577982718711
 10
163.2721179724926
 20
162.24289395409713
 10
163.5142240375065
 20
161.94349315068493
 10
163.88199700792518
 20
161.48501656099538
 10
164.1888077769851
 20
161.10649574455482
 10
164.44642126572734
 20
160.79550697821395
 10
164.66660239519302
 20
160.5396265388233
 10
164.86111608642324
 20
160.32643070323363
 10
165.04172726045903
 20
160.14349574829552
 10
165.22020083834144
 20
159.97839795085966
 10
165.40830174111161
 20
159.8187135877767
 10
165.6177948898106
 20
159.65201893589733
 10
165.86044520547946
 20
159.46589027207213
 10
166.09462697393457
 20
159.27966274898748
 10
166.3629661339422
 20
159.05245589231893
 10
166.64985552226028
 20
158.79836782531748
 10
166.93968797564688
 20
158.5314966712342
 10
167.21685633085997
 20
158.26594055332004
 10
167.46575342465755
 20
158.01579759482595
 10
167.58268943761647
 20
157.8961490456104
 10
167.71414410030542
 20
157.76433033593497
 10
167.8596040690757
 20
157.62081190571243
 10
168.01855600027852
 20
157.46606419485556
 10
168.19048655026498
 20
157.30055764327713
 10
168.37488237538622
 20
157.12476269088995
 10
168.57123013199362
 20
156.93914977760681
 10
168.77901647643822
 20
156.7441893433405
 10
168.9977280650712
 20
156.5403518280037
 10
169.22685155424384
 20
156.32810767150931
 10
169.46587360030725
 20
156.1079273137701
 10
169.71428085961264
 20
155.8802811946988
 10
169.97155998851113
 20
155.64563975420828
 10
170.23719764335405
 20
155.4044734322112
 10
170.51068048049245
 20
155.15725266862043
 10
170.79149515627756
 20
154.90444790334877
 10
171.07912832706063
 20
154.64652957630892
 10
171.3730666491928
 20
154.38396812741374
 10
171.67279677902522
 20
154.11723399657595
 10
171.97780537290913
 20
153.8467976237084
 10
172.2875790871957
 20
153.57312944872382
 10
172.60160457823608
 20
153.29669991153503
 10
172.91936850238147
 20
153.0179794520548
 10
173.2366114682626
 20
152.73995521419255
 10
173.5473609439762
 20
152.4671006728885
 10
173.85159622575668
 20
152.19943448386675
 10
174.14929660983847
 20
151.93697530285155
 10
174.44044139245597
 20
151.67974178556713
 10
174.72500986984343
 20
151.42775258773767
 10
175.00298133823543
 20
151.18102636508735
 10
175.2743350938662
 20
150.9395817733404
 10
175.53905043297019
 20
150.70343746822107
 10
175.7971066517818
 20
150.47261210545352
 10
176.0484830465354
 20
150.24712434076193
 10
176.29315891346536
 20
150.02699282987058
 10
176.53111354880608
 20
149.81223622850362
 10
176.76232624879196
 20
149.6028731923853
 10
176.98677630965736
 20
149.39892237723976
 10
177.20444302763673
 20
149.2004024387913
 10
177.4153056989644
 20
149.00733203276403
 10
177.61934361987474
 20
148.81972981488224
 10
177.81653608660218
 20
148.63761444087007
 10
178.00686239538103
 20
148.4610045664518
 10
178.19030184244582
 20
148.28991884735157
 10
178.3668337240308
 20
148.12437593929357
 10
178.53643733637043
 20
147.9643944980021
 10
178.69909197569908
 20
147.8099931792013
 10
178.94855707937043
 20
147.5747592626061
 10
179.2199683488666
 20
147.323081217517
 10
179.50628577911155
 20
147.06124256186843
 10
179.8004693650294
 20
146.79552681359473
 10
180.0954791015442
 20
146.53221749063033
 10
180.3842749835801
 20
146.27759811090957
 10
180.6598170060611
 20
146.03795219236684
 10
180.9150651639113
 20
145.81956325293652
 10
181.14297945205482
 20
145.62871481055296
 10
181.3948184496736
 20
145.41959215919954
 10
181.6677647420805
 20
145.190877437518
 10
181.9531270902451
 20
144.9499805474748
 10
182.24221425513701
 20
144.7043113910363
 10
182.52633499772583
 20
144.46127987016885
 10
182.7967980789812
 20
144.2282958868388
 10
183.04491225987266
 20
144.0127693430126
 10
183.2619863013699
 20
143.82211014065652
 10
183.67130996119332
 20
143.4617949841599
 10
184.06087463443635
 20
143.12287296947807
 10
184.43173455055478
 20
142.80481536204908
 10
184.78494393900462
 20
142.50709342731093
 10
185.1215570292417
 20
142.22917843070167
 10
185.4426280507221
 20
141.97054163765912
 10
185.74921123290184
 20
141.73065431362133
 10
186.04236080523665
 20
141.50898772402633
 10
186.32313099718255
 20
141.30501313431208
 10
186.59257603819552
 20
141.1182018099165
 10
186.85175015773154
 20
140.9480250162776
 10
187.1017075852464
 20
140.79395401883346
 10
187.34350255019623
 20
140.65546008302192
 10
187.57818928203682
 20
140.53201447428108
 10
187.8068220102242
 20
140.42308845804888
 10
188.03045496421427
 20
140.32815329976324
 10
188.250142373463
 20
140.24668026486222
 10
188.46693846742633
 20
140.17814061878386
 10
188.6818974755602
 20
140.12200562696592
 10
188.89607362732053
 20
140.0777465548466
 10
189.11052115216327
 20
140.04483466786388
 10
189.3262942795444
 20
140.0227412314556
 10
189.54444723891984
 20
140.01093751105984
 10
189.76603425974554
 20
140.00889477211453
 10
189.99210957147736
 20
140.0160842800577
 10
190.2237274035714
 20
140.03197730032733
 10
190.4619419854835
 20
140.05604509836138
 10
190.70780754666959
 20
140.08775893959782
 10
190.8821103843327
 20
140.1124726670689
 10
191.04004091321627
 20
140.13620129336914
 10
191.18717091125012
 20
140.16153586941556
 10
191.329072156364
 20
140.19106744612512
 10
191.47131642648776
 20
140.2273870744148
 10
191.6194754995512
 20
140.2730858052016
 10
191.7791211534841
 20
140.33075468940245
 10
191.9558251662165
 20
140.4029847779343
 10
192.15515931567796
 20
140.49236712171415
 10
192.3826953797985
 20
140.60149277165897
 10
192.64400513650781
 20
140.73295277868576
 10
192.94466036373575
 20
140.8893381937114
 10
193.2902328394122
 20
141.07324006765296
 10
193.6862943414669
 20
141.28724945142739
 10
194.1384166478297
 20
141.5339573959516
 10
194.65217153643047
 20
141.8159549521426
 10
195.23313078519905
 20
142.13583317091735
 10
195.88686617206517
 20
142.49618310319283
 10
196.1449988996667
 20
142.6483627504805
 10
196.43826086055003
 20
142.83815786112424
 10
196.75382192198185
 20
143.05621457498205
 10
197.07885195122878
 20
143.293179031912
 10
197.40052081555726
 20
143.53969737177206
 10
197.70599838223387
 20
143.7864157344204
 10
197.98245451852526
 20
144.02398025971485
 10
198.3526149081777
 20
144.3475270006408
 10
198.72377993736902
 20
144.660074409821
 10
199.06918397923855
 20
144.9399358104534
 10
199.36206140692562
 20
145.1654245257363
 10
199.5756465935694
 20
145.31485387886806
 10
199.77645324594977
 20
145.46655773842355
 10
200.03379037521654
 20
145.6983724246977
 10
200.32508531106436
 20
145.9878649384684
 10
200.62776538318755
 20
146.3126022805135
 10
200.9192579212806
 20
146.650151451611
 10
201.21618405659495
 20
146.99388504360732
 10
201.5339763209897
 20
147.3358228062773
 10
201.84827914507116
 20
147.65150247729142
 10
202.13473695944566
 20
147.91646179432013
 10
202.36899419471928
 20
148.106238495034
 10
202.5642178921901
 20
148.25786347522973
 10
202.8063198230718
 20
148.4633643649188
 10
203.08004230154813
 20
148.70875835053732
 10
203.370127641803
 20
148.98006261852117
 10
203.6613181580202
 20
149.26329435530644
 10
203.93835616438358
 20
149.54447074732917
 10
204.32665970431012
 20
149.94705480422067
 10
204.68241637164058
 20
150.31306527886568
 10
205.00800132281202
 20
150.64471750793442
 10
205.30578971426198
 20
150.9442268280967
 10
205.57815670242758
 20
151.21380857602267
 10
205.82747744374612
 20
151.45567808838226
 10
206.05612709465495
 20
151.67205070184545
 10
206.2664808115913
 20
151.8651417530823
 10
206.46091375099235
 20
152.03716657876276
 10
206.6418010692955
 20
152.19034051555687
 10
206.81151792293795
 20
152.32687890013466
 10
206.972439468357
 20
152.44899706916607
 10
207.12694086198994
 20
152.5589103593211
 10
207.277397260274
 20
152.65883410726983
 10
207.41521939212333
 20
152.75506052939227
 10
207.59208904109596
 20
152.89122156308719
 10
207.80274721746574
 20
153.0626889530366
 10
208.0419349315069
 20
153.26483444392233
 10
208.30439319349318
 20
153.4930297804265
 10
208.58486301369865
 20
153.742646707231
 10
208.87808540239732
 20
154.0090569690178
 10
209.17880136986307
 20
154.28763231046892
 10
209.48175192636992
 20
154.57374447626628
 10
209.7816780821918
 20
154.86276521109193
 10
210.08228479053696
 20
155.15343080718466
 10
210.3872045503525
 20
155.44430243847353
 10
210.6910696905207
 20
155.73048917217585
 10
210.98851253992424
 20
156.00710007550884
 10
211.27416542744538
 20
156.26924421568978
 10
211.5426606819666
 20
156.51203065993587
 10
211.7886306323703
 20
156.73056847546448
 10
212.006707607539
 20
156.9199667294928
 10
212.19152393635503
 20
157.07533448923817
 10
212.33771194770085
 20
157.1917808219178
 10
212.75129369485364
 20
157.5110709518538
 10
213.10013254333657
 20
157.79063682097026
 10
213.3930581400174
 20
158.03963833430979
 10
213.63890013176427
 20
158.2672353969149
 10
213.8464881654453
 20
158.48258791382824
 10
214.02465188792846
 20
158.69485579009225
 10
214.18222094608186
 20
158.9131989307496
 10
214.32802498677356
 20
159.14677724084274
 10
214.47089365687157
 20
159.40475062541438
 10
214.64695542218533
 20
159.7237074049125
 10
214.84682214377665
 20
160.06140619294482
 10
215.06269566301788
 20
160.40652337488928
 10
215.28677782128136
 20
160.74773533612353
 10
215.51127045993968
 20
161.07371846202543
 10
215.72837542036518
 20
161.37314913797275
 10
215.93029454393036
 20
161.6347037493432
 10
216.10922967200761
 20
161.84705868151465
 10
216.25738264596944
 20
161.9988903198648
 10
216.44628152745435
 20
162.20892520970605
 10
216.68806124182092
 20
162.5301956522289
 10
216.9303777271961
 20
162.89314825266035
 10
217.0405852724126
 20
163.05368797431632
 10
217.19748748829284
 20
163.25919465404337
 10
217.39378270171932
 20
163.5011849302494
 10
217.6221692395748
 20
163.77117544134225
 10
217.875345428742
 20
164.06068282572986
 10
218.14600959610357
 20
164.36122372182004
 10
218.4268600685422
 20
164.6643147680207
 10
218.7105951729406
 20
164.96147260273972
 10
218.96807008523578
 20
165.2307396011233
 10
219.23379714491017
 20
165.51592762964168
 10
219.50171258105104
 20
165.81008641642873
 10
219.76575262274588
 20
166.10626568961828
 10
220.01985349908207
 20
166.39751517734416
 10
220.25795143914715
 20
166.6768846077401
 10
220.47398267202848
 20
166.93742370894
 10
220.66188342681352
 20
167.17218220907762
 10
220.81558993258966
 20
167.3742098362868
 10
221.0413997572981
 20
167.66599348451498
 10
221.2901367199359
 20
167.9597396886147
 10
221.55039496634353
 20
168.24349623173438
 10
221.81076864236167
 20
168.5053108970225
 10
222.05985189383085
 20
168.7332314676275
 10
222.28623886659173
 20
168.91530572669777
 10
222.42946900349224
 20
169.02809497207295
 10
222.61249953904996
 20
169.18446848493025
 10
222.82992394726801
 20
169.379244725789
 10
223.07633570214966
 20
169.60724215516825
 10
223.34632827769815
 20
169.86327923358732
 10
223.63449514791654
 20
170.1421744215654
 10
223.93542978680804
 20
170.4387461796217
 10
224.2437256683759
 20
170.74781296827538
 10
224.55397626662324
 20
171.0641932480458
 10
224.86077505555326
 20
171.38270547945203
 10
225.43553253710908
 20
171.9844395516107
 10
225.9224524116403
 20
172.49203740652666
 10
226.33023170680534
 20
172.91346864242303
 10
226.6675674502626
 20
173.25670285752304
 10
226.94315666967046
 20
173.52970965004994
 10
227.16569639268738
 20
173.74045861822685
 10
227.34388364697185
 20
173.89691936027702
 10
227.48641546018226
 20
174.0070614744236
 10
227.601988859977
 20
174.07885455888984
 10
227.69930087401454
 20
174.12026821189892
 10
227.78704852995335
 20
174.139272031674
 10
227.87392885545177
 20
174.14383561643834
 10
228.10944656793106
 20
174.10241218701003
 10
228.22836881850972
 20
173.97020378492948
 10
228.23081985065457
 20
173.73530323950303
 10
228.1169239078326
 20
173.385803380037
 10
227.88680523351047
 20
172.9097970358378
 10
227.66178228281078
 20
172.43491404755366
 10
227.50128797238517
 20
171.9994171444258
 10
227.4400684931507
 20
171.6975891611519
 10
227.4234593599641
 20
171.46428472772456
 10
227.3737758194704
 20
171.19945158468633
 10
227.29123366026852
 20
170.90364995761925
 10
227.17604867095747
 20
170.57744007210528
 10
227.02843664013622
 20
170.22138215372632
 10
226.84861335640383
 20
169.83603642806435
 10
226.6367946083592
 20
169.4219631207013
 10
226.39319618460138
 20
168.97972245721917
 10
226.2153563246559
 20
168.64962008844455
 10
226.03756184127147
 20
168.28793614054354
 10
225.86849239674896
 20
167.91464778246595
 10
225.71682765338943
 20
167.54973218316152
 10
225.5912472734938
 20
167.21316651158003
 10
225.50043091936294
 20
166.92492793667122
 10
225.43243916186978
 20
166.70150785573895
 10
225.33718263289228
 20
166.42467177795578
 10
225.2190219266
 20
166.10537001776663
 10
225.0823176371625
 20
165.75455288961632
 10
224.9314303587494
 20
165.38317070794977
 10
224.77072068553022
 20
165.00217378721186
 10
224.60454921167462
 20
164.6225124418474
 10
224.43727653135207
 20
164.25513698630135
 10
224.29945618946053
 20
163.957991224315
 10
224.15410674964446
 20
163.64291095890405
 10
224.0041081854929
 20
163.3162339469178
 10
223.85234047059515
 20
162.98429794520547
 10
223.70168357854018
 20
162.65344071061642
 10
223.5550174829172
 20
162.32999999999998
 10
223.41522215731533
 20
162.02031357020547
 10
223.2851775753237
 20
161.73071917808215
 10
223.16776371053146
 20
161.46755458047943
 10
223.06586053652768
 20
161.23715753424656
 10
222.9786405608171
 20
161.04171683254853
 10
222.87371002102378
 20
160.81152789668946
 10
222.7531934046224
 20
160.55103876819348
 10
222.6192151990879
 20
160.26469748858443
 10
222.47389989189494
 20
159.9569520993864
 10
222.31937197051838
 20
159.63225064212327
 10
222.15775592243298
 20
159.29504115831907
 10
221.99117623511347
 20
158.9497716894977
 10
221.82175739603477
 20
158.60089027718323
 10
221.65162389267152
 20
158.25284496289953
 10
221.4829002124986
 20
157.91008378817065
 10
221.31771084299075
 20
157.57705479452054
 10
221.18388469746418
 20
157.30738774733632
 10
221.04361639090055
 20
157.02288622526635
 10
220.89820739428302
 20
156.7262671232876
 10
220.74895917859484
 20
156.42024733637743
 10
220.59717321481915
 20
156.1075437595129
 10
220.44415097393923
 20
155.79087328767122
 10
220.29119392693826
 20
155.4729528158295
 10
220.13960354479943
 20
155.15649923896498
 10
219.99068129850596
 20
154.84422945205478
 10
219.84572865904101
 20
154.5388603500761
 10
219.70604709738788
 20
154.2431088280061
 10
219.5729380845297
 20
153.95969178082188
 10
219.44770309144968
 20
153.69132610350076
 10
219.33164358913098
 20
153.44072869101976
 10
219.2260610485569
 20
153.21061643835614
 10
219.0561277179512
 20
152.83945332318623
 10
218.88196230665503
 20
152.46139332825973
 10
218.70746550524555
 20
152.08476027397256
 10
218.5365380043
 20
151.71787798072043
 10
218.37308049439562
 20
151.36907026889898
 10
218.22099366610973
 20
151.0466609589041
 10
218.08417821001962
 20
150.7589738711314
 10
217.9665348167025
 20
150.51433282597668
 10
217.87196417673564
 20
150.3210616438356
 10
217.79277407357722
 20
150.1604177317543
 10
217.701207510782
 20
149.97296017905867
 10
217.59820975792488
 20
149.76069499449568
 10
217.4847260845809
 20
149.52562818681216
 10
217.36170176032482
 20
149.2697657647551
 10
217.23008205473172
 20
148.99511373707136
 10
217.09081223737655
 20
148.70367811250773
 10
216.9448375778341
 20
148.39746489981127
 10
216.79310334567944
 20
148.0784801077288
 10
216.63655481048744
 20
147.74872974500715
 10
216.4761372418331
 20
147.41021982039334
 10
216.31279590929122
 20
147.06495634263425
 10
216.1474760824369
 20
146.71494532047666
 10
215.98112303084494
 20
146.3621927626676
 10
215.81468202409027
 20
146.008704677954
 10
215.64909833174804
 20
145.65648707508257
 10
215.4853172233929
 20
145.3075459628003
 10
215.32428396859993
 20
144.96388734985416
 10
215.16694383694406
 20
144.62751724499097
 10
215.01424209800018
 20
144.30044165695764
 10
214.86712402134327
 20
143.98466659450108
 10
214.7265348765482
 20
143.6821980663682
 10
214.59341993319
 20
143.39504208130583
 10
214.46872446084353
 20
143.125204648061
 10
214.35339372908376
 20
142.87469177538046
 10
214.24837300748558
 20
142.64550947201116
 10
214.15460756562402
 20
142.43966374670003
 10
214.0730426730739
 20
142.25916060819398
 10
213.9708898020992
 20
142.0340043023689
 10
213.8527354910785
 20
141.77720070913412
 10
213.72108817377935
 20
141.49402933511266
 10
213.57845628396905
 20
141.18976968692786
 10
213.42734825541504
 20
140.8697012712028
 10
213.27027252188466
 20
140.53910359456074
 10
213.10973751714536
 20
140.20325616362484
 10
212.94825167496455
 20
139.86743848501823
 10
212.78832342910962
 20
139.53693006536415
 10
212.63246121334802
 20
139.21701041128574
 10
212.48317346144708
 20
138.91295902940618
 10
212.22667159445362
 20
138.3890236138548
 10
211.99570790461067
 20
137.9099358440104
 10
211.79969119402614
 20
137.49580767877288
 10
211.6480302648082
 20
137.16675107704216
 10
211.55013391906482
 20
136.9428779977182
 10
211.51541095890414
 20
136.8443003997008
 10
211.49363678175075
 20
136.7813647018992
 10
211.43089762724122
 20
136.63693758304888
 10
211.33106856080096
 20
136.41913726285364
 10
211.19802464785556
 20
136.1360819610171
 10
211.03564095383078
 20
135.79588989724297
 10
210.84779254415204
 20
135.40667929123498
 10
210.638354484245
 20
134.9765683626968
 10
210.4112018395353
 20
134.51367533133217
 10
210.17020967544846
 20
134.02611841684475
 10
210.06081987886353
 20
133.80508618544607
 10
209.94447568602598
 20
133.5690511863991
 10
209.82183173263996
 20
133.31937095595228
 10
209.69354265440924
 20
133.05740303035395
 10
209.56026308703812
 20
132.78450494585246
 10
209.4226476662307
 20
132.50203423869607
 10
209.28135102769093
 20
132.21134844513315
 10
209.1370278071229
 20
131.91380510141215
 10
208.99033264023063
 20
131.61076174378135
 10
208.8419201627184
 20
131.30357590848905
 10
208.69244501029
 20
130.99360513178365
 10
208.54256181864966
 20
130.68220694991342
 10
208.39292522350132
 20
130.37073889912682
 10
208.24418986054917
 20
130.0605585156721
 10
208.09701036549728
 20
129.7530233357977
 10
207.95204137404963
 20
129.44949089575184
 10
207.8099375219103
 20
129.15131873178296
 10
207.67135344478348
 20
128.85986438013936
 10
207.53694377837303
 20
128.57648537706942
 10
207.4073631583832
 20
128.30253925882144
 10
207.28326622051793
 20
128.03938356164383
 10
207.06748514716395
 20
127.58196870625832
 10
206.853784115294
 20
127.13080574992773
 10
206.64234047370456
 20
126.68623875796612
 10
206.43333157119213
 20
126.2486117956878
 10
206.22693475655328
 20
125.81826892840667
 10
206.02332737858455
 20
125.39555422143724
 10
205.8226867860823
 20
124.98081174009349
 10
205.62519032784317
 20
124.57438554968957
 10
205.43101535266368
 20
124.17661971553972
 10
205.24033920934028
 20
123.787858302958
 10
205.0533392466695
 20
123.40844537725874
 10
204.87019281344791
 20
123.03872500375587
 10
204.69107725847192
 20
122.67904124776379
 10
204.51616993053818
 20
122.32973817459651
 10
204.34564817844313
 20
121.99115984956822
 10
204.17968935098327
 20
121.66365033799315
 10
204.0184707969551
 20
121.34755370518539
 10
203.86216986515524
 20
121.04321401645913
 10
203.71096390438007
 20
120.75097533712861
 10
203.5650302634262
 20
120.4711817325078
 10
203.42454629109008
 20
120.20417726791109
 10
203.28968933616832
 20
119.95030600865249
 10
203.1606367474573
 20
119.70991202004623
 10
203.0375658737536
 20
119.48333936740647
 10
202.92065406385382
 20
119.27093211604733
 10
202.8100786665543
 20
119.07303433128297
 10
202.70601703065168
 20
118.88999007842767
 10
202.60864650494244
 20
118.72214342279548
 10
202.5181444382231
 20
118.56983842970061
 10
202.4346881792902
 20
118.4334191644572
 10
202.3584550769402
 20
118.31322969237945
 10
202.28962247996964
 20
118.20961407878147
 10
202.22836773717503
 20
118.12291638897744
 10
202.17486819735285
 20
118.05348068828155
 10
202.12930120929974
 20
118.001651042008
 10
202.09184412181204
 20
117.96777151547084
 10
201.96853285010656
 20
117.8835642922669
 10
201.8356793693196
 20
117.82027465128988
 10
201.6641704128912
 20
117.77585982337385
 10
201.4248927142615
 20
117.74827703935301
 10
201.08873300687068
 20
117.73548353006149
 10
200.6265780241588
 20
117.73543652633339
 10
200.00931449956602
 20
117.74609325900289
 10
199.2078291665325
 20
117.76541095890408
 10
198.9228645227884
 20
117.77234818253046
 10
198.63389022859533
 20
117.77877584555984
 10
198.34104872532905
 20
117.78469786518642
 10
198.04448245436558
 20
117.79011815860426
 10
197.74433385708076
 20
117.79504064300761
 10
197.4407453748504
 20
117.7994692355908
 10
197.13385944905028
 20
117.80340785354787
 10
196.82381852105632
 20
117.80686041407301
 10
196.5107650322445
 20
117.80983083436041
 10
196.19484142399048
 20
117.81232303160425
 10
195.87619013767014
 20
117.81434092299887
 10
195.55495361465952
 20
117.81588842573834
 10
195.2312742963343
 20
117.81696945701674
 10
194.90529462407042
 20
117.81758793402841
 10
194.57715703924367
 20
117.81774777396745
 10
194.24700398322992
 20
117.81745289402824
 10
193.91497789740504
 20
117.81670721140475
 10
193.58122122314495
 20
117.81551464329118
 10
193.2458764018253
 20
117.8138791068819
 10
192.90908587482232
 20
117.81180451937081
 10
192.5709920835115
 20
117.80929479795242
 10
192.2317374692688
 20
117.80635385982072
 10
191.89146447347025
 20
117.80298562216987
 10
191.55031553749134
 20
117.79919400219427
 10
191.20843310270837
 20
117.79498291708782
 10
190.86595961049687
 20
117.79035628404495
 10
190.52303750223282
 20
117.78531802025975
 10
190.17980921929217
 20
117.77987204292629
 10
189.8364172030505
 20
117.77402226923897
 10
189.4930038948839
 20
117.76777261639188
 10
189.14971173616817
 20
117.76112700157924
 10
188.8066831682791
 20
117.75408934199524
 10
188.46406063259275
 20
117.74666355483396
 10
188.1219865704847
 20
117.7388535572897
 10
187.78060342333094
 20
117.73066326655663
 10
187.44005363250736
 20
117.72209659982886
 10
187.1004796393897
 20
117.71315747430083
 10
186.76202388535398
 20
117.70384980716634
 10
186.4248288117759
 20
117.69417751561988
 10
186.08903686003143
 20
117.68414451685555
 10
185.7547904714964
 20
117.67375472806745
 10
185.42223208754655
 20
117.66301206644991
 10
185.09150414955792
 20
117.65192044919704
 10
184.76274909890623
 20
117.64048379350305
 10
184.4361093769674
 20
117.62870601656206
 10
184.11172742511727
 20
117.6165910355684
 10
183.78974568473168
 20
117.60414276771613
 10
183.47030659718655
 20
117.59136513019945
 10
183.1535526038577
 20
117.57826204021265
 10
182.83962614612088
 20
117.5648374149498
 10
182.52866966535208
 20
117.55109517160517
 10
182.2208256029271
 20
117.5370392273729
 10
181.91623640022186
 20
117.5226734994472
 10
181.61504449861212
 20
117.50800190502224
 10
181.31739233947386
 20
117.49302836129218
 10
181.02342236418275
 20
117.47775678545133
 10
180.73327701411483
 20
117.46219109469374
 10
180.44709873064585
 20
117.44633520621369
 10
180.1650299551517
 20
117.43019303720533
 10
179.88721312900827
 20
117.41376850486282
 10
179.61379069359134
 20
117.3970655263804
 10
179.34490509027682
 20
117.38008801895222
 10
179.08069876044055
 20
117.36283989977252
 10
178.8213141454584
 20
117.34532508603542
 10
178.5668936867062
 20
117.32754749493512
 10
178.31757982555982
 20
117.30951104366588
 10
178.0735150033951
 20
117.29121964942178
 10
177.83484166158797
 20
117.27267722939712
 10
177.60170224151418
 20
117.25388770078604
 10
177.37423918454965
 20
117.23485498078264
 10
177.15259493207017
 20
117.21558298658127
 10
176.93691192545168
 20
117.19607563537602
 10
176.72733260607004
 20
117.17633684436109
 10
176.52399941530103
 20
117.15637053073067
 10
176.32705479452056
 20
117.13618061167895
 10
176.17302321156777
 20
117.12072439626641
 10
175.98136035007616
 20
117.10264920796527
 10
175.75510273972608
 20
117.08220082770319
 10
175.49728691019797
 20
117.05962503640794
 10
175.21094939117202
 20
117.0351676150072
 10
174.8991267123288
 20
117.00907434442865
 10
174.5648554033486
 20
116.98159100560005
 10
174.21117199391173
 20
116.95296337944902
 10
173.84111301369865
 20
116.92343724690332
 10
173.45771499238967
 20
116.89325838889064
 10
173.06401445966517
 20
116.86267258633873
 10
172.6630479452055
 20
116.83192562017524
 10
172.25785197869104
 20
116.80126327132794
 10
171.85146308980214
 20
116.77093132072449
 10
171.44691780821918
 20
116.74117554929262
 10
171.08746207991655
 20
116.71435946419723
 10
170.72114074275962
 20
116.68591788206345
 10
170.3502867706309
 20
116.65607499090444
 10
169.9772331374129
 20
116.62505497873352
 10
169.60431281698823
 20
116.59308203356397
 10
169.23385878323933
 20
116.56038034340895
 10
168.86820401004888
 20
116.52717409628181
 10
168.50968147129925
 20
116.49368748019583
 10
168.16062414087313
 20
116.46014468316423
 10
167.82336499265304
 20
116.4267698932002
 10
167.5002370005214
 20
116.39378729831719
 10
167.19357313836093
 20
116.36142108652825
 10
166.90570638005406
 20
116.32989544584677
 10
166.63896969948337
 20
116.29943456428597
 10
166.3956960705314
 20
116.27026262985913
 10
166.17821846708063
 20
116.24260383057947
 10
165.98886986301372
 20
116.21668235446029
 10
165.52296363615477
 20
116.15033808028923
 10
165.0641241518341
 20
116.08567957380782
 10
164.61330597840532
 20
116.02282438381482
 10
164.17146368422206
 20
115.9618900591087
 10
163.739551837638
 20
115.90299414848818
 10
163.31852500700663
 20
115.84625420075199
 10
162.90933776068175
 20
115.79178776469868
 10
162.51294466701694
 20
115.73971238912691
 10
162.13030029436572
 20
115.69014562283539
 10
161.76235921108184
 20
115.64320501462277
 10
161.4100759855188
 20
115.59900811328765
 10
161.0744051860304
 20
115.55767246762869
 10
160.7563013809701
 20
115.51931562644464
 10
160.45671913869162
 20
115.48405513853407
 10
160.17661302754857
 20
115.45200855269562
 10
159.91693761589454
 20
115.42329341772799
 10
159.67864747208324
 20
115.39802728242978
 10
159.46269716446824
 20
115.37632769559966
 10
159.27004126140315
 20
115.35831220603635
 10
159.10163433124166
 20
115.34409836253838
 10
158.9584309423373
 20
115.33380371390453
 10
158.84138566304375
 20
115.32754580893334
 10
158.75145306171467
 20
115.32544219642355
 10
158.43878015897423
 20
115.31063380989198
 10
158.0283859550294
 20
115.27024022140341
 10
157.57355416228623
 20
115.21043220432142
 10
157.1275684931507
 20
115.13738053200962
 10
156.81379019216135
 20
115.08083946800144
 10
156.4516742770168
 20
115.01712943579221
 10
156.06244648972603
 20
114.94988702416032
 10
155.66733257229833
 20
114.88274882188426
 10
155.2875582667428
 20
114.81935141774235
 10
154.9443493150685
 20
114.76333140051315
 10
154.70506370144878
 20
114.72479803418994
 10
154.4170507074807
 20
114.67833446427994
 10
154.08937404870628
 20
114.62540722934591
 10
153.73109744066747
 20
114.5674828679505
 10
153.35128459890637
 20
114.50602791865643
 10
152.95899923896502
 20
114.44250892002643
 10
152.56330507638538
 20
114.37839241062315
 10
152.17326582670955
 20
114.31514492900925
 10
151.79794520547946
 20
114.25423301374755
 10
151.45927975171236
 20
114.19930155115108
 10
151.1047602739727
 20
114.14190497101458
 10
150.74126391267123
 20
114.08315071289246
 10
150.37566780821922
 20
114.02414621633898
 10
150.0148491010274
 20
113.96599892090853
 10
149.66568493150686
 20
113.90981626615545
 10
149.3350524400685
 20
113.85670569163409
 10
149.0298287671233
 20
113.8077746368989
 10
148.75689105308223
 20
113.76413054150419
 10
148.52311643835617
 20
113.7268808450043
 10
148.1989097008667
 20
113.67340899522074
 10
147.84167948001124
 20
113.61111265652502
 10
147.4663649706458
 20
113.54281342832374
 10
147.08790536762652
 20
113.47133291002334
 10
146.72123986580934
 20
113.3994927010306
 10
146.38130766005034
 20
113.330114400752
 10
146.0830479452055
 20
113.2660196085942
 10
145.8448017081008
 20
113.21476334257932
 10
145.5597835278201
 20
113.15624278951717
 10
145.23687214611874
 20
113.09213447197075
 10
144.88494630475228
 20
113.02411491250302
 10
144.5128847454761
 20
112.95386063367675
 10
144.12956621004565
 20
112.88304815805492
 10
143.74386944021649
 20
112.81335400820038
 10
143.36467317774395
 20
112.7464547066761
 10
143.00085616438358
 20
112.68402677604485
 10
142.69759643588606
 20
112.63136818702066
 10
142.36964559554562
 20
112.57177603913729
 10
142.022879722734
 20
112.50645285964038
 10
141.66317489682288
 20
112.43660117577576
 10
141.29640719718412
 20
112.3634235147891
 10
140.9284527031895
 20
112.28812240392617
 10
140.56518749421076
 20
112.21190037043263
 10
140.21248764961973
 20
112.1359599415542
 10
139.87622924878815
 20
112.06150364453669
 10
139.56228837108776
 20
111.98973400662567
 10
139.27654109589042
 20
111.921853555067
 10
138.96396938012052
 20
111.84683434674608
 10
138.6244284391253
 20
111.76703325193176
 10
138.26519670566424
 20
111.68406951315481
 10
137.89355261249707
 20
111.59956237294574
 10
137.51677459238323
 20
111.51513107383528
 10
137.14214107808235
 20
111.43239485835394
 10
136.77693050235388
 20
111.35297296903252
 10
136.42842129795747
 20
111.27848464840156
 10
136.1038918976526
 20
111.21054913899172
 10
135.81062073419884
 20
111.15078568333365
 10
135.49099124090282
 20
111.08591510337752
 10
135.14936618108075
 20
111.01506705725896
 10
134.79425434891496
 20
110.94009481469641
 10
134.43416453858774
 20
110.86285164540834
 10
134.07760554428143
 20
110.78519081911313
 10
133.7330861601783
 20
110.70896560552922
 10
133.40911518046065
 20
110.63602927437495
 10
133.11420139931084
 20
110.56823509536872
 10
132.85685361091117
 20
110.50743633822901
 10
132.44329019652525
 20
110.410630104675
 10
132.03271539842274
 20
110.31969193234409
 10
131.62674836863084
 20
110.2348175731619
 10
131.22700825917676
 20
110.1562027790541
 10
130.8351142220877
 20
110.08404330194631
 10
130.45268540939082
 20
110.0185348937641
 10
130.08134097311333
 20
109.95987330643308
 10
129.72270006528248
 20
109.90825429187882
 10
129.3783818379254
 20
109.86387360202696
 10
129.05000544306935
 20
109.82692698880311
 10
128.7391900327415
 20
109.79761020413281
 10
128.44755475896906
 20
109.77611899994176
 10
128.17671877377924
 20
109.76264912815546
 10
127.9283012291992
 20
109.75739634069961
 10
127.70392127725617
 20
109.76055638949981
 10
127.50519806997737
 20
109.77232502648155
 10
127.33375075938996
 20
109.79289800357057
 10
127.19119849752116
 20
109.8224710726924
  0
LWPOLYLINE
  5
44
330
17
100
AcDbEntity
  8
IC_DELIKLER
100
AcDbPolyline
 90
1584
 70
1
 10
187.88527397260276
 20
156.6803737958278
 10
187.5440589506276
 20
156.86358189011463
 10
187.20504568864814
 20
157.08463277447981
 10
186.94162881039205
 20
157.29567007189576
 10
186.87630157695253
 20
157.36471050661908
 10
186.79025607266666
 20
157.46742720466239
 10
186.68492960127324
 20
157.6016798321256
 10
186.56175946651126
 20
157.76532805510848
 10
186.42218297211974
 20
157.95623153971064
 10
186.26763742183775
 20
158.17224995203185
 10
186.0995601194041
 20
158.41124295817187
 10
185.9193883685579
 20
158.67107022423048
 10
185.728559473038
 20
158.9495914163073
 10
185.52851073658346
 20
159.24466620050217
 10
185.32067946293327
 20
159.55415424291476
 10
185.10650295582641
 20
159.87591520964483
 10
184.88741851900178
 20
160.20780876679214
 10
184.66486345619845
 20
160.54769458045644
 10
184.44027507115538
 20
160.89343231673737
 10
184.21509066761143
 20
161.24288164173475
 10
183.99074754930575
 20
161.5939022215483
 10
183.76868301997726
 20
161.94435372227775
 10
183.55033438336488
 20
162.29209581002286
 10
183.33713894320763
 20
162.63498815088332
 10
183.13053400324446
 20
162.9708904109589
 10
182.96875987115556
 20
163.23314088261424
 10
182.80424478646984
 20
163.49529144489648
 10
182.63705902274876
 20
163.75726185078446
 10
182.46727285355388
 20
164.01897185325706
 10
182.29495655244668
 20
164.28034120529296
 10
182.1201803929887
 20
164.5412896598711
 10
181.94301464874152
 20
164.80173696997016
 10
181.76352959326647
 20
165.06160288856913
 10
181.58179550012517
 20
165.3208071686467
 10
181.39788264287904
 20
165.57926956318175
 10
181.21186129508976
 20
165.83690982515307
 10
181.0238017303187
 20
166.09364770753945
 10
180.8337742221274
 20
166.34940296331973
 10
180.64184904407745
 20
166.60409534547273
 10
180.44809646973022
 20
166.8576446069773
 10
180.25258677264733
 20
167.10997050081215
 10
180.05539022639022
 20
167.36099277995623
 10
179.8565771045204
 20
167.6106311973883
 10
179.65621768059938
 20
167.8588055060871
 10
179.4543822281887
 20
168.10543545903158
 10
179.25114102084987
 20
168.35044080920048
 10
179.0465643321444
 20
168.5937413095726
 10
178.84072243563378
 20
168.83525671312677
 10
178.63368560487953
 20
169.07490677284187
 10
178.42552411344315
 20
169.31261124169663
 10
178.2163082348861
 20
169.54828987266993
 10
178.00610824277
 20
169.78186241874053
 10
177.79499441065633
 20
170.01324863288727
 10
177.5830370121065
 20
170.242368268089
 10
177.3703063206821
 20
170.46914107732445
 10
177.15687260994463
 20
170.69348681357255
 10
176.94280615345556
 20
170.91532522981205
 10
176.7281772247765
 20
171.13457607902177
 10
176.51305609746885
 20
171.35115911418052
 10
176.29751304509415
 20
171.5649940882671
 10
176.08161834121395
 20
171.7760007542604
 10
175.8654422593897
 20
171.98409886513917
 10
175.64905507318295
 20
172.18920817388226
 10
175.4325270561552
 20
172.39124843346843
 10
175.21592848186793
 20
172.59013939687657
 10
174.99932962388272
 20
172.7858008170855
 10
174.78280075576097
 20
172.9781524470739
 10
174.56641215106427
 20
173.1671140398208
 10
174.3502340833541
 20
173.35260534830482
 10
174.134336826192
 20
173.53454612550487
 10
173.91879065313947
 20
173.71285612439976
 10
173.70366583775797
 20
173.8874550979683
 10
173.48903265360906
 20
174.05826279918932
 10
173.27496137425422
 20
174.22519898104161
 10
172.9705459290043
 20
174.46187123496412
 10
172.66144584543213
 20
174.70543421066742
 10
172.35440688295057
 20
174.95037206524714
 10
172.05617480097234
 20
175.19116895579862
 10
171.77349535891042
 20
175.42230903941737
 10
171.51311431617762
 20
175.63827647319883
 10
171.28177743218674
 20
175.83355541423848
 10
171.08623046635066
 20
176.00263001963177
 10
170.9332191780822
 20
176.13998444647416
 10
170.60687206180788
 20
176.4308158049638
 10
170.24044954682645
 20
176.7402101642192
 10
169.87878955855822
 20
177.031194081962
 10
169.566730022423
 20
177.26679411591363
 10
169.322425469622
 20
177.46059628317377
 10
169.04053090113993
 20
177.71405648837327
 10
168.74402294802954
 20
178.00465595375198
 10
168.4558782413439
 20
178.30987590155001
 10
168.1990734121356
 20
178.6071975540074
 10
168.0460734488122
 20
178.79974653623768
 10
167.88296043310248
 20
179.01474372210237
 10
167.71114076570564
 20
179.24991492349977
 10
167.53202084732072
 20
179.50298595232837
 10
167.34700707864687
 20
179.77168262048676
 10
167.1575058603831
 20
180.05373073987337
 10
166.9649235932286
 20
180.3468561223867
 10
166.77066667788253
 20
180.64878457992518
 10
166.57614151504393
 20
180.9572419243873
 10
166.3827545054118
 20
181.26995396767157
 10
166.1919120496854
 20
181.58464652167646
 10
166.00502054856383
 20
181.89904539830042
 10
165.82348640274608
 20
182.210876409442
 10
165.6487160129314
 20
182.5178653669996
 10
165.48211577981877
 20
182.8177380828717
 10
165.32509210410737
 20
183.10822036895684
 10
165.17905138649627
 20
183.38703803715347
 10
165.0454000276846
 20
183.6519168993601
 10
164.92554442837147
 20
183.90058276747513
 10
164.75838004053094
 20
184.24789212000277
 10
164.57732022956873
 20
184.60836213107592
 10
164.39222537190008
 20
184.9634243565627
 10
164.2129558439402
 20
185.29451035233114
 10
164.04937202210428
 20
185.58305167424942
 10
163.9113342828075
 20
185.81047987818556
 10
163.78587298561362
 20
186.0119957913034
 10
163.6241086719463
 20
186.28021014553204
 10
163.43431323639206
 20
186.6009484266437
 10
163.22475857353734
 20
186.96003612041076
 10
163.00371657796836
 20
187.3432987126056
 10
162.77945914427153
 20
187.73656168900052
 10
162.56025816703325
 20
188.12565053536792
 10
162.36597724186782
 20
188.4695553115791
 10
162.1714409269464
 20
188.8073625874212
 10
161.97669393943957
 20
189.13901465706374
 10
161.78178099651814
 20
189.46445381467615
 10
161.58674681535257
 20
189.7836223544279
 10
161.39163611311366
 20
190.0964625704884
 10
161.1964936069718
 20
190.40291675702719
 10
161.00136401409802
 20
190.70292720821357
 10
160.80629205166255
 20
190.99643621821718
 10
160.61132243683636
 20
191.28338608120728
 10
160.41649988678986
 20
191.5637190913535
 10
160.2218691186939
 20
191.83737754282515
 10
160.0274748497189
 20
192.1043037297918
 10
159.83336179703568
 20
192.3644399464228
 10
159.63957467781478
 20
192.61772848688767
 10
159.4461582092269
 20
192.86411164535582
 10
159.2531571084426
 20
193.1035317159967
 10
159.06061609263259
 20
193.3359309929798
 10
158.86857987896752
 20
193.56125177047454
 10
158.67709318461797
 20
193.7794363426504
 10
158.48620072675465
 20
193.9904270036768
 10
158.2959472225481
 20
194.19416604772323
 10
158.1063773891691
 20
194.39059576895912
 10
157.9175359437882
 20
194.5796584615539
 10
157.72946760357604
 20
194.76129641967708
 10
157.54221708570333
 20
194.93545193749804
 10
157.3558291073406
 20
195.10206730918628
 10
157.1703483856586
 20
195.26108482891124
 10
156.98581963782792
 20
195.41244679084235
 10
156.8022875810192
 20
195.55609548914913
 10
156.58489122358137
 20
195.71733612121366
 10
156.35537557857657
 20
195.87843562645782
 10
156.1146482091002
 20
196.03896559423524
 10
155.86361667824775
 20
196.19849761389963
 10
155.60318854911475
 20
196.35660327480446
 10
155.3342713847967
 20
196.5128541663034
 10
155.057772748389
 20
196.66682187775012
 10
154.7746002029872
 20
196.8180779984982
 10
154.48566131168664
 20
196.96619411790124
 10
154.19186363758297
 20
197.11074182531286
 10
153.8941147437716
 20
197.2512927100867
 10
153.59332219334803
 20
197.38741836157635
 10
153.29039354940764
 20
197.51869036913547
 10
152.98623637504605
 20
197.6446803221176
 10
152.68175823335866
 20
197.76495980987642
 10
152.37786668744099
 20
197.87910042176554
 10
152.07546930038845
 20
197.98667374713858
 10
151.77547363529663
 20
198.08725137534907
 10
151.47878725526087
 20
198.18040489575077
 10
151.18631772337676
 20
198.26570589769722
 10
150.89897260273975
 20
198.342725970542
 10
150.5592967408304
 20
198.4318218617517
 10
150.18631461361068
 20
198.53358106296764
 10
149.79554132665143
 20
198.64351819226405
 10
149.40249198552357
 20
198.75714786771522
 10
149.02268169579784
 20
198.86998470739547
 10
148.67162556304515
 20
198.9775433293791
 10
148.36483869283632
 20
199.0753383517404
 10
147.83469949716212
 20
199.25727775052246
 10
147.44939237297794
 20
199.41706499794043
 10
147.15900389245667
 20
199.58326787828798
 10
146.91362062777108
 20
199.78445417585874
 10
146.663329151094
 20
200.0491916749464
 10
146.38520805895774
 20
200.4123078313061
 10
146.15193154701223
 20
200.80094365437466
 10
146.01400277763742
 20
201.1309614917352
 10
145.96886861158097
 20
201.36153839703076
 10
145.95429409101007
 20
201.6033889376398
 10
145.96999383306553
 20
201.85583395933202
 10
146.01568245488835
 20
202.1181943078768
 10
146.09107457361927
 20
202.38979082904368
 10
146.19588480639925
 20
202.66994436860213
 10
146.3298277703692
 20
202.95797577232165
 10
146.49261808267002
 20
203.25320588597174
 10
146.68397036044252
 20
203.55495555532192
 10
146.9035992208276
 20
203.86254562614167
 10
147.15121928096622
 20
204.1752969442005
 10
147.4265451579992
 20
204.49253035526786
 10
147.70998862873
 20
204.80958412942437
 10
147.9760500195811
 20
205.11569745623962
 10
148.22555602958823
 20
205.41206310313714
 10
148.4593333577874
 20
205.69987383754022
 10
148.67820870321424
 20
205.98032242687225
 10
148.88300876490476
 20
206.2546016385566
 10
149.07456024189472
 20
206.5239042400167
 10
149.25368983321988
 20
206.7894229986759
 10
149.42122423791614
 20
207.05235068195762
 10
149.57799015501936
 20
207.31388005728522
 10
149.7248142835653
 20
207.57520389208207
 10
149.86252332258982
 20
207.83751495377157
 10
149.99194397112873
 20
208.10200600977714
 10
150.11390292821793
 20
208.36986982752217
 10
150.36327922082543
 20
208.93405993534265
 10
150.59810164366004
 20
209.45682506787966
 10
150.81939824290134
 20
209.93974412757998
 10
151.028197064729
 20
210.38439601689018
 10
151.22552615532257
 20
210.792359638257
 10
151.41241356086175
 20
211.16521389412716
 10
151.58988732752616
 20
211.50453768694723
 10
151.7589755014955
 20
211.811909919164
 10
151.92070612894932
 20
212.08890949322404
 10
152.07610725606725
 20
212.33711531157417
 10
152.22620692902896
 20
212.558106276661
 10
152.37203319401408
 20
212.75346129093117
 10
152.51461409720224
 20
212.92475925683146
 10
152.6549776847731
 20
213.07357907680847
 10
152.79415200290623
 20
213.20149965330893
 10
152.93316509778137
 20
213.3100998887795
 10
153.07304501557806
 20
213.40095868566686
 10
153.21481980247594
 20
213.4756549464177
 10
153.3595175046547
 20
213.53576757347872
 10
153.5081661682939
 20
213.58287546929654
 10
153.71758502771598
 20
213.6241033865403
 10
153.98486975715682
 20
213.6518863823648
 10
154.29870624764794
 20
213.6668141919836
 10
154.64778039022062
 20
213.6694765506101
 10
155.02077807590624
 20
213.6604631934579
 10
155.40638519573625
 20
213.64036385574042
 10
155.79328764074202
 20
213.6097682726711
 10
156.17017130195498
 20
213.56926617946348
 10
156.52572207040646
 20
213.51944731133102
 10
156.84862583712794
 20
213.46090140348718
 10
157.1275684931507
 20
213.39421819114546
 10
157.54485595101838
 20
213.31062053512042
 10
158.00470721305305
 20
213.27048122095306
 10
158.42833707802455
 20
213.28067721997078
 10
158.7619341466226
 20
213.29122900373642
 10
159.16922967799727
 20
213.26924918955936
 10
159.6074059641801
 20
213.21842483992947
 10
160.03364529720264
 20
213.1424430173367
 10
160.25920675184392
 20
213.0997983348987
 10
160.5380619683365
 20
213.05665162836726
 10
160.85921490850555
 20
213.01418769710966
 10
161.2116695341763
 20
212.97359134049324
 10
161.58442980717402
 20
212.93604735788523
 10
161.96649968932397
 20
212.90274054865301
 10
162.34688314245136
 20
212.87485571216382
 10
162.71458412838146
 20
212.85357764778502
 10
163.25269462718543
 20
212.83122916985974
 10
163.73299279333915
 20
212.82078091019775
 10
164.1607598786462
 20
212.82326690882343
 10
164.5412771349101
 20
212.83972120576126
 10
164.87982581393453
 20
212.87117784103563
 10
165.181687167523
 20
212.91867085467095
 10
165.45214244747922
 20
212.98323428669164
 10
165.69647290560675
 20
213.0659021771221
 10
165.91995979370913
 20
213.1677085659868
 10
166.12788436359006
 20
213.2896874933101
 10
166.325527867053
 20
213.43287299911646
 10
166.51817155590166
 20
213.59829912343025
 10
166.8055759935236
 20
213.87566822493022
 10
167.04135520864307
 20
214.1349644361002
 10
167.23189258252955
 20
214.38899529441295
 10
167.3835714964527
 20
214.65056833734144
 10
167.50277533168205
 20
214.93249110235848
 10
167.5958874694871
 20
215.247571126937
 10
167.6692912911375
 20
215.60861594854987
 10
167.7293701779028
 20
216.02843310467
 10
167.7898080262136
 20
216.51041726361612
 10
167.84569047394302
 20
216.88360680050408
 10
167.90942623841266
 20
217.17622576147147
 10
167.99342403694405
 20
217.41649819265587
 10
168.1100925868587
 20
217.63264814019502
 10
168.27184060547822
 20
217.8528996502265
 10
168.49107681012407
 20
218.1054767688879
 10
168.78020991811792
 20
218.418603542317
 10
169.55157520973862
 20
219.2477636107115
 10
169.4631422094719
 20
220.3782074817181
 10
169.42930992986163
 20
220.89234881078886
 10
169.42576876659308
 20
221.2721782805187
 10
169.45863708938984
 20
221.57385178433503
 10
169.5340332679754
 20
221.85352521566557
 10
169.6580756720731
 20
222.1673544679378
 10
169.80196016257537
 20
222.5382473501274
 10
169.87247842683033
 20
222.85053176546327
 10
169.87933926607482
 20
223.18540724308284
 10
169.83225148154585
 20
223.62407331212341
 10
169.78946516317248
 20
224.00486241382342
 10
169.75368506026592
 20
224.451745122765
 10
169.7286560175701
 20
224.90903900931386
 10
169.71812287982874
 20
225.3210616438356
 10
169.72801187493064
 20
225.80997835174188
 10
169.77800070059286
 20
226.15821623760922
 10
169.88890271978272
 20
226.4483581940948
 10
170.0815312954676
 20
226.7629871138557
 10
170.27591880154517
 20
227.10528656934824
 10
170.39546316010487
 20
227.4500009839266
 10
170.44020325522072
 20
227.79899099369686
 10
170.41017797096666
 20
228.15411723476504
 10
170.30542619141667
 20
228.51724034323715
 10
170.12598680064474
 20
228.89022095521926
 10
169.9619239358008
 20
229.1760609972108
 10
169.74399925398632
 20
229.55483502545866
 10
169.50062141484946
 20
229.9772056838916
 10
169.2601990780382
 20
230.39383561643837
 10
169.10874292794577
 20
230.63968942928292
 10
168.9226409215665
 20
230.91529318030263
 10
168.71090695486353
 20
231.20881968264916
 10
168.4825549237999
 20
231.50844174947406
 10
168.24659872433867
 20
231.80233219392903
 10
168.01205225244277
 20
232.07866382916575
 10
167.78792940407527
 20
232.32560946833587
 10
167.4242423793228
 20
232.72354643399615
 10
167.1488272193256
 20
233.0581804425305
 10
166.94896262745146
 20
233.34795555727584
 10
166.81192730706815
 20
233.61131584156897
 10
166.72499996154335
 20
233.8667053587468
 10
166.6736414056306
 20
234.08726433260975
 10
166.62681342795744
 20
234.33075235040332
 10
166.5845704287592
 20
234.59636351915287
 10
166.54696680827104
 20
234.88329194588363
 10
166.51405696672822
 20
235.19073173762098
 10
166.48589530436587
 20
235.51787700139025
 10
166.46253622141916
 20
235.8639218442167
 10
166.44403411812343
 20
236.2280603731257
 10
166.43044339471376
 20
236.6094866951425
 10
166.42181845142542
 20
237.0073949172925
 10
166.41821368849367
 20
237.42097914660093
 10
166.41968350615358
 20
237.84943349009316
 10
166.42628230464047
 20
238.2919520547945
 10
166.42972051002863
 20
238.63227511717804
 10
166.4263610594856
 20
238.9773109978696
 10
166.41638655396912
 20
239.32578152737102
 10
166.39997959443667
 20
239.67640853618408
 10
166.3773227818459
 20
240.02791385481058
 10
166.34859871715437
 20
240.37901931375228
 10
166.31399000131972
 20
240.72844674351097
 10
166.27367923529962
 20
241.07491797458846
 10
166.22784902005162
 20
241.41715483748652
 10
166.17668195653332
 20
241.75387916270694
 10
166.12036064570233
 20
242.0838127807515
 10
166.05906768851625
 20
242.40567752212195
 10
165.99298568593275
 20
242.71819521732016
 10
165.92229723890935
 20
243.02008769684784
 10
165.84718494840374
 20
243.31007679120682
 10
165.76783141537348
 20
243.5868843308989
 10
165.68441924077618
 20
243.8492321464258
 10
165.59713102556947
 20
244.09584206828936
 10
165.50816415353344
 20
244.32252813563815
 10
165.40731522404064
 20
244.55922555084163
 10
165.29519852911181
 20
244.80496818068687
 10
165.17242836076755
 20
245.05878989196077
 10
165.0396190110286
 20
245.31972455145024
 10
164.8973847719159
 20
245.58680602594222
 10
164.74633993544995
 20
245.8590681822237
 10
164.58709879365148
 20
246.1355448870816
 10
164.4202756385413
 20
246.41527000730292
 10
164.24648476214014
 20
246.69727740967454
 10
164.06634045646862
 20
246.98060096098342
 10
163.88045701354758
 20
247.26427452801653
 10
163.68944872539763
 20
247.54733197756082
 10
163.49392988403955
 20
247.8288071764032
 10
163.29451478149412
 20
248.10773399133063
 10
163.09181770978196
 20
248.38314628913008
 10
162.8864529609238
 20
248.65407793658846
 10
162.67903482694044
 20
248.91956280049277
 10
162.47017759985255
 20
249.17863474762987
 10
162.26049557168085
 20
249.43032764478681
 10
162.05060303444606
 20
249.67367535875047
 10
161.7621673153811
 20
249.9935575562589
 10
161.5148639240209
 20
250.24150104762157
 10
161.28478891497807
 20
250.43257859655338
 10
161.0480383428652
 20
250.58186296676934
 10
160.78070826229475
 20
250.70442692198438
 10
160.4588947278793
 20
250.81534322591352
 10
160.0586937942314
 20
250.9296846422717
 10
159.68894429354742
 20
251.07868837941194
 10
159.36490231325408
 20
251.30637618620747
 10
159.098870360314
 20
251.59920628941015
 10
158.9031509416897
 20
251.94363691577192
 10
158.79004656434338
 20
252.32612629204465
 10
158.73489731390492
 20
252.64049260093114
 10
158.68074905812827
 20
252.91192238020523
 10
158.62097409244063
 20
253.15085779482615
 10
158.54894471226916
 20
253.36774100975325
 10
158.45803321304084
 20
253.5730141899458
 10
158.34161189018306
 20
253.77711950036306
 10
158.19305303912282
 20
253.99049910596435
 10
158.0057289552873
 20
254.2235951717089
 10
157.7730119341037
 20
254.48684986255606
 10
157.48827427099909
 20
254.79070534346505
 10
157.1448882614007
 20
255.14560377939523
 10
156.7362262007356
 20
255.56198733530584
 10
156.31758910187017
 20
255.9895945838931
 10
155.96625138231303
 20
256.3548008644868
 10
155.6736712879453
 20
256.66843574252846
 10
155.43130706464814
 20
256.9413287834599
 10
155.23061695830265
 20
257.1843095527227
 10
155.06305921478997
 20
257.40820761575867
 10
154.92009207999126
 20
257.6238525380095
 10
154.7931737997876
 20
257.8420738849168
 10
154.67376262006013
 20
258.0737012219223
 10
154.55331678668998
 20
258.32956411446776
 10
154.4614517176817
 20
258.5452395874461
 10
154.35889975494632
 20
258.81099830642984
 10
154.24847090397304
 20
259.118156198261
 10
154.13297517025111
 20
259.4580291897814
 10
154.01522255927003
 20
259.8219332078332
 10
153.89802307651897
 20
260.2011841792581
 10
153.78418672748737
 20
260.58709803089823
 10
153.67652351766452
 20
260.97099068959545
 10
153.5778434525397
 20
261.3441780821918
 10
153.46627607189123
 20
261.7796001779351
 10
153.36248796171284
 20
262.18165920423274
 10
153.26544876293326
 20
262.55359615130806
 10
153.17412811648143
 20
262.89865200938436
 10
153.08749566328598
 20
263.2200677686849
 10
153.00452104427578
 20
263.521084419433
 10
152.92417390037954
 20
263.80494295185207
 10
152.8454238725262
 20
264.0748843561653
 10
152.76724060164443
 20
264.334149622596
 10
152.68859372866297
 20
264.58597974136757
 10
152.6084528945107
 20
264.83361570270324
 10
152.52578774011639
 20
265.08029849682634
 10
152.4395679064088
 20
265.3292691139602
 10
152.3487630343167
 20
265.5837685443281
 10
152.25234276476897
 20
265.8470377781534
 10
152.1492767386943
 20
266.1223178056593
 10
152.0385345970215
 20
266.41284961706924
 10
151.9190859806794
 20
266.72187420260644
 10
151.78990053059673
 20
267.0526325524943
 10
151.6499478877023
 20
267.408365656956
 10
151.53487732042856
 20
267.6964205814471
 10
151.41384589908012
 20
267.9924582311007
 10
151.28741392088116
 20
268.2953195167154
 10
151.1561416830558
 20
268.6038453490896
 10
151.02058948282814
 20
268.91687663902195
 10
150.88131761742224
 20
269.2332542973111
 10
150.73888638406237
 20
269.5518192347554
 10
150.59385607997262
 20
269.87141236215354
 10
150.44678700237705
 20
270.190874590304
 10
150.29823944849988
 20
270.5090468300054
 10
150.1487737155652
 20
270.82476999205625
 10
149.99895010079712
 20
271.13688498725514
 10
149.8493289014198
 20
271.44423272640057
 10
149.7004704146574
 20
271.74565412029114
 10
149.552934937734
 20
272.0399900797253
 10
149.40728276787368
 20
272.3260815155018
 10
149.2640742023007
 20
272.602769338419
 10
149.12386953823906
 20
272.86889445927557
 10
148.987229072913
 20
273.12329778887005
 10
148.8547131035466
 20
273.3648202380009
 10
148.72688192736396
 20
273.59230271746674
 10
148.6042958415893
 20
273.80458613806616
 10
148.48751514344667
 20
274.00051141059765
 10
148.37710013016024
 20
274.17891944585983
 10
148.25016607525376
 20
274.37961219427046
 10
148.0877460755413
 20
274.6363816151981
 10
147.8980774918227
 20
274.9362069051381
 10
147.68939768489759
 20
275.26606726058594
 10
147.46994401556563
 20
275.61294187803713
 10
147.24795384462652
 20
275.96380995398715
 10
147.03166453287986
 20
276.3056506849315
 10
146.84980809647382
 20
276.5914917322539
 10
146.67663932009847
 20
276.8600660632296
 10
146.51014066422985
 20
277.1139714351291
 10
146.34829458934385
 20
277.35580560522277
 10
146.18908355591645
 20
277.58816633078123
 10
146.0304900244236
 20
277.8136513690749
 10
145.87049645534128
 20
278.03485847737414
 10
145.70708530914547
 20
278.2543854129496
 10
145.53823904631216
 20
278.47482993307165
 10
145.3619401273172
 20
278.6987897950108
 10
145.17617101263667
 20
278.92886275603746
 10
144.9789141627465
 20
279.1676465734222
 10
144.76815203812262
 20
279.41773900443536
 10
144.54186709924105
 20
279.68173780634754
 10
144.29804180657771
 20
279.9622407364292
 10
144.0346586206086
 20
280.2618455519507
 10
143.74970000180966
 20
280.58315001018264
 10
143.4411484106569
 20
280.92875186839547
 10
143.07070654294017
 20
281.33970051346597
 10
142.72554014367935
 20
281.7162806302217
 10
142.40380816288206
 20
282.0599804876082
 10
142.10366955055582
 20
282.3722883545708
 10
141.82328325670844
 20
282.65469250005503
 10
141.56080823134744
 20
282.9086811930062
 10
141.3144034244805
 20
283.13574270236984
 10
141.0822277861152
 20
283.33736529709137
 10
140.8624402662592
 20
283.5150372461162
 10
140.65319981492019
 20
283.6702468183897
 10
140.45266538210575
 20
283.8044822828575
 10
140.2589959178235
 20
283.9192319084649
 10
140.07035037208112
 20
284.0159839641573
 10
139.8848876948862
 20
284.0962267188802
 10
139.70076683624643
 20
284.161448441579
 10
139.51614674616945
 20
284.21313740119916
 10
139.32918637466278
 20
284.25278186668606
 10
139.03181485549263
 20
284.3399026306256
 10
138.76830747851318
 20
284.49416865057356
 10
138.526153623408
 20
284.72764208202886
 10
138.29284266986065
 20
285.05238508049024
 10
138.05586399755467
 20
285.48045980145656
 10
137.95549550181784
 20
285.6468029796821
 10
137.79598053750186
 20
285.8690871654081
 10
137.58712408936472
 20
286.13551825743235
 10
137.33873114216433
 20
286.4343021545528
 10
137.06060668065857
 20
286.7536447555674
 10
136.76255568960536
 20
287.08175195927396
 10
136.4543831537626
 20
287.40682966447025
 10
136.05357575687316
 20
287.8245003460892
 10
135.70019331617203
 20
288.20239128027214
 10
135.39228624015922
 20
288.5431082166942
 10
135.12790493733456
 20
288.8492569050306
 10
134.90509981619797
 20
289.1234430949565
 10
134.7219212852493
 20
289.36827253614706
 10
134.5764197529885
 20
289.58635097827755
 10
134.46664562791548
 20
289.780284171023
 10
134.3906493185301
 20
289.9526778640588
 10
134.3464812333323
 20
290.10613780705995
 10
134.33219178082194
 20
290.2432697497017
 10
134.34392690955886
 20
290.4286524760489
 10
134.38824912979774
 20
290.5792131184806
 10
134.47883369258025
 20
290.69938816953504
 10
134.62935584894817
 20
290.79361412175047
 10
134.85349084994337
 20
290.86632746766514
 10
135.1649139466076
 20
290.92196469981724
 10
135.57730038998275
 20
290.9649623107451
 10
136.10432543111054
 20
290.99975679298683
 10
136.75966432103286
 20
291.03078463908076
 10
137.101210302716
 20
291.04645186486005
 10
137.46010716813925
 20
291.06516642103855
 10
137.82931647949994
 20
291.0864355085236
 10
138.20179979899575
 20
291.1097663282224
 10
138.57051868882394
 20
291.13466608104227
 10
138.9284347111821
 20
291.1606419678904
 10
139.26850942826766
 20
291.18720118967417
 10
139.58370440227802
 20
291.21385094730084
 10
139.86698119541063
 20
291.2400984416776
 10
140.11130136986304
 20
291.2654508737118
 10
140.15611014386764
 20
291.2698973800646
 10
140.20984730514382
 20
291.2742728055888
 10
140.27240005375003
 20
291.27857693523373
 10
140.3436555897446
 20
291.2828095539486
 10
140.42350111318592
 20
291.28697044668263
 10
140.51182382413236
 20
291.2910593983852
 10
140.60851092264238
 20
291.29507619400545
 10
140.71344960877428
 20
291.2990206184927
 10
140.8265270825864
 20
291.3028924567962
 10
140.94763054413727
 20
291.30669149386523
 10
141.07664719348517
 20
291.310417514649
 10
141.2134642306885
 20
291.31407030409673
 10
141.35796885580567
 20
291.31764964715774
 10
141.51004826889505
 20
291.3211553287813
 10
141.66958967001497
 20
291.3245871339166
 10
141.83648025922398
 20
291.327944847513
 10
142.0106072365803
 20
291.3312282545196
 10
142.19185780214238
 20
291.33443713988584
 10
142.3801191559686
 20
291.3375712885608
 10
142.57527849811734
 20
291.3406304854939
 10
142.77722302864692
 20
291.3436145156343
 10
142.9858399476158
 20
291.34652316393124
 10
143.20101645508234
 20
291.349356215334
 10
143.42263975110498
 20
291.35211345479183
 10
143.65059703574204
 20
291.35479466725405
 10
143.8847755090519
 20
291.35739963766986
 10
144.125062371093
 20
291.35992815098854
 10
144.37134482192369
 20
291.36237999215933
 10
144.62351006160233
 20
291.3647549461315
 10
144.88144529018732
 20
291.3670527978542
 10
145.14503770773706
 20
291.36927333227686
 10
145.41417451431
 20
291.3714163343487
 10
145.68874290996433
 20
291.37348158901887
 10
145.96863009475865
 20
291.3754688812367
 10
146.25372326875123
 20
291.3773779959514
 10
146.5439096320005
 20
291.37920871811235
 10
146.8390763845648
 20
291.3809608326687
 10
147.13911072650248
 20
291.3826341245697
 10
147.44389985787203
 20
291.3842283787646
 10
147.75333097873175
 20
291.3857433802027
 10
148.0672912891401
 20
291.3871789138333
 10
148.3856679891554
 20
291.38853476460554
 10
148.70834827883604
 20
291.3898107174688
 10
149.03521935824045
 20
291.39100655737224
 10
149.36616842742697
 20
291.39212206926516
 10
149.701082686454
 20
291.3931570380968
 10
150.0398493353799
 20
291.3941112488164
 10
150.38235557426307
 20
291.3949844863733
 10
150.7284886031619
 20
291.3957765357166
 10
151.07813562213482
 20
291.39648718179575
 10
151.43118383124013
 20
291.3971162095599
 10
151.78752043053626
 20
291.3976634039583
 10
152.14703262008163
 20
291.39812854994017
 10
152.5096075999345
 20
291.3985114324549
 10
152.87513257015343
 20
291.3988118364516
 10
153.2434947307966
 20
291.39902954687966
 10
153.6145812819226
 20
291.3991643486882
 10
153.98827942358972
 20
291.3992160268266
 10
154.36447635585628
 20
291.399184366244
 10
154.74305927878075
 20
291.39906915188976
 10
155.1239153924215
 20
291.3988701687131
 10
155.5069318968369
 20
291.39858720166325
 10
155.89199599208536
 20
291.3982200356895
 10
156.27899487822526
 20
291.3977684557411
 10
156.66781575531493
 20
291.39723224676726
 10
157.05834582341282
 20
291.3966111937173
 10
157.45047228257727
 20
291.3959050815405
 10
157.8440823328667
 20
291.395113695186
 10
158.23906317433946
 20
291.3942368196032
 10
158.63530200705395
 20
291.3932742397412
 10
159.03268603106852
 20
291.39222574054935
 10
159.43110244644166
 20
291.39109110697694
 10
159.8304384532316
 20
291.38987012397314
 10
160.2305812514969
 20
291.3885625764873
 10
160.6314180412958
 20
291.3871682494686
 10
161.03283602268675
 20
291.3856869278663
 10
161.4347223957281
 20
291.3841183966297
 10
161.83696436047828
 20
291.382462440708
 10
162.23944911699564
 20
291.3807188450505
 10
162.6420638653386
 20
291.37888739460647
 10
163.04469580556548
 20
291.37696787432515
 10
163.44723213773472
 20
291.37496006915575
 10
163.84956006190464
 20
291.37286376404757
 10
164.2515667781337
 20
291.3706787439499
 10
164.65313948648028
 20
291.3684047938119
 10
165.05416538700274
 20
291.36604169858293
 10
165.45453167975944
 20
291.36358924321223
 10
165.8541255648088
 20
291.361047212649
 10
166.2528342422092
 20
291.35841539184247
 10
166.650544912019
 20
291.355693565742
 10
167.04714477429658
 20
291.35288151929683
 10
167.4425210291004
 20
291.34997903745614
 10
167.83656087648876
 20
291.3469859051692
 10
168.22915151652006
 20
291.3439019073854
 10
168.62018014925272
 20
291.3407268290538
 10
169.00953397474504
 20
291.33746045512373
 10
169.39710019305556
 20
291.33410257054453
 10
169.7827660042425
 20
291.33065296026535
 10
170.16641860836435
 20
291.32711140923556
 10
170.54794520547946
 20
291.32347770240426
 10
170.6947444163699
 20
291.32205629164423
 10
170.83932869253542
 20
291.32065391167527
 10
170.98177782968943
 20
291.31927047012766
 10
171.1221716235455
 20
291.31790587463195
 10
171.26058986981687
 20
291.3165600328184
 10
171.39711236421704
 20
291.3152328523175
 10
171.53181890245935
 20
291.31392424075955
 10
171.66478928025725
 20
291.31263410577503
 10
171.79610329332417
 20
291.31136235499434
 10
171.92584073737345
 20
291.3101088960479
 10
172.05408140811855
 20
291.308873636566
 10
172.1809051012729
 20
291.3076564841791
 10
172.30639161254987
 20
291.3064573465176
 10
172.43062073766288
 20
291.3052761312119
 10
172.55367227232531
 20
291.3041127458924
 10
172.67562601225063
 20
291.30296709818947
 10
172.79656175315216
 20
291.30183909573356
 10
172.9165592907434
 20
291.30072864615505
 10
173.03569842073776
 20
291.29963565708425
 10
173.1540589388486
 20
291.2985600361517
 10
173.27172064078934
 20
291.2975016909877
 10
173.38876332227332
 20
291.2964605292227
 10
173.50526677901408
 20
291.295436458487
 10
173.62131080672498
 20
291.2944293864112
 10
173.7369752011194
 20
291.2934392206255
 10
173.8523397579107
 20
291.29246586876036
 10
173.96748427281247
 20
291.29150923844617
 10
174.08248854153794
 20
291.2905692373133
 10
174.1974323598006
 20
291.2896457729923
 10
174.31239552331382
 20
291.2887387531134
 10
174.42745782779105
 20
291.2878480853071
 10
174.5426990689456
 20
291.2869736772037
 10
174.6581990424911
 20
291.28611543643365
 10
174.77403754414075
 20
291.2852732706274
 10
174.89029436960797
 20
291.28444708741523
 10
175.00704931460626
 20
291.28363679442765
 10
175.12438217484902
 20
291.282842299295
 10
175.24237274604963
 20
291.2820635096477
 10
175.36110082392148
 20
291.2813003331161
 10
175.48064620417804
 20
291.28055267733066
 10
175.60108868253266
 20
291.2798204499217
 10
175.72250805469875
 20
291.27910355851975
 10
175.84498411638972
 20
291.2784019107551
 10
175.96859666331898
 20
291.2777154142582
 10
176.09342549120004
 20
291.27704397665934
 10
176.21955039574615
 20
291.27638750558907
 10
176.34705117267086
 20
291.2757459086777
 10
176.4760076176875
 20
291.27511909355565
 10
176.60649952650942
 20
291.2745069678533
 10
176.73860669485018
 20
291.2739094392011
 10
176.87240891842305
 20
291.27332641522935
 10
177.0079859929415
 20
291.27275780356854
 10
177.145417714119
 20
291.27220351184906
 10
177.2847838776688
 20
291.27166344770126
 10
177.4261642793044
 20
291.2711375187555
 10
177.5696387147393
 20
291.2706256326423
 10
177.71528697968682
 20
291.270127696992
 10
177.86318886986032
 20
291.269643619435
 10
178.01342418097332
 20
291.2691733076016
 10
178.16607270873916
 20
291.26871666912234
 10
178.32121424887114
 20
291.2682736116276
 10
178.4789285970829
 20
291.2678440427477
 10
178.63929554908768
 20
291.2674278701131
 10
178.80239490059896
 20
291.2670250013542
 10
178.96830644733012
 20
291.26663534410136
 10
179.13710998499462
 20
291.266258805985
 10
179.30888530930582
 20
291.26589529463547
 10
179.48371221597722
 20
291.2655447176832
 10
179.66167050072207
 20
291.2652069827587
 10
179.8428399592538
 20
291.2648819974922
 10
180.02730038728592
 20
291.2645696695141
 10
180.21513158053176
 20
291.26426990645496
 10
180.4064133347048
 20
291.263982615945
 10
180.6012254455184
 20
291.2637077056147
 10
180.79964770868605
 20
291.2634450830945
 10
181.00175991992106
 20
291.2631946560147
 10
181.20764187493688
 20
291.26295633200584
 10
181.41737336944684
 20
291.26273001869816
 10
181.63103419916447
 20
291.2625156237221
 10
181.84870415980313
 20
291.2623130547081
 10
182.0704630470762
 20
291.26212221928654
 10
182.29639065669713
 20
291.2619430250878
 10
182.52656678437933
 20
291.26177537974235
 10
182.7610712258362
 20
291.2616191908805
 10
182.99998377678108
 20
291.2614743661327
 10
183.24338423292747
 20
291.26134081312927
 10
183.49135238998878
 20
291.2612184395007
 10
183.74396804367834
 20
291.26110715287734
 10
184.00131098970965
 20
291.2610068608896
 10
184.26346102379605
 20
291.2609174711679
 10
184.530497941651
 20
291.2608388913426
 10
184.80250153898785
 20
291.26077102904407
 10
185.07955161152003
 20
291.2607137919028
 10
185.361727954961
 20
291.2606670875491
 10
185.6491103650241
 20
291.26063082361344
 10
185.94177863742283
 20
291.2606049077262
 10
186.23981256787047
 20
291.2605892475177
 10
186.54329195208055
 20
291.2605837506185
 10
186.85229658576637
 20
291.2605883246588
 10
187.16690626464143
 20
291.2606028772691
 10
187.48720078441912
 20
291.2606273160798
 10
187.81325994081283
 20
291.2606615487213
 10
188.14516352953592
 20
291.26070548282405
 10
188.4829913463019
 20
291.2607590260183
 10
188.82682318682413
 20
291.2608220859346
 10
189.176738846816
 20
291.2608945702032
 10
189.53281812199094
 20
291.2609763864546
 10
189.89514080806237
 20
291.2610674423192
 10
190.26378670074362
 20
291.26116764542735
 10
190.63883559574822
 20
291.2612769034095
 10
191.02036728878952
 20
291.261395123896
 10
191.40846157558096
 20
291.26152221451724
 10
191.8031982518359
 20
291.2616580829037
 10
192.20465711326773
 20
291.2618026366857
 10
192.61291795558995
 20
291.26195578349365
 10
193.0280605745159
 20
291.2621174309579
 10
193.45016476575904
 20
291.262287486709
 10
193.87931032503266
 20
291.2624658583772
 10
194.31557704805033
 20
291.262652453593
 10
194.75904473052535
 20
291.26284717998664
 10
195.20979316817116
 20
291.2630499451887
 10
195.66790215670125
 20
291.2632606568295
 10
196.13345149182882
 20
291.26347922253944
 10
196.60652096926748
 20
291.2637055499489
 10
197.0871903847306
 20
291.2639395466883
 10
197.57553953393148
 20
291.26418112038806
 10
198.07164821258363
 20
291.2644301786785
 10
198.57559621640047
 20
291.2646866291901
 10
199.08746334109534
 20
291.2649503795532
 10
199.60732938238172
 20
291.26522133739826
 10
200.13527413597294
 20
291.26549941035563
 10
200.6713773975825
 20
291.2657845060557
 10
201.21571896292372
 20
291.2660765321289
 10
201.76837862771004
 20
291.2663753962056
 10
202.3294361876549
 20
291.26668100591627
 10
202.8989714384717
 20
291.2669932688912
 10
203.4770641758738
 20
291.26731209276085
 10
204.06379419557464
 20
291.2676373851556
 10
204.6592412932876
 20
291.2679690537058
 10
205.26348526472623
 20
291.268307006042
 10
205.87660590560372
 20
291.26865114979444
 10
206.4986830116337
 20
291.26900139259357
 10
207.12979637852936
 20
291.2693576420698
 10
207.77002580200428
 20
291.2697198058535
 10
208.4194510777718
 20
291.2700877915751
 10
209.07815200154536
 20
291.27046150686505
 10
209.74620836903827
 20
291.2708408593536
 10
210.42369997596407
 20
291.2712257566713
 10
211.11070661803612
 20
291.2716161064484
 10
211.8073080909678
 20
291.27201181631546
 10
212.5135841904725
 20
291.27241279390273
 10
213.22961471226373
 20
291.2728189468407
 10
213.95547945205482
 20
291.27323018275973
 10
214.33121517224515
 20
291.27344009950343
 10
214.7073805368161
 20
291.2736446678492
 10
215.08394608492384
 20
291.2738439008606
 10
215.46088235572464
 20
291.2740378116011
 10
215.83815988837455
 20
291.2742264131343
 10
216.21574922202996
 20
291.2744097185236
 10
216.5936208958469
 20
291.2745877408327
 10
216.97174544898175
 20
291.2747604931251
 10
217.3500934205905
 20
291.2749279884643
 10
217.72863534982935
 20
291.2750902399138
 10
218.10734177585465
 20
291.2752472605373
 10
218.48618323782253
 20
291.27539906339814
 10
218.86513027488917
 20
291.27554566155993
 10
219.24415342621074
 20
291.27568706808626
 10
219.62322323094344
 20
291.27582329604064
 10
220.0023102282435
 20
291.27595435848656
 10
220.3813849572671
 20
291.2760802684876
 10
220.76041795717052
 20
291.27620103910726
 10
221.1393797671098
 20
291.2763166834091
 10
221.51824092624133
 20
291.27642721445665
 10
221.89697197372107
 20
291.27653264531347
 10
222.27554344870532
 20
291.2766329890431
 10
222.6539258903503
 20
291.27672825870906
 10
223.03208983781224
 20
291.2768184673749
 10
223.41000583024726
 20
291.2769036281041
 10
223.78764440681155
 20
291.2769837539602
 10
224.16497610666144
 20
291.27705885800685
 10
224.5419714689529
 20
291.2771289533075
 10
224.9186010328423
 20
291.2771940529257
 10
225.29483533748578
 20
291.27725416992496
 10
225.67064492203951
 20
291.27730931736886
 10
226.04600032565978
 20
291.27735950832096
 10
226.4208720875027
 20
291.2774047558447
 10
226.79523074672443
 20
291.27744507300366
 10
227.16904684248124
 20
291.27748047286144
 10
227.54229091392935
 20
291.2775109684815
 10
227.9149335002249
 20
291.27753657292743
 10
228.2869451405241
 20
291.27755729926275
 10
228.6582963739831
 20
291.27757316055096
 10
229.02895773975823
 20
291.27758416985563
 10
229.39889977700548
 20
291.27759034024024
 10
229.7680930248812
 20
291.2775916847684
 10
230.1365080225415
 20
291.2775882165037
 10
230.5041153091427
 20
291.2775799485095
 10
230.87088542384086
 20
291.27756689384955
 10
231.23678890579222
 20
291.2775490655872
 10
231.6017962941531
 20
291.2775264767861
 10
231.96587812807942
 20
291.2774991405097
 10
232.32900494672762
 20
291.2774670698216
 10
232.69114728925376
 20
291.27743027778536
 10
233.05227569481409
 20
291.27738877746447
 10
233.41236070256483
 20
291.2773425819225
 10
233.77137285166214
 20
291.2772917042229
 10
234.12928268126214
 20
291.2772361574293
 10
234.4860607305212
 20
291.2771759546052
 10
234.84167753859535
 20
291.27711110881415
 10
235.19610364464094
 20
291.27704163311967
 10
235.549309587814
 20
291.2769675405853
 10
235.90126590727084
 20
291.2768888442746
 10
236.25194314216765
 20
291.27680555725107
 10
236.60131183166052
 20
291.2767176925783
 10
236.94934251490577
 20
291.2766252633198
 10
237.29600573105955
 20
291.27652828253906
 10
237.64127201927803
 20
291.2764267632997
 10
237.98511191871742
 20
291.2763207186652
 10
238.32749596853398
 20
291.2762101616991
 10
238.66839470788383
 20
291.27609510546495
 10
239.0077786759232
 20
291.2759755630263
 10
239.3456184118082
 20
291.2758515474467
 10
239.68188445469514
 20
291.27572307178957
 10
240.01654734374017
 20
291.2755901491186
 10
240.34957761809946
 20
291.2754527924972
 10
240.68094581692927
 20
291.2753110149891
 10
241.01062247938575
 20
291.27516482965757
 10
241.33857814462505
 20
291.27501424956637
 10
241.6647833518034
 20
291.2748592877789
 10
241.98920864007707
 20
291.2746999573588
 10
242.31182454860215
 20
291.27453627136947
 10
242.63260161653488
 20
291.2743682428746
 10
242.95151038303152
 20
291.2741958849376
 10
243.26852138724817
 20
291.27401921062216
 10
243.58360516834102
 20
291.27383823299164
 10
243.89673226546637
 20
291.27365296510965
 10
244.20787321778027
 20
291.2734634200398
 10
244.51699856443906
 20
291.2732696108455
 10
244.82407884459883
 20
291.2730715505904
 10
245.1290845974158
 20
291.27286925233796
 10
245.43198636204622
 20
291.2726627291517
 10
245.73275467764623
 20
291.27245199409526
 10
246.031360083372
 20
291.2722370602321
 10
246.32777311837978
 20
291.27201794062574
 10
246.6219643218258
 20
291.2717946483398
 10
246.91390423286612
 20
291.27156719643773
 10
247.20356339065708
 20
291.2713355979831
 10
247.4909123343548
 20
291.2710998660395
 10
247.77592160311548
 20
291.27086001367036
 10
248.05856173609538
 20
291.2706160539393
 10
248.33880327245055
 20
291.2703679999098
 10
248.6166167513373
 20
291.27011586464545
 10
248.89197271191185
 20
291.26985966120975
 10
249.16484169333032
 20
291.26959940266624
 10
249.4351942347489
 20
291.2693351020785
 10
249.70300087532385
 20
291.26906677251003
 10
249.96823215421134
 20
291.2687944270244
 10
250.23085861056754
 20
291.2685180786851
 10
250.49085078354867
 20
291.2682377405556
 10
250.7481792123109
 20
291.2679534256996
 10
251.00281443601042
 20
291.26766514718054
 10
251.25472699380353
 20
291.267372918062
 10
251.50388742484628
 20
291.26707675140744
 10
251.75026626829498
 20
291.26677666028047
 10
251.99383406330568
 20
291.26647265774466
 10
252.23456134903475
 20
291.2661647568634
 10
252.47241866463827
 20
291.2658529707004
 10
252.70737654927248
 20
291.26553731231905
 10
252.9394055420936
 20
291.265217794783
 10
253.16847618225776
 20
291.2648944311557
 10
253.39455900892116
 20
291.26456723450076
 10
253.61762456124
 20
291.26423621788166
 10
253.83764337837061
 20
291.263901394362
 10
254.05458599946894
 20
291.26356277700523
 10
254.26842296369142
 20
291.26322037887496
 10
254.47912481019407
 20
291.2628742130347
 10
254.6866620781332
 20
291.26252429254794
 10
254.8910053066649
 20
291.26217063047835
 10
255.09212503494552
 20
291.2618132398893
 10
255.2899918021311
 20
291.26145213384444
 10
255.48457614737794
 20
291.2610873254073
 10
255.67584860984215
 20
291.26071882764137
 10
255.86377972867996
 20
291.26034665361016
 10
256.04834004304763
 20
291.2599708163773
 10
256.22950009210126
 20
291.2595913290063
 10
256.40723041499706
 20
291.25920820456065
 10
256.5815015508913
 20
291.25882145610393
 10
256.7522840389401
 20
291.25843109669967
 10
256.91954841829966
 20
291.2580371394114
 10
257.0832652281262
 20
291.2576395973026
 10
257.243405007576
 20
291.2572384834369
 10
257.39993829580504
 20
291.2568338108778
 10
257.5528356319697
 20
291.25642559268886
 10
257.7020675552261
 20
291.25601384193357
 10
257.84760460473046
 20
291.2555985716755
 10
257.98941731963896
 20
291.2551797949781
 10
258.1274762391078
 20
291.2547575249051
 10
258.2617519022932
 20
291.25433177451987
 10
258.39221484835133
 20
291.253902556886
 10
258.51883561643837
 20
291.253469885067
 10
258.836542956606
 20
291.2524149063658
 10
259.1574882947456
 20
291.2514514162828
 10
259.4814794993757
 20
291.25057868730346
 10
259.8083244390156
 20
291.2497959919132
 10
260.1378309821841
 20
291.2491026025972
 10
260.4698069974001
 20
291.248497791841
 10
260.8040603531825
 20
291.2479808321299
 10
261.14039891805027
 20
291.2475509959493
 10
261.4786305605225
 20
291.24720755578466
 10
261.8185631491179
 20
291.2469497841212
 10
262.1600045523554
 20
291.24677695344445
 10
262.50276263875423
 20
291.2466883362397
 10
262.846645276833
 20
291.2466832049923
 10
263.19146033511066
 20
291.2467608321877
 10
263.53701568210636
 20
291.2469204903112
 10
263.88311918633883
 20
291.2471614518483
 10
264.22957871632707
 20
291.24748298928426
 10
264.57620214059006
 20
291.2478843751045
 10
264.92279732764655
 20
291.2483648817944
 10
265.26917214601576
 20
291.24892378183927
 10
265.61513446421645
 20
291.2495603477246
 10
265.9604921507675
 20
291.25027385193573
 10
266.305053074188
 20
291.25106356695795
 10
266.6486251029968
 20
291.2519287652768
 10
266.9910161057127
 20
291.2528687193775
 10
267.3320339508548
 20
291.25388270174545
 10
267.671486506942
 20
291.25496998486614
 10
268.0091816424933
 20
291.2561298412249
 10
268.3449272260274
 20
291.257361543307
 10
268.6785311260635
 20
291.2586643635979
 10
269.00980121112036
 20
291.260037574583
 10
269.3385453497169
 20
291.2614804487477
 10
269.6645714103722
 20
291.2629922585773
 10
269.9876872616052
 20
291.26457227655715
 10
270.30770077193455
 20
291.2662197751727
 10
270.62441980987944
 20
291.26793402690936
 10
270.9376522439588
 20
291.26971430425243
 10
271.2472059426915
 20
291.2715598796873
 10
271.55288877459634
 20
291.27347002569934
 10
271.8545086081925
 20
291.275444014774
 10
272.1518733119987
 20
291.27748111939655
 10
272.44479075453404
 20
291.2795806120524
 10
272.7330688043172
 20
291.281741765227
 10
273.0165153298675
 20
291.28396385140564
 10
273.29493819970355
 20
291.28624614307375
 10
273.5681452823444
 20
291.2885879127167
 10
273.8359444463089
 20
291.2909884328198
 10
274.0981435601161
 20
291.2934469758685
 10
274.35455049228483
 20
291.2959628143482
 10
274.6049731113342
 20
291.2985352207442
 10
274.8492192857829
 20
291.3011634675419
 10
275.08709688415
 20
291.3038468272267
 10
275.3184137749545
 20
291.30658457228395
 10
275.5429778267151
 20
291.30937597519903
 10
275.76059690795086
 20
291.31222030845737
 10
275.9710788871808
 20
291.31511684454426
 10
276.17423163292375
 20
291.3180648559451
 10
276.36986301369865
 20
291.32106361514536
 10
277.00375909246384
 20
291.3308252815812
 10
277.606238303731
 20
291.33959011667883
 10
278.17833955600287
 20
291.347317894535
 10
278.7211017577823
 20
291.3539683892466
 10
279.2355638175723
 20
291.35950137491017
 10
279.7227646438756
 20
291.36387662562265
 10
280.18374314519514
 20
291.3670539154807
 10
280.6195382300336
 20
291.36899301858114
 10
281.03118880689385
 20
291.3696537090207
 10
281.41973378427883
 20
291.3689957608961
 10
281.78621207069136
 20
291.36697894830417
 10
282.13166257463433
 20
291.36356304534166
 10
282.45712420461047
 20
291.3587078261053
 10
282.7636358691227
 20
291.35237306469173
 10
283.0522364766738
 20
291.34451853519795
 10
283.32396493576675
 20
291.33510401172055
 10
283.5798601549042
 20
291.3240892683563
 10
283.8209610425892
 20
291.31143407920206
 10
284.0483065073244
 20
291.2970982183545
 10
284.2629354576128
 20
291.2810414599104
 10
284.4658868019572
 20
291.2632235779665
 10
284.6581994488604
 20
291.2436043466196
 10
284.8409123068253
 20
291.2221435399664
 10
285.01506428435465
 20
291.1988009321037
 10
285.18169428995145
 20
291.1735362971283
 10
285.34184123211844
 20
291.14630940913685
 10
285.49654401935845
 20
291.1170800422262
 10
285.6468415601744
 20
291.085807970493
 10
285.79377276306906
 20
291.0524529680342
 10
285.9383765365453
 20
291.0169748089463
 10
286.081691789106
 20
290.9793332673263
 10
286.224757429254
 20
290.93948811727086
 10
286.64435833373886
 20
290.79081694143736
 10
286.9147831756681
 20
290.6137820935536
 10
287.0911894134837
 20
290.37227449356897
 10
287.1987856458691
 20
290.0791807346096
 10
287.19193117097257
 20
289.80258598273673
 10
287.05783528105997
 20
289.51506512226484
 10
286.7837072683971
 20
289.18919303750863
 10
286.3567564252496
 20
288.79754461278264
 10
286.1051616416401
 20
288.56319475603016
 10
285.82658983196006
 20
288.27123127630233
 10
285.54301539878077
 20
287.94679499262907
 10
285.2764127446733
 20
287.6150267240405
 10
285.0487562722087
 20
287.3010672895666
 10
284.96138728940383
 20
287.17886869426695
 10
284.8443173761211
 20
287.02598053915995
 10
284.69989646278685
 20
286.84509847285483
 10
284.53047447982794
 20
286.638918143961
 10
284.33840135767093
 20
286.41013520108777
 10
284.12602702674246
 20
286.1614452928445
 10
283.89570141746924
 20
285.89554406784055
 10
283.64977446027785
 20
285.6151271746852
 10
283.39059608559484
 20
285.3228902619878
 10
283.12051622384695
 20
285.0215289783577
 10
282.8418848054607
 20
284.7137389724043
 10
282.5570517608629
 20
284.4022158927368
 10
282.26836702048007
 20
284.0896553879647
 10
281.9781805147389
 20
283.77875310669725
 10
281.7363488952186
 20
283.5207390902164
 10
281.489804072913
 20
283.25706422118327
 10
281.24011984998737
 20
282.98943609144095
 10
280.98887002860766
 20
282.7195622928326
 10
280.73762841093946
 20
282.44915041720134
 10
280.48796879914835
 20
282.17990805639033
 10
280.24146499539995
 20
281.91354280224266
 10
279.9996908018601
 20
281.65176224660144
 10
279.76422002069415
 20
281.3962739813099
 10
279.536626454068
 20
281.1487855982111
 10
279.3184839041472
 20
280.9110046891481
 10
279.1113661730975
 20
280.68463884596423
 10
278.9168470630845
 20
280.4713956605025
 10
278.7365003762738
 20
280.272982724606
 10
278.57189991483114
 20
280.09110763011796
 10
278.4246194809221
 20
279.9274779688815
 10
278.29623287671234
 20
279.78380133273964
 10
277.9631678245047
 20
279.4138942553315
 10
277.6446512994957
 20
279.0686200875214
 10
277.35517299568176
 20
278.7630365522668
 10
277.1092226070591
 20
278.51220137252494
 10
276.92128982762426
 20
278.3311722712533
 10
276.80586435137343
 20
278.23500697140923
 10
276.6028804599326
 20
278.0433195263046
 10
276.33059537105675
 20
277.71106769598566
 10
276.0479574029563
 20
277.3101822890783
 10
275.8570902979556
 20
277.02848543430053
 10
275.6198818024712
 20
276.6953077155473
 10
275.3567242028229
 20
276.33831293500117
 10
275.08800978533014
 20
275.9851648948446
 10
274.83413083631257
 20
275.6635273972603
 10
274.7233355037101
 20
275.5254967955228
 10
274.6012144846594
 20
275.3717161974953
 10
274.46833580237075
 20
275.20294979521964
 10
274.3252674800542
 20
275.019961780738
 10
274.1725775409204
 20
274.8235163460925
 10
274.0108340081791
 20
274.61437768332513
 10
273.84060490504066
 20
274.39330998447804
 10
273.66245825471526
 20
274.1610774415933
 10
273.47696208041305
 20
273.9184442467129
 10
273.2846844053444
 20
273.666174591879
 10
273.08619325271934
 20
273.4050326691337
 10
272.8820566457481
 20
273.135782670519
 10
272.6728426076409
 20
272.85918878807695
 10
272.459119161608
 20
272.5760152138498
 10
272.2414543308594
 20
272.28702613987946
 10
272.0204161386055
 20
271.9929857582081
 10
271.79657260805647
 20
271.6946582608777
 10
271.57049176242236
 20
271.39280783993047
 10
271.3427416249135
 20
271.0881986874084
 10
271.11389021874015
 20
270.78159499535354
 10
270.8845055671124
 20
270.4737609558081
 10
270.65515569324043
 20
270.165460760814
 10
270.4264086203345
 20
269.85745860241343
 10
270.19883237160474
 20
269.5505186726484
 10
269.9729949702614
 20
269.24540516356103
 10
269.74946443951467
 20
268.94288226719334
 10
269.5288088025747
 20
268.6437141755875
 10
269.3115960826518
 20
268.3486650807855
 10
269.0983943029561
 20
268.05849917482954
 10
268.8897714866978
 20
267.77398064976154
 10
268.6862956570871
 20
267.4958736976236
 10
268.4885348373341
 20
267.22494251045794
 10
268.2970570506492
 20
266.9619512803065
 10
268.1124303202425
 20
266.7076641992114
 10
267.9352226693241
 20
266.46284545921475
 10
267.76600212110435
 20
266.2282592523586
 10
267.60533669879334
 20
266.004669770685
 10
267.45379442560136
 20
265.79284120623606
 10
267.3119433247385
 20
265.5935377510538
 10
267.18035141941505
 20
265.40752359718044
 10
267.05958673284124
 20
265.2355629366579
 10
266.95021728822707
 20
265.07841996152837
 10
266.85281110878293
 20
264.93685886383383
 10
266.767936217719
 20
264.81164383561645
 10
266.60290512475143
 20
264.5598631987234
 10
266.4337717014868
 20
264.2903802687318
 10
266.2616931807742
 20
264.0055507526645
 10
266.08782679546226
 20
263.70773035754445
 10
265.9133297783996
 20
263.39927479039454
 10
265.73935936243475
 20
263.08253975823766
 10
265.5670727804166
 20
262.7598809680968
 10
265.39762726519393
 20
262.43365412699484
 10
265.23218004961535
 20
262.1062149419547
 10
265.07188836652944
 20
261.77991911999936
 10
264.9179094487851
 20
261.4571223681516
 10
264.7714005292309
 20
261.14018039343443
 10
264.63351884071557
 20
260.8314489028707
 10
264.50542161608786
 20
260.5332836034834
 10
264.3882660881965
 20
260.2480402022955
 10
264.28320948989
 20
259.97807440632977
 10
264.1914090540172
 20
259.7257419226092
 10
264.11402201342673
 20
259.4933984581567
 10
264.0522056009675
 20
259.2833997199952
 10
263.9871113187734
 20
259.0352233787022
 10
263.92420914744054
 20
258.77940470332794
 10
263.863500694053
 20
258.5159557768172
 10
263.80498756569517
 20
258.2448886821147
 10
263.74867136945164
 20
257.96621550216537
 10
263.6945537124066
 20
257.67994831991376
 10
263.64263620164445
 20
257.3860992183048
 10
263.59292044424944
 20
257.0846802802833
 10
263.545408047306
 20
256.77570358879393
 10
263.5001006178986
 20
256.45918122678154
 10
263.45699976311147
 20
256.1351252771908
 10
263.416107090029
 20
255.80354782296658
 10
263.3774242057355
 20
255.46446094705365
 10
263.3409527173155
 20
255.11787673239675
 10
263.30669423185316
 20
254.76380726194066
 10
263.27465035643297
 20
254.40226461863017
 10
263.24482269813916
 20
254.03326088541007
 10
263.2172128640563
 20
253.65680814522506
 10
263.19182246126854
 20
253.27291848102
 10
263.16865309686034
 20
252.88160397573967
 10
263.147706377916
 20
252.48287671232876
 10
263.1223262266168
 20
251.97990656181295
 10
263.09646538651384
 20
251.4896996025706
 10
263.0706937989952
 20
251.0216894977169
 10
263.04558140544947
 20
250.585309910367
 10
263.0216981472652
 20
250.18999450363606
 10
262.9996139658309
 20
249.84517694063928
 10
262.97989880253505
 20
249.5602908844918
 10
262.963122598766
 20
249.3447699983088
 10
262.94985529591247
 20
249.20804794520546
 10
262.92863395093775
 20
249.00968833238204
 10
262.9002152875653
 20
248.7117104261796
 10
262.8665144394237
 20
248.335964255137
 10
262.8294465401418
 20
247.904299847793
 10
262.7909267233484
 20
247.43856723268647
 10
262.7528701226721
 20
246.96061643835617
 10
262.7225591154692
 20
246.6071146672092
 10
262.68648169938587
 20
246.24816239693087
 10
262.64498422643845
 20
245.88555887245718
 10
262.5984130486427
 20
245.52110333872415
 10
262.547114518015
 20
245.15659504066778
 10
262.4914349865712
 20
244.79383322322406
 10
262.4317208063276
 20
244.43461713132902
 10
262.36831832930005
 20
244.08074600991867
 10
262.30157390750475
 20
243.734019103929
 10
262.2318338929579
 20
243.396235658296
 10
262.1594446376754
 20
243.0691949179557
 10
262.08475249367353
 20
242.7546961278441
 10
262.0081038129682
 20
242.45453853289723
 10
261.92984494757565
 20
242.17052137805103
 10
261.8503222495118
 20
241.9044439082416
 10
261.76988207079296
 20
241.65810536840485
 10
261.688870763435
 20
241.43330500347682
 10
261.6730162831265
 20
241.39288606215098
 10
261.65285818136084
 20
241.34365796122202
 10
261.62845540627393
 20
241.2857429867983
 10
261.59986690600147
 20
241.21926342498824
 10
261.5671516286794
 20
241.14434156190026
 10
261.5303685224434
 20
241.06109968364262
 10
261.48957653542925
 20
240.96966007632383
 10
261.44483461577283
 20
240.87014502605226
 10
261.39620171160993
 20
240.7626768189362
 10
261.3437367710763
 20
240.64737774108414
 10
261.2874987423078
 20
240.52437007860445
 10
261.2275465734402
 20
240.39377611760546
 10
261.16393921260925
 20
240.2557181441956
 10
261.0967356079508
 20
240.11031844448326
 10
261.0259947076008
 20
239.9576993045768
 10
260.9517754596947
 20
239.7979830105846
 10
260.8741368123687
 20
239.6312918486151
 10
260.7931377137583
 20
239.4577481047766
 10
260.7088371119994
 20
239.27747406517759
 10
260.6212939552278
 20
239.09059201592638
 10
260.5305671915794
 20
238.89722424313135
 10
260.4367157691898
 20
238.69749303290095
 10
260.339798636195
 20
238.4915206713435
 10
260.2398747407306
 20
238.27942944456743
 10
260.1370030309326
 20
238.0613416386811
 10
260.03124245493666
 20
237.83737953979292
 10
259.9226519608786
 20
237.60766543401127
 10
259.8112904968943
 20
237.3723216074445
 10
259.6972170111195
 20
237.131470346201
 10
259.58049045169
 20
236.88523393638923
 10
259.4611697667416
 20
236.6337346641175
 10
259.3393139044101
 20
236.37709481549422
 10
259.21498181283135
 20
236.11543667662778
 10
259.0882324401411
 20
235.84888253362652
 10
258.95912473447515
 20
235.57755467259892
 10
258.8277176439693
 20
235.3015753796533
 10
258.69407011675946
 20
235.02106694089804
 10
258.5582411009812
 20
234.7361516424416
 10
258.4202895447705
 20
234.44695177039225
 10
258.2802743962631
 20
234.15358961085843
 10
258.1382546035949
 20
233.85618744994855
 10
257.9942891149015
 20
233.554867573771
 10
257.84843687831886
 20
233.24975226843412
 10
257.70075684198275
 20
232.9409638200463
 10
257.5513079540289
 20
232.628624514716
 10
257.4001491625932
 20
232.31285663855152
 10
257.24733941581144
 20
231.99378247766128
 10
257.0929376618194
 20
231.67152431815364
 10
256.93700284875285
 20
231.346204446137
 10
256.7795939247476
 20
231.0179451477198
 10
256.62076983793946
 20
230.68686870901035
 10
256.4605895364643
 20
230.35309741611707
 10
256.2991119684578
 20
230.01675355514834
 10
256.1363960820558
 20
229.67795941221254
 10
255.97250082539418
 20
229.33683727341804
 10
255.80748514660863
 20
228.99350942487328
 10
255.64140799383506
 20
228.6480981526866
 10
255.47432831520916
 20
228.30072574296642
 10
255.30630505886683
 20
227.95151448182108
 10
255.13739717294376
 20
227.600586655359
 10
254.96766360557584
 20
227.24806454968854
 10
254.7971633048988
 20
226.89407045091812
 10
254.62595521904854
 20
226.5387266451561
 10
254.45409829616074
 20
226.1821554185109
 10
254.2816514843713
 20
225.82447905709083
 10
254.108673731816
 20
225.46581984700435
 10
253.9352239866306
 20
225.1063000743598
 10
253.76136119695093
 20
224.74604202526564
 10
253.58714431091278
 20
224.38516798583015
 10
253.41263227665195
 20
224.0238002421618
 10
253.23788404230424
 20
223.66206108036891
 10
253.06295855600547
 20
223.30007278655995
 10
252.88791476589142
 20
222.9379576468432
 10
252.7128116200979
 20
222.57583794732713
 10
252.5377080667607
 20
222.2138359741201
 10
252.3626630540156
 20
221.85207401333048
 10
252.1877355299985
 20
221.49067435106667
 10
252.01298444284504
 20
221.12975927343706
 10
251.83846874069113
 20
220.76945106655
 10
251.66424737167262
 20
220.40987201651396
 10
251.49037928392514
 20
220.0511444094372
 10
251.31692342558463
 20
219.69339053142824
 10
251.14393874478682
 20
219.33673266859535
 10
250.9714841896676
 20
218.981293107047
 10
250.7996187083627
 20
218.62719413289156
 10
250.62840124900788
 20
218.2745580322374
 10
250.45789075973903
 20
217.92350709119285
 10
250.28814618869185
 20
217.5741635958664
 10
250.1192264840023
 20
217.22664983236638
 10
249.951190593806
 20
216.88108808680118
 10
249.78409746623888
 20
216.53760064527916
 10
249.61800604943667
 20
216.19630979390877
 10
249.45297529153515
 20
215.85733781879833
 10
249.28906414067023
 20
215.5208070060563
 10
249.1263315449776
 20
215.18683964179098
 10
248.96483645259315
 20
214.8555580121108
 10
248.80463781165258
 20
214.52708440312418
 10
248.64579457029177
 20
214.20154110093944
 10
248.48836567664648
 20
213.87905039166498
 10
248.33241007885258
 20
213.55973456140924
 10
248.17798672504574
 20
213.2437158962805
 10
248.02515456336187
 20
212.93111668238728
 10
247.87397254193672
 20
212.62205920583787
 10
247.72449960890614
 20
212.31666575274068
 10
247.57679471240587
 20
212.01505860920412
 10
247.43091680057177
 20
211.7173600613365
 10
247.28692482153954
 20
211.42369239524632
 10
247.1448777234451
 20
211.13417789704187
 10
247.0048344544242
 20
210.8489388528316
 10
246.8668539626126
 20
210.56809754872384
 10
246.73099519614618
 20
210.29177627082703
 10
246.5973171031607
 20
210.0200973052495
 10
246.46587863179192
 20
209.75318293809966
 10
246.3367387301757
 20
209.49115545548594
 10
246.2099563464478
 20
209.23413714351665
 10
246.08559042874404
 20
208.98225028830024
 10
245.96369992520027
 20
208.73561717594504
 10
245.8443437839522
 20
208.49436009255948
 10
245.72758095313574
 20
208.2586013242519
 10
245.61347038088653
 20
208.02846315713077
 10
245.50207101534048
 20
207.8040678773044
 10
245.3934418046334
 20
207.5855377708812
 10
245.28764169690103
 20
207.37299512396953
 10
245.18472964027924
 20
207.1665622226778
 10
245.0847645829038
 20
206.9663613531144
 10
244.9878054729105
 20
206.77251480138773
 10
244.89391125843508
 20
206.58514485360612
 10
244.8031408876135
 20
206.404373795878
 10
244.59634691819622
 20
205.998082190319
 10
244.38939219025218
 20
205.60113006806307
 10
244.1857574266557
 20
205.2196272873727
 10
243.9889233502811
 20
204.85968370651034
 10
243.8023706840025
 20
204.52740918373843
 10
243.6295801506942
 20
204.22891357731945
 10
243.47403247323035
 20
203.9703067455158
 10
243.33920837448528
 20
203.75769854659
 10
243.22858857733306
 20
203.5971988388045
 10
243.14565380464805
 20
203.49491748042175
 10
242.84365410852718
 20
203.24104452926403
 10
242.46250225271206
 20
203.0134671429363
 10
242.05404421560695
 20
202.84314141433634
 10
241.7398285013335
 20
202.7350722343932
 10
241.46389047239606
 20
202.62428070217786
 10
241.21552207913294
 20
202.5028600817539
 10
240.98401527188267
 20
202.36290363718484
 10
240.75866200098372
 20
202.19650463253413
 10
240.52875421677464
 20
201.9957563318652
 10
240.28358386959385
 20
201.75275199924164
 10
240.01244290977994
 20
201.45958489872686
 10
239.70462328767127
 20
201.10834829438443
 10
239.53342643741564
 20
200.91321251019514
 10
239.35854814815306
 20
200.72127525961832
 10
239.17953760252766
 20
200.53220842920567
 10
238.99594398318374
 20
200.34568390550885
 10
238.80731647276565
 20
200.1613735750794
 10
238.61320425391747
 20
199.9789493244691
 10
238.41315650928354
 20
199.79808304022956
 10
238.20672242150812
 20
199.6184466089124
 10
237.99345117323548
 20
199.43971191706925
 10
237.77289194710985
 20
199.2615508512518
 10
237.54459392577553
 20
199.0836352980117
 10
237.30810629187664
 20
198.90563714390055
 10
237.06297822805752
 20
198.72722827547005
 10
236.80875891696243
 20
198.54808057927187
 10
236.54499754123572
 20
198.36786594185753
 10
236.27124328352144
 20
198.18625624977884
 10
235.98704532646397
 20
198.00292338958735
 10
235.69195285270752
 20
197.81753924783473
 10
235.38551504489638
 20
197.62977571107263
 10
235.0672810856748
 20
197.43930466585266
 10
234.736800157687
 20
197.24579799872657
 10
234.39362144357727
 20
197.0489275962459
 10
234.0372941259898
 20
196.84836534496236
 10
233.667367387569
 20
196.64378313142754
 10
233.28339041095893
 20
196.43485284219315
 10
232.97613339203645
 20
196.267341608822
 10
232.70201716922887
 20
196.11265095371812
 10
232.45687588629485
 20
195.9657168689649
 10
232.23654368699317
 20
195.8214753466458
 10
232.03685471508243
 20
195.6748623788443
 10
231.85364311432133
 20
195.52081395764378
 10
231.68274302846848
 20
195.35426607512767
 10
231.5199886012827
 20
195.17015472337948
 10
231.36121397652266
 20
194.96341589448252
 10
231.2022532979469
 20
194.72898558052032
 10
231.0389407093143
 20
194.46179977357625
 10
230.8671103543834
 20
194.1567944657338
 10
230.68259637691293
 20
193.80890564907637
 10
230.48123292066154
 20
193.41306931568738
 10
230.258854129388
 20
192.9642214576503
 10
230.01129414685093
 20
192.45729806704853
 10
229.83570162957415
 20
192.09818200769004
 10
229.6557824879705
 20
191.733711144479
 10
229.47383106065507
 20
191.36835666486286
 10
229.29214168624293
 20
191.00658975628892
 10
229.11300870334912
 20
190.65288160620472
 10
228.93872645058886
 20
190.3117034020575
 10
228.77158926657722
 20
189.98752633129476
 10
228.61389148992936
 20
189.68482158136385
 10
228.46792745926032
 20
189.40806033971216
 10
228.33599151318518
 20
189.16171379378713
 10
228.22037799031912
 20
188.9502531310361
 10
228.1233812292772
 20
188.77814953890652
 10
227.99148652202072
 20
188.55283701605046
 10
227.8558488023504
 20
188.3285034533016
 10
227.7163272058329
 20
188.1049910649349
 10
227.572780868035
 20
187.8821420652251
 10
227.42506892452332
 20
187.65979866844717
 10
227.27305051086446
 20
187.437803088876
 10
227.11658476262528
 20
187.21599754078642
 10
226.95553081537227
 20
186.99422423845328
 10
226.78974780467217
 20
186.7723253961516
 10
226.61909486609173
 20
186.55014322815606
 10
226.44343113519747
 20
186.32751994874172
 10
226.26261574755623
 20
186.10429777218337
 10
226.07650783873453
 20
185.8803189127559
 10
225.88496654429917
 20
185.65542558473422
 10
225.68785099981682
 20
185.42946000239314
 10
225.48502034085408
 20
185.2022643800076
 10
225.2763337029777
 20
184.9736809318524
 10
225.06165022175423
 20
184.74355187220254
 10
224.84082903275046
 20
184.5117194153329
 10
224.61372927153303
 20
184.2780257755182
 10
224.38021007366862
 20
184.04231316703343
 10
224.14013057472397
 20
183.8044238041535
 10
223.89334991026567
 20
183.5641999011532
 10
223.6397272158604
 20
183.32148367230747
 10
223.37912162707485
 20
183.07611733189117
 10
223.11139227947572
 20
182.8279430941792
 10
222.83639830862964
 20
182.5768031734464
 10
222.5539988501033
 20
182.3225397839677
 10
222.26405303946345
 20
182.0649951400179
 10
221.96642001227661
 20
181.80401145587197
 10
221.6609589041096
 20
181.53943094580472
 10
221.4473157510142
 20
181.35544063829735
 10
221.21596853163217
 20
181.1561477623346
 10
220.97003863005605
 20
180.94424373059445
 10
220.71264743037852
 20
180.7224199557549
 10
220.44691631669198
 20
180.49336785049385
 10
220.17596667308896
 20
180.2597788274894
 10
219.90291988366195
 20
180.02434429941957
 10
219.63089733250357
 20
179.78975567896225
 10
219.36302040370623
 20
179.55870437879548
 10
219.10241048136254
 20
179.33388181159722
 10
218.85218894956506
 20
179.11797939004543
 10
218.6154771924062
 20
178.91368852681825
 10
218.39539659397855
 20
178.72370063459348
 10
218.15314899780023
 20
178.51560342371494
 10
217.8978654482119
 20
178.29830318680635
 10
217.63098126657783
 20
178.0729404650453
 10
217.35393177426224
 20
177.8406557996095
 10
217.06815229262943
 20
177.60258973167663
 10
216.77507814304377
 20
177.3598828024243
 10
216.4761446468695
 20
177.1136755530301
 10
216.17278712547082
 20
176.86510852467177
 10
215.86644090021204
 20
176.615322258527
 10
215.55854129245753
 20
176.36545729577335
 10
215.25052362357147
 20
176.11665417758852
 10
214.94382321491813
 20
175.87005344515018
 10
214.63987538786193
 20
175.62679563963593
 10
214.34011546376686
 20
175.38802130222348
 10
214.04597876399745
 20
175.15487097409044
 10
213.75890060991796
 20
174.92848519641444
 10
213.48031632289255
 20
174.71000451037327
 10
213.21166122428556
 20
174.50056945714445
 10
212.95437063546126
 20
174.30132057790567
 10
212.70987987778398
 20
174.1133984138346
 10
212.4796242726179
 20
173.93794350610892
 10
212.26503914132738
 20
173.77609639590622
 10
212.0675598052767
 20
173.62899762440415
 10
211.88862158583004
 20
173.4977877327804
 10
211.72965980435174
 20
173.3836072622127
 10
211.59210978220614
 20
173.28759675387857
 10
211.47740684075742
 20
173.2108967489557
 10
211.3869863013699
 20
173.1546477886218
 10
211.21741333519716
 20
173.04937975948806
 10
210.98926299972047
 20
172.8990661399688
 10
210.71472253284878
 20
172.7121918053683
 10
210.40597917249096
 20
172.49724163099089
 10
210.07522015655582
 20
172.26270049214105
 10
209.73463272295223
 20
172.0170532641231
 10
209.39640410958907
 20
171.7687848222414
 10
209.15516673993733
 20
171.59043114950668
 10
208.90943936498905
 20
171.40955891173056
 10
208.65961741085272
 20
171.2264480213029
 10
208.40609630363633
 20
171.04137839061374
 10
208.14927146944822
 20
170.85462993205292
 10
207.88953833439652
 20
170.66648255801044
 10
207.6272923245895
 20
170.47721618087616
 10
207.36292886613546
 20
170.28711071304002
 10
207.0968433851425
 20
170.096446066892
 10
206.82943130771895
 20
169.905502154822
 10
206.56108805997297
 20
169.71455888921992
 10
206.29220906801282
 20
169.5238961824757
 10
206.02318975794668
 20
169.3337939469793
 10
205.75442555588285
 20
169.14453209512064
 10
205.48631188792947
 20
168.95639053928963
 10
205.2192441801948
 20
168.7696491918762
 10
204.95361785878708
 20
168.58458796527026
 10
204.68982834981452
 20
168.40148677186178
 10
204.42827107938533
 20
168.22062552404068
 10
204.16934147360777
 20
168.04228413419688
 10
203.91343495859005
 20
167.86674251472027
 10
203.66094696044038
 20
167.69428057800084
 10
203.412272905267
 20
167.5251782364285
 10
203.1678082191781
 20
167.35971540239314
 10
202.87870129802613
 20
167.1639269183214
 10
202.59714801623107
 20
166.9720227876078
 10
202.32275788772438
 20
166.78367582794334
 10
202.0551404264374
 20
166.598558857019
 10
201.79390514630148
 20
166.41634469252574
 10
201.53866156124806
 20
166.23670615215445
 10
201.2890191852085
 20
166.05931605359623
 10
201.04458753211426
 20
165.883847214542
 10
200.80497611589666
 20
165.70997245268265
 10
200.5697944504871
 20
165.5373645857093
 10
200.338652049817
 20
165.36569643131278
 10
200.11115842781777
 20
165.19464080718416
 10
199.88692309842077
 20
165.0238705310143
 10
199.66555557555728
 20
164.8530584204943
 10
199.4466653731589
 20
164.68187729331504
 10
199.2298620051569
 20
164.50999996716754
 10
199.01475498548263
 20
164.33709925974276
 10
198.80095382806758
 20
164.1628479887316
 10
198.58806804684303
 20
163.9869189718252
 10
198.3757071557405
 20
163.80898502671434
 10
198.1634806686913
 20
163.62871897109008
 10
197.95099809962682
 20
163.44579362264335
 10
197.7378689624785
 20
163.2598817990652
 10
197.52370277117765
 20
163.07065631804656
 10
197.30810903965573
 20
162.87778999727834
 10
197.0906972818441
 20
162.68095565445162
 10
196.87107701167415
 20
162.47982610725725
 10
196.64885774307731
 20
162.2740741733863
 10
196.42364898998488
 20
162.0633726705297
 10
196.19506026632837
 20
161.84739441637842
 10
195.96270108603906
 20
161.62581222862343
 10
195.7261809630484
 20
161.39829892495567
 10
195.48510941128774
 20
161.16452732306615
 10
195.23909594468853
 20
160.92417024064588
 10
194.9877500771821
 20
160.67690049538575
 10
194.73068132269992
 20
160.42239090497677
 10
194.46749919517327
 20
160.1603142871099
 10
194.1978132085336
 20
159.89034345947613
 10
193.92123287671234
 20
159.61215123976638
 10
193.42790223198725
 20
159.1157796584216
 10
192.9990682330039
 20
158.686947679512
 10
192.62811455544917
 20
158.31998565082645
 10
192.30842487501005
 20
158.00922392015357
 10
192.03338286737338
 20
157.74899283528222
 10
191.7963722082259
 20
157.5336227440012
 10
191.59077657325452
 20
157.35744399409919
 10
191.40997963814613
 20
157.214786933365
 10
191.24736507858753
 20
157.0999819095874
 10
191.09631657026569
 20
157.0073592705552
 10
190.95021778886743
 20
156.93124936405707
 10
190.8024524100796
 20
156.86598253788188
 10
190.64640410958907
 20
156.80588913981833
 10
190.23128408525355
 20
156.6678449903205
 10
189.83632419602608
 20
156.56476689085315
 10
189.46144133966862
 20
156.49665106375804
 10
189.10655241394323
 20
156.4634937313769
 10
188.77157431661195
 20
156.46529111605153
 10
188.45642394543677
 20
156.50203944012372
 10
188.16101819817968
 20
156.57373492593524
 10
187.88527397260276
 20
156.6803737958278
  0
LWPOLYLINE
  5
45
330
17
100
AcDbEntity
  8
IC_DELIKLER
100
AcDbPolyline
 90
2248
 70
1
 10
8.806642914481731
 20
161.84717465753423
 10
8.713826996348306
 20
161.9963830358996
 10
8.628394883530483
 20
162.14994384860682
 10
8.550209717256887
 20
162.30960216066094
 10
8.479134638756134
 20
162.47710303706748
 10
8.415032789256854
 20
162.65419154283154
 10
8.357767309987656
 20
162.84261274295858
 10
8.307201342177166
 20
163.04411170245376
 10
8.263198027054
 20
163.26043348632248
 10
8.22562050584678
 20
163.49332315957
 10
8.19433191978413
 20
163.74452578720155
 10
8.169195410094664
 20
164.01578643422252
 10
8.150074118007009
 20
164.30885016563818
 10
8.136831184749779
 20
164.6254620464538
 10
8.129329751551595
 20
164.96736714167469
 10
8.12743295964108
 20
165.33631051630613
 10
8.131003950246853
 20
165.73403723535344
 10
8.139905864597534
 20
166.16229236382185
 10
8.154001843921742
 20
166.62282096671674
 10
8.1731550294481
 20
167.11736810904338
 10
8.197228562405227
 20
167.64767885580702
 10
8.226085584021742
 20
168.21549827201304
 10
8.259589235526265
 20
168.82257142266664
 10
8.291539515323743
 20
169.3938922107754
 10
8.318724375948396
 20
169.90726714549876
 10
8.341170121961218
 20
170.367948012715
 10
8.35890305792322
 20
170.78118659830216
 10
8.371949488395401
 20
171.15223468813852
 10
8.380335717938761
 20
171.48634406810223
 10
8.384088051114306
 20
171.7887665240714
 10
8.383232792483035
 20
172.06475384192436
 10
8.37779624660595
 20
172.31955780753918
 10
8.367804718044054
 20
172.55843020679404
 10
8.353284511358346
 20
172.78662282556718
 10
8.334261931109834
 20
173.00938744973678
 10
8.310763281859515
 20
173.23197586518097
 10
8.282814868168394
 20
173.45963985777794
 10
8.26881794195154
 20
173.57765582838704
 10
8.255337991291531
 20
173.71253978877067
 10
8.24237153041378
 20
173.86442681018104
 10
8.22991507354369
 20
174.03345196387045
 10
8.217965134906665
 20
174.21975032109106
 10
8.206518228728113
 20
174.42345695309524
 10
8.19557086923344
 20
174.6447069311351
 10
8.185119570648054
 20
174.88363532646292
 10
8.175160847197352
 20
175.14037721033097
 10
8.165691213106749
 20
175.41506765399146
 10
8.15670718260165
 20
175.70784172869662
 10
8.148205269907455
 20
176.01883450569875
 10
8.140181989249577
 20
176.34818105625007
 10
8.132633854853417
 20
176.69601645160276
 10
8.125557380944384
 20
177.0624757630091
 10
8.118949081747882
 20
177.44769406172136
 10
8.112805471489319
 20
177.8518064189917
 10
8.107123064394097
 20
178.2749479060725
 10
8.101898374687627
 20
178.71725359421583
 10
8.097127916595309
 20
179.1788585546741
 10
8.092808204342553
 20
179.65989785869942
 10
8.088935752154766
 20
180.16050657754403
 10
8.08550707425735
 20
180.68081978246028
 10
8.082518684875716
 20
181.22097254470032
 10
8.081716470464936
 20
181.38290792497168
 10
8.080924742383454
 20
181.54790847407105
 10
8.080143472801726
 20
181.71595368002016
 10
8.079372633890223
 20
181.8870230308408
 10
8.078612197819409
 20
182.06109601455447
 10
8.077862136759743
 20
182.23815211918304
 10
8.07712242288169
 20
182.41817083274816
 10
8.076393028355717
 20
182.60113164327157
 10
8.07567392535229
 20
182.78701403877488
 10
8.07496508604187
 20
182.97579750727982
 10
8.07426648259492
 20
183.16746153680816
 10
8.07357808718191
 20
183.36198561538146
 10
8.072899871973297
 20
183.5593492310216
 10
8.07223180913955
 20
183.75953187175014
 10
8.07157387085113
 20
183.96251302558886
 10
8.070926029278503
 20
184.16827218055943
 10
8.070288256592137
 20
184.3767888246835
 10
8.06966052496249
 20
184.58804244598286
 10
8.069042806560027
 20
184.80201253247918
 10
8.068435073555218
 20
185.01867857219412
 10
8.067837298118524
 20
185.2380200531494
 10
8.067249452420405
 20
185.46001646336674
 10
8.06667150863133
 20
185.68464729086782
 10
8.066103438921761
 20
185.91189202367437
 10
8.065545215462166
 20
186.14173014980807
 10
8.064996810423004
 20
186.3741411572906
 10
8.064458195974742
 20
186.60910453414368
 10
8.063929344287846
 20
186.846599768389
 10
8.063410227532778
 20
187.0866063480483
 10
8.06290081788
 20
187.32910376114324
 10
8.062401087499978
 20
187.57407149569553
 10
8.061911008563177
 20
187.82148903972688
 10
8.061430553240063
 20
188.07133588125896
 10
8.060959693701097
 20
188.32359150831348
 10
8.060498402116746
 20
188.57823540891218
 10
8.06004665065747
 20
188.8352470710767
 10
8.059604411493742
 20
189.09460598282874
 10
8.059171656796014
 20
189.3562916321901
 10
8.058748358734759
 20
189.62028350718236
 10
8.05833448948044
 20
189.8865610958273
 10
8.05793002120352
 20
190.1551038861466
 10
8.057534926074458
 20
190.42589136616192
 10
8.057149176263732
 20
190.69890302389496
 10
8.056772743941792
 20
190.9741183473675
 10
8.056405601279108
 20
191.2515168246012
 10
8.056047720446145
 20
191.5310779436177
 10
8.055699073613365
 20
191.81278119243882
 10
8.055359632951236
 20
192.09660605908613
 10
8.055029370630221
 20
192.38253203158143
 10
8.054708258820778
 20
192.67053859794635
 10
8.05439626969338
 20
192.96060524620265
 10
8.054093375418486
 20
193.252711464372
 10
8.053799548166563
 20
193.54683674047607
 10
8.053514760108072
 20
193.84296056253658
 10
8.053238983413483
 20
194.14106241857525
 10
8.052972190253254
 20
194.4411217966138
 10
8.052714352797851
 20
194.74311818467388
 10
8.05246544321774
 20
195.04703107077722
 10
8.052225433683388
 20
195.3528399429455
 10
8.05199429636525
 20
195.6605242892004
 10
8.051772003433797
 20
195.9700635975637
 10
8.051558527059491
 20
196.28143735605704
 10
8.0513538394128
 20
196.59462505270216
 10
8.05115791266418
 20
196.9096061755207
 10
8.050970718984106
 20
197.22636021253442
 10
8.050792230543033
 20
197.54486665176495
 10
8.050622419511429
 20
197.86510498123408
 10
8.050461258059762
 20
198.18705468896343
 10
8.05030871835849
 20
198.51069526297474
 10
8.050164772578084
 20
198.83600619128964
 10
8.050029392888998
 20
199.16296696192995
 10
8.049902551461706
 20
199.4915570629173
 10
8.049784220466666
 20
199.82175598227343
 10
8.049674372074346
 20
200.15354320801998
 10
8.04957297845521
 20
200.4868982281787
 10
8.04948001177972
 20
200.82180053077127
 10
8.049395444218343
 20
201.15822960381936
 10
8.049319247941538
 20
201.49616493534472
 10
8.049251395119773
 20
201.8355860133691
 10
8.049191857923514
 20
202.17647232591406
 10
8.049140608523224
 20
202.5188033610014
 10
8.049097619089366
 20
202.86255860665278
 10
8.049062861792404
 20
203.20771755088992
 10
8.049036308802803
 20
203.5542596817345
 10
8.04901793229103
 20
203.9021644872082
 10
8.049007704427543
 20
204.25141145533283
 10
8.049005597382813
 20
204.60198007412995
 10
8.049011583327298
 20
204.95384983162137
 10
8.049025634431466
 20
205.3070002158287
 10
8.049047722865781
 20
205.6614107147737
 10
8.049077820800706
 20
206.01706081647805
 10
8.049115900406706
 20
206.3739300089635
 10
8.049161933854247
 20
206.73199778025162
 10
8.049215893313788
 20
207.09124361836425
 10
8.049277750955797
 20
207.45164701132302
 10
8.049347478950741
 20
207.81318744714963
 10
8.04942504946908
 20
208.17584441386583
 10
8.049510434681277
 20
208.53959739949326
 10
8.049603606757799
 20
208.90442589205367
 10
8.049704537869111
 20
209.2703093795687
 10
8.049813200185676
 20
209.63722735006007
 10
8.049929565877958
 20
210.0051592915495
 10
8.050053607116423
 20
210.37408469205872
 10
8.05018529607153
 20
210.74398303960936
 10
8.050324604913751
 20
211.1148338222232
 10
8.050471505813546
 20
211.48661652792185
 10
8.050625970941377
 20
211.85931064472703
 10
8.050787972467711
 20
212.23289566066052
 10
8.050957482563012
 20
212.60735106374392
 10
8.051134473397745
 20
212.98265634199902
 10
8.051318917142371
 20
213.35879098344748
 10
8.05151078596736
 20
213.73573447611096
 10
8.051710052043171
 20
214.1134663080112
 10
8.051916687540269
 20
214.4919659671699
 10
8.05213066462912
 20
214.87121294160875
 10
8.052351955480189
 20
215.25118671934945
 10
8.052580532263935
 20
215.63186678841373
 10
8.05281636715083
 20
216.0132326368232
 10
8.053059432311334
 20
216.3952637525997
 10
8.05330969991591
 20
216.77793962376484
 10
8.053567142135027
 20
217.16123973834033
 10
8.053831731139141
 20
217.54514358434784
 10
8.054103439098725
 20
217.9296306498091
 10
8.054382238184235
 20
218.31468042274588
 10
8.054668100566143
 20
218.70027239117974
 10
8.054960998414908
 20
219.08638604313253
 10
8.055260903900999
 20
219.47300086662585
 10
8.055567789194873
 20
219.8600963496814
 10
8.055881626467
 20
220.24765198032097
 10
8.056202387887845
 20
220.63564724656612
 10
8.056530045627866
 20
221.02406163643866
 10
8.056864571857536
 20
221.41287463796027
 10
8.05720593874731
 20
221.80206573915262
 10
8.057554118467662
 20
222.19161442803738
 10
8.057909083189047
 20
222.58150019263638
 10
8.058270805081936
 20
222.97170252097118
 10
8.05863925631679
 20
223.36220090106355
 10
8.059014409064071
 20
223.75297482093518
 10
8.059396235494248
 20
224.14400376860775
 10
8.059784707777784
 20
224.535267232103
 10
8.06017979808514
 20
224.9267446994426
 10
8.060581478586782
 20
225.31841565864826
 10
8.060989721453176
 20
225.7102595977417
 10
8.061404498854785
 20
226.10225600474456
 10
8.061825782962075
 20
226.49438436767858
 10
8.062253545945506
 20
226.88662417456547
 10
8.062687759975544
 20
227.2789549134269
 10
8.063128397222657
 20
227.6713560722846
 10
8.063575429857304
 20
228.06380713916025
 10
8.064028830049953
 20
228.45628760207555
 10
8.064488569971068
 20
228.8487769490522
 10
8.064954621791108
 20
229.24125466811194
 10
8.065426957680545
 20
229.6337002472764
 10
8.065905549809838
 20
230.02609317456734
 10
8.066390370349453
 20
230.41841293800644
 10
8.066881391469853
 20
230.8106390256154
 10
8.067378585341505
 20
231.2027509254159
 10
8.067881924134866
 20
231.5947281254297
 10
8.06839138002041
 20
231.9865501136784
 10
8.068906925168596
 20
232.3781963781838
 10
8.06942853174989
 20
232.76964640696752
 10
8.069956171934754
 20
233.16087968805132
 10
8.070489817893653
 20
233.5518757094569
 10
8.071029441797053
 20
233.94261395920591
 10
8.071575015815418
 20
234.33307392532006
 10
8.072126512119208
 20
234.7232350958211
 10
8.072683902878893
 20
235.1130769587307
 10
8.073247160264934
 20
235.50257900207055
 10
8.073816256447795
 20
235.89172071386236
 10
8.074391163597943
 20
236.2804815821278
 10
8.074971853885836
 20
236.66884109488862
 10
8.075558299481948
 20
237.0567787401665
 10
8.076150472556735
 20
237.44427400598312
 10
8.076748345280667
 20
237.83130638036025
 10
8.077351889824202
 20
238.21785535131949
 10
8.07796107835781
 20
238.60390040688262
 10
8.07857588305195
 20
238.98942103507127
 10
8.07919627607709
 20
239.37439672390724
 10
8.079822229603696
 20
239.7588069614121
 10
8.080453715802227
 20
240.14263123560767
 10
8.081090706843149
 20
240.52584903451555
 10
8.081733174896929
 20
240.90843984615753
 10
8.082381092134028
 20
241.29038315855524
 10
8.083034430724911
 20
241.67165845973045
 10
8.083693162840042
 20
242.0522452377048
 10
8.084357260649886
 20
242.4321229805
 10
8.08502669632491
 20
242.81127117613778
 10
8.085701442035575
 20
243.18966931263978
 10
8.086381469952341
 20
243.56729687802778
 10
8.087066752245681
 20
243.9441333603234
 10
8.087757261086054
 20
244.32015824754842
 10
8.088452968643926
 20
244.69535102772448
 10
8.08915384708976
 20
245.06969118887332
 10
8.08985986859402
 20
245.4431582190166
 10
8.090571005327172
 20
245.81573160617603
 10
8.091287229459677
 20
246.18739083837335
 10
8.092008513162005
 20
246.5581154036302
 10
8.092734828604614
 20
246.92788478996835
 10
8.093466147957972
 20
247.29667848540942
 10
8.094202443392543
 20
247.66447597797517
 10
8.09494368707879
 20
248.03125675568728
 10
8.095689851187176
 20
248.39700030656743
 10
8.096440907888168
 20
248.76168611863739
 10
8.097196829352228
 20
249.12529367991874
 10
8.097957587749823
 20
249.4878024784333
 10
8.098723155251415
 20
249.8491920022027
 10
8.09949350402747
 20
250.2094417392487
 10
8.100268606248449
 20
250.5685311775929
 10
8.101048434084818
 20
250.92643980525708
 10
8.101832959707043
 20
251.28314711026295
 10
8.102622155285585
 20
251.63863258063216
 10
8.10341599299091
 20
251.99287570438645
 10
8.104214444993486
 20
252.34585596954744
 10
8.10501748346377
 20
252.69755286413695
 10
8.105825080572231
 20
253.0479458761766
 10
8.106637208489332
 20
253.39701449368815
 10
8.107453839385535
 20
253.74473820469322
 10
8.108274945431308
 20
254.09109649721356
 10
8.109100498797114
 20
254.43606885927088
 10
8.109930471653415
 20
254.77963477888682
 10
8.11076483617068
 20
255.12177374408316
 10
8.111603564519369
 20
255.46246524288154
 10
8.112446628869947
 20
255.80168876330367
 10
8.113294001392878
 20
256.1394237933713
 10
8.114145654258628
 20
256.47564982110606
 10
8.11500155963766
 20
256.8103463345297
 10
8.11586168970044
 20
257.1434928216639
 10
8.116726016617429
 20
257.47506877053036
 10
8.117594512559092
 20
257.80505366915077
 10
8.118467149695897
 20
258.1334270055469
 10
8.119343900198304
 20
258.4601682677403
 10
8.120224736236779
 20
258.78525694375287
 10
8.121109629981785
 20
259.1086725216061
 10
8.12199855360379
 20
259.4303944893218
 10
8.12289147927325
 20
259.7504023349218
 10
8.123788379160638
 20
260.06867554642747
 10
8.124689225436414
 20
260.3851936118608
 10
8.125593990271044
 20
260.6999360192434
 10
8.126502645834991
 20
261.012882256597
 10
8.12741516429872
 20
261.3240118119432
 10
8.128331517832693
 20
261.63330417330377
 10
8.129251678607377
 20
261.9407388287004
 10
8.130175618793235
 20
262.2462952661548
 10
8.131103310560732
 20
262.5499529736887
 10
8.132034726080331
 20
262.85169143932364
 10
8.132969837522497
 20
263.1514901510816
 10
8.133908617057696
 20
263.449328596984
 10
8.134851036856388
 20
263.7451862650527
 10
8.13579706908904
 20
264.0390426433094
 10
8.136746685926116
 20
264.33087721977574
 10
8.137699859538081
 20
264.6206694824735
 10
8.138656562095397
 20
264.90839891942426
 10
8.13961676576853
 20
265.1940450186498
 10
8.140580442727943
 20
265.47758726817176
 10
8.141547565144103
 20
265.75900515601194
 10
8.142518105187472
 20
266.038278170192
 10
8.143492035028514
 20
266.3153857987336
 10
8.144469326837694
 20
266.59030752965845
 10
8.145449952785475
 20
266.8630228509883
 10
8.146433885042322
 20
267.13351125074473
 10
8.1474210957787
 20
267.4017522169496
 10
8.148411557165073
 20
267.6677252376245
 10
8.149405241371905
 20
267.9314098007912
 10
8.150402120569659
 20
268.1927853944713
 10
8.1514021669288
 20
268.45183150668663
 10
8.152405352619796
 20
268.70852762545877
 10
8.153411649813105
 20
268.96285323880954
 10
8.154421030679195
 20
269.2147878347605
 10
8.155433467388528
 20
269.4643109013335
 10
8.156448932111571
 20
269.71140192655014
 10
8.157467397018786
 20
269.9560403984321
 10
8.158488834280638
 20
270.1982058050012
 10
8.159513216067591
 20
270.437877634279
 10
8.16054051455011
 20
270.6750353742873
 10
8.16157070189866
 20
270.90965851304776
 10
8.162603750283703
 20
271.1417265385821
 10
8.163639631875702
 20
271.37121893891197
 10
8.164678318845127
 20
271.5981152020591
 10
8.165719783362436
 20
271.82239481604523
 10
8.166763997598096
 20
272.044037268892
 10
8.167810933722572
 20
272.26302204862117
 10
8.168860563906327
 20
272.4793286432544
 10
8.169912860319824
 20
272.6929365408134
 10
8.170967795133533
 20
272.9038252293198
 10
8.17202534051791
 20
273.1119741967954
 10
8.173085468643427
 20
273.3173629312619
 10
8.17414815168054
 20
273.51997092074095
 10
8.17521336179972
 20
273.71977765325425
 10
8.17628107117143
 20
273.9167626168235
 10
8.177351251966133
 20
274.11090529947046
 10
8.178423876354293
 20
274.3021851892168
 10
8.179498916506374
 20
274.49058177408415
 10
8.180576344592842
 20
274.6760745420943
 10
8.181656132784159
 20
274.85864298126893
 10
8.182738253250792
 20
275.0382665796297
 10
8.183822678163201
 20
275.21492482519835
 10
8.184909379691854
 20
275.3885972059965
 10
8.185998330007214
 20
275.559263210046
 10
8.187089501279747
 20
275.7269023253685
 10
8.188182865679913
 20
275.89149403998556
 10
8.18927839537818
 20
276.05301784191903
 10
8.190376062545011
 20
276.21145321919056
 10
8.191475839350872
 20
276.3667796598219
 10
8.192577697966222
 20
276.5189766518347
 10
8.193681610561532
 20
276.6680236832506
 10
8.19478754930726
 20
276.81390024209145
 10
8.195895486373876
 20
276.95658581637883
 10
8.197005393931839
 20
277.09605989413444
 10
8.198117244151616
 20
277.23230196338005
 10
8.199231009203674
 20
277.36529151213733
 10
8.200346661258472
 20
277.495008028428
 10
8.201464172486475
 20
277.62143100027373
 10
8.20258351505815
 20
277.74453991569624
 10
8.20370466114396
 20
277.8643142627172
 10
8.204827582914367
 20
277.9807335293583
 10
8.20595225253984
 20
278.09377720364125
 10
8.20707864219084
 20
278.2034247735878
 10
8.208206724037831
 20
278.30965572721965
 10
8.209336470251278
 20
278.4124495525584
 10
8.210467853001646
 20
278.5117857376259
 10
8.211600844459397
 20
278.60764377044376
 10
8.212735416794997
 20
278.70000313903364
 10
8.213871542178913
 20
278.7888433314173
 10
8.215009192781602
 20
278.87414383561645
 10
8.223854617616357
 20
279.5098518603723
 10
8.232742069595323
 20
280.1211776194918
 10
8.24169758656878
 20
280.70865485641355
 10
8.250747206387018
 20
281.2728173145763
 10
8.259916966900308
 20
281.81419873741856
 10
8.26923290595893
 20
282.33333286837916
 10
8.278721061413167
 20
282.8307534508966
 10
8.288407471113302
 20
283.30699422840974
 10
8.298318172909616
 20
283.7625889443571
 10
8.308479204652386
 20
284.19807134217734
 10
8.31891660419189
 20
284.6139751653092
 10
8.329656409378416
 20
285.0108341571913
 10
8.340724658062241
 20
285.3891820612623
 10
8.35214738809364
 20
285.7495526209609
 10
8.363950637322898
 20
286.09247957972576
 10
8.3761604436003
 20
286.4184966809955
 10
8.388802844776121
 20
286.7281376682088
 10
8.401903878700644
 20
287.02193628480427
 10
8.415489583224147
 20
287.3004262742207
 10
8.429585996196911
 20
287.5641413798966
 10
8.444219155469218
 20
287.8136153452708
 10
8.45941509889135
 20
288.0493819137819
 10
8.475199864313582
 20
288.27197482886845
 10
8.4915994895862
 20
288.4819278339693
 10
8.50864001255948
 20
288.67977467252297
 10
8.526347471083707
 20
288.8660490879682
 10
8.544747903009158
 20
289.0412848237436
 10
8.563867346186115
 20
289.20601562328784
 10
8.583731838464857
 20
289.3607752300396
 10
8.604367417695666
 20
289.5060973874376
 10
8.625800121728824
 20
289.6425158389204
 10
8.64805598841461
 20
289.77056432792676
 10
8.671161055603301
 20
289.8907765978953
 10
8.695141361145183
 20
290.0036863922646
 10
8.720022942890532
 20
290.1098274544735
 10
8.745831838689632
 20
290.2097335279605
 10
8.772594086392763
 20
290.3039383561644
 10
8.882293824712875
 20
290.57470188455216
 10
9.038610213404729
 20
290.7967961704912
 10
9.246669449274515
 20
290.9727839211933
 10
9.51159772912842
 20
291.1052278438705
 10
9.838521249772613
 20
291.1966906457348
 10
10.232566208013282
 20
291.249735033998
 10
10.698858800656604
 20
291.266923715872
 10
11.109965415803382
 20
291.27811097200686
 10
11.582950390430785
 20
291.3084237928743
 10
12.059347386186758
 20
291.35323572727043
 10
12.480690064719246
 20
291.4079203239914
 10
12.670583176449885
 20
291.43337820394675
 10
12.880865037328322
 20
291.4536521476205
 10
13.114763398051567
 20
291.4687370474332
 10
13.375506009316622
 20
291.4786277958053
 10
13.666320621820496
 20
291.4833192851572
 10
13.990434986260194
 20
291.4828064079095
 10
14.351076853332724
 20
291.47708405648257
 10
14.751473973735097
 20
291.4661471232969
 10
15.194854098164313
 20
291.4499905007729
 10
15.684444977317387
 20
291.42860908133116
 10
16.223474361891316
 20
291.40199775739205
 10
16.59166044371373
 20
291.38372477327135
 10
16.946987729448715
 20
291.36773611170986
 10
17.291190407686347
 20
291.3540317831419
 10
17.626002667016692
 20
291.3426117980018
 10
17.95315869602983
 20
291.33347616672376
 10
18.27439268331583
 20
291.326624899742
 10
18.591438817464756
 20
291.3220580074909
 10
18.90603128706669
 20
291.3197755004048
 10
19.219904280711688
 20
291.31977738891777
 10
19.534791986989838
 20
291.32206368346425
 10
19.852428594491194
 20
291.32663439447845
 10
20.17454829180584
 20
291.33348953239465
 10
20.502885267523848
 20
291.34262910764716
 10
20.839173710235276
 20
291.35405313067025
 10
21.185147808530207
 20
291.3677616118982
 10
21.54254175099871
 20
291.38375456176516
 10
21.913089726230854
 20
291.4020319907056
 10
22.546041119153212
 20
291.4336887317737
 10
23.088784922076435
 20
291.45846467948195
 10
23.55191116212742
 20
291.4761999050503
 10
23.946009866433073
 20
291.4867344796985
 10
24.281671062120296
 20
291.48990847464654
 10
24.569484776315978
 20
291.4855619611142
 10
24.82004103614703
 20
291.4735350103214
 10
25.043929868740353
 20
291.45366769348806
 10
25.251741301222843
 20
291.425800081834
 10
25.454065360721405
 20
291.38977224657907
 10
25.66149207436294
 20
291.3454242589432
 10
26.009114400567928
 20
291.27337482856854
 10
26.32352979076493
 20
291.2271347095904
 10
26.63658749987011
 20
291.2057980145827
 10
26.98013678279963
 20
291.2084588561193
 10
27.386026894469662
 20
291.23421134677415
 10
27.886107089796376
 20
291.282149599121
 10
28.016766777014514
 20
291.2944372009796
 10
28.17052279452956
 20
291.30628711149797
 10
28.34635910127131
 20
291.31769631033706
 10
28.543259656169603
 20
291.3286617771575
 10
28.760208418154257
 20
291.3391804916201
 10
28.996189346155095
 20
291.3492494333856
 10
29.250186399101935
 20
291.35886558211473
 10
29.521183535924592
 20
291.36802591746834
 10
29.808164715552913
 20
291.37672741910717
 10
30.110113896916705
 20
291.3849670666919
 10
30.42601503894578
 20
291.3927418398834
 10
30.754852100569977
 20
291.40004871834236
 10
31.095609040719122
 20
291.4068846817296
 10
31.44726981832302
 20
291.4132467097058
 10
31.808818392311498
 20
291.41913178193175
 10
32.17923872161439
 20
291.42453687806824
 10
32.5575147651615
 20
291.42945897777605
 10
32.94263048188267
 20
291.4338950607159
 10
33.33356983070772
 20
291.43784210654854
 10
33.72931677056644
 20
291.4412970949347
 10
34.1288552603887
 20
291.4442570055353
 10
34.53116925910429
 20
291.44671881801094
 10
34.935242725643036
 20
291.44867951202247
 10
35.34005961893477
 20
291.4501360672306
 10
35.744603897909315
 20
291.45108546329607
 10
36.147859521496486
 20
291.4515246798797
 10
36.548810448626114
 20
291.45145069664227
 10
36.94644063822801
 20
291.4508604932445
 10
37.33973404923201
 20
291.44975104934707
 10
37.72767464056792
 20
291.44811934461086
 10
38.109246371165575
 20
291.44596235869665
 10
38.483433199954796
 20
291.44327707126513
 10
38.8492190858654
 20
291.44006046197705
 10
39.20558798782721
 20
291.4363095104932
 10
39.55152386477005
 20
291.43202119647435
 10
39.886010675623744
 20
291.4271924995813
 10
40.208032379318105
 20
291.4218203994747
 10
40.51657293478297
 20
291.4159018758154
 10
40.810616300948155
 20
291.40943390826413
 10
41.08914643674348
 20
291.4024134764817
 10
41.35114730109877
 20
291.39483756012874
 10
41.59560285294384
 20
291.38670313886615
 10
41.82149705120853
 20
291.3780071923547
 10
42.02781385482264
 20
291.368746700255
 10
42.21353722271602
 20
291.35891864222793
 10
42.37765111381846
 20
291.34851999793426
 10
42.5191394870598
 20
291.3375477470347
 10
42.636986301369866
 20
291.32599886919
 10
42.79827836215867
 20
291.309432300093
 10
42.97226997961167
 20
291.2945154448748
 10
43.15998532560281
 20
291.2812419146552
 10
43.36244857200606
 20
291.26960532055426
 10
43.58068389069532
 20
291.259599273692
 10
43.81571545354453
 20
291.2512173851883
 10
44.06856743242762
 20
291.2444532661631
 10
44.34026399921856
 20
291.23930052773636
 10
44.63182932579125
 20
291.2357527810281
 10
44.94428758401963
 20
291.2338036371583
 10
45.27866294577763
 20
291.2334467072468
 10
45.63597958293923
 20
291.23467560241363
 10
46.017261667378314
 20
291.2374839337788
 10
46.42353337096884
 20
291.24186531246215
 10
46.85581886558475
 20
291.2478133495837
 10
47.31514232309996
 20
291.25532165626345
 10
47.80252791538842
 20
291.26438384362126
 10
48.318999814324066
 20
291.2749935227772
 10
48.865582191780824
 20
291.28714430485115
 10
49.13898378044141
 20
291.29322525541056
 10
49.421887366818886
 20
291.2991233367977
 10
49.71356378424659
 20
291.30483246758234
 10
50.013283866057854
 20
291.310346566334
 10
50.320318445586
 20
291.31565955162216
 10
50.6339383561644
 20
291.3207653420166
 10
50.95341443112633
 20
291.3256578560868
 10
51.278017503805195
 20
291.33033101240244
 10
51.60701840753424
 20
291.33477872953307
 10
51.93968797564689
 20
291.33899492604826
 10
52.275297041476406
 20
291.34297352051766
 10
52.61311643835617
 20
291.3467084315109
 10
52.95241699961948
 20
291.35019357759745
 10
53.2924695585997
 20
291.35342287734704
 10
53.63254494863014
 20
291.3563902493292
 10
53.97191400304415
 20
291.35908961211356
 10
54.30984755517504
 20
291.36151488426975
 10
54.64561643835617
 20
291.36365998436725
 10
54.978491485920856
 20
291.36551883097576
 10
55.30774353120243
 20
291.36708534266484
 10
55.63264340753425
 20
291.36835343800414
 10
55.95246194824963
 20
291.3693170355632
 10
56.2664699866819
 20
291.36997005391163
 10
56.5739383561644
 20
291.370306411619
 10
56.87413789003045
 20
291.370320027255
 10
57.1663394216134
 20
291.3700048193892
 10
57.44981378424659
 20
291.3693547065911
 10
57.72383181126333
 20
291.36836360743035
 10
57.98766433599696
 20
291.36702544047665
 10
58.24058219178083
 20
291.36533412429947
 10
58.53184874004788
 20
291.3631618332638
 10
58.82132449561763
 20
291.3610653816451
 10
59.10916376787716
 20
291.35904461966743
 10
59.39552086621367
 20
291.35709939755463
 10
59.6805501000143
 20
291.3552295655309
 10
59.964405778666205
 20
291.35343497382013
 10
60.247242211556554
 20
291.3517154726464
 10
60.529213708072454
 20
291.35007091223366
 10
60.8104745776011
 20
291.34850114280596
 10
61.09117912952966
 20
291.3470060145873
 10
61.371481673245235
 20
291.3455853778017
 10
61.65153651813501
 20
291.34423908267314
 10
61.93149797358615
 20
291.3429669794257
 10
62.211520348985786
 20
291.3417689182833
 10
62.49175795372108
 20
291.34064474947
 10
62.772365097179204
 20
291.3395943232099
 10
63.053496088747316
 20
291.33861748972686
 10
63.33530523781251
 20
291.3377140992449
 10
63.617946853761985
 20
291.33688400198815
 10
63.90157524598291
 20
291.3361270481806
 10
64.18634472386238
 20
291.33544308804613
 10
64.47240959678763
 20
291.3348319718089
 10
64.75992417414575
 20
291.33429354969286
 10
65.04904276532392
 20
291.333827671922
 10
65.33991967970927
 20
291.3334341887204
 10
65.632709226689
 20
291.33311295031194
 10
65.92756571565023
 20
291.3328638069208
 10
66.22464345598011
 20
291.33268660877087
 10
66.52409675706583
 20
291.3325812060862
 10
66.8260799282945
 20
291.33254744909084
 10
67.1307472790533
 20
291.3325851880087
 10
67.43825311872936
 20
291.3326942730639
 10
67.74875175670986
 20
291.33287455448044
 10
68.06239750238194
 20
291.33312588248225
 10
68.37934466513278
 20
291.3334481072934
 10
68.69974755434949
 20
291.33384107913787
 10
69.02376047941925
 20
291.3343046482397
 10
69.35153774972923
 20
291.33483866482294
 10
69.68323367466654
 20
291.3354429791115
 10
70.01900256361834
 20
291.33611744132946
 10
70.35899872597184
 20
291.33686190170084
 10
70.70337647111415
 20
291.3376762104496
 10
71.05229010843242
 20
291.33856021779985
 10
71.40589394731381
 20
291.33951377397545
 10
71.7643422971455
 20
291.34053672920055
 10
72.12778946731459
 20
291.3416289336991
 10
72.49638976720829
 20
291.3427902376951
 10
72.8702975062137
 20
291.34402049141255
 10
73.24966699371804
 20
291.34531954507554
 10
73.6346525391084
 20
291.34668724890804
 10
74.02540845177198
 20
291.348123453134
 10
74.4220890410959
 20
291.3496280079775
 10
74.56954976431358
 20
291.3501807494267
 10
74.7266870876774
 20
291.35074116605574
 10
74.89328785134258
 20
291.35130886152524
 10
75.06913889546432
 20
291.35188343949585
 10
75.25402706019781
 20
291.3524645036281
 10
75.44773918569825
 20
291.35305165758274
 10
75.65006211212088
 20
291.3536445050203
 10
75.86078267962084
 20
291.35424264960153
 10
76.0796877283534
 20
291.35484569498703
 10
76.30656409847369
 20
291.35545324483735
 10
76.54119863013702
 20
291.35606490281316
 10
76.78337816349845
 20
291.3566802725751
 10
77.0328895387133
 20
291.35729895778377
 10
77.28951959593674
 20
291.3579205620999
 10
77.55305517532396
 20
291.358544689184
 10
77.82328311703014
 20
291.3591709426967
 10
78.09999026121056
 20
291.35979892629877
 10
78.38296344802035
 20
291.36042824365074
 10
78.67198951761475
 20
291.36105849841323
 10
78.96685531014894
 20
291.3616892942469
 10
79.26734766577812
 20
291.36232023481233
 10
79.57325342465757
 20
291.36295092377026
 10
79.88435942694234
 20
291.3635809647812
 10
80.20045251278782
 20
291.3642099615058
 10
80.52131952234903
 20
291.3648375176048
 10
80.84674729578136
 20
291.3654632367388
 10
81.1765226732398
 20
291.3660867225683
 10
81.51043249487975
 20
291.366707578754
 10
81.8482636008563
 20
291.36732540895656
 10
82.18980283132468
 20
291.36793981683667
 10
82.5348370264401
 20
291.3685504060548
 10
82.88315302635779
 20
291.3691567802717
 10
83.23453767123289
 20
291.36975854314795
 10
83.58877780122064
 20
291.37035529834424
 10
83.94566025647623
 20
291.3709466495211
 10
84.30497187715488
 20
291.3715322003393
 10
84.6664995034118
 20
291.3721115544593
 10
85.03002997540216
 20
291.37268431554185
 10
85.3953501332812
 20
291.3732500872476
 10
85.76224681720409
 20
291.3738084732371
 10
86.13050686732603
 20
291.374359077171
 10
86.49991712380228
 20
291.3749015027099
 10
86.870264426788
 20
291.37543535351455
 10
87.24133561643836
 20
291.37596023324545
 10
87.61291753290863
 20
291.3764757455633
 10
87.98479701635398
 20
291.37698149412876
 10
88.35676090692961
 20
291.37747708260235
 10
88.72859604479072
 20
291.3779621146448
 10
89.10008927009254
 20
291.3784361939167
 10
89.47102742299025
 20
291.3788989240786
 10
89.84119734363905
 20
291.3793499087913
 10
90.21038587219417
 20
291.37978875171535
 10
90.57837984881075
 20
291.38021505651136
 10
90.9449661136441
 20
291.38062842684
 10
91.30993150684932
 20
291.38102846636184
 10
91.61053958444913
 20
291.38135367829597
 10
91.91451787899125
 20
291.38168358071835
 10
92.22172202306109
 20
291.3820180053632
 10
92.53200764924406
 20
291.38235678396484
 10
92.84523039012561
 20
291.38269974825755
 10
93.16124587829108
 20
291.38304672997555
 10
93.47990974632602
 20
291.3833975608531
 10
93.80107762681571
 20
291.3837520726245
 10
94.12460515234565
 20
291.3841100970239
 10
94.4503479555012
 20
291.38447146578574
 10
94.77816166886785
 20
291.38483601064416
 10
95.10790192503096
 20
291.38520356333345
 10
95.43942435657596
 20
291.3855739555879
 10
95.77258459608827
 20
291.3859470191418
 10
96.1072382761533
 20
291.38632258572926
 10
96.44324102935643
 20
291.38670048708474
 10
96.78044848828314
 20
291.3870805549424
 10
97.11871628551886
 20
291.3874626210365
 10
97.45790005364896
 20
291.3878465171013
 10
97.79785542525885
 20
291.3882320748711
 10
98.13843803293396
 20
291.38861912608013
 10
98.47950350925971
 20
291.38900750246273
 10
98.82090748682153
 20
291.38939703575306
 10
99.16250559820485
 20
291.3897875576854
 10
99.50415347599501
 20
291.39017889999405
 10
99.8457067527775
 20
291.3905708944133
 10
100.1870210611377
 20
291.39096337267733
 10
100.52795203366107
 20
291.3913561665205
 10
100.86835530293297
 20
291.39174910767696
 10
101.20808650153889
 20
291.39214202788105
 10
101.54700126206413
 20
291.39253475886704
 10
101.88495521709419
 20
291.39292713236915
 10
102.22180399921452
 20
291.39331898012165
 10
102.55740324101048
 20
291.39371013385886
 10
102.89160857506747
 20
291.39410042531495
 10
103.22427563397093
 20
291.39448968622423
 10
103.5552600503063
 20
291.394877748321
 10
103.88441745665897
 20
291.39526444333944
 10
104.2116034856144
 20
291.3956496030139
 10
104.53667376975793
 20
291.3960330590786
 10
104.85948394167502
 20
291.3964146432678
 10
105.17988963395109
 20
291.3967941873158
 10
105.49774647917152
 20
291.3971715229568
 10
105.81291010992183
 20
291.3975464819251
 10
106.1252361587873
 20
291.39791889595494
 10
106.43458025835344
 20
291.3982885967806
 10
106.74079804120564
 20
291.3986554161364
 10
107.04374513992929
 20
291.3990191857565
 10
107.34327718710985
 20
291.3993797373752
 10
107.6392498153327
 20
291.39973690272683
 10
107.93151865718328
 20
291.4000905135456
 10
108.219939345247
 20
291.40044040156573
 10
108.50436751210928
 20
291.4007863985215
 10
108.78465879035552
 20
291.4011283361473
 10
109.06066881257117
 20
291.4014660461772
 10
109.33225321134164
 20
291.40179936034554
 10
109.59926761925229
 20
291.4021281103866
 10
109.86156766888861
 20
291.40245212803467
 10
110.119008992836
 20
291.402771245024
 10
110.37144722367984
 20
291.4030852930888
 10
110.61873799400558
 20
291.40339410396336
 10
110.86073693639862
 20
291.40369750938197
 10
111.09729968344439
 20
291.4039953410789
 10
111.32828186772831
 20
291.4042874307884
 10
111.55353912183575
 20
291.4045736102446
 10
111.7729270783522
 20
291.404853711182
 10
111.98630136986303
 20
291.4051275653347
 10
112.75573736467786
 20
291.4059905515526
 10
113.48889495820244
 20
291.40648807514174
 10
114.18671643447621
 20
291.4065249530914
 10
114.8501440775385
 20
291.40600600239065
 10
115.48012017142874
 20
291.4048360400288
 10
116.0775870001863
 20
291.40291988299487
 10
116.64348684785057
 20
291.4001623482782
 10
117.17876199846101
 20
291.39646825286786
 10
117.68435473605693
 20
291.39174241375304
 10
118.16120734467773
 20
291.38588964792297
 10
118.61026210836285
 20
291.3788147723668
 10
119.03246131115165
 20
291.3704226040737
 10
119.42874723708358
 20
291.36061796003287
 10
119.8000621701979
 20
291.34930565723346
 10
120.14734839453415
 20
291.3363905126647
 10
120.47154819413166
 20
291.3217773433157
 10
120.7736038530298
 20
291.3053709661757
 10
121.05445765526802
 20
291.2870761982338
 10
121.31505188488562
 20
291.2667978564793
 10
121.55632882592208
 20
291.2444407579013
 10
121.7792307624168
 20
291.21990971948895
 10
121.9846999784091
 20
291.1931095582315
 10
122.17367875793845
 20
291.16394509111814
 10
122.34710938504415
 20
291.13232113513794
 10
122.50593414376569
 20
291.0981425072802
 10
122.6510953181424
 20
291.061314024534
 10
122.7835351922137
 20
291.0217405038886
 10
122.90419605001898
 20
290.97932676233313
 10
123.01402017559762
 20
290.93397761685685
 10
123.11394985298902
 20
290.88559788444877
 10
123.2049273662326
 20
290.8340923820982
 10
123.2878949993677
 20
290.77936592679436
 10
123.36379503643374
 20
290.72132333552634
 10
123.4335697614701
 20
290.6598694252833
 10
123.49816145851624
 20
290.59490901305446
 10
123.55851241161145
 20
290.52634691582904
 10
123.61556490479519
 20
290.45408795059615
 10
123.67026122210683
 20
290.378036934345
 10
123.72354364758576
 20
290.29809868406477
 10
123.7763544652714
 20
290.21417801674465
 10
123.90801666558222
 20
289.9729474892635
 10
124.07364537547801
 20
289.62952073256423
 10
124.25205357143138
 20
289.22967135050015
 10
124.422054229915
 20
288.8191729469248
 10
124.56449345046146
 20
288.47733186518695
 10
124.72890009168964
 20
288.11141132431806
 10
124.90187053955819
 20
287.7494592695235
 10
125.0700011800256
 20
287.4195236460089
 10
125.21988839905036
 20
287.14965239897964
 10
125.37161945468812
 20
286.88234064938933
 10
125.54487826573519
 20
286.5595236281269
 10
125.72565620926163
 20
286.20840944530056
 10
125.89994466233729
 20
285.8562062110187
 10
126.05373500203207
 20
285.5301220353895
 10
126.25680200843503
 20
285.12862862035354
 10
126.49862077206916
 20
284.7163433938233
 10
126.74888694217627
 20
284.34172659766523
 10
126.97729616799809
 20
284.0532384737457
 10
127.27923929683597
 20
283.7079383247718
 10
127.58755765123999
 20
283.3369676942893
 10
127.83550189675165
 20
283.02063981157784
 10
128.10800899893596
 20
282.71844515187314
 10
128.4807218694818
 20
282.3845264844083
 10
128.87295009311643
 20
282.0911754794592
 10
129.26683815818197
 20
281.81572307775656
 10
129.57957673963347
 20
281.56113004636507
 10
129.82114072455727
 20
281.3132817717574
 10
130.00150500003954
 20
281.0580636404059
 10
130.1306444531665
 20
280.78136103878336
 10
130.21853397102439
 20
280.46905935336224
 10
130.27514844069944
 20
280.1070439706151
 10
130.32787773883194
 20
279.757363967143
 10
130.40973514912886
 20
279.4480869734515
 10
130.53593772660233
 20
279.14234808938295
 10
130.72170252626435
 20
278.80328241477986
 10
130.9822466031269
 20
278.39402504948464
 10
131.24817240481835
 20
277.9906920432185
 10
131.51479178882224
 20
277.5818813534354
 10
131.751130779015
 20
277.2153418208114
 10
131.92621539927308
 20
276.9388222860226
 10
132.16369141743547
 20
276.60639236015174
 10
132.473690003704
 20
276.23729038146075
 10
132.78909806208245
 20
275.9114250257486
 10
132.89950485318553
 20
275.8034444012238
 10
133.05002700391273
 20
275.6495850634923
 10
133.23578476658219
 20
275.4551210792578
 10
133.45189839351218
 20
275.2253265152241
 10
133.6934881370208
 20
274.96547543809476
 10
133.95567424942627
 20
274.6808419145736
 10
134.23357698304676
 20
274.37670001136433
 10
134.52231659020043
 20
274.0583237951707
 10
134.81701332320543
 20
273.7309873326964
 10
135.11278743437998
 20
273.39996469064505
 10
135.51567486625171
 20
272.9489042344492
 10
135.87254356784433
 20
272.55349218825154
 10
136.18865309253795
 20
272.2088674863407
 10
136.4692629937127
 20
271.9101690630051
 10
136.71963282474866
 20
271.6525358525332
 10
136.94502213902578
 20
271.4311067892136
 10
137.15069048992424
 20
271.2410208073347
 10
137.34189743082413
 20
271.07741684118486
 10
137.52390251510548
 20
270.93543382505277
 10
137.70196529614836
 20
270.8102106932268
 10
137.88134532733292
 20
270.6968863799955
 10
138.06730216203917
 20
270.59059981964725
 10
138.2650953536472
 20
270.4864899464706
 10
138.60274731259008
 20
270.28980244815443
 10
138.88639677405757
 20
270.0733591563768
 10
139.11417629294633
 20
269.8413927759247
 10
139.28421842415307
 20
269.5981360115851
 10
139.39465572257447
 20
269.34782156814504
 10
139.4436207431072
 20
269.0946821503914
 10
139.42924604064802
 20
268.8429504631112
 10
139.34966417009358
 20
268.59685921109144
 10
139.20300768634058
 20
268.3606410991191
 10
139.0004674910416
 20
268.15813353568876
 10
138.7670152427763
 20
268.05259903536995
 10
138.45447745061955
 20
268.0222602739726
 10
138.28457149534694
 20
268.0338609926544
 10
138.10742114995725
 20
268.070161718737
 10
137.91982881935687
 20
268.1334103072759
 10
137.71859690845207
 20
268.2258546133269
 10
137.50052782214914
 20
268.34974249194556
 10
137.26242396535454
 20
268.5073217981876
 10
137.0010877429745
 20
268.70084038710866
 10
136.71332155991544
 20
268.9325461137644
 10
136.39592782108366
 20
269.2046868332104
 10
136.04570893138546
 20
269.5195104005024
 10
135.6594672957272
 20
269.87926467069605
 10
135.23400531901524
 20
270.286197498847
 10
134.96401365809805
 20
270.5463960721716
 10
134.70741514865205
 20
270.7919203130496
 10
134.4623563221786
 20
271.0243592405685
 10
134.22698371017896
 20
271.24530187381583
 10
133.99944384415437
 20
271.4563372318791
 10
133.7778832556062
 20
271.65905433384586
 10
133.56044847603565
 20
271.85504219880363
 10
133.34528603694412
 20
272.0458898458399
 10
133.1305424698329
 20
272.23318629404224
 10
132.91436430620317
 20
272.4185205624982
 10
132.69489807755633
 20
272.6034816702952
 10
132.4702903153936
 20
272.78965863652087
 10
132.23868755121632
 20
272.97864048026264
 10
131.9982363165258
 20
273.17201622060816
 10
131.74708314282333
 20
273.37137487664484
 10
131.48337456161016
 20
273.5783054674602
 10
131.2052571043876
 20
273.7943970121419
 10
130.91087730265698
 20
274.02123852977735
 10
130.59838168791956
 20
274.2604190394541
 10
130.3214644885434
 20
274.46953566565026
 10
130.05960847633648
 20
274.66221129497
 10
129.8084652522899
 20
274.84102094883553
 10
129.56368641739485
 20
275.0085396486693
 10
129.32092357264236
 20
275.1673424158934
 10
129.0758283190235
 20
275.3200042719303
 10
128.82405225752933
 20
275.4691002382023
 10
128.561246989151
 20
275.61720533613163
 10
128.2830641148796
 20
275.7668945871406
 10
127.98515523570622
 20
275.9207430126515
 10
127.66317195262194
 20
276.0813256340866
 10
127.31276586661785
 20
276.2512174728683
 10
126.92958857868504
 20
276.4329935504188
 10
124.78777641813781
 20
277.44018326850465
 10
124.04012373448288
 20
277.28575810855574
 10
123.73725380055956
 20
277.22929535510406
 10
123.48252402796835
 20
277.204162506307
 10
123.25302859944678
 20
277.21942646165996
 10
123.02586169773242
 20
277.28415412065834
 10
122.77811750556288
 20
277.40741238279753
 10
122.48689020567568
 20
277.59826814757287
 10
122.1292739808084
 20
277.8657883144797
 10
121.68236301369865
 20
278.2190397830135
 10
121.35477929689402
 20
278.4743844766127
 10
121.05065052810865
 20
278.69613981887596
 10
120.76107398615855
 20
278.88891351860764
 10
120.47714694986
 20
279.05731328461206
 10
120.18996669802915
 20
279.20594682569373
 10
119.89063050948216
 20
279.33942185065706
 10
119.57023566303528
 20
279.46234606830643
 10
119.21987943750457
 20
279.5793271874462
 10
118.83065911170632
 20
279.69497291688094
 10
118.58861532089531
 20
279.76385627060154
 10
118.28397174077453
 20
279.8511422650312
 10
117.93189930635837
 20
279.95245120808124
 10
117.54756895266128
 20
280.06340340766286
 10
117.1461516146975
 20
280.17961917168736
 10
116.74281822748141
 20
280.296718808066
 10
116.35273972602741
 20
280.4103226247099
 10
116.1451613475011
 20
280.4701212847085
 10
115.94553200804698
 20
280.5257898789755
 10
115.75153690253369
 20
280.5775735671154
 10
115.56086122582965
 20
280.6257175087325
 10
115.37119017280347
 20
280.67046686343133
 10
115.18020893832355
 20
280.7120667908162
 10
114.98560271725847
 20
280.7507624504916
 10
114.78505670447676
 20
280.78679900206197
 10
114.57625609484688
 20
280.8204216051317
 10
114.35688608323743
 20
280.85187541930514
 10
114.12463186451686
 20
280.8814056041868
 10
113.87717863355368
 20
280.9092573193811
 10
113.61221158521646
 20
280.9356757244924
 10
113.32741591437365
 20
280.96090597912513
 10
113.02047681589382
 20
280.9851932428838
 10
112.68907948464546
 20
281.0087826753727
 10
112.33090911549712
 20
281.0319194361963
 10
111.94365090331726
 20
281.05484868495904
 10
111.52499004297444
 20
281.0778155812653
 10
111.07261172933711
 20
281.1010652847196
 10
110.58420115727391
 20
281.12484295492624
 10
110.05744352165323
 20
281.1493937514897
 10
109.49002401734363
 20
281.17496283401437
 10
108.87962783921367
 20
281.2017953621047
 10
108.20901415048466
 20
281.228831603694
 10
107.69327284308925
 20
281.2431166370621
 10
107.30663894025881
 20
281.24324745025694
 10
107.02334746522475
 20
281.2278210313266
 10
106.81763344121828
 20
281.19543436831907
 10
106.6637318914708
 20
281.14468444928235
 10
106.53587783921364
 20
281.0741682622646
 10
106.36045345448622
 20
280.921245171862
 10
106.24730194449943
 20
280.7399614300062
 10
106.20719178082192
 20
280.5475695578546
 10
106.22254465515906
 20
280.44328730301265
 10
106.26741206190995
 20
280.3078000170734
 10
106.34000717668388
 20
280.14358783092405
 10
106.43854317509
 20
279.95313087545173
 10
106.56123323273756
 20
279.7389092815436
 10
106.7062905252358
 20
279.50340318008676
 10
106.87192822819391
 20
279.24909270196844
 10
107.05635951722114
 20
278.9784579780757
 10
107.25779756792673
 20
278.6939791392958
 10
107.47445555591985
 20
278.3981363165158
 10
107.70454665680977
 20
278.0934096406228
 10
107.94628404620569
 20
277.78227924250405
 10
108.19788089971686
 20
277.46722525304665
 10
108.45755039295247
 20
277.1507278031378
 10
108.72350570152177
 20
276.8352670236646
 10
108.99396000103398
 20
276.5233230455142
 10
109.26712646709834
 20
276.21737599957373
 10
109.54121827532403
 20
275.91990601673035
 10
109.83213584235541
 20
275.6093446893231
 10
110.12722868115391
 20
275.29422151952025
 10
110.42007532876109
 20
274.9814003071596
 10
110.70425432221859
 20
274.67774485207894
 10
110.97334419856813
 20
274.39011895411596
 10
111.22092349485135
 20
274.12538641310846
 10
111.4405707481099
 20
273.89041102889416
 10
111.62586449538546
 20
273.6920566013108
 10
111.77038327371967
 20
273.5371869301962
 10
111.95962277017767
 20
273.3472575711213
 10
112.16922355682405
 20
273.1611626386711
 10
112.39801241404052
 20
272.97955973220814
 10
112.64481612220884
 20
272.8031064510948
 10
112.90846146171074
 20
272.63246039469345
 10
113.18777521292803
 20
272.4682791623667
 10
113.48158415624245
 20
272.31122035347676
 10
113.78871507203574
 20
272.1619415673862
 10
114.10799474068966
 20
272.02110040345747
 10
114.438249942586
 20
271.8893544610529
 10
114.77830745810648
 20
271.76736133953506
 10
115.12699406763288
 20
271.65577863826627
 10
115.55783683430384
 20
271.51249118161803
 10
115.82731632575207
 20
271.36154889476256
 10
116.01953708540094
 20
271.13400589269895
 10
116.21860365667398
 20
270.7609162904262
 10
116.33829883201186
 20
270.5257855339995
 10
116.45659238252442
 20
270.3165424562308
 10
116.58227411199478
 20
270.1249428522773
 10
116.72413382420592
 20
269.942742517296
 10
116.89096132294092
 20
269.7616972464438
 10
117.09154641198283
 20
269.5735628348779
 10
117.3346788951147
 20
269.3700950777553
 10
117.62914857611963
 20
269.14304977023306
 10
117.98374525878066
 20
268.88418270746814
 10
118.4072587468808
 20
268.5852496846176
 10
118.90847884420315
 20
268.2380064968386
 10
119.15385559170389
 20
268.0703732262248
 10
119.40705217875941
 20
267.9001776214213
 10
119.66742019385516
 20
267.7277881039919
 10
119.9343112254767
 20
267.55357309550027
 10
120.20707686210939
 20
267.3779010175102
 10
120.48506869223874
 20
267.2011402915855
 10
120.76763830435024
 20
267.02365933928974
 10
121.05413728692936
 20
266.84582658218676
 10
121.34391722846152
 20
266.66801044184035
 10
121.63632971743226
 20
266.49057933981413
 10
121.93072634232696
 20
266.3139016976719
 10
122.22645869163118
 20
266.13834593697743
 10
122.5228783538303
 20
265.9642804792944
 10
122.81933691740986
 20
265.79207374618665
 10
123.1151859708553
 20
265.6220941592178
 10
123.40977710265209
 20
265.45471013995166
 10
123.70246190128572
 20
265.29029010995197
 10
123.9925919552416
 20
265.1292024907824
 10
124.27951885300524
 20
264.9718157040068
 10
124.56259418306213
 20
264.8184981711889
 10
124.84116953389773
 20
264.66961831389233
 10
125.11459649399745
 20
264.5255445536809
 10
125.38222665184684
 20
264.38664531211833
 10
125.64341159593133
 20
264.2532890107684
 10
125.89750291473635
 20
264.1258440711949
 10
126.14385219674745
 20
264.0046789149614
 10
126.38181103045004
 20
263.8901619636318
 10
126.6107310043296
 20
263.78266163876975
 10
126.82996370687161
 20
263.68254636193905
 10
127.03886072656154
 20
263.59018455470346
 10
127.23677365188485
 20
263.5059446386266
 10
127.6507226310571
 20
263.3225319128762
 10
127.96620642330606
 20
263.1492611087127
 10
128.2229521440039
 20
262.956270086303
 10
128.46068690852286
 20
262.7136967058137
 10
128.71913783223502
 20
262.3916788274117
 10
128.91483499176076
 20
262.14468927357683
 10
129.1029484382047
 20
261.93785374609547
 10
129.30484416258417
 20
261.75554086538983
 10
129.54188815591644
 20
261.58211925188215
 10
129.8354464092187
 20
261.40195752599465
 10
130.20688491350822
 20
261.1994243081496
 10
130.67756965980223
 20
260.9588882187693
 10
131.0512508336136
 20
260.76661407842437
 10
131.41024460248437
 20
260.57258949914007
 10
131.7538776885987
 20
260.3775729985256
 10
132.08147681414079
 20
260.1823230941902
 10
132.3923687012949
 20
259.9875983037433
 10
132.68588007224525
 20
259.7941571447941
 10
132.961337649176
 20
259.60275813495184
 10
133.21806815427135
 20
259.4141597918259
 10
133.4553983097156
 20
259.22912063302556
 10
133.67265483769282
 20
259.04839917616
 10
133.8691644603873
 20
258.8727539388386
 10
134.0442538999833
 20
258.7029434386707
 10
134.19724987866485
 20
258.53972619326544
 10
134.32747911861637
 20
258.38386072023224
 10
134.4342683420219
 20
258.23610553718026
 10
134.51694427106577
 20
258.09721916171895
 10
134.5748336279321
 20
257.96796011145744
 10
134.60726313480512
 20
257.84908690400505
 10
134.6135595138691
 20
257.7413580569712
 10
134.59304948730818
 20
257.64553208796497
 10
134.54505977730656
 20
257.5623675145958
 10
134.46891710604848
 20
257.4926228544729
 10
134.36394819571817
 20
257.4370566252056
 10
134.22947976849977
 20
257.3964273444032
 10
134.06483854657753
 20
257.3714935296749
 10
133.8693512521357
 20
257.36301369863014
 10
133.69632822367453
 20
257.3892046952219
 10
133.45940978332484
 20
257.4631548187914
 10
133.17184153226447
 20
257.57792977003004
 10
132.84686907167153
 20
257.72659524962927
 10
132.49773800272382
 20
257.90221695828035
 10
132.13769392659938
 20
258.09786059667476
 10
131.77998244447616
 20
258.3065918655039
 10
131.4378491575321
 20
258.52147646545905
 10
131.12453966694517
 20
258.7355800972317
 10
130.85329957389328
 20
258.94196846151317
 10
130.54260440363308
 20
259.1874208008735
 10
130.21483608165033
 20
259.4324052127267
 10
129.87723369570804
 20
259.672375897937
 10
129.53703633356935
 20
259.9027870573688
 10
129.20148308299724
 20
260.1190928918865
 10
128.87781303175484
 20
260.3167476023544
 10
128.57326526760508
 20
260.4912053896369
 10
128.2950788783111
 20
260.6379204545982
 10
128.05049295163587
 20
260.7523469981029
 10
127.84674657534248
 20
260.82993922101514
 10
127.48946565776541
 20
260.95548884722916
 10
127.13939599458793
 20
261.1020653943921
 10
126.7967754172257
 20
261.2695439945485
 10
126.46184175709429
 20
261.4577997797425
 10
126.13483284560937
 20
261.66670788201867
 10
125.81598651418652
 20
261.8961434334213
 10
125.58359894583876
 20
262.0600646261082
 10
125.31329083501095
 20
262.22851246769494
 10
125.01377289979888
 20
262.39750386041527
 10
124.69375585829856
 20
262.5630557065028
 10
124.36195042860577
 20
262.7211849081913
 10
124.02706732881639
 20
262.8679083677145
 10
123.69781727702627
 20
262.99924298730605
 10
123.3829109913313
 20
263.11120566919976
 10
123.09105918982732
 20
263.1998133156293
 10
122.8309725906102
 20
263.2610828288283
 10
122.51858077168974
 20
263.3380426391443
 10
122.13735590397121
 20
263.4575828106194
 10
121.73552157438539
 20
263.6033639101423
 10
121.36130136986303
 20
263.75904650460177
 10
120.9814453125
 20
263.9180002122029
 10
120.5642658390411
 20
264.07268780790383
 10
120.16033015839042
 20
264.2054095937224
 10
119.82020547945207
 20
264.29846587167646
 10
119.3816757585858
 20
264.41286209675457
 10
118.91098982617038
 20
264.55587942927815
 10
118.51004876035762
 20
264.6965553539586
 10
118.27126971733901
 20
264.78377928536764
 10
117.99893898590578
 20
264.8732958691703
 10
117.69739106598874
 20
264.9642576410247
 10
117.3709604575188
 20
265.0558171365887
 10
117.02398166042674
 20
265.1471268915204
 10
116.66078917464348
 20
265.23733944147773
 10
116.28571750009985
 20
265.3256073221187
 10
115.90310113672676
 20
265.4110830691012
 10
115.51727458445502
 20
265.49291921808344
 10
115.13257234321547
 20
265.57026830472324
 10
114.75332891293903
 20
265.6422828646787
 10
114.38387879355649
 20
265.70811543360776
 10
114.02855648499877
 20
265.76691854716836
 10
113.69169648719671
 20
265.8178447410186
 10
113.37763330008119
 20
265.8600465508164
 10
113.09070142358303
 20
265.8926765122198
 10
112.83523535763308
 20
265.9148871608868
 10
112.61556960216224
 20
265.9258310324753
 10
112.43603865710134
 20
265.92466066264336
 10
112.30097702238125
 20
265.91052858704904
 10
112.04148457147383
 20
265.829193804899
 10
111.74313993919124
 20
265.68761835566943
 10
111.4705332005638
 20
265.51645259434827
 10
111.14355707409752
 20
265.3212652962844
 10
110.81685641015329
 20
265.2246536534528
 10
110.47777384788535
 20
265.2266938217799
 10
110.11365202644788
 20
265.3274619571923
 10
109.71183358499503
 20
265.5270342156166
 10
109.41149960526633
 20
265.69204092315283
 10
109.10203123717966
 20
265.8402491138803
 10
108.78266666792771
 20
265.9718799846493
 10
108.45264408470328
 20
266.08715473231024
 10
108.11120167469913
 20
266.1862945537133
 10
107.75757762510798
 20
266.2695206457089
 10
107.39101012312264
 20
266.33705420514724
 10
107.01073735593582
 20
266.38911642887865
 10
106.61599751074031
 20
266.4259285137535
 10
106.39992331483477
 20
266.43902102566574
 10
106.17101814455327
 20
266.44789018200936
 10
105.92997172461358
 20
266.4526292345035
 10
105.67747377973342
 20
266.4533314348671
 10
105.41421403463063
 20
266.4500900348191
 10
105.14088221402281
 20
266.4429982860785
 10
104.85816804262794
 20
266.4321494403643
 10
104.56676124516359
 20
266.41763674939557
 10
104.26735154634763
 20
266.3995534648912
 10
103.96062867089775
 20
266.3779928385702
 10
103.64728234353173
 20
266.35304812215156
 10
103.32800228896737
 20
266.3248125673543
 10
103.0034782319224
 20
266.29337942589734
 10
102.67439989711457
 20
266.25884194949975
 10
102.34145700926162
 20
266.2212933898805
 10
102.00533929308139
 20
266.18082699875856
 10
101.66673647329151
 20
266.1375360278529
 10
101.32633827460985
 20
266.09151372888255
 10
100.98483442175413
 20
266.0428533535665
 10
100.64291463944213
 20
265.9916481536237
 10
100.30126865239158
 20
265.93799138077316
 10
99.96058618532024
 20
265.8819762867339
 10
99.62155696294587
 20
265.82369612322486
 10
99.28487070998625
 20
265.76324414196506
 10
98.95121715115914
 20
265.70071359467346
 10
98.62128601118225
 20
265.6361977330691
 10
98.29576701477342
 20
265.5697898088709
 10
97.97534988665033
 20
265.5015830737979
 10
97.66072435153077
 20
265.43167077956906
 10
97.35258013413255
 20
265.3601461779034
 10
97.05160695917331
 20
265.28710252051997
 10
96.75849455137092
 20
265.2126330591376
 10
96.47393263544312
 20
265.1368310454754
 10
96.19861093610761
 20
265.0597897312523
 10
95.9332191780822
 20
264.9816023681873
 10
95.41334949281867
 20
264.8173669681781
 10
94.96260596077755
 20
264.65930800374105
 10
94.57817268827183
 20
264.5052703392829
 10
94.25723378161445
 20
264.3530988392105
 10
93.99697334711844
 20
264.20063836793054
 10
93.79457549109682
 20
264.0457337898498
 10
93.64722431986256
 20
263.88622996937517
 10
93.55210393972867
 20
263.7199717709133
 10
93.50639845700816
 20
263.54480405887097
 10
93.507291978014
 20
263.358571697655
 10
93.55196860905922
 20
263.1591195516721
 10
93.5964336259873
 20
263.05377160222264
 10
93.66529187689999
 20
262.9392275702372
 10
93.75748616361054
 20
262.8160619404734
 10
93.87195928793228
 20
262.684849197689
 10
94.00765405167841
 20
262.54616382664165
 10
94.16351325666224
 20
262.40058031208906
 10
94.33847970469711
 20
262.2486731387889
 10
94.53149619759628
 20
262.0910167914988
 10
94.74150553717297
 20
261.9281857549766
 10
94.96745052524052
 20
261.7607545139798
 10
95.20827396361223
 20
261.5892975532662
 10
95.46291865410133
 20
261.4143893575935
 10
95.73032739852111
 20
261.2366044117193
 10
96.00944299868492
 20
261.05651720040134
 10
96.299208256406
 20
260.8747022083973
 10
96.5985659734976
 20
260.69173392046486
 10
96.90645895177305
 20
260.5081868213617
 10
97.22182999304562
 20
260.32463539584546
 10
97.54362189912855
 20
260.14165412867396
 10
97.87077747183517
 20
259.95981750460476
 10
98.20223951297878
 20
259.7797000083956
 10
98.53695082437262
 20
259.60187612480416
 10
98.87385420783
 20
259.4269203385881
 10
99.21189246516418
 20
259.25540713450516
 10
99.5500083981885
 20
259.087910997313
 10
99.88714480871614
 20
258.92500641176923
 10
100.22224449856049
 20
258.7672678626316
 10
100.55425026953476
 20
258.61526983465785
 10
100.88210492345226
 20
258.46958681260554
 10
101.20475126212627
 20
258.3307932812325
 10
101.52113208737009
 20
258.1994637252963
 10
101.83019020099698
 20
258.0761726295547
 10
102.13086840482023
 20
257.9614944787653
 10
102.42210950065315
 20
257.8560037576859
 10
102.70285629030899
 20
257.7602749510741
 10
102.97205157560101
 20
257.6748825436876
 10
103.22863815834253
 20
257.6004010202841
 10
103.47155884034686
 20
257.5374048656213
 10
103.69975642342723
 20
257.48646856445686
 10
103.91217370939697
 20
257.44816660154845
 10
104.1077535000693
 20
257.42307346165376
 10
104.64845826098694
 20
257.3665857849437
 10
105.06306230241233
 20
257.3102102573949
 10
105.38294353387327
 20
257.24309786449595
 10
105.63947986489747
 20
257.1543995917358
 10
105.86404920501256
 20
257.03326642460314
 10
106.0880294637463
 20
256.8688493485868
 10
106.34279855062637
 20
256.6502993491756
 10
106.6068418746023
 20
256.42609363371406
 10
106.86921972152496
 20
256.22500660491744
 10
107.13363163035314
 20
256.0453053378104
 10
107.40377714004568
 20
255.8852569074177
 10
107.68335578956126
 20
255.74312838876398
 10
107.97606711785875
 20
255.617186856874
 10
108.28561066389686
 20
255.50569938677242
 10
108.61568596663443
 20
255.40693305348395
 10
108.96999256503018
 20
255.31915493203326
 10
109.3522299980429
 20
255.2406320974451
 10
109.7484743313981
 20
255.161034483247
 10
110.17015218816582
 20
255.06714477724648
 10
110.58510829785375
 20
254.96674317723074
 10
110.96118738996944
 20
254.86760988098698
 10
111.26623419402043
 20
254.77752508630238
 10
111.46571808032675
 20
254.71657455788161
 10
111.73289135055666
 20
254.63951889095108
 10
112.05610936515383
 20
254.5494885668034
 10
112.42372748456202
 20
254.44961406673121
 10
112.82410106922482
 20
254.3430258720271
 10
113.24558547958598
 20
254.2328544639838
 10
113.67653607608918
 20
254.12223032389392
 10
114.1053082191781
 20
254.01428393305002
 10
114.75982940171585
 20
253.84930137750916
 10
115.32323671346673
 20
253.70233159857952
 10
115.80204874556068
 20
253.57057362145667
 10
116.2027840891278
 20
253.45122647133616
 10
116.5319613352981
 20
253.34148917341358
 10
116.7960990752016
 20
253.23856075288447
 10
117.00171589996832
 20
253.13964023494438
 10
117.15533040072827
 20
253.0419266447889
 10
117.26346116861158
 20
252.9426190076136
 10
117.33262679474815
 20
252.838916348614
 10
117.36934587026808
 20
252.72801769298567
 10
117.38013698630138
 20
252.60712206592422
 10
117.36756700937815
 20
252.49703987455223
 10
117.32888909504622
 20
252.39479348685902
 10
117.26265126796224
 20
252.30007212111943
 10
117.16740155278282
 20
252.21256499560843
 10
117.04168797416462
 20
252.13196132860094
 10
116.88405855676427
 20
252.0579503383719
 10
116.69306132523835
 20
251.99022124319623
 10
116.46724430424354
 20
251.92846326134887
 10
116.20515551843647
 20
251.87236561110473
 10
115.90534299247378
 20
251.8216175107387
 10
115.56635475101204
 20
251.77590817852578
 10
115.186738818708
 20
251.73492683274088
 10
114.76504322021817
 20
251.69836269165887
 10
114.29981598019926
 20
251.66590497355475
 10
113.78960512330788
 20
251.6372428967034
 10
113.23295867420069
 20
251.61206567937978
 10
112.62842465753425
 20
251.5900625398588
 10
112.10667881912173
 20
251.57237890480567
 10
111.641399949001
 20
251.55487066368005
 10
111.22566080472886
 20
251.536797069612
 10
110.85253414386223
 20
251.5174173757314
 10
110.51509272395776
 20
251.49599083516836
 10
110.2064093025723
 20
251.4717767010528
 10
109.91955663726269
 20
251.4440342265147
 10
109.64760748558565
 20
251.41202266468412
 10
109.38363460509802
 20
251.37500126869105
 10
109.12071075335662
 20
251.33222929166544
 10
108.85190868791817
 20
251.28296598673734
 10
108.57030116633955
 20
251.22647060703667
 10
108.26896094617751
 20
251.1620024056935
 10
107.94096078498883
 20
251.0888206358378
 10
107.4486241666115
 20
250.97416855830946
 10
107.02717831482397
 20
250.86828853008296
 10
106.6656456998373
 20
250.7674070412074
 10
106.35304879186252
 20
250.6677505817318
 10
106.07841006111073
 20
250.5655456417053
 10
105.83075197779299
 20
250.45701871117694
 10
105.59909701212037
 20
250.3383962801958
 10
105.3724676343039
 20
250.205904838811
 10
105.05019460018852
 20
250.01339370525434
 10
104.7793851997932
 20
249.8780585426369
 10
104.5089608527856
 20
249.78682164224546
 10
104.18784297883357
 20
249.72660529536682
 10
103.76495299760484
 20
249.6843317932878
 10
103.18921232876714
 20
249.64692342729523
 10
102.69968005120151
 20
249.61205836160758
 10
102.276161991072
 20
249.56767064526292
 10
101.90363559322873
 20
249.5110440760888
 10
101.56707830252188
 20
249.43946245191285
 10
101.25146756380151
 20
249.35020957056264
 10
100.94178082191782
 20
249.24056922986574
 10
100.72545373307295
 20
249.15314236897527
 10
100.4789720166751
 20
249.04710359971224
 10
100.20617516827129
 20
248.92445985357844
 10
99.91090268340854
 20
248.78721806207562
 10
99.59699405763382
 20
248.63738515670553
 10
99.26828878649408
 20
248.47696806897005
 10
98.92862636553635
 20
248.30797373037086
 10
98.58184629030768
 20
248.13240907240979
 10
98.23178805635501
 20
247.9522810265886
 10
97.88229115922532
 20
247.76959652440905
 10
97.53719509446564
 20
247.58636249737296
 10
97.200339357623
 20
247.40458587698208
 10
96.87556344424429
 20
247.22627359473822
 10
96.56670684987662
 20
247.05343258214313
 10
96.27760907006693
 20
246.8880697706986
 10
96.01210960036221
 20
246.7321920919064
 10
95.77404793630947
 20
246.58780647726832
 10
95.5672635734557
 20
246.4569198582861
 10
95.39559600734792
 20
246.3415391664616
 10
95.09969810257103
 20
246.1292099366681
 10
94.78967923024533
 20
245.89719345211938
 10
94.4716092172779
 20
245.65075946083942
 10
94.15155789057599
 20
245.39517771085215
 10
93.83559507704669
 20
245.13571795018157
 10
93.5297906035971
 20
244.87764992685166
 10
93.24021429713439
 20
244.62624338888642
 10
92.97293598456571
 20
244.38676808430978
 10
92.73402549279818
 20
244.16449376114576
 10
92.52955264873897
 20
243.96469016741833
 10
92.36558727929524
 20
243.79262705115144
 10
92.24819921137409
 20
243.6535741603691
 10
92.18345827188266
 20
243.55280124309527
 10
92.10592967884851
 20
243.12264197484137
 10
92.23444310317706
 20
242.70689783732684
 10
92.54628846574487
 20
242.37903650373374
 10
92.69796065184804
 20
242.299140867151
 10
92.92960195550334
 20
242.20235001840052
 10
93.2270954294453
 20
242.09271619583973
 10
93.5763241264085
 20
241.97429163782618
 10
93.96317109912741
 20
241.85112858271734
 10
94.37351940033652
 20
241.7272792688707
 10
94.79325208277042
 20
241.60679593464374
 10
95.20825219916358
 20
241.49373081839397
 10
95.6044028022505
 20
241.39213615847888
 10
95.96758694476574
 20
241.30606419325596
 10
96.28368767944382
 20
241.23956716108268
 10
96.53858805901925
 20
241.19669730031657
 10
96.71817113622653
 20
241.1815068493151
 10
96.9149588074156
 20
241.17197915427045
 10
97.22111305771837
 20
241.14511720114453
 10
97.61367043016169
 20
241.10350268794951
 10
98.06966746777248
 20
241.04971731269742
 10
98.56614071357765
 20
240.9863427734004
 10
99.08012671060405
 20
240.91596076807053
 10
99.39292594705813
 20
240.87222069177997
 10
99.67923334198466
 20
240.8339412655181
 10
99.94534323086204
 20
240.80096885748532
 10
100.19754994916865
 20
240.77314983588207
 10
100.44214783238284
 20
240.75033056890874
 10
100.68543121598303
 20
240.73235742476572
 10
100.93369443544759
 20
240.71907677165348
 10
101.19323182625486
 20
240.71033497777242
 10
101.47033772388326
 20
240.70597841132297
 10
101.77130646381116
 20
240.7058534405055
 10
102.10243238151692
 20
240.70980643352047
 10
102.47000981247898
 20
240.71768375856828
 10
102.88033309217563
 20
240.72933178384932
 10
103.33969655608531
 20
240.74459687756405
 10
103.8543945396864
 20
240.76332540791287
 10
104.43072137845722
 20
240.78536374309618
 10
104.99426703900934
 20
240.80631297480096
 10
105.53229562214868
 20
240.82453067407695
 10
106.03728069412432
 20
240.8398716300207
 10
106.50169582118546
 20
240.85219063172852
 10
106.91801456958125
 20
240.86134246829687
 10
107.27871050556077
 20
240.8671819288222
 10
107.57625719537316
 20
240.86956380240082
 10
107.80312820526761
 20
240.86834287812925
 10
107.95179710149317
 20
240.8633739451039
 10
108.01473745029901
 20
240.85451179242114
 10
108.08258048531152
 20
240.8429240479168
 10
108.22872753836091
 20
240.83934265406756
 10
108.44384462978903
 20
240.84311299933887
 10
108.71859777993798
 20
240.85358047219586
 10
109.04365300914961
 20
240.87009046110398
 10
109.40967633776596
 20
240.89198835452854
 10
109.80733378612899
 20
240.91861954093477
 10
110.22729137458064
 20
240.94932940878806
 10
110.66021512346285
 20
240.98346334655372
 10
111.09677105311762
 20
241.02036674269704
 10
111.5276251838869
 20
241.05938498568338
 10
111.94344353611262
 20
241.09986346397798
 10
112.33489213013681
 20
241.14114756604624
 10
112.69263698630138
 20
241.18258268035345
 10
112.96941497107058
 20
241.22153494618837
 10
113.30475807135261
 20
241.27709387430923
 10
113.6826966401602
 20
241.34612632638562
 10
114.08726103050603
 20
241.42549916408728
 10
114.50248159540268
 20
241.51207924908385
 10
114.9123886878629
 20
241.602733443045
 10
115.30101266089932
 20
241.69432860764041
 10
115.68742577517327
 20
241.78367271611046
 10
116.08061061378879
 20
241.8653274870984
 10
116.46710312398287
 20
241.93709896242217
 10
116.83343925299239
 20
241.99679318389968
 10
117.16615494805428
 20
242.0422161933489
 10
117.45178615640549
 20
242.07117403258775
 10
117.67686882528288
 20
242.0814727434342
 10
117.87694768424612
 20
242.0895155034677
 10
118.14171062741715
 20
242.11218056735538
 10
118.45977781206723
 20
242.147887709819
 10
118.81976939546766
 20
242.19505670558027
 10
119.21030553488968
 20
242.25210732936094
 10
119.62000638760463
 20
242.3174593558828
 10
120.03749211088379
 20
242.38953255986755
 10
120.4513828619984
 20
242.46674671603694
 10
121.07586551223453
 20
242.58602551611673
 10
121.60139073446611
 20
242.68103936280073
 10
122.04067155604851
 20
242.75250392864487
 10
122.40642100433723
 20
242.80113488620495
 10
122.71135210668768
 20
242.8276479080369
 10
122.96817789045528
 20
242.83275866669658
 10
123.18961138299547
 20
242.8171828347399
 10
123.38836561166369
 20
242.78163608472266
 10
123.57715360381535
 20
242.72683408920085
 10
123.76868838680589
 20
242.6534925207303
 10
124.0166380746609
 20
242.53896012097613
 10
124.23674974653768
 20
242.41097232393085
 10
124.43287803612216
 20
242.26308548201575
 10
124.60887757710032
 20
242.08885594765232
 10
124.76860300315806
 20
241.88184007326186
 10
124.91590894798134
 20
241.6355942112658
 10
125.05465004525615
 20
241.34367471408547
 10
125.18868092866848
 20
240.99963793414224
 10
125.32185623190422
 20
240.59704022385753
 10
125.45803058864938
 20
240.12943793565267
 10
125.60105863258987
 20
239.59038742194906
 10
125.74456868873304
 20
239.0364402977108
 10
125.87735751434722
 20
238.54195054208535
 10
126.00217561099414
 20
238.1031888347014
 10
126.12177348023538
 20
237.71642585518782
 10
126.23890162363257
 20
237.37793228317335
 10
126.35631054274741
 20
237.0839787982868
 10
126.47675073914144
 20
236.83083608015698
 10
126.60297271437635
 20
236.61477480841265
 10
126.73772697001381
 20
236.43206566268262
 10
126.88376400761541
 20
236.27897932259563
 10
127.04383432874278
 20
236.15178646778054
 10
127.22068843495761
 20
236.0467577778661
 10
127.41707682782149
 20
235.96016393248112
 10
127.63575000889608
 20
235.88827561125436
 10
127.87945847974304
 20
235.8273634938146
 10
128.15095274192396
 20
235.7736982597907
 10
128.45298329700051
 20
235.72355058881135
 10
128.8295329339785
 20
235.61632128699964
 10
129.171743029559
 20
235.43070590439532
 10
129.45127038790943
 20
235.19100895819088
 10
129.63977181319703
 20
234.92153496557864
 10
129.70890410958904
 20
234.6465884437511
 10
129.64775829973175
 20
234.37547072371154
 10
129.48745712253816
 20
233.99893566058083
 10
129.26270495657607
 20
233.5985011546244
 10
129.11753423002978
 20
233.35250203200331
 10
128.9999466625636
 20
233.111435455496
 10
128.91047006590176
 20
232.87297176949562
 10
128.84963225176847
 20
232.63478131839545
 10
128.81796103188796
 20
232.3945344465887
 10
128.8159842179845
 20
232.1499014984685
 10
128.84422962178226
 20
231.89855281842813
 10
128.9032250550056
 20
231.63815875086078
 10
128.99349832937867
 20
231.3663896401597
 10
129.1155772566257
 20
231.08091583071808
 10
129.26998964847095
 20
230.7794076669291
 10
129.45726331663866
 20
230.45953549318602
 10
129.67792607285307
 20
230.1189696538821
 10
129.93250572883838
 20
229.75538049341048
 10
130.22153009631884
 20
229.3664383561644
 10
130.4529147814178
 20
229.06058219178078
 10
130.71362279346732
 20
228.71265410958904
 10
130.98279571425164
 20
228.3507020547945
 10
131.2395751255551
 20
228.0027739726027
 10
131.46310260916184
 20
227.69691780821915
 10
131.6851944117699
 20
227.40023022776774
 10
131.9379808352957
 20
227.07780226963735
 10
132.20107454435114
 20
226.75467343743065
 10
132.45408820354828
 20
226.4558832347504
 10
132.67663447749894
 20
226.20647116519928
 10
132.89515218855234
 20
225.96392914057475
 10
133.1011787042702
 20
225.72123098174006
 10
133.29478431745866
 20
225.47807041805868
 10
133.47603932092377
 20
225.23414117889405
 10
133.6450140074716
 20
224.9891369936097
 10
133.8017786699081
 20
224.74275159156923
 10
133.9464036010394
 20
224.49467870213607
 10
134.07895909367167
 20
224.24461205467378
 10
134.19951544061078
 20
223.99224537854582
 10
134.30814293466295
 20
223.73727240311575
 10
134.40491186863414
 20
223.47938685774707
 10
134.48989253533048
 20
223.21828247180326
 10
134.56315522755798
 20
222.95365297464787
 10
134.62477023812272
 20
222.6851920956444
 10
134.67480785983076
 20
222.41259356415634
 10
134.7133383854882
 20
222.13555110954724
 10
134.74043210790103
 20
221.85375846118063
 10
134.75615931987534
 20
221.56690934841993
 10
134.76059031421727
 20
221.27469750062875
 10
134.75379538373272
 20
220.97681664717055
 10
134.7358448212279
 20
220.67296051740885
 10
134.7068089195088
 20
220.36282284070717
 10
134.6667579713815
 20
220.046097346429
 10
134.61576226965198
 20
219.7224777639379
 10
134.5538921071265
 20
219.39165782259732
 10
134.48121777661095
 20
219.05333125177083
 10
134.39780957091142
 20
218.70719178082192
 10
134.3063227937519
 20
218.362964762656
 10
134.20513891525914
 20
218.01275398410456
 10
134.09543402866447
 20
217.65947552448455
 10
133.9783842271995
 20
217.30604546311258
 10
133.8551656040957
 20
216.9553798793055
 10
133.72695425258453
 20
216.61039485238013
 10
133.59492626589758
 20
216.2740064616532
 10
133.46025773726623
 20
215.94913078644151
 10
133.32412475992197
 20
215.63868390606183
 10
133.18770342709632
 20
215.34558189983096
 10
133.05216983202078
 20
215.0727408470657
 10
132.9187000679269
 20
214.8230768270828
 10
132.788470228046
 20
214.5995059191991
 10
132.66265640560977
 20
214.40494420273126
 10
132.50404636134482
 20
214.16032617835234
 10
132.30942396337954
 20
213.8382748997135
 10
132.095375957553
 20
213.46752041883815
 10
131.87848908970406
 20
213.07679278774992
 10
131.67535010567175
 20
212.69482205847237
 10
131.45254650798012
 20
212.271830049614
 10
131.24053547344698
 20
211.88428271214892
 10
131.03724068364235
 20
211.52941696807176
 10
130.84058582013617
 20
211.2044697393771
 10
130.64849456449835
 20
210.90667794805955
 10
130.45889059829884
 20
210.63327851611373
 10
130.26969760310755
 20
210.38150836553427
 10
130.07883926049448
 20
210.1486044183158
 10
129.88423925202954
 20
209.93180359645288
 10
129.6838212592827
 20
209.72834282194015
 10
129.47550896382384
 20
209.53545901677217
 10
129.25722604722299
 20
209.35038910294367
 10
129.02689619105
 20
209.17037000244912
 10
128.617970024694
 20
208.86760496951393
 10
128.25854776004246
 20
208.61454129295598
 10
127.93761329547391
 20
208.40649763136537
 10
127.6441505293669
 20
208.23879264333203
 10
127.36714336009992
 20
208.1067449874463
 10
127.09557568605142
 20
208.005673322298
 10
126.81843140559994
 20
207.9308963064774
 10
126.52469441712395
 20
207.87773259857454
 10
126.20334861900196
 20
207.84150085717954
 10
125.84337790961244
 20
207.81751974088246
 10
125.45976255446249
 20
207.80763384741306
 10
125.05795487688746
 20
207.8138611518769
 10
124.66816035633951
 20
207.8345949743069
 10
124.32058447227068
 20
207.86822863473625
 10
124.04543270413299
 20
207.91315545319807
 10
123.69315602176077
 20
207.98081257423198
 10
123.2466810237284
 20
208.05293779752333
 10
122.76327321983212
 20
208.12090380394048
 10
122.30019811986807
 20
208.17608327435184
 10
121.97510521794288
 20
208.21603468516685
 10
121.59344244924623
 20
208.2720654810294
 10
121.17799322993143
 20
208.34026136579507
 10
120.75154097615179
 20
208.41670804331937
 10
120.33686910406067
 20
208.4974912174579
 10
119.9567610298114
 20
208.5786965920662
 10
119.36866496493865
 20
208.70522305628896
 10
118.93525714320154
 20
208.7778623258926
 10
118.59207366341423
 20
208.8009514909191
 10
118.27465062439073
 20
208.77882764141026
 10
117.91852412494507
 20
208.71582786740805
 10
117.54517833030543
 20
208.64584748842654
 10
117.20538190241649
 20
208.59886161847612
 10
116.88823450933913
 20
208.57531749312852
 10
116.58283581913417
 20
208.57566234795542
 10
116.27828549986255
 20
208.60034341852844
 10
115.96368321958509
 20
208.64980794041927
 10
115.62812864636265
 20
208.72450314919956
 10
115.26072144825613
 20
208.82487628044106
 10
114.89831522549066
 20
208.92542402970054
 10
114.59551519880054
 20
208.99071114039776
 10
114.31040867992967
 20
209.0231723766102
 10
114.00108298062187
 20
209.02524250241532
 10
113.62562541262109
 20
208.99935628189058
 10
113.14212328767124
 20
208.9479484791134
 10
112.58966588604169
 20
208.88220521655126
 10
112.10202121706996
 20
208.8189022729539
 10
111.67202707486659
 20
208.75653575520778
 10
111.29252125354226
 20
208.69360177019922
 10
110.95634154720746
 20
208.6285964248147
 10
110.65632574997277
 20
208.56001582594064
 10
110.38531165594878
 20
208.48635608046334
 10
110.13613705924605
 20
208.4061132952693
 10
109.9016397539751
 20
208.31778357724497
 10
109.67465753424659
 20
208.21986303327668
 10
109.39613013698636
 20
208.09820099031842
 10
109.04686643835618
 20
207.95444413243914
 10
108.65707191780822
 20
207.80052014843608
 10
108.25695205479454
 20
207.64835672710652
 10
107.87671232876714
 20
207.50988155724775
 10
107.5656967467936
 20
207.39471753837125
 10
107.24837244378038
 20
207.26772692973174
 10
106.92689155722587
 20
207.13013413605785
 10
106.6034062246284
 20
206.98316356207818
 10
106.28006858348641
 20
206.8280396125214
 10
105.9590307712982
 20
206.6659866921161
 10
105.6424449255622
 20
206.4982292055909
 10
105.33246318377677
 20
206.32599155767446
 10
105.03123768344028
 20
206.1504981530954
 10
104.74092056205113
 20
205.97297339658235
 10
104.46366395710767
 20
205.7946416928639
 10
104.20162000610827
 20
205.61672744666873
 10
103.95694084655135
 20
205.44045506272545
 10
103.73177861593523
 20
205.26704894576267
 10
103.52828545175834
 20
205.09773350050904
 10
103.348613491519
 20
204.93373313169315
 10
102.95024390121588
 20
204.56173401797167
 10
102.64273697317545
 20
204.2964111206851
 10
102.49266637223124
 20
204.19520547945206
 10
102.42671441367077
 20
204.1466810353175
 10
102.27836483624553
 20
204.00857300201153
 10
102.05866980990218
 20
203.79207932818048
 10
101.77868150458747
 20
203.50839796247084
 10
101.44945209024789
 20
203.16872685352905
 10
101.08203373683013
 20
202.78426395000156
 10
100.68747861428082
 20
202.36620720053475
 10
100.39985160459213
 20
202.062741522118
 10
100.1066810319013
 20
201.75930579781513
 10
99.81320973479232
 20
201.46098784598325
 10
99.52468055184927
 20
201.17287548497927
 10
99.24633632165607
 20
200.90005653316024
 10
98.98341988279675
 20
200.6476188088832
 10
98.74117407385533
 20
200.42065013050518
 10
98.52484173341574
 20
200.22423831638315
 10
98.33966570006204
 20
200.06347118487417
 10
98.19088881237818
 20
199.94343655433528
 10
97.76330898450766
 20
199.6059328985172
 10
97.39289586776583
 20
199.29189639172415
 10
97.15984199258138
 20
199.06931431893173
 10
96.93608770949594
 20
198.8685394737281
 10
96.59005460447307
 20
198.61167326628924
 10
96.19665706107452
 20
198.35432590647304
 10
95.88140080634665
 20
198.13935736447652
 10
95.55004666639394
 20
197.87534599088795
 10
95.24197289941455
 20
197.59576796569115
 10
94.99655776360665
 20
197.33409946886997
 10
94.82834953359843
 20
197.15625722714336
 10
94.61709479820713
 20
196.97269394767255
 10
94.36882722417579
 20
196.78665820268873
 10
94.08958047824738
 20
196.6013985644232
 10
93.78538822716493
 20
196.42016360510723
 10
93.46228413767149
 20
196.24620189697208
 10
93.12630187650998
 20
196.082762012249
 10
92.78347511042354
 20
195.9330925231692
 10
92.43983750615513
 20
195.80044200196397
 10
92.10142273044775
 20
195.68805902086459
 10
91.77426445004443
 20
195.59919215210226
 10
91.44082317168015
 20
195.5118034666436
 10
91.14017372844043
 20
195.41424434696555
 10
90.86644424577503
 20
195.30230841509405
 10
90.61376284913396
 20
195.17178929305499
 10
90.37625766396704
 20
195.01848060287435
 10
90.14805681572412
 20
194.83817596657804
 10
89.92328842985509
 20
194.626669006192
 10
89.6960806318098
 20
194.37975334374215
 10
89.46056154703814
 20
194.09322260125447
 10
89.21085930098997
 20
193.76287040075485
 10
88.93856775539662
 20
193.4567044341252
 10
88.61377466369177
 20
193.24512163831417
 10
88.1644961688637
 20
193.08122894167468
 10
87.99311940060514
 20
193.02423631150288
 10
87.80030634917557
 20
192.94662112206294
 10
87.58582197286516
 20
192.8482449070153
 10
87.34943122996417
 20
192.72896920002012
 10
87.09089907876282
 20
192.58865553473777
 10
86.80999047755138
 20
192.42716544482846
 10
86.50647038462004
 20
192.2443604639526
 10
86.18010375825907
 20
192.04010212577035
 10
85.8306555567587
 20
191.814251963942
 10
85.45789073840912
 20
191.56667151212795
 10
85.0615742615006
 20
191.2972223039884
 10
84.64147108432338
 20
191.00576587318363
 10
84.31406268270538
 20
190.7809002733872
 10
83.93763780320425
 20
190.52923011223396
 10
83.55871354795977
 20
190.28150965093087
 10
83.22380701911167
 20
190.0684931506849
 10
82.94421640367871
 20
189.88996618131443
 10
82.60079727331325
 20
189.6641411727529
 10
82.22283798606755
 20
189.41066053596876
 10
81.83962689999389
 20
189.14916668193047
 10
81.48045237314446
 20
188.89930202160667
 10
81.12202611389645
 20
188.65453676524538
 10
80.74089614708919
 20
188.4072256284781
 10
80.36610530546818
 20
188.17533778034806
 10
80.02669642177898
 20
187.97684238989845
 10
79.75171232876713
 20
187.8297086261727
 10
79.42678791202911
 20
187.65548353561059
 10
79.06423908390413
 20
187.4397573502959
 10
78.70831215218323
 20
187.20996659722607
 10
78.40325342465755
 20
186.99354780339831
 10
78.10440780845799
 20
186.77625993139827
 10
77.76539776401117
 20
186.5441028763742
 10
77.42788592905181
 20
186.32487456416735
 10
77.1335349413146
 20
186.1463729206189
 10
76.895521042534
 20
185.9917314546644
 10
76.61151409314367
 20
185.7789884850293
 10
76.305246969856
 20
185.52762255260262
 10
76.0004525493833
 20
185.25711219827357
 10
75.72086370843788
 20
184.98693596293134
 10
75.3551536667319
 20
184.62927803543278
 10
75.02865960931167
 20
184.34324568906726
 10
74.73086889257729
 20
184.12278798832818
 10
74.45126887292865
 20
183.9618539977091
 10
74.17934690676574
 20
183.8543927817035
 10
73.90459035048853
 20
183.79435340480492
 10
73.616486560497
 20
183.77568493150682
 10
73.37326938315407
 20
183.79319422295129
 10
73.15207465976603
 20
183.87112293116485
 10
72.89805009222574
 20
184.04757230696782
 10
72.5563433824261
 20
184.36064360118047
 10
72.07210223225994
 20
184.84843806462305
 10
71.76058756320676
 20
185.17522259892547
 10
71.4947151941345
 20
185.4718967958269
 10
71.26820134675488
 20
185.74697111121966
 10
71.07476224277958
 20
186.00895600099608
 10
70.90811410392024
 20
186.26636192104863
 10
70.7619731518886
 20
186.52769932726966
 10
70.63005560839628
 20
186.8014786755516
 10
70.47018664736953
 20
187.1219166463732
 10
70.27453863852689
 20
187.45643976271174
 10
70.05577647204251
 20
187.78597037040726
 10
69.82656503809055
 20
188.09143081529967
 10
69.5995692268451
 20
188.3537434432291
 10
69.25551754229053
 20
188.73473362260137
 10
69.06415404234252
 20
189.01716168031146
 10
68.98143704793446
 20
189.29030111743313
 10
68.96332487999977
 20
189.64342543504026
 10
68.94552821466105
 20
190.01616185213413
 10
68.89956056260665
 20
190.39956010147355
 10
68.83537368355971
 20
190.71061643835617
 10
68.78454786017764
 20
190.85586463818098
 10
68.70718574812501
 20
191.02869564093635
 10
68.6050169163111
 20
191.22667190665135
 10
68.47977093364526
 20
191.44735589535514
 10
68.33317736903675
 20
191.68831006707674
 10
68.16696579139493
 20
191.94709688184528
 10
67.98286576962909
 20
192.22127879968986
 10
67.78260687264853
 20
192.50841828063955
 10
67.5679186693626
 20
192.80607778472347
 10
67.34053072868058
 20
193.11181977197066
 10
67.10217261951179
 20
193.42320670241025
 10
66.85457391076555
 20
193.7378010360714
 10
66.59946417135114
 20
194.05316523298308
 10
66.33857297017792
 20
194.36686175317445
 10
66.07362987615518
 20
194.67645305667463
 10
65.80636445819223
 20
194.97950160351263
 10
65.56904126836542
 20
195.24683349001305
 10
65.34688896901193
 20
195.50250456542625
 10
65.13794831943856
 20
195.7492895693719
 10
64.94026007895216
 20
195.9899632414696
 10
64.75186500685952
 20
196.2273003213389
 10
64.57080386246746
 20
196.4640755485994
 10
64.39511740508283
 20
196.70306366287065
 10
64.22284639401242
 20
196.9470394037723
 10
64.05203158856307
 20
197.19877751092383
 10
63.880713748041565
 20
197.46105272394496
 10
63.70693363175476
 20
197.7366397824552
 10
63.528731999009466
 20
198.02831342607413
 10
63.34414960911248
 20
198.3388483944214
 10
63.15122722137064
 20
198.67101942711656
 10
62.948005595090756
 20
199.02760126377922
 10
62.771448734532335
 20
199.32319455760666
 10
62.55420589914438
 20
199.66101866995314
 10
62.314826763634365
 20
200.01374088318795
 10
62.07186100270969
 20
200.35402847968027
 10
61.84385829107777
 20
200.6545487417995
 10
61.61283169197666
 20
200.94753800006407
 10
61.36145574402819
 20
201.2668799920859
 10
61.109272335015675
 20
201.587713110874
 10
60.875823352722364
 20
201.8851757494374
 10
60.680650684931514
 20
202.13440630078514
 10
60.278845074615
 20
202.64770864513895
 10
59.904626141176514
 20
203.1242435337647
 10
59.556426796275744
 20
203.56568772634233
 10
59.23267995157231
 20
203.97371798255182
 10
58.93181851872586
 20
204.35001106207307
 10
58.65227540939602
 20
204.69624372458617
 10
58.392483535242455
 20
205.01409272977108
 10
58.15087580792481
 20
205.3052348373077
 10
57.9258851391027
 20
205.57134680687602
 10
57.71594444043579
 20
205.81410539815607
 10
57.51948662358373
 20
206.03518737082777
 10
57.33494460020613
 20
206.23626948457115
 10
57.16075128196266
 20
206.41902849906614
 10
56.99533958051296
 20
206.58514117399272
 10
56.83714240751668
 20
206.73628426903082
 10
56.684592674633436
 20
206.87413454386052
 10
56.5361232935229
 20
207.0003687581617
 10
56.39016717584469
 20
207.1166636716144
 10
56.24515723325846
 20
207.22469604389852
 10
56.09952637742386
 20
207.32614263469412
 10
55.95170752000052
 20
207.42268020368113
 10
55.80013357264809
 20
207.51598551053948
 10
55.64323744702621
 20
207.6077353149492
 10
55.47945205479453
 20
207.69960637659028
 10
55.27934262905496
 20
207.81721369366764
 10
55.07271207309299
 20
207.95268920667974
 10
54.860434075796796
 20
208.10513057083955
 10
54.64338232605459
 20
208.27363544136014
 10
54.422430512754566
 20
208.4573014734546
 10
54.19845232478492
 20
208.65522632233598
 10
53.972321451033814
 20
208.8665076432174
 10
53.74491158038947
 20
209.09024309131178
 10
53.517096401740076
 20
209.32553032183233
 10
53.28974960397384
 20
209.57146698999208
 10
53.06374487597891
 20
209.827150751004
 10
52.839955906643524
 20
210.09167926008126
 10
52.61925638485587
 20
210.36415017243684
 10
52.402519999504136
 20
210.64366114328388
 10
52.190620439476504
 20
210.92930982783537
 10
51.98443139366118
 20
211.22019388130445
 10
51.784826550946356
 20
211.5154109589041
 10
51.54581553370542
 20
211.87024654435515
 10
51.316065521775165
 20
212.19561140544323
 10
51.09363825594329
 20
212.49349194071397
 10
50.8765954769975
 20
212.76587454871304
 10
50.66299892572552
 20
213.01474562798612
 10
50.45091034291506
 20
213.24209157707892
 10
50.23839146935384
 20
213.4498987945371
 10
50.02350404582958
 20
213.64015367890636
 10
49.80430981313
 20
213.81484262873238
 10
49.57887051204278
 20
213.97595204256083
 10
49.34524788335568
 20
214.12546831893738
 10
49.10150366785639
 20
214.26537785640772
 10
48.75316860022137
 20
214.48508647245035
 10
48.46989635529492
 20
214.71822818574816
 10
48.313013913937404
 20
214.91432901713355
 10
48.29732659900669
 20
214.95261134534314
 10
48.282182343536824
 20
214.9977255915047
 10
48.26756709638125
 20
215.05018103290502
 10
48.25346680639346
 20
215.110486946831
 10
48.23986742242687
 20
215.17915261056964
 10
48.22675489333496
 20
215.25668730140774
 10
48.21411516797118
 20
215.34360029663225
 10
48.20193419518901
 20
215.44040087352997
 10
48.19019792384188
 20
215.5475983093879
 10
48.17889230278325
 20
215.6657018814929
 10
48.1680032808666
 20
215.79522086713183
 10
48.15751680694538
 20
215.93666454359163
 10
48.14741882987302
 20
216.0905421881592
 10
48.13769529850301
 20
216.2573630781214
 10
48.1283321616888
 20
216.43763649076504
 10
48.119315368283864
 20
216.63187170337721
 10
48.110630867141616
 20
216.84057799324466
 10
48.102264607115565
 20
217.06426463765433
 10
48.09420253705913
 20
217.3034409138931
 10
48.08643060582578
 20
217.5586160992479
 10
48.07893476226899
 20
217.83029947100562
 10
48.07170095524221
 20
218.11900030645307
 10
48.06471513359887
 20
218.42522788287724
 10
48.05796324619246
 20
218.74949147756496
 10
48.051431241876436
 20
219.09230036780318
 10
48.045105069504245
 20
219.45416383087877
 10
48.03897067792935
 20
219.8355911440786
 10
48.0330140160052
 20
220.23709158468955
 10
48.027221032585274
 20
220.65917442999861
 10
48.021577676523
 20
221.10234895729258
 10
48.01606989667188
 20
221.5671244438584
 10
48.01068364188532
 20
222.05401016698295
 10
48.005404861016814
 20
222.56351540395315
 10
48.00021950291981
 20
223.0961494320558
 10
47.99511351644776
 20
223.65242152857792
 10
47.99007285045414
 20
224.2328409708063
 10
47.98508345379238
 20
224.83791703602793
 10
47.98013127531596
 20
225.4681590015296
 10
47.97520226387833
 20
226.12407614459832
 10
47.97028236833295
 20
226.8061777425209
 10
47.96535753753328
 20
227.5149730725842
 10
47.960003567492556
 20
228.30400132414383
 10
47.95493376949895
 20
229.05147456668908
 10
47.95003967785042
 20
229.75863053702506
 10
47.94521282684488
 20
230.42670697195672
 10
47.94034475078024
 20
231.0569416082891
 10
47.9353269839545
 20
231.6505721828271
 10
47.93005106066555
 20
232.20883643237585
 10
47.92440851521137
 20
232.73297209374027
 10
47.91829088188984
 20
233.2242169037254
 10
47.91158969499893
 20
233.68380859913626
 10
47.90419648883659
 20
234.1129849167778
 10
47.896002797700724
 20
234.51298359345506
 10
47.88690015588931
 20
234.88504236597305
 10
47.876780097700234
 20
235.23039897113674
 10
47.86553415743149
 20
235.55029114575115
 10
47.85305386938097
 20
235.84595662662127
 10
47.83923076784663
 20
236.1186331505521
 10
47.8239563871264
 20
236.3695584543487
 10
47.80712226151822
 20
236.59997027481603
 10
47.788619925320035
 20
236.81110634875907
 10
47.76834091282978
 20
237.00420441298286
 10
47.74617675834538
 20
237.18050220429237
 10
47.72201899616478
 20
237.34123745949265
 10
47.69575916058592
 20
237.48764791538864
 10
47.66728878590672
 20
237.6209713087854
 10
47.636499406425145
 20
237.74244537648792
 10
47.60328255643912
 20
237.85330785530115
 10
47.56752977024659
 20
237.9547964820302
 10
47.52913258214546
 20
238.04814899347994
 10
47.4879825264337
 20
238.13460312645546
 10
47.443971137409235
 20
238.21539661776177
 10
47.39698994937001
 20
238.29176720420384
 10
47.34693049661395
 20
238.36495262258666
 10
47.293684313438995
 20
238.43619060971525
 10
47.23714293414309
 20
238.50671890239465
 10
47.17719789302417
 20
238.5777752374298
 10
47.11374072438017
 20
238.65059735162572
 10
47.04666296250901
 20
238.72642298178744
 10
46.97585614170867
 20
238.80648986471996
 10
46.6261909257123
 20
239.18468375904004
 10
46.3009264282841
 20
239.4952459089881
 10
45.994631617366124
 20
239.74162000301817
 10
45.7018754609004
 20
239.92724972958436
 10
45.417226926828974
 20
240.05557877714085
 10
45.13525498309384
 20
240.1300508341417
 10
44.850528597637066
 20
240.1541095890411
 10
44.466326647826
 20
240.11873201921117
 10
44.097315243146014
 20
240.01666578044896
 10
43.753944073063245
 20
239.85401057884596
 10
43.44666282704384
 20
239.6368661204935
 10
43.18592119455395
 20
239.37133211148299
 10
42.982168865059734
 20
239.06350825790582
 10
42.949178425228084
 20
238.99926728135202
 10
42.91895991412044
 20
238.9353239110647
 10
42.891374840751645
 20
238.86829972920606
 10
42.866284714136555
 20
238.7948163179382
 10
42.84355104329001
 20
238.71149525942334
 10
42.823035337226834
 20
238.61495813582366
 10
42.804599104961895
 20
238.50182652930127
 10
42.78810385551004
 20
238.36872202201835
 10
42.77341109788609
 20
238.21226619613702
 10
42.760382341104915
 20
238.02908063381952
 10
42.74887909418133
 20
237.81578691722797
 10
42.73876286613021
 20
237.56900662852453
 10
42.729895165966354
 20
237.2853613498714
 10
42.72213750270466
 20
236.9614726634307
 10
42.71535138535995
 20
236.59396215136456
 10
42.70939832294706
 20
236.17945139583523
 10
42.70413982448084
 20
235.71456197900483
 10
42.69943739897614
 20
235.1959154830355
 10
42.6951525554478
 20
234.62013349008942
 10
42.69114680291066
 20
233.98383758232873
 10
42.68728165037957
 20
233.28364934191563
 10
42.68341860686936
 20
232.51619035101226
 10
42.6794191813949
 20
231.67808219178082
 10
42.676979667760534
 20
231.19853683128122
 10
42.67419002419223
 20
230.72199333969132
 10
42.67105627825151
 20
230.24865746956178
 10
42.667584457499984
 20
229.77873497344308
 10
42.66378058949919
 20
229.31243160388578
 10
42.65965070181068
 20
228.8499531134405
 10
42.65520082199604
 20
228.39150525465777
 10
42.65043697761683
 20
227.9372937800881
 10
42.64536519623459
 20
227.4875244422821
 10
42.639991505410904
 20
227.04240299379035
 10
42.6343219327073
 20
226.60213518716344
 10
42.628362505685374
 20
226.16692677495183
 10
42.62211925190668
 20
225.73698350970616
 10
42.615598198932766
 20
225.31251114397696
 10
42.60880537432523
 20
224.89371543031478
 10
42.60174680564559
 20
224.48080212127024
 10
42.59442852045543
 20
224.07397696939387
 10
42.58685654631631
 20
223.67344572723619
 10
42.57903691078978
 20
223.27941414734784
 10
42.57097564143743
 20
222.8920879822793
 10
42.562678765820785
 20
222.5116729845812
 10
42.55415231150142
 20
222.13837490680407
 10
42.545402306040934
 20
221.7723995014984
 10
42.536434777000835
 20
221.41395252121492
 10
42.52725575194271
 20
221.06323971850406
 10
42.51787125842812
 20
220.72046684591643
 10
42.508287324018625
 20
220.3858396560026
 10
42.49850997627578
 20
220.05956390131308
 10
42.48854524276116
 20
219.74184533439848
 10
42.47839915103632
 20
219.43288970780932
 10
42.46807772866282
 20
219.13290277409624
 10
42.45758700320222
 20
218.84209028580972
 10
42.44693300221609
 20
218.56065799550038
 10
42.43612175326599
 20
218.28881165571875
 10
42.42515928391348
 20
218.02675701901535
 10
42.414051621720105
 20
217.77469983794083
 10
42.40280479424746
 20
217.53284586504572
 10
42.39142482905709
 20
217.30140085288053
 10
42.37991775371055
 20
217.08057055399587
 10
42.36828959576941
 20
216.87056072094234
 10
42.35654638279523
 20
216.67157710627043
 10
42.34469414234957
 20
216.48382546253072
 10
42.33273890199399
 20
216.3075115422738
 10
42.32068668929006
 20
216.14284109805018
 10
42.30854353179935
 20
215.99001988241048
 10
42.2963154570834
 20
215.84925364790524
 10
42.28400849270378
 20
215.72074814708503
 10
42.27162866622204
 20
215.60470913250037
 10
42.25918200519977
 20
215.50134235670185
 10
42.24667453719851
 20
215.41085357224006
 10
42.23411228977984
 20
215.3334485316655
 10
42.2215012905053
 20
215.2693329875288
 10
42.20884756693646
 20
215.2187126923805
 10
42.196157146634896
 20
215.18179339877113
 10
42.03450934550732
 20
214.87661041979106
 10
41.80538703557109
 20
214.61560929902834
 10
41.45655813366306
 20
214.35131686566524
 10
40.93579055662008
 20
214.03625994888407
 10
40.68357491053287
 20
213.87200802484756
 10
40.441338109315495
 20
213.67050327412474
 10
40.201289984816206
 20
213.42373752466085
 10
39.955640368883245
 20
213.12370260440105
 10
39.696599093364824
 20
212.76239034129054
 10
39.47054266143416
 20
212.4442397002363
 10
39.221003006596874
 20
212.11701718784644
 10
38.967615335814045
 20
211.80490835911496
 10
38.73001485604668
 20
211.5320987690357
 10
38.52783677425581
 20
211.32277397260273
 10
38.27833555998356
 20
211.06470495725756
 10
37.99756304959656
 20
210.74178460827432
 10
37.71990913993089
 20
210.39524091643662
 10
37.47976372782265
 20
210.0663018725282
 10
37.22845910020979
 20
209.7073756122898
 10
36.994925819579855
 20
209.39228784249912
 10
36.771731273303075
 20
209.1134676634768
 10
36.551442848749694
 20
208.86334417554357
 10
36.326627933289984
 20
208.63434647902
 10
36.08985391429419
 20
208.41890367422684
 10
35.833688179132565
 20
208.2094448614847
 10
35.550698115175365
 20
207.99839914111425
 10
35.23345110979284
 20
207.77819561343614
 10
34.8425756271752
 20
207.49677400926143
 10
34.46866172862323
 20
207.196371127655
 10
34.1541077303629
 20
206.9129414654498
 10
33.941311948620196
 20
206.6824395194788
 10
33.747783769628676
 20
206.4396353316082
 10
33.485691065987915
 20
206.12270946621098
 10
33.189419883472894
 20
205.7727322038803
 10
32.893356267858614
 20
205.43077382520949
 10
32.68285157821889
 20
205.1832591430046
 10
32.44014283321857
 20
204.88523044435306
 10
32.17944238492478
 20
204.55494306457993
 10
31.91496258540467
 20
204.21065233901018
 10
31.660915786725347
 20
203.87061360296877
 10
31.43151434095395
 20
203.55308219178082
 10
31.2030357731796
 20
203.23841205289193
 10
30.951590895046817
 20
202.9064402587519
 10
30.691141988455758
 20
202.57464683219177
 10
30.43565133530663
 20
202.2605117960426
 10
30.19908121749961
 20
201.98151517313545
 10
29.995393916934887
 20
201.75513698630135
 10
29.72682941574262
 20
201.46345988256434
 10
29.474357945122037
 20
201.17679116490672
 10
29.237307532860036
 20
200.8941782971869
 10
29.015006206743536
 20
200.61466874326305
 10
28.80678199455945
 20
200.3373099669936
 10
28.611962924094698
 20
200.0611494322368
 10
28.429877023136186
 20
199.78523460285103
 10
28.259852319470838
 20
199.50861294269453
 10
28.101216840885563
 20
199.23033191562567
 10
27.953298615167284
 20
198.94943898550275
 10
27.815425670102908
 20
198.66498161618404
 10
27.73690849086223
 20
198.49962769393403
 10
27.655193292119773
 20
198.33547045023204
 10
27.56898316498837
 20
198.17067601793718
 10
27.476981200580912
 20
198.00341052990836
 10
27.37789049001021
 20
197.83184011900488
 10
27.270414124389145
 20
197.6541309180856
 10
27.15325519483056
 20
197.4684490600097
 10
27.02511679244733
 20
197.27296067763615
 10
26.884702008352292
 20
197.0658319038241
 10
26.7307139336583
 20
196.84522887143257
 10
26.56185565947822
 20
196.6093177133206
 10
26.37683027692489
 20
196.35626456234732
 10
26.17434087711118
 20
196.0842355513717
 10
25.95309055114994
 20
195.7913968132529
 10
25.711782390154024
 20
195.4759144808499
 10
25.449119485236288
 20
195.13595468702184
 10
25.163804927509577
 20
194.7696835646277
 10
24.85454180808677
 20
194.37526724652662
 10
24.520033218080698
 20
193.9508718655776
 10
24.15898224860422
 20
193.49466355463971
 10
23.989526979774553
 20
193.26166224086603
 10
23.83414689595585
 20
193.00529697447973
 10
23.68850567052116
 20
192.7161562750512
 10
23.548266976843504
 20
192.38482866215088
 10
23.409094488295924
 20
192.00190265534906
 10
23.26665187825144
 20
191.5579667742162
 10
23.12259023989947
 20
191.10269454954152
 10
22.98918003708878
 20
190.72978672671923
 10
22.85560318144722
 20
190.42232479075295
 10
22.71104158460262
 20
190.16339022664658
 10
22.54467715818284
 20
189.93606451940374
 10
22.345691813815705
 20
189.72342915402822
 10
22.103267463129068
 20
189.50856561552376
 10
21.806586017750774
 20
189.2745553888941
 10
21.608977563241094
 20
189.0970300235573
 10
21.423976753812898
 20
188.86601184894835
 10
21.236619251145036
 20
188.5568043022133
 10
21.031940716916356
 20
188.14471082049812
 10
20.79497681280569
 20
187.60503484094892
 10
20.62806338448422
 20
187.22618321207804
 10
20.441828152682376
 20
186.8319990265937
 10
20.246781760836107
 20
186.4428563389808
 10
20.053434852381415
 20
186.07912920372416
 10
19.872298070754276
 20
185.76119167530865
 10
19.713882059390663
 20
185.50941780821915
 10
19.558218024673142
 20
185.2639281506149
 10
19.384840041719183
 20
184.96370803861896
 10
19.203513057067106
 20
184.62742870866225
 10
19.024002017255242
 20
184.27376139717552
 10
18.85607186882192
 20
183.92137734058957
 10
18.709487558305476
 20
183.58894777533527
 10
18.531969680843744
 20
183.19331354966755
 10
18.32876562069236
 20
182.78549643683377
 10
18.116336662439206
 20
182.39570191628584
 10
17.91114409067218
 20
182.05413546747582
 10
17.729649189979146
 20
181.7910025698558
 10
17.612392351666756
 20
181.62330206519766
 10
17.469502402419923
 20
181.39430947637499
 10
17.306502121474036
 20
181.114223886976
 10
17.128914288064454
 20
180.79324438058887
 10
16.942261681426565
 20
180.44157004080182
 10
16.75206708079574
 20
180.06939995120302
 10
16.56385326540736
 20
179.68693319538067
 10
16.383143014496802
 20
179.30436885692302
 10
16.15169016047981
 20
178.80699141460258
 10
15.930973508526453
 20
178.33982921861667
 10
15.730985754743743
 20
177.92348372444485
 10
15.5617195952387
 20
177.5785563875665
 10
15.433167726118334
 20
177.32564866346104
 10
15.355322843489665
 20
177.18536200760795
 10
15.226797756940137
 20
176.91213336673871
 10
15.061693884851092
 20
176.46536531113895
 10
14.895755364478932
 20
175.9417808219178
 10
14.778556315048027
 20
175.59068745823484
 10
14.621709498462243
 20
175.19428716549174
 10
14.439346374511155
 20
174.78434655895506
 10
14.245598402984337
 20
174.39263225389152
 10
14.054597043671349
 20
174.05091086556786
 10
13.892458182673634
 20
173.76689502891955
 10
13.720329600527775
 20
173.4379762042517
 10
13.547349381980808
 20
173.08350727398445
 10
13.38265561177979
 20
172.72284112053785
 10
13.235386374671759
 20
172.37533062633202
 10
13.114679755403765
 20
172.060328673787
 10
12.999522176159543
 20
171.74405299773906
 10
12.867897651892722
 20
171.3929514250119
 10
12.727440656505202
 20
171.0267219760071
 10
12.585785663898877
 20
170.66506267112626
 10
12.45056714797564
 20
170.32767153077086
 10
12.329419582637392
 20
170.03424657534245
 10
12.184250663813417
 20
169.67337983605748
 10
12.04626147263762
 20
169.29886630346596
 10
11.917360145626514
 20
168.9178454576559
 10
11.799454819296626
 20
168.53745677871507
 10
11.694453630164473
 20
168.16483974673147
 10
11.604264714746577
 20
167.80713384179307
 10
11.530796209559455
 20
167.47147854398764
 10
11.475956251119632
 20
167.16501333340318
 10
11.441652975943622
 20
166.89487769012763
 10
11.429794520547947
 20
166.66821109424887
 10
11.41745713543996
 20
166.48082540102092
 10
11.382379500103532
 20
166.2324709600381
 10
11.327463394519972
 20
165.93393733587988
 10
11.255610598670582
 20
165.59601409312555
 10
11.16972289253667
 20
165.2294907963545
 10
11.072702056099537
 20
164.8451570101463
 10
10.967449869340488
 20
164.45380229908022
 10
10.856868112240827
 20
164.06621622773574
 10
10.74385856478186
 20
163.69318836069223
 10
10.631323006944893
 20
163.34550826252914
 10
10.522163218711228
 20
163.03396549782582
 10
10.419280980062172
 20
162.76934963116173
 10
10.325578070979027
 20
162.56245022711624
 10
10.106826371102192
 20
162.18853845117724
 10
9.875116354629784
 20
161.8988246283643
 10
9.638575204166022
 20
161.6971358971443
 10
9.405330102315126
 20
161.58729939598425
 10
9.183508231681303
 20
161.57314226335123
 10
8.981236774868766
 20
161.65849163771222
 10
8.806642914481731
 20
161.84717465753423
  0
LWPOLYLINE
  5
46
330
17
100
AcDbEntity
  8
IC_DELIKLER
100
AcDbPolyline
 90
84
 70
1
 10
35.38099315068494
 20
164.57476054254641
 10
34.69304030659278
 20
164.6291195745698
 10
34.079297951396505
 20
164.67973204772608
 10
33.53476304646578
 20
164.727597998698
 10
33.05443255317021
 20
164.7737174641684
 10
32.63330343287948
 20
164.81909048082008
 10
32.266372646963205
 20
164.86471708533585
 10
31.948637156791058
 20
164.91159731439856
 10
31.67509392373267
 20
164.96073120469097
 10
31.440739909157685
 20
165.0131187928959
 10
31.240572074435754
 20
165.06976011569625
 10
31.069587380936525
 20
165.13165520977475
 10
30.92278279002964
 20
165.19980411181422
 10
30.795155263084737
 20
165.27520685849748
 10
30.681701761471473
 20
165.35886348650732
 10
30.577419246559497
 20
165.4517740325266
 10
30.47730467971844
 20
165.5549385332381
 10
30.260934451871883
 20
165.8298295691124
 10
30.10865088554754
 20
166.11097418375286
 10
30.02036757908419
 20
166.39514007185696
 10
29.99599813082063
 20
166.67909492812188
 10
30.03545613909563
 20
166.9596064472451
 10
30.13865520224798
 20
167.23344232392387
 10
30.305508918616464
 20
167.49737025285566
 10
30.53593088653986
 20
167.74815792873773
 10
30.659874558887825
 20
167.85983217403341
 10
30.779666476088185
 20
167.95749451938096
 10
30.901650943695564
 20
168.04159512366917
 10
31.03217226726459
 20
168.11258414578708
 10
31.177574752349894
 20
168.17091174462348
 10
31.344202704506106
 20
168.2170280790673
 10
31.538400429287847
 20
168.25138330800743
 10
31.766512232249752
 20
168.27442759033275
 10
32.03488241894645
 20
168.28661108493222
 10
32.34985529493257
 20
168.28838395069465
 10
32.71777516576274
 20
168.28019634650897
 10
33.144986336991586
 20
168.26249843126408
 10
33.63783311417373
 20
168.23574036384886
 10
34.20265980286382
 20
168.20037230315225
 10
34.84581070861646
 20
168.1568444080631
 10
35.5736301369863
 20
168.10560683747033
 10
36.05249190514853
 20
168.07088774317526
 10
36.52452536197263
 20
168.03540562715824
 10
36.98545739876771
 20
167.99954396605347
 10
37.431014906842876
 20
167.9636862364954
 10
37.85692477750726
 20
167.92821591511833
 10
38.258913902069935
 20
167.89351647855676
 10
38.63270917184002
 20
167.85997140344503
 10
38.97403747812662
 20
167.82796416641744
 10
39.27862571223884
 20
167.7978782441085
 10
39.54220076548579
 20
167.77009711315242
 10
39.76048952917658
 20
167.74500425018365
 10
39.929218894620305
 20
167.72298313183663
 10
40.04411575312608
 20
167.70441723474562
 10
40.404492797191224
 20
167.60895910809532
 10
40.73285980128272
 20
167.47111850947718
 10
41.02496045833191
 20
167.29652598606668
 10
41.27653846127013
 20
167.0908120850392
 10
41.48333750302866
 20
166.8596073535702
 10
41.641101276538826
 20
166.60854233883512
 10
41.745573474731955
 20
166.3432475880094
 10
41.79249779053936
 20
166.06935364826845
 10
41.77761791689234
 20
165.7924910667878
 10
41.69667754672223
 20
165.51829039074275
 10
41.547691221836516
 20
165.2356216318955
 10
41.35686390288761
 20
164.98422320906295
 10
41.128383047452864
 20
164.7665503999687
 10
40.86643611310961
 20
164.5850584823363
 10
40.575210557435206
 20
164.44220273388925
 10
40.25889383800702
 20
164.34043843235116
 10
39.921673412402384
 20
164.28222085544553
 10
39.56773673819865
 20
164.27000528089596
 10
39.47104876522135
 20
164.27467465905565
 10
39.31154472664888
 20
164.28434710432293
 10
39.09431267892441
 20
164.29865225440076
 10
38.82444067849109
 20
164.317219746992
 10
38.50701678179207
 20
164.3396792197995
 10
38.14712904527051
 20
164.3656603105261
 10
37.749865525369586
 20
164.3947926568746
 10
37.32031427853245
 20
164.42670589654793
 10
36.86356336120226
 20
164.4610296672489
 10
36.384700829822165
 20
164.49739360668042
 10
35.888814740835336
 20
164.5354273525453
 10
35.38099315068494
 20
164.57476054254641
  0
LWPOLYLINE
  5
47
330
17
100
AcDbEntity
  8
IC_DELIKLER
100
AcDbPolyline
 90
90
 70
1
 10
50.93569797918613
 20
164.77032821696554
 10
50.623053035411694
 20
164.90227067766034
 10
50.34174109408819
 20
165.09022433989122
 10
50.09872637018893
 20
165.32293616796213
 10
49.9009730786872
 20
165.58915312617705
 10
49.755445434556336
 20
165.87762217883997
 10
49.66910765276961
 20
166.17709029025482
 10
49.64892394830036
 20
166.4763044247256
 10
49.70185853612187
 20
166.7640115465563
 10
49.841674096311124
 20
167.0645735773217
 10
50.04934005631866
 20
167.34598280176914
 10
50.310337292615834
 20
167.59638337107947
 10
50.61014668167406
 20
167.80391943643357
 10
50.93424909996469
 20
167.95673514901225
 10
51.268125423959106
 20
168.04297465999645
 10
51.34804862272538
 20
168.0510062797901
 10
51.47237377556176
 20
168.05840450283887
 10
51.638469108586584
 20
168.06514841744976
 10
51.84370284791815
 20
168.0712171119298
 10
52.0854432196748
 20
168.076589674586
 10
52.36105844997484
 20
168.08124519372544
 10
52.6679167649366
 20
168.08516275765507
 10
53.003386390678386
 20
168.08832145468205
 10
53.36483555331854
 20
168.09070037311324
 10
53.749632478975364
 20
168.09227860125577
 10
54.15514539376718
 20
168.09303522741666
 10
54.578742523812316
 20
168.09294933990293
 10
55.01779209522908
 20
168.09200002702158
 10
55.46966233413582
 20
168.09016637707967
 10
55.93172146665082
 20
168.08742747838423
 10
56.40133771889243
 20
168.08376241924222
 10
57.22561887667803
 20
168.07633815069005
 10
57.94579887676392
 20
168.069131237978
 10
58.56957622095433
 20
168.06166620666335
 10
59.10464941105354
 20
168.05346758230306
 10
59.55871694886578
 20
168.04405989045435
 10
59.93947733619531
 20
168.03296765667434
 10
60.254629074846385
 20
168.0197154065202
 10
60.51187066662323
 20
168.00382766554895
 10
60.71890061333013
 20
167.98482895931784
 10
60.88341741677131
 20
167.96224381338396
 10
61.01311957875103
 20
167.93559675330442
 10
61.11570560107354
 20
167.9044123046364
 10
61.19887398554308
 20
167.86821499293697
 10
61.27032323396391
 20
167.82652934376333
 10
61.337751848140265
 20
167.77887988267256
 10
61.602765956490984
 20
167.5586110693536
 10
61.81959535718546
 20
167.33078402706315
 10
61.9882400605227
 20
167.09691055933686
 10
62.1087000768018
 20
166.85850246971026
 10
62.180975416321765
 20
166.61707156171903
 10
62.20506608938165
 20
166.37412963889875
 10
62.1809721062805
 20
166.13118850478497
 10
62.108693477317395
 20
165.88975996291336
 10
61.98823021279134
 20
165.6513558168195
 10
61.8195823230014
 20
165.41748787003894
 10
61.60274981824661
 20
165.18966792610735
 10
61.33773270882603
 20
164.96940778856032
 10
61.274346119779636
 20
164.9243302519624
 10
61.20786018227755
 20
164.88462074606375
 10
61.131476403096784
 20
164.84990122883505
 10
61.03839628901429
 20
164.8197936582471
 10
60.921821346807036
 20
164.7939199922706
 10
60.774953083252036
 20
164.7719021888763
 10
60.59099300512624
 20
164.75336220603495
 10
60.36314261920661
 20
164.7379220017173
 10
60.08460343227017
 20
164.72520353389402
 10
59.74857695109386
 20
164.7148287605359
 10
59.34826468245467
 20
164.70641963961373
 10
58.876868133129584
 20
164.69959812909815
 10
58.327588809895545
 20
164.69398618695993
 10
57.69362821952958
 20
164.68920577116984
 10
56.968187868808634
 20
164.6848788396986
 10
56.144469264509695
 20
164.68062735051691
 10
55.649630751978904
 20
164.6787727978555
 10
55.16490188817247
 20
164.6781276424336
 10
54.692953185712256
 20
164.67864589503733
 10
54.236455157220135
 20
164.68028156645303
 10
53.79807831531795
 20
164.68298866746687
 10
53.38049317262762
 20
164.68672120886518
 10
52.98637024177096
 20
164.69143320143414
 10
52.61838003536989
 20
164.69707865596004
 10
52.279193066046254
 20
164.70361158322908
 10
51.97147984642193
 20
164.71098599402754
 10
51.697910889118766
 20
164.71915589914167
 10
51.46115670675867
 20
164.72807530935768
 10
51.263887811963485
 20
164.7376982354618
 10
51.10877471735508
 20
164.74797868824035
 10
50.998487935555346
 20
164.7588706784795
 10
50.93569797918613
 20
164.77032821696554
  0
LWPOLYLINE
  5
48
330
17
100
AcDbEntity
  8
IC_DELIKLER
100
AcDbPolyline
 90
85
 70
1
 10
31.02987606137791
 20
172.98930153951613
 10
30.717169457106046
 20
173.12141265799386
 10
30.435830178798945
 20
173.30946941706804
 10
30.19281408831549
 20
173.54223112396568
 10
29.995077047514556
 20
173.80845708591366
 10
29.849574918255023
 20
174.09690661013894
 10
29.763263562395778
 20
174.3963390038685
 10
29.743098841795693
 20
174.6955135743292
 10
29.79603661831365
 20
174.98318962874808
 10
29.935827072894195
 20
175.28367587869147
 10
30.143484143334675
 20
175.56506433241742
 10
30.404484075757832
 20
175.8154930537718
 10
30.70430311628643
 20
176.0231001066004
 10
31.028417511043195
 20
176.176023554749
 10
31.362303506150884
 20
176.26240146206342
 10
31.454725980733688
 20
176.27155645759146
 10
31.599639628010586
 20
176.27987606989106
 10
31.793410801916515
 20
176.28732908384046
 10
32.03240585638647
 20
176.2938842843176
 10
32.31299114535539
 20
176.29951045620078
 10
32.63153302275825
 20
176.30417638436808
 10
32.98439784253002
 20
176.30785085369754
 10
33.36795195860565
 20
176.31050264906742
 10
33.77856172492011
 20
176.31210055535576
 10
34.21259349540837
 20
176.31261335744068
 10
34.66641362400538
 20
176.3120098402004
 10
35.13638846464611
 20
176.31025878851295
 10
35.61888437126552
 20
176.30732898725654
 10
36.110267697798584
 20
176.30318922130922
 10
36.91178375693636
 20
176.29521854653862
 10
37.60565395454961
 20
176.28742391611382
 10
38.20046534758185
 20
176.2792296106802
 10
38.70480499297662
 20
176.27005991088288
 10
39.127259947677494
 20
176.25933909736713
 10
39.47641726862798
 20
176.24649145077825
 10
39.760864012771655
 20
176.23094125176146
 10
39.98918723705205
 20
176.21211278096206
 10
40.169973998412694
 20
176.1894303190253
 10
40.31181135379713
 20
176.16231814659633
 10
40.423286360148914
 20
176.13020054432053
 10
40.51298607441159
 20
176.09250179284305
 10
40.589497553528695
 20
176.04864617280924
 10
40.66140785444376
 20
175.99805796486427
 10
40.92641428589878
 20
175.7777817749943
 10
41.143237360740194
 20
175.54995116174996
 10
41.31187709068319
 20
175.3160771893451
 10
41.43233348744299
 20
175.0776709219934
 10
41.50460656273478
 20
174.83624342390874
 10
41.52869632827379
 20
174.59330575930488
 10
41.504602795775185
 20
174.35036899239572
 10
41.4323259769542
 20
174.10894418739494
 10
41.31186588352604
 20
173.87054240851637
 10
41.14322252720589
 20
173.63667471997385
 10
40.92639591970896
 20
173.40885218598117
 10
40.66138607275045
 20
173.18858587075212
 10
40.59405224349702
 20
173.14088113434514
 10
40.52320450714296
 20
173.09920199707489
 10
40.44130655206774
 20
173.06309548737883
 10
40.34082206665082
 20
173.03210863369458
 10
40.21421473927166
 20
173.00578846445956
 10
40.05394825830972
 20
172.98368200811123
 10
39.85248631214443
 20
172.96533629308715
 10
39.60229258915527
 20
172.95029834782486
 10
39.295830777721676
 20
172.93811520076176
 10
38.92556456622313
 20
172.92833388033543
 10
38.48395764303906
 20
172.92050141498333
 10
37.96347369654895
 20
172.914164833143
 10
37.356576415132224
 20
172.9088711632519
 10
36.65572948716835
 20
172.90416743374755
 10
35.85339660103679
 20
172.89960067306748
 10
35.367722730461914
 20
172.89764497108308
 10
34.89248690997764
 20
172.89706480917664
 10
34.43069044125311
 20
172.8978043734756
 10
33.98533462595742
 20
172.89980785010763
 10
33.559420765759704
 20
172.90301942520023
 10
33.15595016232909
 20
172.9073832848809
 10
32.77792411733469
 20
172.91284361527727
 10
32.428343932445635
 20
172.91934460251676
 10
32.110210909331045
 20
172.926830432727
 10
31.82652634966002
 20
172.93524529203552
 10
31.58029155510171
 20
172.94453336656983
 10
31.374507827325225
 20
172.95463884245748
 10
31.212176467999683
 20
172.9655059058261
 10
31.0962987787942
 20
172.9770787428031
 10
31.02987606137791
 20
172.98930153951613
  0
LWPOLYLINE
  5
49
330
17
100
AcDbEntity
  8
IC_DELIKLER
100
AcDbPolyline
 90
89
 70
1
 10
51.31904825192279
 20
172.982635295227
 10
51.00471802828092
 20
173.12197778958287
 10
50.721302658192734
 20
173.31779771567025
 10
50.47630052958819
 20
173.55783543333592
 10
50.277210030397256
 20
173.82983130242692
 10
50.131529548549906
 20
174.1215256827901
 10
50.04675747197612
 20
174.42065893427247
 10
50.03039218860587
 20
174.71497141672086
 10
50.08993208636914
 20
174.99220348998224
 10
50.25103434147424
 20
175.31242927896864
 10
50.47628564080919
 20
175.6099467165696
 10
50.74824886650234
 20
175.86819784584037
 10
51.049486900682055
 20
176.07062470983612
 10
51.362562625476606
 20
176.20066935161213
 10
51.44587866060871
 20
176.21712906222456
 10
51.57700962901602
 20
176.2335963176733
 10
51.75248917831914
 20
176.24999483340258
 10
51.96885095613858
 20
176.26624832485678
 10
52.222628610094986
 20
176.2822805074801
 10
52.51035578780886
 20
176.29801509671685
 10
52.82856613690078
 20
176.3133758080114
 10
53.173793304991364
 20
176.3282863568079
 10
53.54257093970113
 20
176.34267045855069
 10
53.93143268865065
 20
176.3564518286841
 10
54.336912199460514
 20
176.3695541826524
 10
54.75554311975127
 20
176.38190123589976
 10
55.1838590971435
 20
176.39341670387068
 10
55.618393779257765
 20
176.40402430200925
 10
56.05568081371463
 20
176.41364774575987
 10
56.49225384813469
 20
176.42221075056676
 10
56.924646530138475
 20
176.42963703187428
 10
57.349392507346565
 20
176.43585030512662
 10
57.76302542737954
 20
176.44077428576813
 10
58.162078937857956
 20
176.44433268924308
 10
58.5430866864024
 20
176.44644923099577
 10
58.902582320633414
 20
176.44704762647044
 10
59.23709948817159
 20
176.44605159111143
 10
59.54317183663747
 20
176.44338484036297
 10
59.81733301365164
 20
176.4389710896694
 10
60.056116666834676
 20
176.43273405447496
 10
60.25605644380712
 20
176.42459745022398
 10
60.413685992189556
 20
176.41448499236077
 10
60.525538959602564
 20
176.40232039632951
 10
60.85085426669465
 20
176.32618905784042
 10
61.153966148172785
 20
176.20298435690825
 10
61.429655276709184
 20
176.0393742877136
 10
61.672702324976115
 20
175.84202684443693
 10
61.877887965645755
 20
175.61761002125888
 10
62.03999287139034
 20
175.37279181236008
 10
62.153797714882074
 20
175.11424021192104
 10
62.21408316879319
 20
174.84862321412237
 10
62.21562990579588
 20
174.58260881314465
 10
62.15321859856239
 20
174.32286500316843
 10
61.992287713222815
 20
174.0029785925445
 10
61.76715549919314
 20
173.7054858998257
 10
61.495225673922526
 20
173.44693441820337
 10
61.19390195486008
 20
173.24387164086886
 10
60.88058805945491
 20
173.11284506101362
 10
60.79774656574826
 20
173.096239217155
 10
60.669019700035285
 20
173.08004034967354
 10
60.497598395459526
 20
173.06429191293608
 10
60.28667358516458
 20
173.04903736130922
 10
60.039436202294
 20
173.03432014915975
 10
59.759077179991316
 20
173.0201837308544
 10
59.448787451400136
 20
173.00667156075983
 10
59.11175794966401
 20
172.99382709324283
 10
58.751179607926495
 20
172.9816937826701
 10
58.37024335933117
 20
172.97031508340837
 10
57.97214013702157
 20
172.95973444982442
 10
57.56006087414127
 20
172.9499953362849
 10
57.13719650383384
 20
172.94114119715658
 10
56.70673795924284
 20
172.93321548680615
 10
56.27187617351185
 20
172.92626165960036
 10
55.83580207978441
 20
172.9203231699059
 10
55.40170661120408
 20
172.91544347208958
 10
54.97278070091444
 20
172.91166602051806
 10
54.552215282059045
 20
172.9090342695581
 10
54.14320128778147
 20
172.90759167357638
 10
53.74892965122527
 20
172.9073816869397
 10
53.37259130553401
 20
172.90844776401465
 10
53.01737718385124
 20
172.91083335916812
 10
52.686478219320534
 20
172.91458192676674
 10
52.383085345085476
 20
172.91973692117728
 10
52.11038949428959
 20
172.92634179676645
 10
51.87158160007647
 20
172.93444000790095
 10
51.66985259558965
 20
172.9440750089475
 10
51.50839341397273
 20
172.95529025427288
 10
51.39039498836925
 20
172.9681291982438
 10
51.31904825192279
 20
172.982635295227
  0
LWPOLYLINE
  5
4A
330
17
100
AcDbEntity
  8
IC_DELIKLER
100
AcDbPolyline
 90
81
 70
1
 10
31.798500306717305
 20
180.5598218679658
 10
31.484210228587116
 20
180.69905511710516
 10
31.20081259868848
 20
180.89480857418204
 10
30.955811272539318
 20
181.13481446421736
 10
30.756710105657586
 20
181.4068050122321
 10
30.61101295356121
 20
181.69851244324713
 10
30.52622367176814
 20
181.99766898228327
 10
30.509846115796304
 20
182.29200685436155
 10
30.569384141163656
 20
182.56925828450278
 10
30.730451898083253
 20
182.8894157386559
 10
30.95567925747212
 20
183.18692826634563
 10
31.22763579231194
 20
183.44523997427206
 10
31.52889107558439
 20
183.64779496913536
 10
31.842014680271124
 20
183.77803735763587
 10
31.938581880598377
 20
183.7973731001697
 10
32.088517935217986
 20
183.81664097612884
 10
32.28729341722577
 20
183.83572715672432
 10
32.53037889971758
 20
183.85451781316706
 10
32.81324495578927
 20
183.8728991166679
 10
33.131362158536646
 20
183.89075723843786
 10
33.480201081055576
 20
183.90797834968788
 10
33.8552322964419
 20
183.9244486216288
 10
34.25192637779145
 20
183.94005422547158
 10
34.665753898200066
 20
183.95468133242719
 10
35.09218543076359
 20
183.9682161137065
 10
35.526691548577865
 20
183.98054474052046
 10
35.96474282473872
 20
183.99155338408002
 10
36.40180983234201
 20
184.0011282155961
 10
36.83336314448358
 20
184.00915540627955
 10
37.25487333425924
 20
184.01552112734146
 10
37.66181097476486
 20
184.0201115499926
 10
38.04964663909627
 20
184.02281284544398
 10
38.4138509003493
 20
184.0235111849065
 10
38.74989433161983
 20
184.02209273959113
 10
39.05324750600365
 20
184.01844368070874
 10
39.31938099659662
 20
184.01245017947028
 10
39.54376537649459
 20
184.00399840708667
 10
39.721871218793396
 20
183.99297453476885
 10
39.849169096588874
 20
183.97926473372775
 10
40.17447056721423
 20
183.90318875316154
 10
40.47757550131221
 20
183.7800256347557
 10
40.75326314118643
 20
183.61644484578034
 10
40.9963127291406
 20
183.4191158535054
 10
41.20150350747835
 20
183.19470812520098
 10
41.36361471850333
 20
182.94989112813715
 10
41.477425604519205
 20
182.691334329584
 10
41.537715407829616
 20
182.42570719681152
 10
41.53926337073823
 20
182.15967919708984
 10
41.47684873554869
 20
181.89991979768897
 10
41.31597676572581
 20
181.58015001909018
 10
41.09088558700403
 20
181.2826660388642
 10
40.81896733928297
 20
181.02401162966373
 10
40.51761416246218
 20
180.82073056414163
 10
40.20421819644121
 20
180.6893666149508
 10
40.10968891368669
 20
180.67024955682916
 10
39.9640931262827
 20
180.65170396556033
 10
39.77155764307599
 20
180.63379344147145
 10
39.53620927291327
 20
180.61658158488962
 10
39.2621748246412
 20
180.60013199614207
 10
38.95358110710651
 20
180.58450827555603
 10
38.61455492915587
 20
180.56977402345865
 10
38.24922309963601
 20
180.55599284017697
 10
37.861712427393634
 20
180.54322832603827
 10
37.45614972127542
 20
180.53154408136976
 10
37.03666179012807
 20
180.52100370649856
 10
36.607375442798315
 20
180.5116708017518
 10
36.17241748813283
 20
180.5036089674567
 10
35.735914734978316
 20
180.49688180394048
 10
35.30199399218148
 20
180.49155291153022
 10
34.87478206858902
 20
180.4876858905531
 10
34.45840577304763
 20
180.4853443413364
 10
34.05699191440403
 20
180.4845918642072
 10
33.67466730150491
 20
180.48549205949266
 10
33.31555874319697
 20
180.48810852752
 10
32.98379304832691
 20
180.49250486861632
 10
32.68349702574144
 20
180.4987446831089
 10
32.41879748428724
 20
180.50689157132484
 10
32.193821232811025
 20
180.51700913359133
 10
32.0126950801595
 20
180.52916097023555
 10
31.87954583517936
 20
180.54341068158465
 10
31.798500306717305
 20
180.5598218679658
  0
LWPOLYLINE
  5
4B
330
17
100
AcDbEntity
  8
IC_DELIKLER
100
AcDbPolyline
 90
87
 70
1
 10
51.32097195178887
 20
181.20858540669101
 10
51.00829720874099
 20
181.34060938128937
 10
50.726972056234764
 20
181.52861287290503
 10
50.48395667223719
 20
181.76134881066267
 10
50.286211234715275
 20
182.02757012368681
 10
50.14069592163605
 20
182.31602974110208
 10
50.05437091096652
 20
182.61548059203295
 10
50.034196380673706
 20
182.91467560560403
 10
50.08713250872461
 20
183.20236771093985
 10
50.226935990343584
 20
183.50289328329598
 10
50.43459767315992
 20
183.78429251506287
 10
50.69559620618177
 20
184.03470662906403
 10
50.995410238417264
 20
184.2422768481231
 10
51.31951841887457
 20
184.39514439506354
 10
51.653399396561845
 20
184.48145049270894
 10
51.73912288582609
 20
184.49000755031693
 10
51.872974668545254
 20
184.49784060185794
 10
52.05188060117499
 20
184.5049242682817
 10
52.272766540171
 20
184.51123317053816
 10
52.532558341988974
 20
184.516741929577
 10
52.82818186308462
 20
184.52142516634805
 10
53.15656295991362
 20
184.52525750180112
 10
53.514627488931666
 20
184.52821355688602
 10
53.89930130659446
 20
184.53026795255255
 10
54.30751026935766
 20
184.5313953097505
 10
54.73618023367698
 20
184.5315702494297
 10
55.18223705600812
 20
184.53076739253987
 10
55.64260659280676
 20
184.5289613600309
 10
56.114214700528585
 20
184.5261267728526
 10
56.5939872356293
 20
184.52223825195475
 10
57.38189180167163
 20
184.51480093895665
 10
58.07060942029272
 20
184.50756641761996
 10
58.66748039507841
 20
184.50006274149553
 10
59.17984502961447
 20
184.4918179641341
 10
59.615043627486706
 20
184.4823601390866
 10
59.98041649228094
 20
184.47121731990381
 10
60.28330392758295
 20
184.45791756013654
 10
60.53104623697856
 20
184.4419889133356
 10
60.73098372405357
 20
184.42295943305183
 10
60.89045669239377
 20
184.40035717283607
 10
61.01680544558497
 20
184.37371018623912
 10
61.117370287212985
 20
184.34254652681182
 10
61.199491520863596
 20
184.306394248105
 10
61.27050945012262
 20
184.26478140366947
 10
61.33776437857585
 20
184.21723604705608
 10
61.60277477012124
 20
183.9969636588193
 10
61.819601107720764
 20
183.7691348840792
 10
61.988243402372056
 20
183.53526116862645
 10
62.10870166507276
 20
183.29685395825172
 10
62.1809759068205
 20
183.0554246987457
 10
62.20506613861296
 20
182.81248483589906
 10
62.18097237144777
 20
182.56954581550244
 10
62.10869461632258
 20
182.32811908334656
 10
61.98823288423504
 20
182.0897160852221
 10
61.81958718618278
 20
181.85584826691974
 10
61.60275753316346
 20
181.6280270742301
 10
61.337743936174725
 20
181.40776395294392
 10
61.27024815933578
 20
181.35996390905785
 10
61.198975962799764
 20
181.3182172642874
 10
61.11603357571564
 20
181.28206800618952
 10
61.013527227232295
 20
181.25106012232135
 10
60.883563146498666
 20
181.2247376002399
 10
60.71824756266367
 20
181.20264442750218
 10
60.509686704876245
 20
181.18432459166524
 10
60.2499868022853
 20
181.16932208028612
 10
59.931254084039765
 20
181.15718088092186
 10
59.54559477928855
 20
181.14744498112947
 10
59.085115117180585
 20
181.13965836846603
 10
58.5419213268648
 20
181.13336503048856
 10
57.9081196374901
 20
181.1281089547541
 10
57.175816278205424
 20
181.1234341288197
 10
56.33711747815968
 20
181.1188845402424
 10
55.83053166828666
 20
181.11693969884956
 10
55.335017430682754
 20
181.1163688460216
 10
54.853695922564405
 20
181.11711616788602
 10
54.38968830114799
 20
181.1191258505704
 10
53.946115723649925
 20
181.12234208020226
 10
53.526099347286625
 20
181.1267090429091
 10
53.13276032927452
 20
181.13217092481852
 10
52.76921982682997
 20
181.13867191205804
 10
52.43859899716943
 20
181.1461561907552
 10
52.144018997509285
 20
181.15456794703752
 10
51.88860098506595
 20
181.1638513670326
 10
51.67546611705584
 20
181.17395063686791
 10
51.507735550695344
 20
181.18480994267108
 10
51.38853044320089
 20
181.1963734705696
 10
51.32097195178887
 20
181.20858540669101
  0
LWPOLYLINE
  5
4C
330
17
100
AcDbEntity
  8
IC_DELIKLER
100
AcDbPolyline
 90
29
 70
1
 10
133.3690183962629
 20
236.85358434346313
 10
133.11066408737824
 20
237.1583765224883
 10
132.91063476027927
 20
237.48946116476904
 10
132.77433431363397
 20
237.82904692877764
 10
132.7071666461103
 20
238.15934247298645
 10
132.7145356563762
 20
238.46255645586785
 10
132.80184524309968
 20
238.72089753589415
 10
132.9964738126117
 20
238.98142315413247
 10
133.26964289214524
 20
239.22920198415974
 10
133.5947004831203
 20
239.44642366813878
 10
133.9449945869569
 20
239.6152778482324
 10
134.29387320507502
 20
239.71795416660345
 10
134.590109399767
 20
239.74451196627595
 10
134.83841138737864
 20
239.69256422117812
 10
135.08217545222413
 20
239.55303190968215
 10
135.32649643006476
 20
239.3124204582782
 10
135.57312771828242
 20
238.96792108365383
 10
135.7895522052341
 20
238.57810278313877
 10
135.9432527792767
 20
238.20153455406273
 10
136.00171232876713
 20
237.89678539375555
 10
135.91688992274888
 20
237.57289203948997
 10
135.6853929490126
 20
237.23503350331066
 10
135.3416767740361
 20
236.92218712164242
 10
134.9201967642972
 20
236.67333023091004
 10
134.5171591585799
 20
236.5146725833104
 10
134.18944431060217
 20
236.45000832458535
 10
133.90813042867975
 20
236.48269830091544
 10
133.64429572112815
 20
236.61610335848118
 10
133.3690183962629
 20
236.85358434346313
  0
LWPOLYLINE
  5
4D
330
17
100
AcDbEntity
  8
IC_DELIKLER
100
AcDbPolyline
 90
29
 70
1
 10
139.79025127297524
 20
240.19262543935352
 10
139.53189696409055
 20
240.49741761837873
 10
139.3318676369916
 20
240.82850226065943
 10
139.19556719034628
 20
241.16808802466804
 10
139.12839952282263
 20
241.49838356887687
 10
139.13576853308854
 20
241.80159755175825
 10
139.22307811981202
 20
242.05993863178458
 10
139.41770668932404
 20
242.32046425002287
 10
139.69087576885755
 20
242.56824308005014
 10
140.01593335983264
 20
242.7854647640292
 10
140.36622746366928
 20
242.95431894412283
 10
140.71510608178733
 20
243.05699526249387
 10
141.0113422764793
 20
243.08355306216637
 10
141.25964426409098
 20
243.0316053170685
 10
141.50340832893644
 20
242.89207300557254
 10
141.74772930677707
 20
242.6514615541686
 10
141.99436059499473
 20
242.30696217954426
 10
142.2107850819464
 20
241.9171438790292
 10
142.36448565598903
 20
241.54057564995315
 10
142.42294520547946
 20
241.23582648964594
 10
142.3381227994612
 20
240.91193313538037
 10
142.10662582572493
 20
240.57407459920108
 10
141.76290965074844
 20
240.26122821753282
 10
141.3414296410095
 20
240.01237132680043
 10
140.9383920352922
 20
239.85371367920078
 10
140.6106771873145
 20
239.78904942047575
 10
140.32936330539206
 20
239.82173939680587
 10
140.06552859784048
 20
239.9551444543716
 10
139.79025127297524
 20
240.19262543935352
  0
LWPOLYLINE
  5
4E
330
17
100
AcDbEntity
  8
IC_DELIKLER
100
AcDbPolyline
 90
29
 70
1
 10
146.8536074373588
 20
244.30221448044944
 10
146.59525312847416
 20
244.60700665947462
 10
146.39522380137515
 20
244.93809130175532
 10
146.25892335472986
 20
245.27767706576395
 10
146.19175568720618
 20
245.60797260997276
 10
146.1991246974721
 20
245.91118659285414
 10
146.28643428419556
 20
246.16952767288046
 10
146.48106285370758
 20
246.43005329111875
 10
146.75423193324113
 20
246.67783212114603
 10
147.07928952421616
 20
246.8950538051251
 10
147.42958362805282
 20
247.06390798521872
 10
147.7784622461709
 20
247.16658430358976
 10
148.0746984408629
 20
247.19314210326223
 10
148.32300042847453
 20
247.1411943581644
 10
148.56676449332002
 20
247.00166204666843
 10
148.81108547116065
 20
246.76105059526452
 10
149.0577167593783
 20
246.41655122064014
 10
149.27414124633
 20
246.02673292012508
 10
149.42784182037258
 20
245.65016469104904
 10
149.48630136986304
 20
245.34541553074183
 10
149.40147896384477
 20
245.02152217647625
 10
149.16998199010848
 20
244.68366364029697
 10
148.826265815132
 20
244.37081725862873
 10
148.4047858053931
 20
244.12196036789632
 10
148.00174819967577
 20
243.96330272029667
 10
147.67403335169809
 20
243.89863846157164
 10
147.39271946977564
 20
243.93132843790175
 10
147.12888476222403
 20
244.0647334954675
 10
146.8536074373588
 20
244.30221448044944
  0
LWPOLYLINE
  5
4F
330
17
100
AcDbEntity
  8
IC_DELIKLER
100
AcDbPolyline
 90
29
 70
1
 10
152.8895663414684
 20
247.76968023387408
 10
152.63121203258368
 20
248.07447241289927
 10
152.43118270548476
 20
248.40555705518
 10
152.29488225883944
 20
248.7451428191886
 10
152.2277145913158
 20
249.0754383633974
 10
152.2350836015817
 20
249.3786523462788
 10
152.32239318830517
 20
249.63699342630514
 10
152.5170217578172
 20
249.8975190445434
 10
152.7901908373507
 20
250.1452978745707
 10
153.1152484283258
 20
250.36251955854976
 10
153.46554253216243
 20
250.53137373864337
 10
153.81442115028048
 20
250.6340500570144
 10
154.11065734497248
 20
250.6606078566869
 10
154.35895933258413
 20
250.60866011158907
 10
154.6027233974296
 20
250.46912780009308
 10
154.84704437527026
 20
250.22851634868917
 10
155.0936756634879
 20
249.8840169740648
 10
155.31010015043958
 20
249.49419867354973
 10
155.46380072448218
 20
249.11763044447372
 10
155.52226027397262
 20
248.8128812841665
 10
155.43743786795434
 20
248.48898792990093
 10
155.20594089421812
 20
248.15112939372162
 10
154.8622247192416
 20
247.83828301205338
 10
154.44074470950267
 20
247.589426121321
 10
154.03770710378532
 20
247.43076847372134
 10
153.70999225580766
 20
247.3661042149963
 10
153.42867837388522
 20
247.3987941913264
 10
153.16484366633364
 20
247.53219924889214
 10
152.8895663414684
 20
247.76968023387408
  0
LWPOLYLINE
  5
50
330
17
100
AcDbEntity
  8
IC_DELIKLER
100
AcDbPolyline
 90
52
 70
1
 10
145.0113809504929
 20
259.76688501287924
 10
144.79537702503436
 20
259.8678917378782
 10
144.51855054101605
 20
260.0776617029263
 10
144.2408330052874
 20
260.3507807918792
 10
144.04900364327438
 20
260.5599614852059
 10
143.7981917826098
 20
260.8245723931725
 10
143.51067715461437
 20
261.12159685970107
 10
143.20873949060893
 20
261.4280182287137
 10
142.91465852191394
 20
261.7208198441326
 10
142.60948961974904
 20
262.03145218382963
 10
142.33006218275855
 20
262.33691013810875
 10
142.07702841881212
 20
262.63614122299015
 10
141.85104053577962
 20
262.9280929544941
 10
141.65275074153067
 20
263.2117128486408
 10
141.48281124393512
 20
263.48594842145053
 10
141.3418742508626
 20
263.74974718894345
 10
141.23059197018293
 20
264.00205666713975
 10
141.14961660976584
 20
264.2418243720598
 10
141.09960037748107
 20
264.46799781972373
 10
141.0811954811984
 20
264.67952452615174
 10
141.1414890277496
 20
265.1466183351414
 10
141.3841008772369
 20
265.324208760968
 10
141.87957795505136
 20
265.2639357319673
 10
141.98103486465013
 20
265.21871591443545
 10
142.12090602292133
 20
265.12675305980457
 10
142.29446629739144
 20
264.99284785173364
 10
142.49699055558696
 20
264.8218009738818
 10
142.7237536650343
 20
264.618413109908
 10
142.97003049326
 20
264.38748494347124
 10
143.23109590779052
 20
264.1338171582306
 10
143.5022247761523
 20
263.8622104378452
 10
143.77869196587187
 20
263.5774654659739
 10
144.05577234447566
 20
263.28438292627584
 10
144.3287407794902
 20
262.98776350241
 10
144.59287213844192
 20
262.6924078780355
 10
144.8434412888573
 20
262.4031167368113
 10
145.07572309826287
 20
262.1246907623964
 10
145.28499243418503
 20
261.86193063844996
 10
145.4665241641503
 20
261.6196370486309
 10
145.7624385712948
 20
261.1851176045642
 10
145.97500509773167
 20
260.8162376478449
 10
146.10508713515074
 20
260.50852498985194
 10
146.15354807524187
 20
260.25750744196426
 10
146.12125130969474
 20
260.05871281556085
 10
146.00906023019922
 20
259.9076689220208
 10
145.81783822844508
 20
259.799903572723
 10
145.6398536077943
 20
259.7392133383206
 10
145.48990592895106
 20
259.70050067250395
 10
145.40045809145877
 20
259.6921466678724
 10
145.31488881268046
 20
259.7088012715547
 10
145.1751092472223
 20
259.7356517140201
 10
145.0113809504929
 20
259.76688501287924
  0
ENDSEC
  0
SECTION
  2
OBJECTS
  0
DICTIONARY
  5
A
330
0
100
AcDbDictionary
281
1
  3
ACAD_COLOR
350
B
  3
ACAD_GROUP
350
C
  3
ACAD_LAYOUT
350
D
  3
ACAD_MATERIAL
350
E
  3
ACAD_MLEADERSTYLE
350
F
  3
ACAD_MLINESTYLE
350
10
  3
ACAD_PLOTSETTINGS
350
11
  3
ACAD_PLOTSTYLENAME
350
12
  3
ACAD_SCALELIST
350
14
  3
ACAD_TABLESTYLE
350
15
  3
ACAD_VISUALSTYLE
350
16
  3
EZDXF_META
350
2D
  0
DICTIONARY
  5
B
330
A
100
AcDbDictionary
281
1
  0
DICTIONARY
  5
C
330
A
100
AcDbDictionary
281
1
  0
DICTIONARY
  5
D
330
A
100
AcDbDictionary
281
1
  3
Model
350
1A
  3
Layout1
350
1E
  0
DICTIONARY
  5
E
330
A
100
AcDbDictionary
281
1
  3
ByBlock
350
1F
  3
ByLayer
350
20
  3
Global
350
21
  0
DICTIONARY
  5
F
330
A
100
AcDbDictionary
281
1
  3
Standard
350
2C
  0
DICTIONARY
  5
10
330
A
100
AcDbDictionary
281
1
  3
Standard
350
22
  0
DICTIONARY
  5
11
330
A
100
AcDbDictionary
281
1
  0
ACDBDICTIONARYWDFLT
  5
12
330
A
100
AcDbDictionary
281
1
  3
Normal
350
13
100
AcDbDictionaryWithDefault
340
13
  0
ACDBPLACEHOLDER
  5
13
330
12
  0
DICTIONARY
  5
14
330
A
100
AcDbDictionary
281
1
  0
DICTIONARY
  5
15
330
A
100
AcDbDictionary
281
1
  0
DICTIONARY
  5
16
330
A
100
AcDbDictionary
281
1
  0
LAYOUT
  5
1A
330
D
100
AcDbPlotSettings
  1

  4
A3
  6

 40
7.5
 41
20.0
 42
7.5
 43
20.0
 44
420.0
 45
297.0
 46
0.0
 47
0.0
 48
0.0
 49
0.0
140
0.0
141
0.0
142
1.0
143
1.0
 70
1024
 72
1
 73
0
 74
5
  7

 75
16
 76
0
 77
2
 78
300
147
1.0
148
0.0
149
0.0
100
AcDbLayout
  1
Model
 70
1
 71
0
 10
0.0
 20
0.0
 11
420.0
 21
297.0
 12
0.0
 22
0.0
 32
0.0
 14
1e+20
 24
1e+20
 34
1e+20
 15
-1e+20
 25
-1e+20
 35
-1e+20
146
0.0
 13
0.0
 23
0.0
 33
0.0
 16
1.0
 26
0.0
 36
0.0
 17
0.0
 27
1.0
 37
0.0
 76
1
330
17
  0
LAYOUT
  5
1E
330
D
100
AcDbPlotSettings
  1

  4
A3
  6

 40
7.5
 41
20.0
 42
7.5
 43
20.0
 44
420.0
 45
297.0
 46
0.0
 47
0.0
 48
0.0
 49
0.0
140
0.0
141
0.0
142
1.0
143
1.0
 70
0
 72
1
 73
0
 74
5
  7

 75
16
 76
0
 77
2
 78
300
147
1.0
148
0.0
149
0.0
100
AcDbLayout
  1
Layout1
 70
1
 71
1
 10
0.0
 20
0.0
 11
420.0
 21
297.0
 12
0.0
 22
0.0
 32
0.0
 14
1e+20
 24
1e+20
 34
1e+20
 15
-1e+20
 25
-1e+20
 35
-1e+20
146
0.0
 13
0.0
 23
0.0
 33
0.0
 16
1.0
 26
0.0
 36
0.0
 17
0.0
 27
1.0
 37
0.0
 76
1
330
1B
  0
MATERIAL
  5
1F
102
{ACAD_REACTORS
330
E
102
}
330
E
100
AcDbMaterial
  1
ByBlock
  2

 70
0
 40
1.0
 71
1
 41
1.0
 91
-1023410177
 42
1.0
 72
1
  3

 73
1
 74
1
 75
1
 44
0.5
 73
0
 45
1.0
 46
1.0
 77
1
  4

 78
1
 79
1
170
1
 48
1.0
171
1
  6

172
1
173
1
174
1
140
1.0
141
1.0
175
1
  7

176
1
177
1
178
1
143
1.0
179
1
  8

270
1
271
1
272
1
145
1.0
146
1.0
273
1
  9

274
1
275
1
276
1
 42
1.0
 72
1
  3

 73
1
 74
1
 75
1
 94
63
  0
MATERIAL
  5
20
102
{ACAD_REACTORS
330
E
102
}
330
E
100
AcDbMaterial
  1
ByLayer
  2

 70
0
 40
1.0
 71
1
 41
1.0
 91
-1023410177
 42
1.0
 72
1
  3

 73
1
 74
1
 75
1
 44
0.5
 73
0
 45
1.0
 46
1.0
 77
1
  4

 78
1
 79
1
170
1
 48
1.0
171
1
  6

172
1
173
1
174
1
140
1.0
141
1.0
175
1
  7

176
1
177
1
178
1
143
1.0
179
1
  8

270
1
271
1
272
1
145
1.0
146
1.0
273
1
  9

274
1
275
1
276
1
 42
1.0
 72
1
  3

 73
1
 74
1
 75
1
 94
63
  0
MATERIAL
  5
21
102
{ACAD_REACTORS
330
E
102
}
330
E
100
AcDbMaterial
  1
Global
  2

 70
0
 40
1.0
 71
1
 41
1.0
 91
-1023410177
 42
1.0
 72
1
  3

 73
1
 74
1
 75
1
 44
0.5
 73
0
 45
1.0
 46
1.0
 77
1
  4

 78
1
 79
1
170
1
 48
1.0
171
1
  6

172
1
173
1
174
1
140
1.0
141
1.0
175
1
  7

176
1
177
1
178
1
143
1.0
179
1
  8

270
1
271
1
272
1
145
1.0
146
1.0
273
1
  9

274
1
275
1
276
1
 42
1.0
 72
1
  3

 73
1
 74
1
 75
1
 94
63
  0
MLINESTYLE
  5
22
102
{ACAD_REACTORS
330
10
102
}
330
10
100
AcDbMlineStyle
  2
Standard
 70
0
  3

 62
256
 51
90.0
 52
90.0
 71
2
 49
0.5
 62
256
  6
BYLAYER
 49
-0.5
 62
256
  6
BYLAYER
  0
MLEADERSTYLE
  5
2C
102
{ACAD_REACTORS
330
F
102
}
330
F
100
AcDbMLeaderStyle
179
2
170
2
171
1
172
0
 90
2
 40
0.0
 41
0.0
173
1
 91
-1056964608
 92
-2
290
1
 42
2.0
291
1
 43
8.0
  3
Standard
 44
4.0
300

342
29
174
1
175
1
176
0
178
1
 93
-1056964608
 45
4.0
292
0
297
0
 46
4.0
 94
-1056964608
 47
1.0
 49
1.0
140
1.0
294
1
141
0.0
177
0
142
1.0
295
0
296
0
143
3.75
271
0
272
9
273
9
  0
DICTIONARY
  5
2D
330
A
100
AcDbDictionary
280
1
281
1
  3
CREATED_BY_EZDXF
350
2E
  3
WRITTEN_BY_EZDXF
350
53
  0
DICTIONARYVAR
  5
2E
330
2D
100
DictionaryVariables
280
0
  1
1.4.4 @ 2026-09-22T19:48:59.413836+00:00
  0
DICTIONARYVAR
  5
53
330
2D
100
DictionaryVariables
280
0
  1
1.4.4 @ 2026-09-22T19:48:59.481681+00:00
  0
ENDSEC
  0
EOF
